[CHEM1D_DATAFILE_VERSION]
 4

[NUMBER_OF_GRIDPOINTS]
         200
[MOLE_OR_MASS_FRACTIONS]
 MASS
[NUMBER_OF_SPECIES]
          23
[NUMBER_OF_VARIABLES]
          36

[TIME]
0.000000000000000E+00
[INLET]
Phi =  0.90, Tinlet =  300.00 K, Pinlet =  101325.00 Pa.
[COMMENT]
Burner stabilized flame, Stationary solution, Mixture averaged diffusion, Detailed chemistry,  No radiation model.
 No heat exchanger model.
[USER_COMMENT]
-                                                      

[FILE_STRUCTURE_COLUMNS_CONTAINING]
 i x(i) H2               H                O                O2               OH               H2O              HO2              CH2              CH2(S)           CH3              CH4              CO               CO2              HCO              CH2O             CH3O             C2H4             C2H5             C2H6             N                NO               N2               AR               Temp             Massflow         Enthalpy         MixFrac          Tsolid           Press            Density          MeanMass         Surface          Stretch          Porosity         DensSolid        HeatRel         
   1 -.50000000000000E+000 0.00000000000000E+000 0.00000000000000E+000 0.00000000000000E+000 0.22128888772717E+000 0.00000000000000E+000 0.00000000000000E+000 0.00000000000000E+000 0.00000000000000E+000 0.00000000000000E+000 0.00000000000000E+000 0.49925931535341E-001 0.00000000000000E+000 0.00000000000000E+000 0.00000000000000E+000 0.00000000000000E+000 0.00000000000000E+000 0.00000000000000E+000 0.00000000000000E+000 0.00000000000000E+000 0.00000000000000E+000 0.00000000000000E+000 0.72878518073749E+000 0.00000000000000E+000 0.30000000000000E+003 0.35000000000000E-001 -.23013545362833E+003 0.49925931535341E-001 0.30000000000000E+003 0.10132500000000E+006 0.11270373206847E-002 0.27744545509365E+002 0.10000000000000E+001 0.00000000000000E+000 0.10000000000000E+001 0.00000000000000E+000 -.54191916608436E-032
   2 -.43123219110880E+000 0.10656477041579E-012 0.11223204448432E-042 0.35341191400658E-031 0.22128888778220E+000 0.21417391585530E-034 0.83895310667878E-033 0.14225768357960E-035 -.66414718574226E-050 -.30524895269211E-051 0.14217697661103E-032 0.49925931571911E-001 -.56491309486740E-047 -.20222501540815E-063 -.37655242299003E-050 0.52385371836764E-036 0.70168084659078E-049 0.21495151599353E-043 -.28920084158487E-043 -.12049611712393E-035 -.27688900725295E-031 0.59115671412709E-031 0.72878518064578E+000 0.12916946391786E-031 0.30000000010091E+003 0.35000000000000E-001 -.23013545369024E+003 0.49925931535341E-001 0.30000000010091E+003 0.10132500000000E+006 0.11270373202813E-002 0.27744545508766E+002 0.10000000000000E+001 0.00000000000000E+000 0.10000000000000E+001 0.00000000000000E+000 0.11567769057307E-029
   3 -.36568342060593E+000 0.14545557582539E-011 0.11250410461674E-042 0.38777670975140E-029 0.22128889000267E+000 0.23947250727511E-032 0.90085328266453E-031 0.27540999081022E-035 -.27737353796784E-048 -.12749615166959E-049 0.14955923345548E-030 0.49925927301455E-001 0.26950672071814E-044 -.33159159000073E-053 -.15725861113114E-048 0.52097720135555E-034 0.73586703696478E-047 0.10028465433005E-041 -.11148150946280E-041 -.13754123431084E-034 -.27432195268563E-030 0.47812299301076E-030 0.72878518269442E+000 -.11285961354503E-029 0.29999998987791E+003 0.35000000000000E-001 -.23013544479074E+003 0.49925931552771E-001 0.29999998987791E+003 0.10132500000000E+006 0.11270373625329E-002 0.27744545603443E+002 0.10000000000000E+001 0.00000000000000E+000 0.10000000000000E+001 0.00000000000000E+000 0.13051926970525E-027
   4 -.30552332956878E+000 0.15158379399861E-010 0.11841395506988E-041 0.14967139619311E-026 0.22129062023879E+000 0.92603451499777E-030 0.32968852062133E-028 0.45558472310631E-035 -.22999248206625E-046 -.10571455380426E-047 0.53218500219051E-028 0.49926339470560E-001 0.23214812079795E-038 -.27959755161763E-045 -.13039742951663E-046 0.16808043748310E-031 0.26045406884545E-044 0.79159103845052E-040 -.92797070431193E-040 -.19567226611120E-032 -.52506190639611E-028 0.11197145918720E-027 0.72878304027549E+000 -.61223518866762E-030 0.30000204683446E+003 0.35000000000000E-001 -.23013515807146E+003 0.49927242431270E-001 0.30000204683446E+003 0.10132500000000E+006 0.11270295321002E-002 0.27744543069595E+002 0.10000000000000E+001 0.00000000000000E+000 0.10000000000000E+001 0.00000000000000E+000 0.50491563044749E-025
   5 -.25097316397895E+000 0.12666988437333E-009 0.38299224476620E-038 0.29811703018919E-024 0.22137438307439E+000 0.19286887129873E-027 0.77408799082886E-026 0.55885188514623E-032 -.13431742016588E-043 -.61776225962248E-045 0.90362536901058E-026 0.49853024936971E-001 0.75569338976836E-034 -.90204828981892E-040 -.76155535079978E-044 0.27009666595700E-029 0.49063920476339E-042 0.47545736578485E-037 -.49305407333027E-037 -.72776615035637E-032 -.15710474062661E-027 0.33568639477760E-027 0.72877259186197E+000 -.55554084085549E-030 0.30001202635242E+003 0.35000000000000E-001 -.22978374256084E+003 0.62401396334871E-001 0.30001202635242E+003 0.10132500000000E+006 0.11270647482548E-002 0.27746332946382E+002 0.10000000000000E+001 0.00000000000000E+000 0.10000000000000E+001 0.00000000000000E+000 0.10612088291718E-022
   6 -.20000000000000E+000 0.92143024745099E-009 0.58594356562978E-034 0.37405895188601E-022 0.22128888410856E+000 0.56911017750236E-025 0.23603707994344E-023 0.94377594262028E-029 -.26364913296176E-042 -.13926453455618E-043 0.35484722755510E-023 0.49925930593539E-001 0.34270350638285E-030 -.28513488363379E-036 -.17947688821025E-042 0.27624276073424E-026 0.16545617802712E-037 0.13508544355874E-036 -.37671599775154E-036 -.17672883754051E-031 -.42588951030760E-027 0.91232912635184E-027 0.72878518437647E+000 -.55506685603184E-030 0.33300000000000E+003 0.58333333333333E-001 -.19467020134273E+003 0.49925931535341E-001 0.33300000000000E+003 0.10132500000000E+006 0.10153489258579E-002 0.27744545189774E+002 0.10000000000000E+001 0.00000000000000E+000 0.60000000000000E+000 0.00000000000000E+000 0.49508274376457E-020
   7 -.15335784837389E+000 0.15265958396408E-007 0.12400134813186E-029 0.86167461839097E-019 0.22128883509382E+000 0.13179271218665E-021 0.17287827794929E-017 -.65209758049791E-024 0.30617062543694E-040 0.18358242788097E-041 0.56045092612901E-020 0.49925917833564E-001 -.40861615423225E-022 0.44270674632369E-028 0.20949708614485E-040 0.29873420563579E-023 0.98521342405835E-034 0.34748246970587E-028 -.21955330668223E-034 -.12655118683483E-028 -.58062325465130E-027 0.11071802661584E-026 0.72878523180666E+000 -.55506673180834E-030 0.33300000000000E+003 0.58333333333333E-001 -.19467013569056E+003 0.49925931535341E-001 0.33300000000000E+003 0.10132500000000E+006 0.10153487432700E-002 0.27744540200536E+002 0.10000000000000E+001 0.00000000000000E+000 0.60000000000000E+000 0.00000000000000E+000 0.11468338857716E-016
   8 -.10987866626327E+000 0.20890092603672E-006 0.13572178515100E-025 0.91780870680114E-016 0.22128832830704E+000 0.16740365667287E-018 0.41001923070190E-012 0.64469666083201E-017 0.93548120556395E-034 0.46882741906081E-035 0.11237934737012E-016 0.49925785819434E-001 0.33498176201972E-015 -.47259677705397E-021 0.63849807085103E-034 0.53156062056194E-020 -.64798479763350E-026 -.36379839843828E-021 0.33127424771167E-029 0.15323898960265E-021 0.47817243970036E-026 0.11559289316496E-020 0.72878567697219E+000 -.55508794933983E-030 0.33300000000000E+003 0.58333333333333E-001 -.19466943546243E+003 0.49925931535346E-001 0.33300000000000E+003 0.10132500000000E+006 0.10153462677549E-002 0.27744472556753E+002 0.10000000000000E+001 0.00000000000000E+000 0.60000000000000E+000 0.00000000000000E+000 0.15193358926355E-013
   9 -.72675167895400E-001 0.19627014255692E-005 0.84830328853246E-022 0.26902548549952E-013 0.22128509244775E+000 0.24370219271406E-015 0.28044688816132E-008 0.94195926486215E-012 0.12090672492583E-026 0.58378534855238E-028 0.96018177751910E-013 0.49924937064821E-001 0.54321331119945E-010 0.47467306881374E-015 0.83624994323111E-027 0.46265037629673E-016 0.10371441110958E-019 0.35835904848585E-015 -.45072688808886E-022 -.16421022431909E-015 0.61117051934165E-023 0.25554698390368E-015 0.72878800492614E+000 -.13503681060240E-028 0.33300000000000E+003 0.58333333333333E-001 -.19466473504928E+003 0.49925931649834E-001 0.33300000000000E+003 0.10132500000000E+006 0.10153237546896E-002 0.27743857384232E+002 0.10000000000000E+001 0.00000000000000E+000 0.60000000000000E+000 0.00000000000000E+000 0.26170155054759E-010
  10 -.44052430073623E-001 0.11068161420883E-004 0.25238288313757E-018 0.17954981900118E-011 0.22127286206039E+000 0.26537654853971E-012 0.11307423500584E-005 0.12994939374565E-008 0.67284088933360E-021 0.38064618924343E-022 0.57691882807469E-010 0.49921046915765E-001 0.77287059702961E-007 0.15371386383239E-008 0.10130534802229E-020 0.98171865601167E-010 0.10733215212122E-012 0.64873250313142E-010 0.16168761874230E-016 0.28282635489867E-010 0.11208983632831E-020 0.39650134508531E-012 0.72879381174480E+000 -.27100226250435E-025 0.33300000000000E+003 0.58333333333333E-001 -.19465795931741E+003 0.49926012477788E-001 0.33300000000000E+003 0.10132500000000E+006 0.10152064506976E-002 0.27740652036965E+002 0.10000000000000E+001 0.00000000000000E+000 0.60000000000000E+000 0.00000000000000E+000 0.33577863983630E-007
  11 -.24547032040721E-001 0.36250708200983E-004 0.16434546507983E-015 0.30119640232244E-010 0.22123094424706E+000 0.59509063134301E-010 0.53506042054946E-004 0.11403079574591E-006 0.81773048601237E-017 0.48261638236844E-018 0.32699897282500E-008 0.49879337832588E-001 0.68829300887032E-005 0.72999283840430E-006 0.42568413528270E-016 0.46821076889288E-007 0.23218339675486E-009 0.26411500618710E-007 0.10052808371368E-012 0.23634783752728E-007 0.37343618690475E-019 0.36764688618238E-010 0.72879213372034E+000 -.28816381650638E-023 0.33300000000000E+003 0.58333333333333E-001 -.19518894738092E+003 0.49931051032804E-001 0.33300000000000E+003 0.10132500000000E+006 0.10148771769903E-002 0.27731654588875E+002 0.10000000000000E+001 0.00000000000000E+000 0.60000000000000E+000 0.00000000000000E+000 0.17159675782945E-004
  12 -.12803836539373E-001 0.74394084121503E-004 0.18121155076993E-013 0.16902055044600E-009 0.22100074555833E+000 0.23345815981839E-008 0.53323466050714E-003 0.15822805534569E-005 0.32404338201648E-014 0.19197286567624E-015 0.33299196329336E-007 0.49540091820922E-001 0.96615624517134E-004 0.23163282267570E-004 0.46117144442119E-013 0.14739538249894E-005 0.21499480545251E-007 0.78210952619122E-006 0.21305818619754E-010 0.95588624114374E-006 0.31358106785260E-018 0.52714253402209E-009 0.72872690288839E+000 -.44385654243308E-022 0.33300000000000E+003 0.58333333333333E-001 -.20059321480786E+003 0.49985626561557E-001 0.33300000000000E+003 0.10132500000000E+006 0.10143498212944E-002 0.27717244523958E+002 0.10000000000000E+001 0.00000000000000E+000 0.60000000000000E+000 0.00000000000000E+000 0.14515394335995E-002
  13 -.64618754357234E-002 0.10986151217019E-003 0.32920745430780E-012 0.47926607115819E-009 0.22029161139609E+000 0.17241715942212E-007 0.18662322539696E-002 0.65673608320729E-005 0.82290152597316E-013 0.47971934508381E-014 0.11346130891019E-006 0.48588994603134E-001 0.40666057272771E-003 0.14933491484147E-003 0.21119240180267E-011 0.93553093216545E-005 0.25487228970682E-006 0.48673774875699E-005 0.47637423869452E-009 0.69648802636990E-005 0.99932454575356E-018 0.22440439397024E-008 0.72855916104164E+000 -.19629584043556E-021 0.33300000000000E+003 0.58333333333333E-001 -.21643344320130E+003 0.50153127848948E-001 0.33300000000000E+003 0.10132500000000E+006 0.10138198152552E-002 0.27702762038053E+002 0.10000000000000E+001 0.00000000000000E+000 0.60000000000000E+000 0.00000000000000E+000 0.19495411607519E-001
  14 -.32593913193206E-002 0.13380782346277E-003 0.15413527163984E-011 0.91492086995305E-009 0.21929515859792E+000 0.45757744750961E-007 0.35296771466658E-002 0.13507645784192E-004 0.43945298765094E-012 0.25041265012337E-013 0.22476883344513E-006 0.47383140035346E-001 0.84587456010742E-003 0.38657745947647E-003 0.14294824499858E-010 0.23905033186445E-004 0.88002820868628E-006 0.12374155982545E-004 0.23283842520220E-008 0.19192044019394E-004 0.17975636580717E-017 0.46949469036411E-008 0.72835562698871E+000 -.41881077376520E-021 0.33300000000000E+003 0.58333333333333E-001 -.23706724718246E+003 0.50374564048287E-001 0.33300000000000E+003 0.10132500000000E+006 0.10134516536731E-002 0.27692701973587E+002 0.10000000000000E+001 0.00000000000000E+000 0.60000000000000E+000 0.00000000000000E+000 0.78221292817927E-001
  15 -.16256675302829E-002 0.14797351676074E-003 0.34974511957410E-011 0.13504211402376E-008 0.21841672246023E+000 0.75017449680958E-007 0.48898404497638E-002 0.19530376677239E-004 0.10901093054088E-011 0.60931775937771E-013 0.33538353263259E-006 0.46385489886138E-001 0.12308791403276E-002 0.62980100069288E-003 0.37975435180733E-010 0.38639538753960E-004 0.16337461138785E-005 0.19971846529958E-004 0.50982683873122E-008 0.32293016948946E-004 0.24256034117625E-017 0.68523935013150E-008 0.72818680127638E+000 -.61746985773920E-021 0.33300000000000E+003 0.58333333333333E-001 -.25444584442509E+003 0.50561501759262E-001 0.33300000000000E+003 0.10132500000000E+006 0.10132398778883E-002 0.27686915171945E+002 0.10000000000000E+001 0.00000000000000E+000 0.60000000000000E+000 0.00000000000000E+000 0.16378743093420E+000
  16 -.68547176300087E-003 0.15679527350752E-003 0.57516309019809E-011 0.17302713300159E-008 0.21773530843024E+000 0.99526435368040E-007 0.58992420053713E-002 0.24155978571138E-004 0.18843338177192E-011 0.10384800945526E-012 0.43247175200641E-006 0.45639394263192E-001 0.15278460480812E-002 0.83451157314863E-003 0.66621983150779E-010 0.50950729256821E-004 0.23169546465667E-005 0.26320533375138E-004 0.79070108582345E-008 0.43595641161343E-004 0.28820210992452E-017 0.85203814743465E-008 0.72805901233924E+000 -.77226570623451E-021 0.33300000000000E+003 0.58333333333333E-001 -.26758582798374E+003 0.50702751396744E-001 0.33300000000000E+003 0.10132500000000E+006 0.10131142283609E-002 0.27683481781803E+002 0.10000000000000E+001 0.00000000000000E+000 0.60000000000000E+000 0.00000000000000E+000 0.25360059808898E+000
  17 0.00000000000000E+000 0.16355559652856E-003 0.85347432951866E-011 0.20991712042604E-008 0.21713408733021E+000 0.12207473050766E-006 0.67640373822778E-002 0.28212142821104E-004 0.28311495242505E-011 0.15489254991085E-012 0.52756653989809E-006 0.44996655524414E-001 0.17886804288312E-002 0.10247057773585E-002 0.10021076985571E-009 0.62333627684361E-004 0.29775080523265E-005 0.32191605315676E-004 0.10819791212418E-007 0.54265511013053E-004 0.32679510343401E-017 0.99876160872880E-008 0.72794766512784E+000 -.90911706952345E-021 0.33300000000000E+003 0.35000000000000E-001 -.27898996554083E+003 0.50825199632034E-001 0.33300000000000E+003 0.10132500000000E+006 0.10130228450857E-002 0.27680984721588E+002 0.10000000000000E+001 0.00000000000000E+000 0.60000000000000E+000 0.00000000000000E+000 0.35107971006777E+000
  18 0.58826239816160E-003 0.16867867969606E-003 0.11255719416302E-010 0.23502951659373E-008 0.21666771398002E+000 0.13616555082314E-006 0.72576803071803E-002 0.30523748970072E-004 0.34538854374257E-011 0.19307301483054E-012 0.59167063988437E-006 0.44729899203115E-001 0.19387013476516E-002 0.11365436099445E-002 0.12393615508326E-009 0.69068701808576E-004 0.33834618300558E-005 0.35678678328492E-004 0.12734508404196E-007 0.60673813292222E-004 0.34969491162431E-017 0.10829093310153E-007 0.72790043853166E+000 -.98676362693912E-021 0.34018743164107E+003 0.35000000000000E-001 -.27822080335512E+003 0.49925931535341E-001 0.34018743164107E+003 0.10132500000000E+006 0.99146610919061E-003 0.27676693266761E+002 0.10000000000000E+001 0.00000000000000E+000 0.10000000000000E+001 0.00000000000000E+000 0.40585815779194E+000
  19 0.12039989268139E-002 0.17422331289027E-003 0.15900185607889E-010 0.26856181117071E-008 0.21613932586688E+000 0.15356488986342E-006 0.78019859287137E-002 0.33102460611688E-004 0.43246113779895E-011 0.24753603622937E-012 0.67531749237924E-006 0.44441434185181E-001 0.21062806607291E-002 0.12640762924433E-002 0.15552802796996E-009 0.76701886211578E-004 0.38645987343684E-005 0.39654942262130E-004 0.15195120152260E-007 0.68045679824583E-004 0.37540014194859E-017 0.11769177535053E-007 0.72785044547722E+000 -.10164298943683E-020 0.34815083965586E+003 0.35000000000000E-001 -.27738689540694E+003 0.49925931535341E-001 0.34815083965586E+003 0.10132500000000E+006 0.96861876554360E-003 0.27671862321441E+002 0.10000000000000E+001 0.00000000000000E+000 0.10000000000000E+001 0.00000000000000E+000 0.47556039030915E+000
  20 0.18599465825419E-002 0.18033878091982E-003 0.23990832033264E-010 0.31402353050053E-008 0.21552905584841E+000 0.17559849916333E-006 0.84133473423432E-002 0.36035068357490E-004 0.55870786844912E-011 0.32799743108196E-012 0.78612340748777E-006 0.44123706129483E-001 0.22971060869597E-002 0.14123819478535E-002 0.19895799973607E-009 0.85518057943041E-004 0.44457521318502E-005 0.44279260236203E-004 0.18449897309225E-007 0.76697366114635E-004 0.40496200314506E-017 0.12839778882425E-007 0.72779609197856E+000 -.95026582670469E-021 0.35714008442659E+003 0.35000000000000E-001 -.27646445164863E+003 0.49925931535341E-001 0.35714008442659E+003 0.10132500000000E+006 0.94405052603225E-003 0.27666352002234E+002 0.10000000000000E+001 0.00000000000000E+000 0.10000000000000E+001 0.00000000000000E+000 0.56668975297336E+000
  21 0.25499215524083E-002 0.18700785494834E-003 0.38663970877191E-010 0.37506674034156E-008 0.21483232191633E+000 0.20334490542247E-006 0.90919587119274E-002 0.39334008408219E-004 0.74249641328719E-011 0.44761069453053E-012 0.93117527820518E-006 0.43777904089818E-001 0.25120176369650E-002 0.15830089411002E-002 0.25881902261988E-009 0.95584117326446E-004 0.51392850232905E-005 0.49600774561655E-004 0.22757657604624E-007 0.86747417229748E-004 0.43881230308226E-017 0.14045605095098E-007 0.72773819986689E+000 -.76588050255845E-021 0.36716928630640E+003 0.35000000000000E-001 -.27545458938682E+003 0.49925931535341E-001 0.36716928630640E+003 0.10132500000000E+006 0.91805750563714E-003 0.27660134883010E+002 0.10000000000000E+001 0.00000000000000E+000 0.10000000000000E+001 0.00000000000000E+000 0.68592833569157E+000
  22 0.32560703038561E-002 0.19408787610121E-003 0.65893781918007E-010 0.45499301297200E-008 0.21405884944967E+000 0.23745795541122E-006 0.98246186639100E-002 0.42946262450214E-004 0.10057167386080E-010 0.62279975634452E-012 0.11156916020135E-005 0.43411655449071E-001 0.27475523270113E-002 0.17740134031764E-002 0.33988557194572E-009 0.10675817993476E-003 0.59421633412021E-005 0.55560025108226E-004 0.28360801435296E-007 0.98109020232757E-004 0.47684624834966E-017 0.15367205379356E-007 0.72767850533604E+000 -.53553610623558E-021 0.37805235598190E+003 0.35000000000000E-001 -.27437706665797E+003 0.49925931535341E-001 0.37805235598190E+003 0.10132500000000E+006 0.89140951233205E-003 0.27653319777104E+002 0.10000000000000E+001 0.00000000000000E+000 0.10000000000000E+001 0.00000000000000E+000 0.83954028673328E+000
  23 0.39597376020543E-002 0.20140222277190E-003 0.11630877328392E-009 0.55676708712209E-008 0.21322518704542E+000 0.27826036135114E-006 0.10593415627483E-001 0.46791857593636E-004 0.13737733245769E-010 0.87339970499596E-012 0.13430400456524E-005 0.43034205343032E-001 0.29984561833311E-002 0.19816826604303E-002 0.44702206506567E-009 0.11879805429352E-003 0.68407648944099E-005 0.62042461023794E-004 0.35487802612890E-007 0.11058323143900E-003 0.51877254621009E-017 0.16775065672159E-007 0.72761891483940E+000 -.37141494662870E-021 0.38952776200281E+003 0.35000000000000E-001 -.27325690952057E+003 0.49925931535341E-001 0.38952776200281E+003 0.10132500000000E+006 0.86492198953316E-003 0.27646070871101E+002 0.10000000000000E+001 0.00000000000000E+000 0.10000000000000E+001 0.00000000000000E+000 0.10337141263790E+001
  24 0.46482415264086E-002 0.20881145490054E-003 0.20744025052213E-009 0.68346789750263E-008 0.21234683100031E+000 0.32600131484920E-006 0.11383275366575E-001 0.50799789238883E-004 0.18769558271594E-010 0.12236818648232E-011 0.16157987480255E-005 0.42652721488650E-001 0.32600708734077E-002 0.22024298496124E-002 0.58553972235344E-009 0.13147515795706E-003 0.78185161252695E-005 0.68937306766486E-004 0.44381085901092E-007 0.12396894397141E-003 0.56445003350574E-017 0.18243009215097E-007 0.72756084818068E+000 -.31431336303460E-021 0.40137070878611E+003 0.35000000000000E-001 -.27211380569017E+003 0.49925931535341E-001 0.40137070878611E+003 0.10132500000000E+006 0.83917260482470E-003 0.27638536051838E+002 0.10000000000000E+001 0.00000000000000E+000 0.10000000000000E+001 0.00000000000000E+000 0.12754909270491E+001
  25 0.53157891242386E-002 0.21623476459919E-003 0.36624935057441E-009 0.83883877262349E-008 0.21143446117174E+000 0.38108280135965E-006 0.12184759610554E-001 0.54922764470170E-004 0.25530492159083E-010 0.17043223065705E-011 0.19368944949070E-005 0.42271233979769E-001 0.35293512156502E-002 0.24337545075493E-002 0.76179890153130E-009 0.14462931338688E-003 0.88609643855793E-005 0.76167438147484E-004 0.55330267315720E-007 0.13812259814576E-003 0.61404547821013E-017 0.19753913992089E-007 0.72750509906646E+000 -.33668695719089E-021 0.41343709771298E+003 0.35000000000000E-001 -.27095879701570E+003 0.49925931535341E-001 0.41343709771298E+003 0.10132500000000E+006 0.81445332073608E-003 0.27630815590125E+002 0.10000000000000E+001 0.00000000000000E+000 0.10000000000000E+001 0.00000000000000E+000 0.15736010337942E+001
  26 0.59612232235497E-002 0.22363682251770E-003 0.63181512132809E-009 0.10276596362936E-007 0.21049415981461E+000 0.44415162724667E-006 0.12993133740295E-001 0.59133811877116E-004 0.34503610251843E-010 0.23548366178537E-011 0.23101438057355E-005 0.41891369539642E-001 0.38046886148168E-002 0.26742389167056E-002 0.98375641409517E-009 0.15816590959400E-003 0.99568106169377E-005 0.83689281762742E-004 0.68692834172896E-007 0.15296142557389E-003 0.66803243738139E-017 0.21298725392620E-007 0.72745200909597E+000 -.55622759918085E-021 0.42565179173262E+003 0.35000000000000E-001 -.26979615585179E+003 0.49925931535341E-001 0.42565179173262E+003 0.10132500000000E+006 0.79085668804844E-003 0.27622966722298E+002 0.10000000000000E+001 0.00000000000000E+000 0.10000000000000E+001 0.00000000000000E+000 0.19387804373982E+001
  27 0.65855476081120E-002 0.23100670052896E-003 0.10579651517906E-008 0.12559208768929E-007 0.20952917464518E+000 0.51608713462947E-006 0.13806346550066E-001 0.63416837891482E-004 0.46306549785708E-010 0.32261061340129E-011 0.27402339874892E-005 0.41513473708017E-001 0.40853249715542E-002 0.29231440663675E-002 0.12613537042192E-008 0.17203060911593E-003 0.11096739745712E-004 0.91480238503164E-004 0.84899637715586E-007 0.16844137032618E-003 0.72712881466368E-017 0.22873167923682E-007 0.72740168454072E+000 -.77913816553545E-021 0.43797959248103E+003 0.35000000000000E-001 -.26862651257015E+003 0.49925931535341E-001 0.43797959248103E+003 0.10132500000000E+006 0.76837537109248E-003 0.27615020740148E+002 0.10000000000000E+001 0.00000000000000E+000 0.10000000000000E+001 0.00000000000000E+000 0.23836037370925E+001
  28 0.71904265053442E-002 0.23834322894401E-003 0.17155631665102E-008 0.15309282540888E-007 0.20854141698551E+000 0.59795534803258E-006 0.14623523864115E-001 0.67759197819567E-004 0.61721143806626E-010 0.43830369601674E-011 0.32325037751547E-005 0.41137382878057E-001 0.43708861897664E-002 0.31800511069641E-002 0.16068298278055E-008 0.18618783036555E-003 0.12272076829772E-004 0.99527506929008E-004 0.10445250674981E-006 0.18453633979465E-003 0.79224871340456E-017 0.24475127137786E-007 0.72735413471036E+000 -.11006800841308E-020 0.45040310937328E+003 0.35000000000000E-001 -.26744906081073E+003 0.49925931535341E-001 0.45040310937328E+003 0.10132500000000E+006 0.74696408443890E-003 0.27606996695581E+002 0.10000000000000E+001 0.00000000000000E+000 0.10000000000000E+001 0.00000000000000E+000 0.29220981446833E+001
  29 0.77775529904971E-002 0.24564810809674E-003 0.26942608617606E-008 0.18614429927864E-007 0.20753225408083E+000 0.69096827378942E-006 0.15444222846557E-001 0.72147922898177E-004 0.81726537206246E-010 0.59075614778457E-011 0.37927616041631E-005 0.40762787671688E-001 0.46611432710056E-002 0.34446683233763E-002 0.20350586329245E-008 0.20060942642487E-003 0.13474018528696E-004 0.10782205830752E-003 0.12792017993943E-006 0.20122673756992E-003 0.86448809390381E-017 0.26103308605691E-007 0.72730933434997E+000 -.12821149318656E-020 0.46291167960041E+003 0.35000000000000E-001 -.26626260710388E+003 0.49925931535341E-001 0.46291167960041E+003 0.10132500000000E+006 0.72656706014033E-003 0.27598908450287E+002 0.10000000000000E+001 0.00000000000000E+000 0.10000000000000E+001 0.00000000000000E+000 0.35693493643418E+001
  30 0.83484597261835E-002 0.25292345144921E-003 0.41036479727009E-008 0.22578854531834E-007 0.20650282866898E+000 0.79645265070727E-006 0.16268146445108E-001 0.76568341182736E-004 0.10753721314039E-009 0.79020876141153E-011 0.44271838891028E-005 0.40389364315553E-001 0.49559186364325E-002 0.37167528775365E-002 0.25639419185946E-008 0.21527019635527E-003 0.14693337455388E-004 0.11635619102389E-003 0.15593402767446E-006 0.21849471633919E-003 0.94513534189474E-017 0.27756711926571E-007 0.72726724613342E+000 -.15018629472657E-020 0.47549709021101E+003 0.35000000000000E-001 -.26506594940518E+003 0.49925931535341E-001 0.47549709021101E+003 0.10132500000000E+006 0.70712770799400E-003 0.27590767481138E+002 0.10000000000000E+001 0.00000000000000E+000 0.10000000000000E+001 0.00000000000000E+000 0.43411761682148E+001
  31 0.89044863679412E-002 0.26017104019488E-003 0.60737926573473E-008 0.27325906946256E-007 0.20545417957704E+000 0.91582110759809E-006 0.17095042664485E-001 0.81003773221998E-004 0.14064541280196E-009 0.10493356384345E-010 0.51422552314227E-005 0.40016816071254E-001 0.52550522199923E-002 0.39960814370653E-002 0.32148438938221E-008 0.23014627048276E-003 0.15920305889384E-004 0.12512261253487E-003 0.18918254014658E-006 0.23632233956797E-003 0.10356964937904E-016 0.29434440236234E-007 0.72722782822927E+000 -.16603023858120E-020 0.48815205343760E+003 0.35000000000000E-001 -.26385799419362E+003 0.49925931535341E-001 0.48815205343760E+003 0.10132500000000E+006 0.68859167090880E-003 0.27582583938004E+002 0.10000000000000E+001 0.00000000000000E+000 0.10000000000000E+001 0.00000000000000E+000 0.52538699096568E+001
  32 0.94467873904055E-002 0.26739207674421E-003 0.87551768142021E-008 0.33000993060163E-007 0.20438730009204E+000 0.10505408372137E-005 0.17924660725651E-001 0.85435648841844E-004 0.18286660605908E-009 0.13836592848490E-010 0.59447163198300E-005 0.39644887883319E-001 0.55583859727049E-002 0.42824358995867E-002 0.40130433359538E-008 0.24521439559269E-003 0.17144699628533E-004 0.13411399476626E-003 0.22840350066983E-006 0.25469063857468E-003 0.11379268297115E-016 0.31135613113455E-007 0.72719103721037E+000 -.16730667222244E-020 0.50086953089769E+003 0.35000000000000E-001 -.26263779813463E+003 0.49925931535341E-001 0.50086953089769E+003 0.10132500000000E+006 0.67090785698669E-003 0.27574367152974E+002 0.10000000000000E+001 0.00000000000000E+000 0.10000000000000E+001 0.00000000000000E+000 0.63239753725440E+001
  33 0.99763496546229E-002 0.27458710184776E-003 0.12318053160318E-007 0.39774743757636E-007 0.20330317309208E+000 0.12020994928417E-005 0.18756727916286E-001 0.89843837931024E-004 0.23638672991813E-009 0.18119826886436E-010 0.68415095520394E-005 0.39273371918876E-001 0.58657550493529E-002 0.45755945979171E-002 0.49881896301776E-008 0.26045155672064E-003 0.18355845137504E-004 0.14332270324978E-003 0.27437366321178E-006 0.27357899421780E-003 0.12538696869251E-016 0.32859317049841E-007 0.72715682920887E+000 -.17242448852624E-020 0.51364236776600E+003 0.35000000000000E-001 -.26140458581601E+003 0.49925931535341E-001 0.51364236776600E+003 0.10132500000000E+006 0.65402874156208E-003 0.27566125941747E+002 0.10000000000000E+001 0.00000000000000E+000 0.10000000000000E+001 0.00000000000000E+000 0.75680982466891E+001
  34 0.10494016771546E-001 0.28175605197986E-003 0.16951314982908E-007 0.47846448800856E-007 0.20220278310961E+000 0.13719714049671E-005 0.19590944836329E-001 0.94207155079545E-004 0.30381061938989E-009 0.23568308002454E-010 0.78397313923053E-005 0.38902105435154E-001 0.61769854244742E-002 0.48753293114872E-002 0.61747660966569E-008 0.27583492501192E-003 0.19542713832486E-004 0.15274071123446E-003 0.32789679796779E-006 0.29296488479838E-003 0.13859035287263E-016 0.34604592027234E-007 0.72712515993692E+000 -.17333024852264E-020 0.52646320755887E+003 0.35000000000000E-001 -.26015774528704E+003 0.49925931535341E-001 0.52646320755887E+003 0.10132500000000E+006 0.63791018860468E-003 0.27557868715028E+002 0.10000000000000E+001 0.00000000000000E+000 0.10000000000000E+001 0.00000000000000E+000 0.90027420933668E+001
  35 0.11000520387826E-001 0.28889846823885E-003 0.22861060818510E-007 0.57447830344274E-007 0.20108710112420E+000 0.15615886286249E-005 0.20427000601473E-001 0.98504008384499E-004 0.38821217652909E-009 0.30449027503226E-010 0.89466079083040E-005 0.38530960432705E-001 0.64918990180068E-002 0.51814095888301E-002 0.76125821545261E-008 0.29134217661798E-003 0.20694066457189E-004 0.16235974665340E-003 0.38979171709584E-006 0.31282411400442E-003 0.15367997420715E-016 0.36370460228927E-007 0.72709598395558E+000 -.18331232879125E-020 0.53932471482488E+003 0.35000000000000E-001 -.25889679685271E+003 0.49925931535341E-001 0.53932471482488E+003 0.10132500000000E+006 0.62251090792748E-003 0.27549603384455E+002 0.10000000000000E+001 0.00000000000000E+000 0.10000000000000E+001 0.00000000000000E+000 0.10644190714706E+002
  36 0.11496513917611E-001 0.29601379978200E-003 0.30269086590082E-007 0.68847233681174E-007 0.19995704894006E+000 0.17723202909264E-005 0.21264601558324E-001 0.10271311253670E-003 0.49318773740282E-009 0.39075441009202E-010 0.10169503690913E-004 0.38159827950229E-001 0.68103243486869E-002 0.54936128660572E-002 0.93473248759057E-008 0.30695206794259E-003 0.21798632457967E-004 0.17217162421976E-003 0.46088190779149E-006 0.33313143168356E-003 0.17097933865016E-016 0.38155985751799E-007 0.72706925381023E+000 -.20320285280428E-020 0.55222000802180E+003 0.35000000000000E-001 -.25762134228095E+003 0.49925931535341E-001 0.55222000802180E+003 0.10132500000000E+006 0.60779177795943E-003 0.27541337129990E+002 0.10000000000000E+001 0.00000000000000E+000 0.10000000000000E+001 0.00000000000000E+000 0.12508448505754E+002
  37 0.11982601014166E-001 0.30310168745300E-003 0.39411483778346E-007 0.82354223962364E-007 0.19881346075812E+000 0.20054608926168E-005 0.22103499968748E-001 0.10681415190000E-003 0.62291418006928E-009 0.49812498352004E-010 0.11515959577321E-004 0.37788602854045E-001 0.71321077817073E-002 0.58117357405803E-002 0.11431193666244E-007 0.32264500671199E-003 0.22845296890646E-004 0.18216861576188E-003 0.54198764010349E-006 0.35386124617294E-003 0.19086723125982E-016 0.39960337657260E-007 0.72704491965384E+000 -.22899538419444E-020 0.56514309362974E+003 0.35000000000000E-001 -.25633101308615E+003 0.49925931535341E-001 0.56514309362974E+003 0.10132500000000E+006 0.59371531098758E-003 0.27533076166553E+002 0.10000000000000E+001 0.00000000000000E+000 0.10000000000000E+001 0.00000000000000E+000 0.14611232307037E+002
  38 0.12459353080043E-001 0.31016212902064E-003 0.50537386992507E-007 0.98324451624389E-007 0.19765705924979E+000 0.22622257185089E-005 0.22943510480513E-001 0.11078830304673E-003 0.78221268992582E-009 0.63082040279630E-010 0.12993743256543E-004 0.37417174309817E-001 0.74571205844210E-002 0.61356015667569E-002 0.13923625523630E-007 0.33840337460799E-003 0.23823273314138E-004 0.19234370532682E-003 0.63392048085294E-006 0.37498810416210E-003 0.21378829426425E-016 0.41782829541476E-007 0.72702292961618E+000 -.25657676375255E-020 0.57808911224734E+003 0.35000000000000E-001 -.25502543613168E+003 0.49925931535341E-001 0.57808911224734E+003 0.10132500000000E+006 0.58024542351898E-003 0.27524825632150E+002 0.10000000000000E+001 0.00000000000000E+000 0.10000000000000E+001 0.00000000000000E+000 0.16967990333505E+002
  39 0.12927315566191E-001 0.31719550148615E-003 0.63907797821152E-007 0.11716457529725E-006 0.19648845272528E+000 0.25437510634006E-005 0.23784510696099E-001 0.11461859169468E-003 0.97661863166153E-009 0.79368582240498E-010 0.14610897392615E-004 0.37045423416514E-001 0.77852600250902E-002 0.64650623121625E-002 0.16892107574222E-007 0.35421151716643E-003 0.24722259443764E-004 0.20269066290369E-003 0.73747975077877E-006 0.39648679204366E-003 0.24026549776351E-016 0.43622925747152E-007 0.72700323072852E+000 -.28494792096411E-020 0.59105433841641E+003 0.35000000000000E-001 -.25370422321778E+003 0.49925931535341E-001 0.59105433841641E+003 0.10132500000000E+006 0.56734748615565E-003 0.27516589632868E+002 0.10000000000000E+001 0.00000000000000E+000 0.10000000000000E+001 0.00000000000000E+000 0.19593923679388E+002
  40 0.13387007221678E-001 0.32420248564295E-003 0.79794389319884E-007 0.13933704743087E-006 0.19530814828629E+000 0.28510983471139E-005 0.24626430544366E-001 0.11829011615294E-003 0.12124583960268E-008 0.99225538851382E-010 0.16375779588628E-004 0.36673225873786E-001 0.81164460013201E-002 0.67999958563387E-002 0.20413076879643E-007 0.37005548235122E-003 0.25532587155982E-004 0.21320397315490E-003 0.85345073917753E-006 0.41833212890371E-003 0.27091495912978E-016 0.45480222561187E-007 0.72698576999945E+000 -.31799398241636E-020 0.60403600624843E+003 0.35000000000000E-001 -.25236697876550E+003 0.49925931535341E-001 0.60403600624843E+003 0.10132500000000E+006 0.55498850629569E-003 0.27508371395779E+002 0.10000000000000E+001 0.00000000000000E+000 0.10000000000000E+001 0.00000000000000E+000 0.22504003117517E+002
  41 0.13838917160107E-001 0.33118395802259E-003 0.98478245344896E-007 0.16536462757454E-006 0.19411657132947E+000 0.31852626592866E-005 0.25469237865891E-001 0.12179018607830E-003 0.14969352038914E-008 0.12328203677135E-009 0.18297097413305E-004 0.36300456431432E-001 0.84506159106976E-002 0.71403012950511E-002 0.24572918543107E-007 0.38592264885034E-003 0.26245380360718E-004 0.22387869944561E-003 0.98260492778937E-006 0.44049861782491E-003 0.30646321784337E-016 0.47354419605577E-007 0.72697049532144E+000 -.35892873887676E-020 0.61703207553886E+003 0.35000000000000E-001 -.25101331496501E+003 0.49925931535341E-001 0.61703207553886E+003 0.10132500000000E+006 0.54313730072463E-003 0.27500173454566E+002 0.10000000000000E+001 0.00000000000000E+000 0.10000000000000E+001 0.00000000000000E+000 0.25712992664735E+002
  42 0.14283502359827E-001 0.33814088882064E-003 0.12024852671018E-006 0.19583450392803E-006 0.19291408510061E+000 0.35471864256247E-005 0.26312924732737E-001 0.12510840853836E-003 0.18382267107601E-008 0.15225053923287E-009 0.20383942512262E-004 0.35926993165297E-001 0.87877195159278E-002 0.74858939975103E-002 0.29469077125272E-007 0.40180133596989E-003 0.26852726518224E-004 0.23471033804098E-003 0.11257024937323E-005 0.46296007266193E-003 0.34776780592619E-016 0.49245291240050E-007 0.72695735609806E+000 -.39195355050159E-020 0.63004100882069E+003 0.35000000000000E-001 -.24964286756210E+003 0.49925931535341E-001 0.63004100882069E+003 0.10132500000000E+006 0.53176459668683E-003 0.27491997822391E+002 0.10000000000000E+001 0.00000000000000E+000 0.10000000000000E+001 0.00000000000000E+000 0.29235496950578E+002
  43 0.14721185423077E-001 0.34507424412861E-003 0.14540101853484E-006 0.23140181528561E-006 0.19170101040967E+000 0.39377776482612E-005 0.27157494289973E-001 0.12823672979239E-003 0.22455969261982E-008 0.18693547993432E-009 0.22645820646947E-004 0.35552721705031E-001 0.91277137556551E-002 0.78367003958273E-002 0.35211282112847E-007 0.41768040001341E-003 0.27347859120698E-004 0.24569466193062E-003 0.12834968045975E-005 0.48568922341219E-003 0.39584156642335E-016 0.51152657693020E-007 0.72694630363104E+000 -.42390549899709E-020 0.64306155671888E+003 0.35000000000000E-001 -.24825531265242E+003 0.49925931535341E-001 0.64306155671888E+003 0.10132500000000E+006 0.52084308021095E-003 0.27483846153621E+002 0.10000000000000E+001 0.00000000000000E+000 0.10000000000000E+001 0.00000000000000E+000 0.33086039295469E+002
  44 0.15152351025077E-001 0.35198486785763E-003 0.17423641376074E-006 0.27279218565049E-006 0.19047764975792E+000 0.43579306128721E-005 0.28002945089013E-001 0.13116943115085E-003 0.27295232827513E-008 0.22824296006583E-009 0.25092665350975E-004 0.35177540778025E-001 0.94705562967834E-002 0.81926512743841E-002 0.41922856676347E-007 0.43354877059519E-003 0.27725345120148E-004 0.25682751603370E-003 0.14567398277270E-005 0.50865722632517E-003 0.45188092687913E-016 0.53076349151120E-007 0.72693729132542E+000 -.45464346428261E-020 0.65609250537353E+003 0.35000000000000E-001 -.24685038958210E+003 0.49925931535341E-001 0.65609250537353E+003 0.10132500000000E+006 0.51034744071431E-003 0.27475719923279E+002 0.10000000000000E+001 0.00000000000000E+000 0.10000000000000E+001 0.00000000000000E+000 0.37279160970051E+002
  45 0.15577340398411E-001 0.35887333126343E-003 0.20705814151401E-006 0.32080275064125E-006 0.18924431828827E+000 0.48085467996550E-005 0.28849251326243E-001 0.13390308585053E-003 0.33018381023006E-008 0.27719142323036E-009 0.27734821492039E-004 0.34801369801378E-001 0.98161971429748E-002 0.85536728058642E-002 0.49742051979963E-007 0.44939491006564E-003 0.27981272559651E-004 0.26810454107403E-003 0.16461870839481E-005 0.53183304031249E-003 0.51729846342630E-016 0.55016158934115E-007 0.72693027470064E+000 -.49280917967235E-020 0.66913236194315E+003 0.35000000000000E-001 -.24542793305401E+003 0.49925931535341E-001 0.66913236194315E+003 0.10132500000000E+006 0.50025443010116E-003 0.27467620638503E+002 0.10000000000000E+001 0.00000000000000E+000 0.10000000000000E+001 0.00000000000000E+000 0.41829526986553E+002
  46 0.15996446200524E-001 0.36573978666393E-003 0.24416974292176E-006 0.37630134930447E-006 0.18800137529017E+000 0.52905565643581E-005 0.29696343377741E-001 0.13643650191863E-003 0.39758856863566E-008 0.33492339114324E-009 0.30583001202438E-004 0.34424156601491E-001 0.10164570046347E-001 0.89196771109163E-002 0.58823372218827E-007 0.46520629393880E-003 0.28113433662615E-004 0.27952088288616E-003 0.18526018059257E-005 0.55518279844039E-003 0.59376019832788E-016 0.56971795518571E-007 0.72692521113918E+000 -.53435240432466E-020 0.68217904633251E+003 0.35000000000000E-001 -.24398790753469E+003 0.49925931535341E-001 0.68217904633251E+003 0.10132500000000E+006 0.49054288189751E-003 0.27459550038967E+002 0.10000000000000E+001 0.00000000000000E+000 0.10000000000000E+001 0.00000000000000E+000 0.46752048275230E+002
  47 0.16409913027408E-001 0.37258391381695E-003 0.28587230065145E-006 0.44022428071753E-006 0.18674923987058E+000 0.58049472770983E-005 0.30544099613451E-001 0.13877068204765E-003 0.47667048339161E-008 0.40271908430461E-009 0.33648246159693E-004 0.34045880367231E-001 0.10515588309243E-001 0.92905572122187E-002 0.69338962637414E-007 0.48096913263966E-003 0.28121490508688E-004 0.29107103986600E-003 0.20767602485197E-005 0.57866949693199E-003 0.68322911140883E-016 0.58942859129625E-007 0.72692205936996E+000 -.57257913039157E-020 0.69522975852592E+003 0.35000000000000E-001 -.24253042494019E+003 0.49925931535341E-001 0.69522975852592E+003 0.10132500000000E+006 0.48119358079715E-003 0.27451510182410E+002 0.10000000000000E+001 0.00000000000000E+000 0.10000000000000E+001 0.00000000000000E+000 0.52062080705008E+002
  48 0.16817947980297E-001 0.37940503974692E-003 0.33246291983594E-006 0.51357395062845E-006 0.18548837452046E+000 0.63528063769438E-005 0.31392359861943E-001 0.14090880679368E-003 0.56912585484309E-008 0.48201378700440E-009 0.36941951012977E-004 0.33666545120419E-001 0.10869149544841E-001 0.96661914421814E-002 0.81480274114220E-007 0.49666853614779E-003 0.28007095639017E-004 0.30274900510694E-003 0.23194617131379E-005 0.60225331572990E-003 0.78801746760973E-016 0.60928868583756E-007 0.72692077887260E+000 -.61122228713823E-020 0.70828118061682E+003 0.35000000000000E-001 -.24105572591491E+003 0.49925931535341E-001 0.70828118061682E+003 0.10132500000000E+006 0.47218891290608E-003 0.27443503321295E+002 0.10000000000000E+001 0.00000000000000E+000 0.10000000000000E+001 0.00000000000000E+000 0.57775791852930E+002
  49 0.17220739740259E-001 0.38620241657980E-003 0.38423513601070E-006 0.59741794701259E-006 0.18421923726592E+000 0.69353830323190E-005 0.32240959154001E-001 0.14285620343401E-003 0.67687370004145E-008 0.57442118105552E-009 0.40475979944600E-004 0.33286164141617E-001 0.11225149231442E-001 0.10046457483598E-001 0.95460249447776E-007 0.51228909393259E-003 0.27773933015655E-004 0.31454870552923E-003 0.25815452060970E-005 0.62589254814464E-003 0.91085158071066E-016 0.62929337566997E-007 0.72692132952878E+000 -.65074317558133E-020 0.72132999093724E+003 0.35000000000000E-001 -.23956412418794E+003 0.49925931535341E-001 0.72132999093724E+003 0.10132500000000E+006 0.46351236847897E-003 0.27435531590740E+002 0.10000000000000E+001 0.00000000000000E+000 0.10000000000000E+001 0.00000000000000E+000 0.63910738879217E+002
  50 0.17618477951499E-001 0.39297552485943E-003 0.44148121108103E-006 0.69289001692143E-006 0.18294222564133E+000 0.75541613675820E-005 0.33089765586810E-001 0.14462024178762E-003 0.80209482068175E-008 0.68176384511272E-009 0.44262845914180E-004 0.32904742419022E-001 0.11583496578673E-001 0.10431249389726E-001 0.11151610430155E-006 0.52781556339631E-003 0.27427659466124E-004 0.32646452767041E-003 0.28639099092111E-005 0.64954467802086E-003 0.10549516449679E-015 0.64943864078152E-007 0.72692367173814E+000 -.68939995060172E-020 0.73437344013689E+003 0.35000000000000E-001 -.23805594021201E+003 0.49925931535341E-001 0.73437344013689E+003 0.10132500000000E+006 0.45514809586505E-003 0.27427596665499E+002 0.10000000000000E+001 0.00000000000000E+000 0.10000000000000E+001 0.00000000000000E+000 0.70486584467544E+002
  51 0.18011363846508E-001 0.39972424414984E-003 0.50449526585117E-006 0.80119180365483E-006 0.18165764262370E+000 0.82109306933622E-005 0.33938702401444E-001 0.14621012665815E-003 0.94727906744058E-008 0.80611033594203E-009 0.48315872109972E-004 0.32522266012643E-001 0.11944124267984E-001 0.10820488511870E-001 0.12991251004887E-006 0.54323329751597E-003 0.26975755615864E-004 0.33849164766528E-003 0.31675327265097E-005 0.67316701783785E-003 0.12241275688622E-015 0.66972185692914E-007 0.72692776690672E+000 -.72924179994580E-020 0.74740968262015E+003 0.35000000000000E-001 -.23653145964279E+003 0.49925931535341E-001 0.74740968262015E+003 0.10132500000000E+006 0.44708068697455E-003 0.27419699572615E+002 0.10000000000000E+001 0.00000000000000E+000 0.10000000000000E+001 0.00000000000000E+000 0.77525786922711E+002
  52 0.18399608974182E-001 0.40644882564778E-003 0.57357599718606E-006 0.92359350011811E-006 0.18036569894158E+000 0.89078408732824E-005 0.34787745540435E-001 0.14763660931217E-003 0.11152791269819E-007 0.94981729606803E-009 0.52649263842868E-004 0.32138702377285E-001 0.12306988009359E-001 0.11214123662864E-001 0.15094485644668E-006 0.55852826062010E-003 0.26427314397701E-004 0.35062602345118E-003 0.34934767379837E-005 0.69671663928068E-003 0.14228909966511E-015 0.69014177776726E-007 0.72693357798317E+000 -.76678443790472E-020 0.76043773012436E+003 0.35000000000000E-001 -.23499093487571E+003 0.49925931535341E-001 0.76043773012436E+003 0.10132500000000E+006 0.43929522268138E-003 0.27411840735572E+002 0.10000000000000E+001 0.00000000000000E+000 0.10000000000000E+001 0.00000000000000E+000 0.85054116846499E+002
  53 0.18783426072637E-001 0.41314972524513E-003 0.64902844794763E-006 0.10614323696434E-005 0.17906654286301E+000 0.96474408761522E-005 0.35636903445459E-001 0.14891167069932E-003 0.13093698986278E-007 0.11155756674307E-008 0.57278075453054E-004 0.31754008779773E-001 0.12672058379756E-001 0.11612122820294E-001 0.17494237994749E-006 0.57368677076898E-003 0.25792791715189E-004 0.36286412515949E-003 0.38428887269618E-005 0.72014978509599E-003 0.16565844950028E-015 0.71069808363235E-007 0.72694106975568E+000 -.80495032944525E-020 0.77345713298299E+003 0.35000000000000E-001 -.23343462050396E+003 0.49925931535341E-001 0.77345713298299E+003 0.10132500000000E+006 0.43177745979926E-003 0.27404020179947E+002 0.10000000000000E+001 0.00000000000000E+000 0.10000000000000E+001 0.00000000000000E+000 0.93100954268026E+002
  54 0.19163019025983E-001 0.41982741252722E-003 0.73116522265575E-006 0.12161095821759E-005 0.17776029642142E+000 0.10432707048369E-004 0.36486193363472E-001 0.15004822005811E-003 0.15333143292751E-007 0.13064616460001E-008 0.62218110541556E-004 0.31368142489011E-001 0.13039310826063E-001 0.12014462551151E-001 0.20227117217742E-006 0.58869523639325E-003 0.25083728258638E-004 0.37520259820012E-003 0.42169882296553E-005 0.74342117928460E-003 0.19315309833144E-015 0.73139082662478E-007 0.72695020884367E+000 -.84447798679977E-020 0.78646760935180E+003 0.35000000000000E-001 -.23186281839580E+003 0.49925931535341E-001 0.78646760935180E+003 0.10132500000000E+006 0.42451400556401E-003 0.27396237764346E+002 0.10000000000000E+001 0.00000000000000E+000 0.10000000000000E+001 0.00000000000000E+000 0.10169941666001E+003
  55 0.19538576723740E-001 0.42648224153274E-003 0.82030793156212E-006 0.13890867589519E-005 0.17644708127706E+000 0.11267069213285E-004 0.37335625067883E-001 0.15105982371497E-003 0.17914379113267E-007 0.15259941530992E-008 0.67485807801564E-004 0.30981067811336E-001 0.13408718546219E-001 0.12421120306200E-001 0.23333723569542E-006 0.60354007823738E-003 0.24312441996616E-004 0.38763801861821E-003 0.46170518578813E-005 0.76648355873771E-003 0.22552090172375E-015 0.75222003687450E-007 0.72696096350529E+000 -.88861506947045E-020 0.79946878993136E+003 0.35000000000000E-001 -.23027591217083E+003 0.49925931535341E-001 0.79946878993136E+003 0.10132500000000E+006 0.41749239142919E-003 0.27388493336416E+002 0.10000000000000E+001 0.00000000000000E+000 0.10000000000000E+001 0.00000000000000E+000 0.11088639555767E+003
  56 0.19910271317644E-001 0.43311439645827E-003 0.91678928772174E-006 0.15818833051036E-005 0.17512703077962E+000 0.12154437842339E-004 0.38185193887471E-001 0.15196045623454E-003 0.20887138190677E-007 0.17782003806984E-008 0.73098136920121E-004 0.30592759045913E-001 0.13780249221758E-001 0.12832070779983E-001 0.26858970445739E-006 0.61820785281057E-003 0.23491694936376E-004 0.40016677632959E-003 0.50443947297181E-005 0.78928748769465E-003 0.26364594436614E-015 0.77318554518644E-007 0.72697330340510E+000 -.92766989858190E-020 0.81246010668816E+003 0.35000000000000E-001 -.22867438633727E+003 0.49925931535341E-001 0.81246010668816E+003 0.10132500000000E+006 0.41070105213086E-003 0.27380786799386E+002 0.10000000000000E+001 0.00000000000000E+000 0.10000000000000E+001 0.00000000000000E+000 0.12070253567379E+003
  57 0.20278258193082E-001 0.43972386815672E-003 0.10209555414372E-005 0.17960743362441E-005 0.17380029622029E+000 0.13099228780257E-004 0.39034877592472E-001 0.15276426074101E-003 0.24308588996352E-007 0.20676894475368E-008 0.79072486059913E-004 0.30203201774953E-001 0.14153863364712E-001 0.13247283989963E-001 0.30852412064568E-006 0.63268546036658E-003 0.22634348779117E-004 0.41278501292392E-003 0.55003476983321E-005 0.81178130758256E-003 0.30857281172632E-015 0.79428689648803E-007 0.72698719937756E+000 -.96267808728724E-020 0.82544074156578E+003 0.35000000000000E-001 -.22705883916589E+003 0.49925931535341E-001 0.82544074156578E+003 0.10132500000000E+006 0.40412927191507E-003 0.27373118141482E+002 0.10000000000000E+001 0.00000000000000E+000 0.10000000000000E+001 0.00000000000000E+000 0.13119212152924E+003
  58 0.20642675086045E-001 0.44631041636294E-003 0.11331685619845E-005 0.20332881140276E-005 0.17246705607432E+000 0.14106379551124E-004 0.39884631403599E-001 0.15348531318127E-003 0.28244390820717E-007 0.23997328070941E-008 0.85426505606974E-004 0.29812395088348E-001 0.14529511804165E-001 0.13666722364164E-001 0.35368547354804E-006 0.64696032148562E-003 0.21753029699972E-004 0.42548853101627E-003 0.59862278686458E-005 0.83391107318567E-003 0.36153475988284E-015 0.81552321446443E-007 0.72700262312885E+000 -.99849189683389E-020 0.83840954737848E+003 0.35000000000000E-001 -.22542999968515E+003 0.49925931535341E-001 0.83840954737848E+003 0.10132500000000E+006 0.39776714765131E-003 0.27365487481063E+002 0.10000000000000E+001 0.00000000000000E+000 0.10000000000000E+001 0.00000000000000E+000 0.14240281241692E+003
  59 0.21003640862764E-001 0.45287352646165E-003 0.12538074480929E-005 0.22952028801619E-005 0.17112752660990E+000 0.15181356992939E-004 0.40734382211262E-001 0.15413739549899E-003 0.32769837622240E-007 0.27803509266105E-008 0.92177909169050E-004 0.29420354254639E-001 0.14907132767225E-001 0.14090337315293E-001 0.40467084957396E-006 0.66102052885832E-003 0.20859816684564E-004 0.43827269023863E-003 0.65033027720807E-005 0.85562051665443E-003 0.42398629677716E-015 0.83689304259802E-007 0.72701954687768E+000 -.10350885396092E-019 0.85136495771913E+003 0.35000000000000E-001 -.22378874663729E+003 0.49925931535341E-001 0.85136495771913E+003 0.10132500000000E+006 0.39160555791615E-003 0.27357895117449E+002 0.10000000000000E+001 0.00000000000000E+000 0.10000000000000E+001 0.00000000000000E+000 0.15438523357231E+003
  60 0.21361257382600E-001 0.45941242340249E-003 0.13832707171713E-005 0.25835455862919E-005 0.16978196100952E+000 0.16330166177710E-004 0.41584030123906E-001 0.15473378613985E-003 0.37971130928818E-007 0.32164094555014E-008 0.99344297317273E-004 0.29027110078564E-001 0.15286652179493E-001 0.14518069378527E-001 0.46213204437449E-006 0.67485509394843E-003 0.19965958235342E-004 0.45113241257657E-003 0.70527536875308E-005 0.87685125323081E-003 0.49764133727493E-015 0.85839436661858E-007 0.72703794310995E+000 -.10670672887111E-019 0.86430500964529E+003 0.35000000000000E-001 -.22213611330285E+003 0.49925931535341E-001 0.86430500964529E+003 0.10132500000000E+006 0.38563608094730E-003 0.27350341515428E+002 0.10000000000000E+001 0.00000000000000E+000 0.10000000000000E+001 0.00000000000000E+000 0.16719254978475E+003
  61 0.21715617029652E-001 0.46592619264199E-003 0.15219805928655E-005 0.29000965777433E-005 0.16843062596498E+000 0.17559374585596E-004 0.42433464035031E-001 0.15528707235434E-003 0.43946864077535E-007 0.37157316329786E-008 0.10694309018619E-003 0.28632701753092E-001 0.15667990312913E-001 0.14949855577025E-001 0.52677889384544E-006 0.68845436983645E-003 0.19081622132809E-004 0.46406240340654E-003 0.76356453755759E-005 0.89754336707162E-003 0.58451900440977E-015 0.88002499710713E-007 0.72705778469821E+000 -.11002024272124E-019 0.87722758007454E+003 0.35000000000000E-001 -.22047326408083E+003 0.49925931535341E-001 0.87722758007454E+003 0.10132500000000E+006 0.37985082776989E-003 0.27342827166930E+002 0.10000000000000E+001 0.00000000000000E+000 0.10000000000000E+001 0.00000000000000E+000 0.18088019400205E+003
  62 0.22066814052500E-001 0.47241397704390E-003 0.16703897769277E-005 0.32467022107181E-005 0.16707376102924E+000 0.18876156282176E-004 0.43282587483765E-001 0.15580898375252E-003 0.50809789899463E-007 0.42872326664846E-008 0.11499158758198E-003 0.28237164789809E-001 0.16051073309775E-001 0.15385642569744E-001 0.59938382256255E-006 0.70181055547055E-003 0.18215693734437E-004 0.47705753809956E-003 0.82529043919958E-005 0.91763621948815E-003 0.68699939708763E-015 0.90178323202153E-007 0.72707904545067E+000 -.11335911828139E-019 0.89013077758796E+003 0.35000000000000E-001 -.21880144896006E+003 0.49925931535341E-001 0.89013077758796E+003 0.10132500000000E+006 0.37424223333631E-003 0.27335352366914E+002 0.10000000000000E+001 0.00000000000000E+000 0.10000000000000E+001 0.00000000000000E+000 0.19550581467220E+003
  63 0.22414954299127E-001 0.47887515043169E-003 0.18289892324862E-005 0.36252928978500E-005 0.16571154084544E+000 0.20288345668054E-004 0.44131342008894E-001 0.15631024604653E-003 0.58688876394743E-007 0.49410760513504E-008 0.12350707368080E-003 0.27840519902193E-001 0.16435843909759E-001 0.15825399268262E-001 0.68078726375396E-006 0.71491805851893E-003 0.17375645039371E-004 0.49011322006666E-003 0.89053002524127E-005 0.93706911304564E-003 0.80789103296269E-015 0.92366847988923E-007 0.72710170084651E+000 -.11804829570008E-019 0.90301329400209E+003 0.35000000000000E-001 -.21712196089522E+003 0.49925931535341E-001 0.90301329400209E+003 0.10132500000000E+006 0.36880289679842E-003 0.27327917018281E+002 0.10000000000000E+001 0.00000000000000E+000 0.10000000000000E+001 0.00000000000000E+000 0.21112932560256E+003
  64 0.22760159146758E-001 0.48530938708832E-003 0.19983148477806E-005 0.40379016550885E-005 0.16434405771338E+000 0.21804484804277E-004 0.44979717290522E-001 0.15680045707883E-003 0.67731595917148E-007 0.56888469377160E-008 0.13250685220964E-003 0.27442767889742E-001 0.16822266434618E-001 0.16269123213421E-001 0.77190299438173E-006 0.72777356005716E-003 0.16567486804688E-004 0.50322553985348E-003 0.95934212030334E-005 0.95578155743873E-003 0.95051107799182E-015 0.94568156284861E-007 0.72712572860368E+000 -.12203333211787E-019 0.91587455354849E+003 0.35000000000000E-001 -.21543611829665E+003 0.49925931535341E-001 0.91587455354849E+003 0.10132500000000E+006 0.36352552847892E-003 0.27320520557836E+002 0.10000000000000E+001 0.00000000000000E+000 0.10000000000000E+001 0.00000000000000E+000 0.22781287323441E+003
  65 0.23102563841927E-001 0.49171662705378E-003 0.21789519857880E-005 0.44866801152149E-005 0.16297132570966E+000 0.23433857274284E-004 0.45827747738806E-001 0.15728798936080E-003 0.78106402682981E-007 0.65437385966097E-008 0.14200816310221E-003 0.27043890822125E-001 0.17210325661677E-001 0.16716840084415E-001 0.87372263943261E-006 0.74037580809079E-003 0.15795796395430E-004 0.51639122055181E-003 0.10317641370820E-004 0.97371318194549E-003 0.11187797585975E-014 0.96782467632087E-007 0.72715110891082E+000 -.12573993163380E-019 0.92871465601408E+003 0.35000000000000E-001 -.21374527473700E+003 0.49925931535341E-001 0.92871465601408E+003 0.10132500000000E+006 0.35840298556285E-003 0.27313162002081E+002 0.10000000000000E+001 0.00000000000000E+000 0.10000000000000E+001 0.00000000000000E+000 0.24562063626786E+003
  66 0.23442313372129E-001 0.49809699276973E-003 0.23715384213834E-005 0.49739124285763E-005 0.16159329551997E+000 0.25186513487065E-004 0.46675502583377E-001 0.15777992183769E-003 0.90005407561860E-007 0.75207526522339E-008 0.15202801115723E-003 0.26643856335269E-001 0.17600022630996E-001 0.17168599657727E-001 0.98731923821670E-006 0.75272527893074E-003 0.15063801622985E-004 0.52960745160091E-003 0.11078082305684E-004 0.99080351367049E-003 0.13173315052988E-014 0.99010117615373E-007 0.72717782439891E+000 -.12874649022296E-019 0.94153422217501E+003 0.35000000000000E-001 -.21205084271080E+003 0.49925931535341E-001 0.94153422217501E+003 0.10132500000000E+006 0.35342833857374E-003 0.27305840048049E+002 0.10000000000000E+001 0.00000000000000E+000 0.10000000000000E+001 0.00000000000000E+000 0.26461850759415E+003
  67 0.23779558483540E-001 0.50445070547176E-003 0.25767665858547E-005 0.55020288198618E-005 0.16020986996812E+000 0.27073295435065E-004 0.47523075765822E-001 0.15828199998399E-003 0.10364729017500E-006 0.86369163258465E-008 0.16258295593110E-003 0.26242622122305E-001 0.17991370210909E-001 0.17624471402174E-001 0.11138500752033E-005 0.76482381997109E-003 0.14373501142735E-004 0.54287170612015E-003 0.11874573478014E-004 0.10069917931670E-002 0.15516463729796E-014 0.10125153530189E-006 0.72720585999874E+000 -.13188266865622E-019 0.95433423756907E+003 0.35000000000000E-001 -.21035431902724E+003 0.49925931535341E-001 0.95433423756907E+003 0.10132500000000E+006 0.34859492686797E-003 0.27298553173345E+002 0.10000000000000E+001 0.00000000000000E+000 0.10000000000000E+001 0.00000000000000E+000 0.28487374244360E+003
  68 0.24114452612106E-001 0.51077801632269E-003 0.27953855619272E-005 0.60736197024577E-005 0.15882091693401E+000 0.29105864598189E-004 0.48370577644484E-001 0.15879862056056E-003 0.11928047595804E-006 0.99115188838371E-008 0.17368888422018E-003 0.25840139666838E-001 0.18384389358242E-001 0.18084540801727E-001 0.12545588254108E-005 0.77667431297594E-003 0.13725807446600E-004 0.55618157281766E-003 0.12706614217833E-004 0.10222168794470E-002 0.18282058759210E-014 0.10350722474113E-006 0.72723520275878E+000 -.13521494544275E-019 0.96711592499449E+003 0.35000000000000E-001 -.20865730763363E+003 0.49925931535341E-001 0.96711592499449E+003 0.10132500000000E+006 0.34389639372999E-003 0.27291299718355E+002 0.10000000000000E+001 0.00000000000000E+000 0.10000000000000E+001 0.00000000000000E+000 0.30645460705717E+003
  69 0.24447149559575E-001 0.51707914981776E-003 0.30282028731147E-005 0.66914503719057E-005 0.15742628002844E+000 0.31296733108098E-004 0.49218128229426E-001 0.15933283675654E-003 0.13718658532143E-006 0.11366367796211E-007 0.18536076511236E-003 0.25436357334003E-001 0.18779105971681E-001 0.18548906315020E-001 0.14107768698180E-005 0.78828036018070E-003 0.13120702013492E-004 0.56953459813777E-003 0.13573337987924E-004 0.10364172403188E-002 0.21546777805555E-014 0.10577774997022E-006 0.72726584163718E+000 -.13826391285146E-019 0.97988064129878E+003 0.35000000000000E-001 -.20696154021245E+003 0.49925931535341E-001 0.97988064129878E+003 0.10132500000000E+006 0.33932670600715E-003 0.27284077953643E+002 0.10000000000000E+001 0.00000000000000E+000 0.10000000000000E+001 0.00000000000000E+000 0.32943002251637E+003
  70 0.24777801784985E-001 0.52335425754553E-003 0.32760861110492E-005 0.73584763472465E-005 0.15602578730601E+000 0.33659298297012E-004 0.50065851730161E-001 0.15988638021019E-003 0.15768415885398E-006 0.13026064860998E-007 0.19761238813807E-003 0.25031222906528E-001 0.19175548260855E-001 0.19017676904407E-001 0.15839236366759E-005 0.79964599565211E-003 0.12557393635931E-004 0.58292813501154E-003 0.14473479947920E-004 0.10495310244400E-002 0.25401352907917E-014 0.10806372310816E-006 0.72729776727911E+000 -.14216916917427E-019 0.99262979501996E+003 0.35000000000000E-001 -.20526889480002E+003 0.49925931535341E-001 0.99262979501996E+003 0.10132500000000E+006 0.33488016203724E-003 0.27276886134942E+002 0.10000000000000E+001 0.00000000000000E+000 0.10000000000000E+001 0.00000000000000E+000 0.35386919940461E+003
  71 0.25106559261839E-001 0.52960333115660E-003 0.35399641609457E-005 0.80778594138071E-005 0.15461925906138E+000 0.36207880459139E-004 0.50913871457597E-001 0.16045969863923E-003 0.18113265860581E-006 0.14918301956578E-007 0.21045608201332E-003 0.24624684824566E-001 0.19573744664553E-001 0.19490970620090E-001 0.17755058753385E-005 0.81077542850112E-003 0.12034472556022E-004 0.59635919806880E-003 0.15405349035268E-004 0.10614962175764E-002 0.29953171479887E-014 0.11036579617148E-006 0.72733097196760E+000 -.14507098482752E-019 0.10053645845739E+004 0.35000000000000E-001 -.20358186362531E+003 0.49925931535341E-001 0.10053645845739E+004 0.10132500000000E+006 0.33055145635086E-003 0.27269722600462E+002 0.10000000000000E+001 0.00000000000000E+000 0.10000000000000E+001 0.00000000000000E+000 0.37984146816114E+003
  72 0.25433568684151E-001 0.53582638108354E-003 0.38208299975573E-005 0.88529857010122E-005 0.15320650888758E+000 0.38957767861434E-004 0.51762310332850E-001 0.16105199743800E-003 0.20793675355962E-006 0.17074180864703E-007 0.22390244927705E-003 0.24216696838837E-001 0.19973721965573E-001 0.19968911256770E-001 0.19871158920141E-005 0.82167279973735E-003 0.11550053188696E-004 0.60982431380627E-003 0.16366804941825E-004 0.10722508460131E-002 0.35329367093473E-014 0.11268465213295E-006 0.72736544867787E+000 -.14806816603412E-019 0.10180867719554E+004 0.35000000000000E-001 -.20190347720798E+003 0.49925931535341E-001 0.10180867719554E+004 0.10132500000000E+006 0.32633539783718E-003 0.27262585584424E+002 0.10000000000000E+001 0.00000000000000E+000 0.10000000000000E+001 0.00000000000000E+000 0.40741479719112E+003
  73 0.25758972717551E-001 0.54202306421699E-003 0.41197394136413E-005 0.96874809287218E-005 0.15178735678856E+000 0.41925253722454E-004 0.52611281000696E-001 0.16166130654419E-003 0.23855079722183E-006 0.19528539791001E-007 0.23795999807388E-003 0.23807214902721E-001 0.20375503491094E-001 0.20451629677031E-001 0.22204275051956E-005 0.83234197854478E-003 0.11101909216128E-004 0.62331935690773E-003 0.17355240403586E-004 0.10817332872173E-002 0.41680473388063E-014 0.11502100104872E-006 0.72740119199686E+000 -.15058180635020E-019 0.10307972896267E+004 0.35000000000000E-001 -.20023600203181E+003 0.49925931535341E-001 0.10307972896267E+004 0.10132500000000E+006 0.32222735208917E-003 0.27255473616747E+002 0.10000000000000E+001 0.00000000000000E+000 0.10000000000000E+001 0.00000000000000E+000 0.43665705492330E+003
  74 0.26082909076560E-001 0.54819289833966E-003 0.44378131635970E-005 0.10585228769724E-004 0.15036162998027E+000 0.45127681389678E-004 0.53460886807979E-001 0.16228453770390E-003 0.27348350954128E-006 0.22320301265531E-007 0.25263482208499E-003 0.23396202517371E-001 0.20779106994510E-001 0.20939259914996E-001 0.24771908711273E-005 0.84278635449461E-003 0.10687586077204E-004 0.63683936501628E-003 0.18367569812891E-004 0.10898825943029E-002 0.49184759986561E-014 0.11737556984702E-006 0.72743819696346E+000 -.15318818813474E-019 0.10434971581236E+004 0.35000000000000E-001 -.19858107411470E+003 0.49925931535341E-001 0.10434971581236E+004 0.10132500000000E+006 0.31822290671793E-003 0.27248385299226E+002 0.10000000000000E+001 0.00000000000000E+000 0.10000000000000E+001 0.00000000000000E+000 0.46763445126006E+003
  75 0.26405509180276E-001 0.55433515823137E-003 0.47762358853239E-005 0.11550385773661E-004 0.14892917298803E+000 0.48583476485949E-004 0.54311215490207E-001 0.16291755605098E-003 0.31330267165343E-006 0.25492816908956E-007 0.26793018431044E-003 0.22983632492498E-001 0.21184541843944E-001 0.21431936948089E-001 0.27592243991542E-005 0.85300864579575E-003 0.10304499223604E-004 0.65037831430613E-003 0.19400222953837E-004 0.10966389071753E-002 0.58053339140875E-014 0.11974909062942E-006 0.72747645888206E+000 -.15587618315112E-019 0.10561871716770E+004 0.35000000000000E-001 -.19694043527083E+003 0.49925931535341E-001 0.10561871716770E+004 0.10132500000000E+006 0.31431795310779E-003 0.27241319420923E+002 0.10000000000000E+001 0.00000000000000E+000 0.10000000000000E+001 0.00000000000000E+000 0.50041114137538E+003
  76 0.26726896006394E-001 0.56044881856258E-003 0.51362535995427E-005 0.12587392779923E-004 0.14748986017359E+000 0.52312164256476E-004 0.55162331880926E-001 0.16355525411537E-003 0.35863966533097E-006 0.29094199565739E-007 0.28384603435280E-003 0.22569490656972E-001 0.21591805099153E-001 0.21929792567500E-001 0.30684032476357E-005 0.86301070439679E-003 0.99500156479384E-005 0.66392884513798E-003 0.20449143512515E-004 0.11019439394731E-002 0.68536156823363E-014 0.12214228196704E-006 0.72751597277662E+000 -.15847896479229E-019 0.10688677942130E+004 0.35000000000000E-001 -.19531594914183E+003 0.49925931535341E-001 0.10688677942130E+004 0.10132500000000E+006 0.31050869395933E-003 0.27234275025737E+002 0.10000000000000E+001 0.00000000000000E+000 0.10000000000000E+001 0.00000000000000E+000 0.53504845337698E+003
  77 0.27047181068017E-001 0.56653248078345E-003 0.55191686452054E-005 0.13700980364516E-004 0.14604361268787E+000 0.56334361720580E-004 0.56014268158669E-001 0.16419162966944E-003 0.41019357261853E-006 0.33177620633503E-007 0.30037843752744E-003 0.22153780834201E-001 0.22000876311107E-001 0.22432949572196E-001 0.34066434467553E-005 0.87279332004433E-003 0.96215193906483E-005 0.67748193444456E-003 0.21509792629812E-004 0.11057415759965E-002 0.80928972793107E-014 0.12455582244528E-006 0.72755673266427E+000 -.16122440423700E-019 0.10815390202787E+004 0.35000000000000E-001 -.19370962034355E+003 0.49925931535341E-001 0.10815390202787E+004 0.10132500000000E+006 0.30679165873045E-003 0.27227251499463E+002 0.10000000000000E+001 0.00000000000000E+000 0.10000000000000E+001 0.00000000000000E+000 0.57160390522946E+003
  78 0.27366461401995E-001 0.57258430176228E-003 0.59263324411298E-005 0.14896169316698E-004 0.14459041595589E+000 0.60671746506421E-004 0.56867013983102E-001 0.16481986991129E-003 0.46873463634712E-006 0.37801557857371E-007 0.31751895711102E-003 0.21736529947223E-001 0.22411712156984E-001 0.22941515575246E-001 0.37758816879601E-005 0.88235605284343E-003 0.93164614855227E-005 0.69102655569740E-003 0.22577161332050E-004 0.11079786216663E-002 0.95581467135503E-014 0.12699032270596E-006 0.72759873074327E+000 -.16377699104886E-019 0.10942002362833E+004 0.35000000000000E-001 -.19212361150552E+003 0.49925931535341E-001 0.10942002362833E+004 0.10132500000000E+006 0.30316371564266E-003 0.27220248656506E+002 0.10000000000000E+001 0.00000000000000E+000 0.10000000000000E+001 0.00000000000000E+000 0.61013007733998E+003
  79 0.27684818139224E-001 0.57860195479433E-003 0.63591378961047E-005 0.16178271492954E-004 0.14313033038276E+000 0.65347020313422E-004 0.57720510797472E-001 0.16543244635703E-003 0.53510709695067E-006 0.43029995911796E-007 0.33525408806056E-003 0.21317791144734E-001 0.22824242989442E-001 0.23455578974943E-001 0.41780523765307E-005 0.89169713967195E-003 0.90323951738020E-005 0.70454939927443E-003 0.23645798387837E-004 0.11086057071672E-002 0.11290668602576E-013 0.12944630815145E-006 0.72764195671627E+000 -.16667155299103E-019 0.11068501454646E+004 0.35000000000000E-001 -.19056024981965E+003 0.49925931535341E-001 0.11068501454646E+004 0.10132500000000E+006 0.29962206317688E-003 0.27213266791317E+002 0.10000000000000E+001 0.00000000000000E+000 0.10000000000000E+001 0.00000000000000E+000 0.65067354281858E+003
  80 0.28002317239886E-001 0.58458263427432E-003 0.68190129366685E-005 0.17552895688409E-004 0.14166349212042E+000 0.70383883276121E-004 0.58574652032928E-001 0.16602122226854E-003 0.61023147486116E-006 0.48932585993712E-007 0.35356481096372E-003 0.20897644046199E-001 0.23238372198196E-001 0.23975208291937E-001 0.46150636532164E-005 0.90081348407520E-003 0.87669988047891E-005 0.71803468570119E-003 0.24709856574653E-004 0.11075782905398E-002 0.13339209383002E-013 0.13192421785058E-006 0.72768639738327E+000 -.16953760755517E-019 0.11194867814703E+004 0.35000000000000E-001 -.18902202030240E+003 0.49925931535341E-001 0.11194867814703E+004 0.10132500000000E+006 0.29616419750784E-003 0.27206306681204E+002 0.10000000000000E+001 0.00000000000000E+000 0.10000000000000E+001 0.00000000000000E+000 0.69327401135708E+003
  81 0.28319010790157E-001 0.59052307353267E-003 0.73074137943771E-005 0.19025954856928E-004 0.14019011083606E+000 0.75807005695249E-004 0.59429285047954E-001 0.16657756903075E-003 0.69510597619795E-006 0.55584739510393E-007 0.37242621200180E-003 0.20476194104231E-001 0.23653976423050E-001 0.24500452526881E-001 0.50887716315081E-005 0.90970067505238E-003 0.85180903948576E-005 0.73146401041532E-003 0.25763151872035E-004 0.11048576808862E-002 0.15761243708604E-013 0.13442440825974E-006 0.72773203633752E+000 -.17286490332599E-019 0.11321075478958E+004 0.35000000000000E-001 -.18751155407592E+003 0.49925931535341E-001 0.11321075478958E+004 0.10132500000000E+006 0.29278787625581E-003 0.27199369575389E+002 0.10000000000000E+001 0.00000000000000E+000 0.10000000000000E+001 0.00000000000000E+000 0.73796356751594E+003
  82 0.28634936982924E-001 0.59641954072709E-003 0.78258152394536E-005 0.20603666220719E-004 0.13871047317230E+000 0.81641965431327E-004 0.60284209753069E-001 0.16709248729515E-003 0.79080631199786E-006 0.63067600820672E-007 0.39180707208217E-003 0.20053573564692E-001 0.24070904173036E-001 0.25031339449908E-001 0.56009504653577E-005 0.91835298038225E-003 0.82836369959403E-005 0.74481614666236E-003 0.26799228345675E-004 0.11004120737331E-002 0.18624452750067E-013 0.13694714702884E-006 0.72777885350233E+000 -.17544247520065E-019 0.11447092089532E+004 0.35000000000000E-001 -.18603162067833E+003 0.49925931535341E-001 0.11447092089532E+004 0.10132500000000E+006 0.28949109865793E-003 0.27192457211154E+002 0.10000000000000E+001 0.00000000000000E+000 0.10000000000000E+001 0.00000000000000E+000 0.78476575859638E+003
  83 0.28950120373905E-001 0.60226784336162E-003 0.83756996858529E-005 0.22292549746729E-004 0.13722494464661E+000 0.87915170092431E-004 0.61139178185689E-001 0.16755673526538E-003 0.89848391271166E-006 0.71467898647895E-007 0.41166952429869E-003 0.19629941932160E-001 0.24488974913496E-001 0.25567874347821E-001 0.61532603473947E-005 0.92676336187124E-003 0.80617588725133E-005 0.75806688205255E-003 0.27811432951797E-004 0.10942175901592E-002 0.22008423961434E-013 0.13949260897328E-006 0.72782682472108E+000 -.17801656885628E-019 0.11572878944561E+004 0.35000000000000E-001 -.18458511633949E+003 0.49925931535341E-001 0.11572878944561E+004 0.10132500000000E+006 0.28627208386429E-003 0.27185571821751E+002 0.10000000000000E+001 0.00000000000000E+000 0.10000000000000E+001 0.00000000000000E+000 0.83369473007292E+003
  84 0.29264577274304E-001 0.60806343094570E-003 0.89585545883864E-005 0.24099454141618E-004 0.13573394678405E+000 0.94653872508851E-004 0.61993908296699E-001 0.16796096856387E-003 0.10193642663710E-005 0.80877811380603E-007 0.43196911623193E-003 0.19205479334336E-001 0.24907985147994E-001 0.26110047707519E-001 0.67472236071216E-005 0.93492363520690E-003 0.78507267315822E-005 0.77118909953465E-003 0.28793013722757E-004 0.10862591480947E-002 0.26006664448063E-013 0.14206091429925E-006 0.72787592218250E+000 -.18116419348854E-019 0.11698393133517E+004 0.35000000000000E-001 -.18317502673397E+003 0.49925931535341E-001 0.11698393133517E+004 0.10132500000000E+006 0.28312919964397E-003 0.27178716029761E+002 0.10000000000000E+001 0.00000000000000E+000 0.10000000000000E+001 0.00000000000000E+000 0.88475523621328E+003
  85 0.29578328095310E-001 0.61380162387825E-003 0.95758859894481E-005 0.26031636786261E-004 0.13423789983773E+000 0.10188638101744E-003 0.62848117057966E-001 0.16829588355699E-003 0.11547476647632E-005 0.91395021978026E-007 0.45265546060167E-003 0.18780370131733E-001 0.25327724129286E-001 0.26657855812989E-001 0.73842184219117E-005 0.94282479104976E-003 0.76489528884324E-005 0.78415317043155E-003 0.29737240582615E-004 0.10765308720354E-002 0.30729069941254E-013 0.14465222745580E-006 0.72792611611811E+000 -.18383319541028E-019 0.11823592476601E+004 0.35000000000000E-001 -.18180436066876E+003 0.49925931535341E-001 0.11823592476601E+004 0.10132500000000E+006 0.28006083152892E-003 0.27171892588089E+002 0.10000000000000E+001 0.00000000000000E+000 0.10000000000000E+001 0.00000000000000E+000 0.93794410419280E+003
  86 0.29891410066406E-001 0.61947784014931E-003 0.10229240608655E-004 0.28096877164488E-004 0.13273716166449E+000 0.10964239123464E-003 0.63701554987808E-001 0.16855234172946E-003 0.13060118311187E-005 0.10312291730236E-006 0.47367307807027E-003 0.18354785587842E-001 0.25747990495491E-001 0.27211323616904E-001 0.80654836105442E-005 0.95045727553177E-003 0.74549818193000E-005 0.79692736276708E-003 0.30637519050296E-004 0.10650359959132E-002 0.36304936552979E-013 0.14726686591563E-006 0.72797737685817E+000 -.18612365219095E-019 0.11948440611973E+004 0.35000000000000E-001 -.18047608972316E+003 0.49925931535341E-001 0.11948440611973E+004 0.10132500000000E+006 0.27706526443921E-003 0.27165104115151E+002 0.10000000000000E+001 0.00000000000000E+000 0.10000000000000E+001 0.00000000000000E+000 0.99325231654882E+003
  87 0.30203879030930E-001 0.62508761312406E-003 0.10920212497631E-004 0.30303549548895E-004 0.13123201765214E+000 0.11795315882999E-003 0.64554010986453E-001 0.16872146051008E-003 0.14746111602340E-005 0.11617052064828E-006 0.49496161721481E-003 0.17928881184861E-001 0.26168594415320E-001 0.27770509597491E-001 0.87921092435385E-005 0.95781095598165E-003 0.72674865672134E-005 0.80947779002251E-003 0.31487459285155E-004 0.10517867426877E-002 0.42886433233853E-013 0.14990532334002E-006 0.72802967532117E+000 -.18830356944021E-019 0.12072907689285E+004 0.35000000000000E-001 -.17919314259069E+003 0.49925931535341E-001 0.12072907689285E+004 0.10132500000000E+006 0.27414068105029E-003 0.27158353070825E+002 0.10000000000000E+001 0.00000000000000E+000 0.10000000000000E+001 0.00000000000000E+000 0.10506656007362E+004
  88 0.30515794608056E-001 0.63062631015707E-003 0.11650411821540E-004 0.32660579646507E-004 0.12972275146655E+000 0.12685122175167E-003 0.65405271536172E-001 0.16879468582586E-003 0.16620652631616E-005 0.13065159495860E-006 0.51645494597570E-003 0.17502816796609E-001 0.26589337107628E-001 0.28335480521706E-001 0.95649877174521E-005 0.96487470139154E-003 0.70852730087780E-005 0.82176770968819E-003 0.32280893887349E-004 0.10368049110316E-002 0.50652296492988E-013 0.15256815111395E-006 0.72808298065437E+000 -.19041038434512E-019 0.12196964406161E+004 0.35000000000000E-001 -.17795846754823E+003 0.49925931535341E-001 0.12196964406161E+004 0.10132500000000E+006 0.27128531223123E-003 0.27151642091836E+002 0.10000000000000E+001 0.00000000000000E+000 0.10000000000000E+001 0.00000000000000E+000 0.11101618463857E+004
  89 0.30827195473290E-001 0.63608869495458E-003 0.12421397135221E-004 0.35177280798560E-004 0.12820976607107E+000 0.13636964670413E-003 0.66255052719657E-001 0.16876388359788E-003 0.18699336080497E-005 0.14668267756320E-006 0.53807952065292E-003 0.17076790724362E-001 0.27009976635613E-001 0.28906266036960E-001 0.10384725426351E-004 0.97163582819250E-003 0.69072874619650E-005 0.83375653546465E-003 0.33011882283644E-004 0.10201234408595E-002 0.59811541480673E-013 0.15525574594514E-006 0.72813725581671E+000 -.19195242544262E-019 0.12320572157702E+004 0.35000000000000E-001 -.17677511933445E+003 0.49925931535341E-001 0.12320572157702E+004 0.10132500000000E+006 0.26849765635546E-003 0.27144974530287E+002 0.10000000000000E+001 0.00000000000000E+000 0.10000000000000E+001 0.00000000000000E+000 0.11717058780833E+004
  90 0.31138081095541E-001 0.64146863766164E-003 0.13234603576417E-004 0.37863166592718E-004 0.12669367582273E+000 0.14654116504683E-003 0.67102950137671E-001 0.16862147333930E-003 0.20997820118671E-005 0.16438049897675E-006 0.55975324030617E-003 0.16651065028362E-001 0.27430202325799E-001 0.29482822089920E-001 0.11251550497587E-004 0.97807982512104E-003 0.67326193495646E-005 0.84539928973315E-003 0.33674755950545E-004 0.10017882864686E-002 0.70607287738264E-013 0.15796818014359E-006 0.72819245385111E+000 -.19360375636740E-019 0.12443675887360E+004 0.35000000000000E-001 -.17564629707077E+003 0.49925931535341E-001 0.12443675887360E+004 0.10132500000000E+006 0.26577661333016E-003 0.27138354835452E+002 0.10000000000000E+001 0.00000000000000E+000 0.10000000000000E+001 0.00000000000000E+000 0.12352445336603E+004
  91 0.31448414875503E-001 0.64675922460305E-003 0.14091313433242E-004 0.40727891931984E-004 0.12517529468058E+000 0.15739778214510E-003 0.67948447969080E-001 0.16836058187617E-003 0.23531544175978E-005 0.18385982131320E-006 0.58138597403449E-003 0.16225961220707E-001 0.27849638536557E-001 0.30065032382369E-001 0.12165269051828E-004 0.98419062312574E-003 0.65604923998863E-005 0.85664705745725E-003 0.34264228686645E-004 0.98185926489911E-003 0.83321248792653E-013 0.16070521108477E-006 0.72824851778753E+000 -.19556622422219E-019 0.12566205570483E+004 0.35000000000000E-001 -.17457528579166E+003 0.49925931535341E-001 0.12566205570483E+004 0.10132500000000E+006 0.26312141717013E-003 0.27131788461687E+002 0.10000000000000E+001 0.00000000000000E+000 0.10000000000000E+001 0.00000000000000E+000 0.13007056308943E+004
  92 0.31758150486559E-001 0.65195326326896E-003 0.14992695591356E-004 0.43781422196349E-004 0.12365550885598E+000 0.16897124773188E-003 0.68790991909764E-001 0.16797515794672E-003 0.26315622208183E-005 0.20523262912447E-006 0.60288195133464E-003 0.15801823607689E-001 0.28267880423828E-001 0.30652754553523E-001 0.13125300460077E-004 0.98995129901599E-003 0.63902446017377E-005 0.86744835990047E-003 0.34775540694940E-004 0.96040889104117E-003 0.98279689057497E-013 0.16346650009019E-006 0.72830538501398E+000 -.19742551792625E-019 0.12688086899041E+004 0.35000000000000E-001 -.17356532127493E+003 0.49925931535341E-001 0.12688086899041E+004 0.10132500000000E+006 0.26053138203942E-003 0.27125281281310E+002 0.10000000000000E+001 0.00000000000000E+000 0.10000000000000E+001 0.00000000000000E+000 0.13680022664950E+004
  93 0.32067267255126E-001 0.65704390012293E-003 0.15939895430556E-004 0.47034387753265E-004 0.12213510191878E+000 0.18129422562933E-003 0.69630086515493E-001 0.16745999895240E-003 0.29364916186485E-005 0.22860869247642E-006 0.62414292004030E-003 0.15378969962945E-001 0.28684542157234E-001 0.31245887229876E-001 0.14130770881713E-004 0.99534478228603E-003 0.62213044661066E-005 0.87775072287928E-003 0.35204571412322E-004 0.93751948553902E-003 0.11586139608406E-012 0.16625192808622E-006 0.72836299389793E+000 -.19901719189740E-019 0.12809255356264E+004 0.35000000000000E-001 -.17261945458963E+003 0.49925931535341E-001 0.12809255356264E+004 0.10132500000000E+006 0.25800560673174E-003 0.27118838824937E+002 0.10000000000000E+001 0.00000000000000E+000 0.10000000000000E+001 0.00000000000000E+000 0.14370402423773E+004
  94 0.32375794757337E-001 0.66202500117042E-003 0.16934122606888E-004 0.50498459781465E-004 0.12061463074835E+000 0.19440152872523E-003 0.70465362080609E-001 0.16681069564996E-003 0.32694157555362E-005 0.25409647612845E-006 0.64507049438905E-003 0.14957657260849E-001 0.29099290100589E-001 0.31844420558972E-001 0.15180605315627E-004 0.10003541457965E-002 0.60531732734456E-005 0.88750162205043E-003 0.35547875135661E-004 0.91327999881390E-003 0.13650756762042E-012 0.16906183300340E-006 0.72842128895372E+000 -.20093000747313E-019 0.12929665744788E+004 0.35000000000000E-001 -.17174049046095E+003 0.49925931535341E-001 0.12929665744788E+004 0.10132500000000E+006 0.25554280432262E-003 0.27112465778272E+002 0.10000000000000E+001 0.00000000000000E+000 0.10000000000000E+001 0.00000000000000E+000 0.15077242540114E+004
  95 0.32683816030318E-001 0.66689113944169E-003 0.17976690667996E-004 0.54186589074008E-004 0.11909440686318E+000 0.20833080344597E-003 0.71296582073564E-001 0.16602354879266E-003 0.36317949577277E-005 0.28180311573717E-006 0.66556684454053E-003 0.14538077344099E-001 0.29511846261615E-001 0.32448447636178E-001 0.16273565982209E-004 0.10049623799759E-002 0.58854181732774E-005 0.89664851086365E-003 0.35802646419232E-004 0.88778399252995E-003 0.16073303021318E-012 0.17189706392441E-006 0.72848022219616E+000 -.20280699265156E-019 0.13049293068640E+004 0.35000000000000E-001 -.17093101665559E+003 0.49925931535341E-001 0.13049293068640E+004 0.10132500000000E+006 0.25314132283583E-003 0.27106165948919E+002 0.10000000000000E+001 0.00000000000000E+000 0.10000000000000E+001 0.00000000000000E+000 0.15799596803261E+004
  96 0.32991453810244E-001 0.67163730110565E-003 0.19069001104643E-004 0.58113068958074E-004 0.11757456319061E+000 0.22312250884550E-003 0.72123603768162E-001 0.16509551116286E-003 0.40250576033011E-005 0.31183290223493E-006 0.68553408171001E-003 0.14120376372674E-001 0.29921968165790E-001 0.33058142404161E-001 0.17408228997078E-004 0.10091518763916E-002 0.57176737048621E-005 0.90513826906553E-003 0.35966659678589E-004 0.86112915951561E-003 0.18913833436269E-012 0.17475887891953E-006 0.72853975110879E+000 -.20487640858723E-019 0.13168126693824E+004 0.35000000000000E-001 -.17019348389556E+003 0.49925931535341E-001 0.13168126693824E+004 0.10132500000000E+006 0.25079929526343E-003 0.27099942590486E+002 0.10000000000000E+001 0.00000000000000E+000 0.10000000000000E+001 0.00000000000000E+000 0.16536500791176E+004
  97 0.33298852660535E-001 0.67625854695593E-003 0.20212500215289E-004 0.62293507464982E-004 0.11605514312122E+000 0.23881951442540E-003 0.72946327748526E-001 0.16402416816172E-003 0.44505671318326E-005 0.34428470800341E-006 0.70487334907562E-003 0.13704680102759E-001 0.30329422954403E-001 0.33673727433476E-001 0.18582931383768E-004 0.10129039313562E-002 0.55496452938844E-005 0.91291664307830E-003 0.36038223623917E-004 0.83341767655683E-003 0.22242290183212E-012 0.17764879649854E-006 0.72859983550116E+000 -.20643677183316E-019 0.13286162979019E+004 0.35000000000000E-001 -.16953028121505E+003 0.49925931535341E-001 0.13286162979019E+004 0.10132500000000E+006 0.24851480310705E-003 0.27093798801086E+002 0.10000000000000E+001 0.00000000000000E+000 0.10000000000000E+001 0.00000000000000E+000 0.17286929402140E+004
  98 0.33606167900855E-001 0.68074980528574E-003 0.21408645769712E-004 0.66744835426695E-004 0.11453615727215E+000 0.25546679853809E-003 0.73764666089879E-001 0.16280773158667E-003 0.49095871960167E-005 0.37924927784931E-006 0.72348443077100E-003 0.13291109874872E-001 0.30733970627666E-001 0.34295453211546E-001 0.19795728925280E-004 0.10161984390868E-002 0.53811092937044E-005 0.91992803821140E-003 0.36016162059753E-004 0.80475637531830E-003 0.26140005657155E-012 0.18056850187134E-006 0.72866043541838E+000 -.20815495999463E-019 0.13403400653796E+004 0.35000000000000E-001 -.16894377686462E+003 0.49925931535341E-001 0.13403400653796E+004 0.10132500000000E+006 0.24628597096046E-003 0.27087737769790E+002 0.10000000000000E+001 0.00000000000000E+000 0.10000000000000E+001 0.00000000000000E+000 0.18049763866691E+004
  99 0.33913564405901E-001 0.68510582628633E-003 0.22658903169453E-004 0.71485428771299E-004 0.11301759209450E+000 0.27311153801267E-003 0.74578537144119E-001 0.16144501424077E-003 0.54032537417557E-005 0.41680705397067E-006 0.74126604668488E-003 0.12879785216381E-001 0.31135360387515E-001 0.34923596260903E-001 0.21044384815166E-004 0.10190137501398E-002 0.52119080637767E-005 0.92611566003111E-003 0.35899808420784E-004 0.77525618879658E-003 0.30701501549126E-012 0.18351984218685E-006 0.72872151085820E+000 -.20935816967963E-019 0.13519840043394E+004 0.35000000000000E-001 -.16843632885890E+003 0.49925931535341E-001 0.13519840043394E+004 0.10132500000000E+006 0.24411097995531E-003 0.27081762818626E+002 0.10000000000000E+001 0.00000000000000E+000 0.10000000000000E+001 0.00000000000000E+000 0.18823779132607E+004
 100 0.34221220862828E-001 0.68932121117285E-003 0.23964763495269E-004 0.76535329820388E-004 0.11149939195584E+000 0.29180351904810E-003 0.75387874517762E-001 0.15993537748940E-003 0.59325532206118E-005 0.45702647035043E-006 0.75811645905467E-003 0.12470819293213E-001 0.31533333841192E-001 0.35558468359919E-001 0.22326379085610E-004 0.10213265675313E-002 0.50419424428123E-005 0.93142177625742E-003 0.35688998141945E-004 0.74503108257825E-003 0.36036655477877E-012 0.18650487459471E-006 0.72878302254103E+000 -.21028797587953E-019 0.13635484327897E+004 0.35000000000000E-001 -.16801028711239E+003 0.49925931535341E-001 0.13635484327897E+004 0.10132500000000E+006 0.24198804266083E-003 0.27075877341015E+002 0.10000000000000E+001 0.00000000000000E+000 0.10000000000000E+001 0.00000000000000E+000 0.19607643354094E+004
 101 0.34529332117501E-001 0.69339040197351E-003 0.25327756807960E-004 0.81916475672502E-004 0.10998145128168E+000 0.31159551301142E-003 0.76192630354072E-001 0.15827867661516E-003 0.64982971178084E-005 0.49996196924793E-006 0.77393390021002E-003 0.12064317268654E-001 0.31927625155517E-001 0.36200422192129E-001 0.23638910328946E-004 0.10231117797370E-002 0.48711656253878E-005 0.93578789244921E-003 0.35384056450915E-004 0.71419714766111E-003 0.42273226157566E-012 0.18952589843986E-006 0.72884493228600E+000 -.21111008838488E-019 0.13750339982605E+004 0.35000000000000E-001 -.16766800452122E+003 0.49925931535341E-001 0.13750339982605E+004 0.10132500000000E+006 0.23991539503546E-003 0.27070084786503E+002 0.10000000000000E+001 0.00000000000000E+000 0.10000000000000E+001 0.00000000000000E+000 0.20399911365833E+004
 102 0.34838104881710E-001 0.69730757831552E-003 0.26749435978285E-004 0.87652834318984E-004 0.10846364007171E+000 0.33254324707619E-003 0.76992760840005E-001 0.15647524079527E-003 0.71010814692254E-005 0.54565088636230E-006 0.78861663310273E-003 0.11660383673171E-001 0.32317952278682E-001 0.36849843141763E-001 0.24978866497572E-004 0.10243422343815E-002 0.46995811127007E-005 0.93915482956993E-003 0.34985793417988E-004 0.68287239695137E-003 0.49559659080090E-012 0.19258542325133E-006 0.72890720200487E+000 -.21167330465315E-019 0.13864414688057E+004 0.35000000000000E-001 -.16741185683018E+003 0.49925931535341E-001 0.13864414688057E+004 0.10132500000000E+006 0.23789133359810E-003 0.27064388775399E+002 0.10000000000000E+001 0.00000000000000E+000 0.10000000000000E+001 0.00000000000000E+000 0.21198999059228E+004
 103 0.35147748133039E-001 0.70106650204542E-003 0.28231328817618E-004 0.93770423792472E-004 0.10694585572568E+000 0.35470489385181E-003 0.77788198333119E-001 0.15452590194035E-003 0.77412283859933E-005 0.59410899226865E-006 0.80206289153175E-003 0.11259136522837E-001 0.32704001622066E-001 0.37507129150114E-001 0.26342766820636E-004 0.10249885413151E-002 0.45272440588970E-005 0.94146287249120E-003 0.34495518482734E-004 0.65117718475336E-003 0.58068108474762E-012 0.19568608114337E-006 0.72896979155224E+000 -.21183333701026E-019 0.13977713353745E+004 0.35000000000000E-001 -.16724425718354E+003 0.49925931535341E-001 0.13977713353745E+004 0.10132500000000E+006 0.23591428149471E-003 0.27058793302637E+002 0.10000000000000E+001 0.00000000000000E+000 0.10000000000000E+001 0.00000000000000E+000 0.22003141429056E+004
 104 0.35458464845627E-001 0.70466040911614E-003 0.29774884944095E-004 0.10029730518329E-003 0.10542806787561E+000 0.37814043264446E-003 0.78578828027180E-001 0.15243204283213E-003 0.84187200005314E-005 0.64532549337582E-006 0.81417115685249E-003 0.10860719076880E-001 0.33085415187332E-001 0.38172672211889E-001 0.27726704039569E-004 0.10250189847898E-002 0.43542622478495E-005 0.94265216422871E-003 0.33915071255254E-004 0.61923452968802E-003 0.67997743971668E-012 0.19883054712138E-006 0.72903265679657E+000 -.21155734504751E-019 0.14090234810958E+004 0.35000000000000E-001 -.16716765266148E+003 0.49925931535341E-001 0.14090234810958E+004 0.10132500000000E+006 0.23398283664170E-003 0.27053302897387E+002 0.10000000000000E+001 0.00000000000000E+000 0.10000000000000E+001 0.00000000000000E+000 0.22810352309204E+004
 105 0.35770452439782E-001 0.70808202769877E-003 0.31381457572964E-004 0.10726371730430E-003 0.10391031993685E+000 0.40291149192353E-003 0.79364487810657E-001 0.15019560404182E-003 0.91331437052146E-005 0.69925892649667E-006 0.82484103413595E-003 0.10465299806137E-001 0.33461789157391E-001 0.38846857760921E-001 0.29126323822326E-004 0.10243995246456E-002 0.41807923993315E-005 0.94266333658250E-003 0.33246846908524E-004 0.58716948548993E-003 0.79578613380698E-012 0.20202154400849E-006 0.72909574946055E+000 -.21118393675477E-019 0.14201971814104E+004 0.35000000000000E-001 -.16718450565471E+003 0.49925931535341E-001 0.14201971814104E+004 0.10132500000000E+006 0.23209575967209E-003 0.27047922611545E+002 0.10000000000000E+001 0.00000000000000E+000 0.10000000000000E+001 0.00000000000000E+000 0.23618406629335E+004
 106 0.36083914380117E-001 0.71132371310603E-003 0.33052344496141E-004 0.11470248507589E-003 0.10239267657332E+000 0.42908210877069E-003 0.80144995916845E-001 0.14781900304792E-003 0.98836621602879E-005 0.75583495918979E-006 0.83397453079464E-003 0.10073058332380E-001 0.33832685699851E-001 0.39530088435353E-001 0.30536856211070E-004 0.10230937593488E-002 0.40070303452677E-005 0.94143814786823E-003 0.32493791198504E-004 0.55510727083616E-003 0.93076463286898E-012 0.20526196370875E-006 0.72915901924114E+000 -.21099319107838E-019 0.14312914983210E+004 0.35000000000000E-001 -.16729727911786E+003 0.49925931535341E-001 0.14312914983210E+004 0.10132500000000E+006 0.23025189786858E-003 0.27042657820421E+002 0.10000000000000E+001 0.00000000000000E+000 0.10000000000000E+001 0.00000000000000E+000 0.24424852050617E+004
 107 0.36399077710638E-001 0.71437759927320E-003 0.34788873095892E-004 0.12264968310285E-003 0.10087514427374E+000 0.45672026645504E-003 0.80920191200140E-001 0.14530497759251E-003 0.10669003108966E-004 0.81494570811888E-006 0.84147719768779E-003 0.96841651159221E-002 0.34197649995416E-001 0.40222822133076E-001 0.31953175072998E-004 0.10210627140157E-002 0.38331981194830E-005 0.93891985488098E-003 0.31659359545262E-004 0.52317077888358E-003 0.10879882918054E-011 0.20855505882303E-006 0.72922241709902E+000 -.21086824004169E-019 0.14423058523501E+004 0.35000000000000E-001 -.16750844585566E+003 0.49925931535341E-001 0.14423058523501E+004 0.10132500000000E+006 0.22845008722765E-003 0.27037513957275E+002 0.10000000000000E+001 0.00000000000000E+000 0.10000000000000E+001 0.00000000000000E+000 0.25227034710800E+004
 108 0.36716206790518E-001 0.71723564809283E-003 0.36592479998841E-004 0.13114537115146E-003 0.99357613561917E-001 0.48589949624738E-003 0.81689960711910E-001 0.14265642586068E-003 0.11487445928033E-004 0.87644883001587E-006 0.84725868635456E-003 0.92987677232965E-002 0.34556219964506E-001 0.40925603347238E-001 0.33369836309851E-004 0.10182644324756E-002 0.36595336794395E-005 0.93505325235332E-003 0.30747462932732E-004 0.49147860922275E-003 0.12710240432958E-011 0.21190460643815E-006 0.72928589765582E+000 -.21060531471276E-019 0.14532404135449E+004 0.35000000000000E-001 -.16782052473672E+003 0.49925931535341E-001 0.14532404135449E+004 0.10132500000000E+006 0.22668909242239E-003 0.27032496360283E+002 0.10000000000000E+001 0.00000000000000E+000 0.10000000000000E+001 0.00000000000000E+000 0.26022110983054E+004
 109 0.37035605790595E-001 0.71988954799889E-003 0.38464735181553E-004 0.14023417019798E-003 0.97839858393130E-001 0.51669972087084E-003 0.82454237101188E-001 0.13987632731401E-003 0.12336779501264E-004 0.94016448491883E-006 0.85123274119212E-003 0.89169923999970E-002 0.34907920639679E-001 0.41639070478098E-001 0.34781055947633E-004 0.10146535040417E-002 0.34862875548412E-005 0.92978460540864E-003 0.29762436057957E-004 0.46014444525738E-003 0.14840139221417E-011 0.21531496194457E-006 0.72934941915045E+000 -.21022691552112E-019 0.14640960654506E+004 0.35000000000000E-001 -.16823612523597E+003 0.49925931535341E-001 0.14640960654506E+004 0.10132500000000E+006 0.22496761946215E-003 0.27027610338373E+002 0.10000000000000E+001 0.00000000000000E+000 0.10000000000000E+001 0.00000000000000E+000 0.26807024746465E+004
 110 0.37357609838238E-001 0.72233051339488E-003 0.40407294793847E-004 0.14996556103193E-003 0.96321591276164E-001 0.54920698400759E-003 0.83212967937370E-001 0.13696777836786E-003 0.13214222398023E-004 0.10058695249004E-005 0.85331708150449E-003 0.85389597068338E-002 0.35252244997695E-001 0.42363937368959E-001 0.36180627385131E-004 0.10101807130001E-002 0.33137262955467E-005 0.92306182322417E-003 0.28709048254186E-004 0.42927769753392E-003 0.17317649947579E-011 0.21879099313109E-006 0.72941294097954E+000 -.20993002578113E-019 0.14748739730856E+004 0.35000000000000E-001 -.16875797470215E+003 0.49925931535341E-001 0.14748739730856E+004 0.10132500000000E+006 0.22328438865506E-003 0.27022861420121E+002 0.10000000000000E+001 0.00000000000000E+000 0.10000000000000E+001 0.00000000000000E+000 0.27578451784368E+004
 111 0.37682571833278E-001 0.72454909162282E-003 0.42421812513555E-004 0.16039399073369E-003 0.94802538320962E-001 0.58351243992252E-003 0.83966076152326E-001 0.13393410230526E-003 0.14116319867402E-004 0.10732900322380E-005 0.85343368519648E-003 0.81648044046492E-002 0.35588631065415E-001 0.43100963645721E-001 0.37561814389755E-004 0.10047929083796E-002 0.31421384187831E-005 0.91483506379603E-003 0.27592546226919E-004 0.39898453421555E-003 0.20198454668934E-011 0.22233796237401E-006 0.72947642033332E+000 -.20963697742959E-019 0.14855750270532E+004 0.35000000000000E-001 -.16938891644907E+003 0.49925931535341E-001 0.14855750270532E+004 0.10132500000000E+006 0.22163822003967E-003 0.27018255642278E+002 0.10000000000000E+001 0.00000000000000E+000 0.10000000000000E+001 0.00000000000000E+000 0.28332733027075E+004
 112 0.38010854543885E-001 0.72653506258096E-003 0.44509866441108E-004 0.17157904062435E-003 0.93282487886052E-001 0.61971150412019E-003 0.84713434983393E-001 0.13077894387077E-003 0.15038846647178E-004 0.11420943990624E-005 0.85150964759794E-003 0.77946878368082E-002 0.35916446310022E-001 0.43850935412750E-001 0.38917267837499E-004 0.99843301490101E-003 0.29718373086493E-005 0.90505763721922E-003 0.26418692741875E-004 0.36936824787433E-003 0.23546924893780E-011 0.22596145959451E-006 0.72953980990300E+000 -.20916547656035E-019 0.14961994944917E+004 0.35000000000000E-001 -.17013189085085E+003 0.49925931535341E-001 0.14961994944917E+004 0.10132500000000E+006 0.22002808018340E-003 0.27013799726397E+002 0.10000000000000E+001 0.00000000000000E+000 0.10000000000000E+001 0.00000000000000E+000 0.29065823161275E+004
 113 0.38342834329309E-001 0.72827744077075E-003 0.46672949914756E-004 0.18358593377377E-003 0.91761284677947E-001 0.65790404428026E-003 0.85454870483186E-001 0.12750626909026E-003 0.15976739836637E-004 0.12118887542532E-005 0.84747834073149E-003 0.74287964309072E-002 0.36234984520939E-001 0.44614671605722E-001 0.40238993277016E-004 0.99103997354195E-003 0.28031578236931E-005 0.89368683720287E-003 0.25193765404523E-004 0.34052842628866E-003 0.27437422772861E-011 0.22966746135722E-006 0.72960305785040E+000 -.20928476068181E-019 0.15067470619182E+004 0.35000000000000E-001 -.17098992780117E+003 0.49925931535341E-001 0.15067470619182E+004 0.10132500000000E+006 0.21845306677019E-003 0.27009501079024E+002 0.10000000000000E+001 0.00000000000000E+000 0.10000000000000E+001 0.00000000000000E+000 0.29773268275723E+004
 114 0.38678915914238E-001 0.72976451593944E-003 0.48912534909132E-004 0.19648651327256E-003 0.90238775571375E-001 0.69819590420665E-003 0.86190187012232E-001 0.12412025442010E-003 0.16924064797289E-004 0.12822149298879E-005 0.84128039438324E-003 0.70673288626893E-002 0.36543471697948E-001 0.45393055931200E-001 0.41518358217369E-004 0.98254841958885E-003 0.26364475948207E-005 0.88068437314905E-003 0.23924505132989E-004 0.31255921694122E-003 0.31955940125997E-011 0.23346251980587E-006 0.72966610974136E+000 -.20917477410787E-019 0.15172172061266E+004 0.35000000000000E-001 -.17196617431154E+003 0.49925931535341E-001 0.15172172061266E+004 0.10132500000000E+006 0.21691234654904E-003 0.27005367671072E+002 0.10000000000000E+001 0.00000000000000E+000 0.10000000000000E+001 0.00000000000000E+000 0.30450204936688E+004
 115 0.39019551992675E-001 0.73098384773027E-003 0.51230174957921E-004 0.21036061025125E-003 0.88714739520589E-001 0.74070132974025E-003 0.86919198685572E-001 0.12062511824893E-003 0.17873995445775E-004 0.13525495492519E-005 0.83286419885975E-003 0.67104805504025E-002 0.36841072059981E-001 0.46187080872938E-001 0.42746101002439E-004 0.97288806201636E-003 0.24720570648153E-005 0.86601635924369E-003 0.22618034506243E-004 0.28554749384819E-003 0.37202152122837E-011 0.23735402066185E-006 0.72972891102031E+000 -.20907291024674E-019 0.15276096536430E+004 0.35000000000000E-001 -.17306396002942E+003 0.49925931535341E-001 0.15276096536430E+004 0.10132500000000E+006 0.21540508584270E-003 0.27001407920428E+002 0.10000000000000E+001 0.00000000000000E+000 0.10000000000000E+001 0.00000000000000E+000 0.31091359066593E+004
 116 0.39365261241772E-001 0.73192216753477E-003 0.53627603783727E-004 0.22529762262385E-003 0.87188832987322E-001 0.78554559641883E-003 0.87641751181665E-001 0.11702496697630E-003 0.18818785533966E-004 0.14223024845654E-005 0.82218597955908E-003 0.63584332483474E-002 0.37126886719682E-001 0.46997888866880E-001 0.43912306336098E-004 0.96198287447823E-003 0.23103320460647E-005 0.84965307590860E-003 0.21281776648833E-004 0.25957160091034E-003 0.43291924433932E-011 0.24135044159436E-006 0.72979140865009E+000 -.20923061488194E-019 0.15379247093685E+004 0.35000000000000E-001 -.17428688577408E+003 0.49925931535341E-001 0.15379247093685E+004 0.10132500000000E+006 0.21393040561046E-003 0.26997630675818E+002 0.10000000000000E+001 0.00000000000000E+000 0.10000000000000E+001 0.00000000000000E+000 0.31691025838944E+004
 117 0.39716642820672E-001 0.73256519225037E-003 0.56106809634837E-004 0.24139821538266E-003 0.85660560121790E-001 0.83286748390674E-003 0.88357729803134E-001 0.11332369084016E-003 0.19749719998028E-004 0.14908138815063E-005 0.80920968013510E-003 0.60113516835701E-002 0.37399943195113E-001 0.47826805543065E-001 0.45006336547800E-004 0.94975021647234E-003 0.21516098464424E-005 0.83156873386307E-003 0.19923391224519E-004 0.23470080521532E-003 0.50360328697371E-011 0.24546158870985E-006 0.72985355148750E+000 -.20963629517283E-019 0.15481633973759E+004 0.35000000000000E-001 -.17563892079851E+003 0.49925931535341E-001 0.15481633973759E+004 0.10132500000000E+006 0.21248736677573E-003 0.26994045320684E+002 0.10000000000000E+001 0.00000000000000E+000 0.10000000000000E+001 0.00000000000000E+000 0.32243025361203E+004
 118 0.40074389852777E-001 0.73289737426587E-003 0.58670095060163E-004 0.25877621935062E-003 0.84129256943967E-001 0.88282176675233E-003 0.89067059304840E-001 0.10952489776875E-003 0.20657049485911E-004 0.15573499925294E-005 0.79390682148318E-003 0.56693844242784E-002 0.37659177974774E-001 0.48675370202742E-001 0.46016726431012E-004 0.93609990297199E-003 0.19962177130766E-005 0.81174130580141E-003 0.18550724729919E-004 0.21099519336153E-003 0.58565292346141E-011 0.24969883957800E-006 0.72991528979953E+000 -.21005930625331E-019 0.15583274935845E+004 0.35000000000000E-001 -.17712450787325E+003 0.49925931535341E-001 0.15583274935845E+004 0.10132500000000E+006 0.21107497199640E-003 0.26990661962224E+002 0.10000000000000E+001 0.00000000000000E+000 0.10000000000000E+001 0.00000000000000E+000 0.32740638786261E+004
 119 0.40439305427219E-001 0.73290159781222E-003 0.61320141438469E-004 0.27756089495140E-003 0.82594075583562E-001 0.93558211154339E-003 0.89769702064240E-001 0.10563185879616E-003 0.21529914353662E-004 0.16210982877963E-005 0.77625636362384E-003 0.53326657271890E-002 0.37903414198967E-001 0.49545371387951E-001 0.46931049853513E-004 0.92093316053608E-003 0.18444720831806E-005 0.79015236707135E-003 0.17171765755030E-004 0.18850572901826E-003 0.68092089660362E-011 0.25407543674021E-006 0.72997657443072E+000 -.21079528088917E-019 0.15684195459970E+004 0.35000000000000E-001 -.17874868539110E+003 0.49925931535341E-001 0.15684195459970E+004 0.10132500000000E+006 0.20969216938002E-003 0.26987491674652E+002 0.10000000000000E+001 0.00000000000000E+000 0.10000000000000E+001 0.00000000000000E+000 0.33176529173836E+004
 120 0.40812322752813E-001 0.73255881210734E-003 0.64060085181676E-004 0.29789968720954E-003 0.81053964605652E-001 0.99134458379960E-003 0.90465656064662E-001 0.10164745825108E-003 0.22356258186962E-004 0.16811618457351E-005 0.75624458684598E-003 0.50013176605788E-002 0.38131333886471E-001 0.50438891044936E-001 0.47735755798087E-004 0.90414143407436E-003 0.16966782916872E-005 0.76678693363726E-003 0.15794603034147E-004 0.16727439821481E-003 0.79158927220839E-011 0.25860685715721E-006 0.73003735568645E+000 -.21159149493784E-019 0.15784429065902E+004 0.35000000000000E-001 -.18051723358529E+003 0.49925931535341E-001 0.15784429065902E+004 0.10132500000000E+006 0.20833785484535E-003 0.26984546801231E+002 0.10000000000000E+001 0.00000000000000E+000 0.10000000000000E+001 0.00000000000000E+000 0.33542645628553E+004
 121 0.41194527871944E-001 0.73184759089510E-003 0.66893587332020E-004 0.31996143259230E-003 0.79507655856448E-001 0.10503314738758E-002 0.91154947504717E-001 0.97574179606979E-004 0.23122723323119E-004 0.17365524756615E-005 0.73386520120536E-003 0.46754549730307E-002 0.38341441560574E-001 0.51358352913368E-001 0.48415963056135E-004 0.88560516774359E-003 0.15531317808602E-005 0.74163350874554E-003 0.14427396678442E-004 0.14733456975105E-003 0.92023849932740E-011 0.26331124620167E-006 0.73009758139235E+000 -.21205241253543E-019 0.15884017042054E+004 0.35000000000000E-001 -.18243683702157E+003 0.49925931535341E-001 0.15884017042054E+004 0.10132500000000E+006 0.20701088276979E-003 0.26981841352518E+002 0.10000000000000E+001 0.00000000000000E+000 0.10000000000000E+001 0.00000000000000E+000 0.33830105378328E+004
 122 0.41587180286764E-001 0.73074363583628E-003 0.69824851788557E-004 0.34393971891781E-003 0.77953679689750E-001 0.11127945226459E-002 0.91837608274929E-001 0.93414193765908E-004 0.23814520951576E-004 0.17861820594467E-005 0.70912023172075E-003 0.43551971659563E-002 0.38532015424827E-001 0.52306562932297E-001 0.48955206889885E-004 0.86519295365092E-003 0.14141225670408E-005 0.71468486451827E-003 0.13078381152405E-004 0.12871174773764E-003 0.10699306084857E-010 0.26820986579029E-006 0.73015719315747E+000 -.21234895773975E-019 0.15983006208589E+004 0.35000000000000E-001 -.18451523272020E+003 0.49925931535341E-001 0.15983006208589E+004 0.10132500000000E+006 0.20571010229555E-003 0.26979391546400E+002 0.10000000000000E+001 0.00000000000000E+000 0.10000000000000E+001 0.00000000000000E+000 0.34029052214560E+004
 123 0.41991726325346E-001 0.72921928802522E-003 0.72858539828112E-004 0.37005588027125E-003 0.76390429285623E-001 0.11790162726394E-002 0.92513630195489E-001 0.89169620543886E-004 0.24415284520457E-004 0.18288528113759E-005 0.68202247244045E-003 0.40406911142214E-002 0.38701044681708E-001 0.53286727516327E-001 0.49335153523771E-004 0.84276168838876E-003 0.12799438895040E-005 0.68594026232757E-003 0.11755911103900E-004 0.11142470772275E-003 0.12443054764635E-010 0.27332749451980E-006 0.73021611998866E+000 -.21269399497019E-019 0.16081443544186E+004 0.35000000000000E-001 -.18676129789797E+003 0.49925931535341E-001 0.16081443544186E+004 0.10132500000000E+006 0.20443443214189E-003 0.26977216505291E+002 0.10000000000000E+001 0.00000000000000E+000 0.10000000000000E+001 0.00000000000000E+000 0.34128503718986E+004
 124 0.42409804186824E-001 0.72724314287700E-003 0.75999559017200E-004 0.39856114291559E-003 0.74816274952965E-001 0.12493086835541E-002 0.93182897690453E-001 0.84842982673820E-004 0.24906946556163E-004 0.18632494416929E-005 0.65260012362416E-003 0.37321426829934E-002 0.38846156519029E-001 0.54302444988208E-001 0.49535332312308E-004 0.81815837718243E-003 0.11509034901019E-005 0.65540957744114E-003 0.10468534033221E-004 0.95486652107671E-004 0.14476879302653E-010 0.27869276389062E-006 0.73027426925188E+000 -.21302657895318E-019 0.16179367886475E+004 0.35000000000000E-001 -.18918504405682E+003 0.49925931535341E-001 0.16179367886475E+004 0.10132500000000E+006 0.20318296775158E-003 0.26975339067901E+002 0.10000000000000E+001 0.00000000000000E+000 0.10000000000000E+001 0.00000000000000E+000 0.34116218905030E+004
 125 0.42843248229644E-001 0.72477983371252E-003 0.79252772955460E-004 0.42973788540334E-003 0.73229695912169E-001 0.13240095288381E-002 0.93845114997222E-001 0.80437773440490E-004 0.25269709417257E-004 0.18879383439214E-005 0.62090345380686E-003 0.34298490685601E-002 0.38964540359432E-001 0.55357686269255E-001 0.49532958446658E-004 0.79122381179331E-003 0.10273330508459E-005 0.62311904268787E-003 0.92250385496927E-005 0.80905732227544E-004 0.16852054396343E-010 0.28433852563140E-006 0.73033151622531E+000 -.21279581982811E-019 0.16276801019040E+004 0.35000000000000E-001 -.19179753587615E+003 0.49925931535341E-001 0.16276801019040E+004 0.10132500000000E+006 0.20195508874684E-003 0.26973786629373E+002 0.10000000000000E+001 0.00000000000000E+000 0.10000000000000E+001 0.00000000000000E+000 0.33978628900643E+004
 126 0.43294110871391E-001 0.72178993118870E-003 0.82622762303632E-004 0.46390085301645E-003 0.71629364274269E-001 0.14034791697889E-002 0.94499755841670E-001 0.75958954970148E-004 0.25482184743114E-004 0.19013790673274E-005 0.58701214113864E-003 0.31342186571935E-002 0.39052875739474E-001 0.56456807330332E-001 0.49302904554421E-004 0.76179753027693E-003 0.90958979358343E-006 0.58911727230053E-003 0.80344057735186E-005 0.67684311882890E-004 0.19629236182965E-010 0.29030250025806E-006 0.73038769444413E+000 -.21232277027442E-019 0.16373742290682E+004 0.35000000000000E-001 -.19461083656318E+003 0.49925931535341E-001 0.16373742290682E+004 0.10132500000000E+006 0.20075051535940E-003 0.26972591945820E+002 0.10000000000000E+001 0.00000000000000E+000 0.10000000000000E+001 0.00000000000000E+000 0.33700861233179E+004
 127 0.43764728120373E-001 0.71822972655619E-003 0.86113816929275E-004 0.50140015129371E-003 0.70014106761380E-001 0.14881020653637E-002 0.95146062822395E-001 0.71413168062164E-004 0.25521734970752E-004 0.19019501403546E-005 0.55104102349247E-003 0.28457665635199E-002 0.39107260285318E-001 0.57604654128007E-001 0.48817815695492E-004 0.72972261867608E-003 0.79804596933026E-006 0.55347949741260E-003 0.69056086722180E-005 0.55816821861703E-004 0.22880198998191E-010 0.29662859318287E-006 0.73044258874281E+000 -.21210240424607E-019 0.16470171057551E+004 0.35000000000000E-001 -.19763815797905E+003 0.49925931535341E-001 0.16470171057551E+004 0.10132500000000E+006 0.19956926645823E-003 0.26971793963133E+002 0.10000000000000E+001 0.00000000000000E+000 0.10000000000000E+001 0.00000000000000E+000 0.33266848403097E+004
 128 0.44257850761301E-001 0.71405054949713E-003 0.89730279617928E-004 0.54262805159841E-003 0.68382711119647E-001 0.15782968687401E-002 0.95783101201736E-001 0.66808556552062E-004 0.25364975965052E-004 0.18879858521077E-005 0.51314244490787E-003 0.25650853055777E-002 0.39123117141886E-001 0.58806808702800E-001 0.48048281294135E-004 0.69484892960868E-003 0.69306772026426E-006 0.51630851897257E-003 0.58472708685321E-005 0.45286863767378E-004 0.26690283683825E-010 0.30336926500555E-006 0.73049593048744E+000 -.21218204693512E-019 0.16566058266911E+004 0.35000000000000E-001 -.20089438914187E+003 0.49925931535341E-001 0.16566058266911E+004 0.10132500000000E+006 0.19841151332827E-003 0.26971438935180E+002 0.10000000000000E+001 0.00000000000000E+000 0.10000000000000E+001 0.00000000000000E+000 0.32659466413415E+004
 129 0.44776844699647E-001 0.70919738046664E-003 0.93477173061151E-004 0.58803019020402E-003 0.66733632236937E-001 0.16745349545645E-002 0.96409833305472E-001 0.62154387144808E-004 0.24988358263086E-004 0.18578177645750E-005 0.47350575927172E-003 0.22928074462392E-002 0.39095047115620E-001 0.60069974549560E-001 0.46962966409854E-004 0.65703495306692E-003 0.59499176397894E-006 0.47773314294282E-003 0.48672794634585E-005 0.36064834130519E-004 0.31161894283218E-010 0.31058914636638E-006 0.73054739053734E+000 -.21226719386882E-019 0.16661383101814E+004 0.35000000000000E-001 -.20439704061373E+003 0.49925931535341E-001 0.16661383101814E+004 0.10132500000000E+006 0.19727738913856E-003 0.26971582266100E+002 0.10000000000000E+001 0.00000000000000E+000 0.10000000000000E+001 0.00000000000000E+000 0.31860651538108E+004
 130 0.45325944451668E-001 0.70360686419929E-003 0.97360841356565E-004 0.63811903128920E-003 0.65064726181238E-001 0.17773617359979E-002 0.97025153719497E-001 0.57460894220678E-004 0.24368810840185E-004 0.18098198578767E-005 0.43235745941523E-003 0.20295869280086E-002 0.39016592345189E-001 0.61402443167008E-001 0.45528736389491E-004 0.61615131472871E-003 0.50411043364005E-006 0.43790745696916E-003 0.39724723988025E-005 0.28107116280723E-004 0.36419224177732E-010 0.31836985289777E-006 0.73059656258841E+000 -.21240938914328E-019 0.16756146819237E+004 0.35000000000000E-001 -.20816744862672E+003 0.49925931535341E-001 0.16756146819237E+004 0.10132500000000E+006 0.19616685301487E-003 0.26972291508586E+002 0.10000000000000E+001 0.00000000000000E+000 0.10000000000000E+001 0.00000000000000E+000 0.30851531747270E+004
 131 0.45910542805243E-001 0.69720520526898E-003 0.10138928445536E-003 0.69348505584595E-003 0.63373136015512E-001 0.18874120699807E-002 0.97627835205811E-001 0.52739793663289E-004 0.23484600528841E-004 0.17424686253655E-005 0.38996648227476E-003 0.17761185704199E-002 0.38879895353931E-001 0.62814570070556E-001 0.43711051928473E-004 0.57209099357835E-003 0.42067002698393E-006 0.39701515391858E-003 0.31684549936305E-005 0.21356888255889E-004 0.42614172654006E-010 0.32681595679995E-006 0.73064292975185E+000 -.21252995843677E-019 0.16850377288386E+004 0.35000000000000E-001 -.21223198438885E+003 0.49925931535341E-001 0.16850377288386E+004 0.10132500000000E+006 0.19507968184697E-003 0.26973650792317E+002 0.10000000000000E+001 0.00000000000000E+000 0.10000000000000E+001 0.00000000000000E+000 0.29612756001348E+004
 132 0.46537519459263E-001 0.68990665112989E-003 0.10557196366443E-003 0.75479969716263E-003 0.61655386829144E-001 0.20054113741936E-002 0.98216368827731E-001 0.48005716212004E-004 0.22316745032624E-004 0.16544426457010E-005 0.34665783594304E-003 0.15331976487168E-002 0.38675256317387E-001 0.64319221577508E-001 0.41475169675376E-004 0.52479199123084E-003 0.34487877660667E-006 0.35528180466812E-003 0.24594965647729E-005 0.15745660638631E-004 0.49933228452682E-010 0.33606238476089E-006 0.73068580925966E+000 -.21258366893251E-019 0.16944122822115E+004 0.35000000000000E-001 -.21662305945883E+003 0.49925931535341E-001 0.16944122822115E+004 0.10132500000000E+006 0.19401559737871E-003 0.26975766815972E+002 0.10000000000000E+001 0.00000000000000E+000 0.10000000000000E+001 0.00000000000000E+000 0.28125350545624E+004
 133 0.47215643912872E-001 0.68161333409520E-003 0.10991901064646E-003 0.82280307410167E-003 0.59907670095951E-001 0.21321561663681E-002 0.98788714906230E-001 0.43278555989955E-004 0.20851428662361E-004 0.15447938200185E-005 0.30283474933894E-003 0.13018052585682E-002 0.38390600314315E-001 0.65932208670389E-001 0.38788888423672E-004 0.47427756332019E-003 0.27691472127221E-006 0.31299551462050E-003 0.18483891387229E-005 0.11194409775277E-004 0.58604978907960E-010 0.34628408334269E-006 0.73072427161884E+000 -.21265862194996E-019 0.17037439388952E+004 0.35000000000000E-001 -.22137985412134E+003 0.49925931535341E-001 0.17037439388952E+004 0.10132500000000E+006 0.19297447353450E-003 0.26978776561030E+002 0.10000000000000E+001 0.00000000000000E+000 0.10000000000000E+001 0.00000000000000E+000 0.26372536914576E+004
 134 0.47956144786008E-001 0.67221705043542E-003 0.11443998446479E-003 0.89826979975482E-003 0.58126206366075E-001 0.22684725762490E-002 0.99342011192231E-001 0.38586422358761E-004 0.19083814640840E-004 0.14132181204014E-005 0.25900536859857E-003 0.10831919689948E-002 0.38010852338786E-001 0.67672817988255E-001 0.35627639616971E-004 0.42071653615036E-003 0.21692154901679E-006 0.27053297452231E-003 0.13361424235251E-005 0.76135628439213E-005 0.68908076730139E-010 0.35770987793040E-006 0.73075703035514E+000 -.21306002253356E-019 0.17130381236143E+004 0.35000000000000E-001 -.22654896259213E+003 0.49925931535341E-001 0.17130381236143E+004 0.10132500000000E+006 0.19195650962850E-003 0.26982857231156E+002 0.10000000000000E+001 0.00000000000000E+000 0.10000000000000E+001 0.00000000000000E+000 0.24342952955083E+004
 135 0.48773632461072E-001 0.66160311287295E-003 0.11914251680747E-003 0.98194739942513E-003 0.56307491939673E-001 0.24151582058287E-002 0.99872297748900E-001 0.33968617020959E-004 0.17023361787456E-004 0.12604332342311E-005 0.21580607745225E-003 0.87892757205172E-003 0.37517162762210E-001 0.69564687873509E-001 0.31982560496471E-004 0.36450189963080E-003 0.16498385110754E-006 0.22838474618968E-003 0.92146445753087E-006 0.49019827558037E-005 0.81180266256303E-010 0.37064442264275E-006 0.73078229401624E+000 -.21345311207464E-019 0.17223010188925E+004 0.35000000000000E-001 -.23218553366368E+003 0.49925931535341E-001 0.17223010188925E+004 0.10132500000000E+006 0.19096221330538E-003 0.26988239829240E+002 0.10000000000000E+001 0.00000000000000E+000 0.10000000000000E+001 0.00000000000000E+000 0.22035583104078E+004
 136 0.49687647974082E-001 0.64965691601090E-003 0.12403083976932E-003 0.10744548699039E-002 0.54448332478603E-001 0.25729062602150E-002 0.10037426186734E+000 0.29478300216154E-004 0.14700464063319E-004 0.10886511881865E-005 0.17401509605904E-003 0.69090693315506E-003 0.36885863791271E-001 0.71637298632620E-001 0.27872162628420E-004 0.30634575904027E-003 0.12108519731610E-006 0.18717563073319E-003 0.60014216058413E-006 0.29462108511730E-005 0.95829605759779E-010 0.38550454559970E-006 0.73079755830860E+000 -.21343240352920E-019 0.17315435517115E+004 0.35000000000000E-001 -.23835543612789E+003 0.49925931535341E-001 0.17315435517115E+004 0.10132500000000E+006 0.18999209593808E-003 0.26995228995483E+002 0.10000000000000E+001 0.00000000000000E+000 0.10000000000000E+001 0.00000000000000E+000 0.19466648006509E+004
 137 0.50725087784829E-001 0.63627783664644E-003 0.12910264151594E-003 0.11760954506578E-002 0.52546008948982E-001 0.27421670349282E-002 0.10084087474504E+000 0.25185412901730E-004 0.12174407966013E-004 0.90215007459582E-006 0.13455892768442E-003 0.52134491245599E-003 0.36087139079378E-001 0.73927952268692E-001 0.23359039768952E-004 0.24739886105166E-003 0.85065919544259E-007 0.14768530029451E-003 0.36457638072336E-006 0.16216148514209E-005 0.11334634906646E-009 0.40287770661090E-006 0.73079929873376E+000 -.21325963363434E-019 0.17407880165722E+004 0.35000000000000E-001 -.24513749769342E+003 0.49925931535341E-001 0.17407880165722E+004 0.10132500000000E+006 0.18904616486499E-003 0.27004231501072E+002 0.10000000000000E+001 0.00000000000000E+000 0.10000000000000E+001 0.00000000000000E+000 0.16679133274963E+004
 138 0.51923548398488E-001 0.62141409354939E-003 0.13434001366288E-003 0.12864714067407E-002 0.50599541437951E-001 0.29228200797020E-002 0.10126273259942E+000 0.21180698667041E-004 0.95429156089330E-005 0.70797280555536E-006 0.98517106580853E-004 0.37279406537757E-003 0.35083944448591E-001 0.76483112974935E-001 0.18574134539917E-004 0.18940913233141E-003 0.56595824843349E-007 0.11087916724686E-003 0.20369357695834E-006 0.79617828998404E-006 0.13430445269064E-009 0.42360929686768E-006 0.73078253754099E+000 -.21345581382436E-019 0.17500754214459E+004 0.35000000000000E-001 -.25262138481957E+003 0.49925931535341E-001 0.17500754214459E+004 0.10132500000000E+006 0.18812341520903E-003 0.27015790671040E+002 0.10000000000000E+001 0.00000000000000E+000 0.10000000000000E+001 0.00000000000000E+000 0.13756090317974E+004
 139 0.53335217456713E-001 0.60514261953214E-003 0.13968761738781E-003 0.14037328928438E-002 0.48613258965424E-001 0.31134688709419E-002 0.10162719103061E+000 0.17578752811823E-004 0.69513730073879E-005 0.51662759802945E-006 0.67103629004487E-004 0.24810129930328E-003 0.33832978367895E-001 0.79356417345179E-001 0.13747633293714E-004 0.13488652221777E-003 0.35157253119476E-007 0.77935457083121E-004 0.10334384748056E-006 0.33666133070740E-006 0.15932594987218E-009 0.44892079567088E-006 0.73074037675331E+000 -.21355698256416E-019 0.17594725493097E+004 0.35000000000000E-001 -.26089174307453E+003 0.49925931535341E-001 0.17594725493097E+004 0.10132500000000E+006 0.18722130950661E-003 0.27030609391963E+002 0.10000000000000E+001 0.00000000000000E+000 0.10000000000000E+001 0.00000000000000E+000 0.10836439896143E+004
 140 0.55030280013909E-001 0.58781429959262E-003 0.14501115480815E-003 0.15233969895874E-002 0.46602954399138E-001 0.33102782956988E-002 0.10191819876204E+000 0.14510418382453E-004 0.45915463504522E-005 0.34206275980425E-006 0.41541344511203E-004 0.14999740973684E-003 0.32291272086139E-001 0.82599018269856E-001 0.92281684629010E-005 0.87079426793405E-004 0.20020344330008E-007 0.50187188484218E-004 0.47388154177565E-007 0.11736349181922E-006 0.18897414945757E-009 0.48054985674471E-006 0.73066391266683E+000 -.21318962132277E-019 0.17690812301260E+004 0.35000000000000E-001 -.26998527581315E+003 0.49925931535341E-001 0.17690812301260E+004 0.10132500000000E+006 0.18633467275638E-003 0.27049516855969E+002 0.10000000000000E+001 0.00000000000000E+000 0.10000000000000E+001 0.00000000000000E+000 0.81216850676484E+003
 141 0.57098024283899E-001 0.57023149619657E-003 0.15003712410325E-003 0.16372058482441E-002 0.44602107443114E-001 0.35057785296814E-002 0.10211887758651E+000 0.12088196580305E-004 0.26681240076079E-005 0.19932892096612E-006 0.22713890560141E-004 0.79928790473741E-004 0.30432564851561E-001 0.86237913544747E-001 0.54395470109772E-005 0.49351304147099E-004 0.10214537722105E-007 0.28832185950882E-004 0.19835329655640E-007 0.32185657227045E-007 0.22358314494933E-009 0.52088416870557E-006 0.73054347886491E+000 -.21226883838639E-019 0.17790529039108E+004 0.35000000000000E-001 -.27981169509014E+003 0.49925931535341E-001 0.17790529039108E+004 0.10132500000000E+006 0.18545319809847E-003 0.27073303550777E+002 0.10000000000000E+001 0.00000000000000E+000 0.10000000000000E+001 0.00000000000000E+000 0.58447733368472E+003
 142 0.59643496615415E-001 0.55369096330518E-003 0.15429849790867E-003 0.17334532679799E-002 0.42662084305721E-001 0.36888955036995E-002 0.10221899460590E+000 0.10342737895932E-004 0.13202460819799E-005 0.98894717821934E-007 0.10635872672934E-004 0.36309213883690E-004 0.28272995640502E-001 0.90243102126882E-001 0.27231203740116E-005 0.23716838247924E-004 0.45460785133217E-008 0.14362208472611E-004 0.76959715603196E-008 0.66922077656285E-008 0.26315253494799E-009 0.57303888182715E-006 0.73037238371946E+000 -.21116205745029E-019 0.17895974262008E+004 0.35000000000000E-001 -.29005487676823E+003 0.49925931535341E-001 0.17895974262008E+004 0.10132500000000E+006 0.18455838129414E-003 0.27102364489523E+002 0.10000000000000E+001 0.00000000000000E+000 0.10000000000000E+001 0.00000000000000E+000 0.41769362603863E+003
 143 0.62778610019097E-001 0.53961156872377E-003 0.15714805947197E-003 0.18002868864024E-002 0.40841047941894E-001 0.38475102220771E-002 0.10222625259191E+000 0.91764580332237E-005 0.54057892610843E-006 0.40561144392400E-007 0.41497032331688E-005 0.13642682096387E-004 0.25893546852302E-001 0.94496964126784E-001 0.11322713041649E-005 0.93805773956648E-005 0.17171137623638E-008 0.60531699201312E-005 0.27464926987106E-008 0.10527285920739E-008 0.30750526476539E-009 0.64082075647392E-006 0.73015286910379E+000 -.21117953744978E-019 0.18009489997744E+004 0.35000000000000E-001 -.30011953813109E+003 0.49925931535341E-001 0.18009489997744E+004 0.10132500000000E+006 0.18362428300553E-003 0.27136234908990E+002 0.10000000000000E+001 0.00000000000000E+000 0.10000000000000E+001 0.00000000000000E+000 0.31197011262011E+003
 144 0.66609353542882E-001 0.52869967275112E-003 0.15790658421599E-003 0.18307262632806E-002 0.39185741910100E-001 0.39726637868461E-002 0.10217435798234E+000 0.84000883617375E-005 0.17988402740888E-006 0.13497507473492E-007 0.13255768764155E-005 0.41568674398432E-005 0.23437716668026E-001 0.98791306942585E-001 0.39620948458085E-006 0.30014034688961E-005 0.53868886036924E-009 0.21281859055731E-005 0.86853675611870E-009 0.13535954276017E-009 0.35662688377803E-009 0.72855113737827E-006 0.72990054802643E+000 -.21126183047700E-019 0.18132663124999E+004 0.35000000000000E-001 -.30921404288883E+003 0.49925931535341E-001 0.18132663124999E+004 0.10132500000000E+006 0.18262632270657E-003 0.27173340465193E+002 0.10000000000000E+001 0.00000000000000E+000 0.10000000000000E+001 0.00000000000000E+000 0.25038969827824E+003
 145 0.71223732404774E-001 0.52025400609066E-003 0.15611277730720E-003 0.18250569636191E-002 0.37718888620402E-001 0.40611340303148E-002 0.10211880891195E+000 0.78315628552170E-005 0.48466562225665E-007 0.36299609690846E-008 0.34536925070897E-006 0.10219694579942E-005 0.21075686216409E-001 0.10287032812324E+000 0.12933409669627E-006 0.77585428152059E-006 0.13911964958438E-009 0.62367257651644E-006 0.23483203426475E-009 0.17274209502431E-010 0.41071113467749E-009 0.84078018391080E-006 0.72964210890950E+000 -.20844766941013E-019 0.18265296686166E+004 0.35000000000000E-001 -.31657986896827E+003 0.49925931535341E-001 0.18265296686166E+004 0.10132500000000E+006 0.18155343677434E-003 0.27211298601806E+002 0.10000000000000E+001 0.00000000000000E+000 0.10000000000000E+001 0.00000000000000E+000 0.21191265079986E+003
 146 0.76685680282148E-001 0.51239532346244E-003 0.15170350564701E-003 0.17887980159855E-002 0.36439103511399E-001 0.41146513030804E-002 0.10211904891464E+000 0.73589585086379E-005 0.10676847985391E-007 0.79691048458205E-009 0.74085491282435E-007 0.20448780196719E-006 0.18953478167609E-001 0.10650578338785E+000 0.51012113620884E-007 0.16406616364378E-006 0.29742380636708E-010 0.15399694531496E-006 0.53639315901291E-010 0.25741947058005E-011 0.46976044063050E-009 0.98198052854871E-006 0.72940603725329E+000 -.20688688994708E-019 0.18405338373658E+004 0.35000000000000E-001 -.32173562813354E+003 0.49925931535341E-001 0.18405338373658E+004 0.10132500000000E+006 0.18041299522043E-003 0.27247689746869E+002 0.10000000000000E+001 0.00000000000000E+000 0.10000000000000E+001 0.00000000000000E+000 0.18288368845388E+003
 147 0.83037248267585E-001 0.50309525784832E-003 0.14499782665838E-003 0.17292363285277E-002 0.35328672614050E-001 0.41374151098541E-002 0.10221744640235E+000 0.69335044635344E-005 0.19603242833355E-008 0.14565556801031E-009 0.13332077210617E-007 0.33887904347380E-007 0.17155823425206E-001 0.10956247607534E+000 0.29946121101145E-007 0.29006012574095E-007 0.53512962295539E-011 0.32610313496115E-007 0.10438211881136E-010 0.41635517525966E-012 0.53323246545884E-009 0.11563201600385E-005 0.72921260569769E+000 -.20678524556318E-019 0.18549761591098E+004 0.35000000000000E-001 -.32458673658387E+003 0.49925931535341E-001 0.18549761591098E+004 0.10132500000000E+006 0.17922591339735E-003 0.27280806007228E+002 0.10000000000000E+001 0.00000000000000E+000 0.10000000000000E+001 0.00000000000000E+000 0.15797207708546E+003
 148 0.90306947358683E-001 0.49107843698747E-003 0.13654509426834E-003 0.16532700572889E-002 0.34362022915882E-001 0.41340846197261E-002 0.10242842793349E+000 0.65379127675059E-005 0.30726084746914E-009 0.22713971755569E-010 0.20606583910346E-008 0.47504126149880E-008 0.15697744693096E-001 0.11201956816244E+000 0.22835704231341E-007 0.44198347224929E-008 0.82847633273539E-012 0.60405517319613E-008 0.17612829234129E-011 0.64174468841457E-013 0.60006645709395E-009 0.13675676934987E-005 0.72906931156650E+000 -.20714074676965E-019 0.18695556722854E+004 0.35000000000000E-001 -.32537766542862E+003 0.49925931535341E-001 0.18695556722854E+004 0.10132500000000E+006 0.17801831139558E-003 0.27309964911284E+002 0.10000000000000E+001 0.00000000000000E+000 0.10000000000000E+001 0.00000000000000E+000 0.13597874204169E+003
 149 0.98519678249184E-001 0.47604150475574E-003 0.12696295410310E-003 0.15666840297267E-002 0.33511654588280E-001 0.41089058495780E-002 0.10274159044488E+000 0.61655368234769E-005 0.42169124765266E-010 0.31011140461402E-011 0.28048050553754E-009 0.57536633516237E-009 0.14540750938844E-001 0.11394696938026E+000 0.18898976365072E-007 0.61992989557166E-009 0.11307196812719E-012 0.99718082691366E-009 0.26263466098355E-012 0.89886256084381E-014 0.66892633535841E-009 0.16191085832138E-005 0.72897263357765E+000 -.20849496069841E-019 0.18840276060172E+004 0.35000000000000E-001 -.32455830896101E+003 0.49925931535341E-001 0.18840276060172E+004 0.10132500000000E+006 0.17681513903885E-003 0.27335358352601E+002 0.10000000000000E+001 0.00000000000000E+000 0.10000000000000E+001 0.00000000000000E+000 0.11676396672878E+003
 150 0.10770449820045E+000 0.45837155925388E-003 0.11682527479281E-003 0.14741034318003E-002 0.32751710852940E-001 0.40655913437672E-002 0.10313245230401E+000 0.58126997264385E-005 0.51954660147471E-011 0.38017377660893E-012 0.34454563603553E-010 0.61428893262926E-010 0.13619211490547E-001 0.11546105837033E+000 0.15931350328607E-007 0.10461325584860E-009 0.13951933363601E-013 0.14907467258719E-009 0.35205742768661E-013 0.11432305312646E-014 0.73842385179831E-009 0.19140049835685E-005 0.72891293164289E+000 -.20999460337396E-019 0.18982140842891E+004 0.35000000000000E-001 -.32264108015661E+003 0.49925931535341E-001 0.18982140842891E+004 0.10132500000000E+006 0.17563694825807E-003 0.27357671892209E+002 0.10000000000000E+001 0.00000000000000E+000 0.10000000000000E+001 0.00000000000000E+000 0.10018675779746E+003
 151 0.11789881143492E+000 0.43876137951318E-003 0.10660283430832E-003 0.13791342360324E-002 0.32060160544672E-001 0.40074237871456E-002 0.10357298566086E+000 0.54769083099871E-005 0.58837361557713E-012 0.42857276620863E-013 0.39091119609647E-011 0.58927572042257E-011 0.12863681072108E-001 0.11668439476907E+000 0.13482341691920E-007 0.39274682432820E-010 0.16077525780578E-014 0.20449223809375E-010 0.43035907638002E-014 0.13348286244559E-015 0.80724204611308E-009 0.22550354738007E-005 0.72887910941276E+000 -.21142441982988E-019 0.19119927505683E+004 0.35000000000000E-001 -.32009454115502E+003 0.49925931535341E-001 0.19119927505683E+004 0.10132500000000E+006 0.17449900909364E-003 0.27377719470018E+002 0.10000000000000E+001 0.00000000000000E+000 0.10000000000000E+001 0.00000000000000E+000 0.85972281442745E+002
 152 0.12914926547631E+000 0.41793739209216E-003 0.96644121656413E-004 0.12845113836873E-002 0.31419969632229E-001 0.39373238126561E-002 0.10403819985586E+000 0.51565904901502E-005 0.62570164025376E-013 0.45387502059243E-014 0.41820983366990E-012 0.51794818249858E-012 0.12215133222170E-001 0.11772098371577E+000 0.11412542230270E-007 0.29193589861992E-010 0.18921592639783E-015 0.26015698236615E-011 0.48543725593495E-015 0.14473005642040E-016 0.87417692285697E-009 0.26446771533348E-005 0.72886148327671E+000 -.21258352740823E-019 0.19252803670916E+004 0.35000000000000E-001 -.31728778535117E+003 0.49925931535341E-001 0.19252803670916E+004 0.10132500000000E+006 0.17341173089534E-003 0.27396211983853E+002 0.10000000000000E+001 0.00000000000000E+000 0.10000000000000E+001 0.00000000000000E+000 0.73793853287750E+002
 153 0.14151016597798E+000 0.39652814836568E-003 0.87182584267921E-004 0.11922311706342E-002 0.30819285829106E-001 0.38578610290557E-002 0.10450878033139E+000 0.48509766748394E-005 0.63622763093511E-014 0.45969711973152E-015 0.42917309126695E-013 0.42630751540635E-013 0.11630360327327E-001 0.11864694407037E+000 0.96478687929696E-008 0.25580079759106E-010 0.32793621005424E-016 0.30970054812666E-012 0.51030722131762E-016 0.14718398338497E-017 0.93813836577484E-009 0.30850171273655E-005 0.72885287990369E+000 -.21268151666565E-019 0.19380191499330E+004 0.35000000000000E-001 -.31447781370904E+003 0.49925931535341E-001 0.19380191499330E+004 0.10132500000000E+006 0.17238161595634E-003 0.27413663299794E+002 0.10000000000000E+001 0.00000000000000E+000 0.10000000000000E+001 0.00000000000000E+000 0.63344039135984E+002
 154 0.15504019962455E+000 0.37502762816113E-003 0.78357529087141E-004 0.11036810843358E-002 0.30250812879866E-001 0.37712600319898E-002 0.10497121106290E+000 0.45598985466140E-005 0.62831378515902E-015 0.45188332015840E-016 0.42818726349548E-014 0.33695463830470E-014 0.11081558648573E-001 0.11951133644895E+000 0.81389941145521E-008 0.22890134405611E-010 0.13751445500366E-016 0.34767101189160E-013 0.50432614145670E-017 0.14159809000460E-018 0.99814471547425E-009 0.35776013071958E-005 0.72884860802622E+000 -.21279307905905E-019 0.19501676702683E+004 0.35000000000000E-001 -.31182306646875E+003 0.49925931535341E-001 0.19501676702683E+004 0.10132500000000E+006 0.17141227839156E-003 0.27430387494981E+002 0.10000000000000E+001 0.00000000000000E+000 0.10000000000000E+001 0.00000000000000E+000 0.54363355785698E+002
 155 0.16979824172850E+000 0.35380496771722E-003 0.70238488683632E-004 0.10197680840343E-002 0.29710737627558E-001 0.36794299158501E-002 0.10541675886017E+000 0.42835523136178E-005 0.62259511575527E-016 0.44250127678643E-017 0.42341829533964E-015 0.26373687228964E-015 0.10553195315900E-001 0.12034171817458E+000 0.68501312619219E-008 0.20504579450633E-010 0.95368764741819E-017 0.37070634673832E-014 0.47235393846089E-018 0.12986566320836E-019 0.10533301105489E-008 0.41232502227493E-005 0.72884593383900E+000 -.21369320117095E-019 0.19616957741011E+004 0.35000000000000E-001 -.30940733471181E+003 0.49925931535341E-001 0.19616957741011E+004 0.10132500000000E+006 0.17050529541104E-003 0.27446539181597E+002 0.10000000000000E+001 0.00000000000000E+000 0.10000000000000E+001 0.00000000000000E+000 0.46641377351860E+002
 156 0.18583919175488E+000 0.33312918904051E-003 0.62846827169890E-004 0.94103420196951E-003 0.29197566132354E-001 0.35840113941750E-002 0.10584020315690E+000 0.40222848184373E-005 0.75548503616455E-017 0.50390751910737E-018 0.46086217163598E-016 0.21857953770449E-016 0.10038262522669E-001 0.12115073344451E+000 0.57530897089409E-008 0.18339480191060E-010 0.73070323638527E-017 0.37802862230589E-015 0.42252421496027E-019 0.11436761482822E-020 0.11029684019564E-008 0.47218928894229E-005 0.72884346207911E+000 -.21369818191485E-019 0.19725824513669E+004 0.35000000000000E-001 -.30726377298195E+003 0.49925931535341E-001 0.19725824513669E+004 0.10132500000000E+006 0.16966081127513E-003 0.27462164688941E+002 0.10000000000000E+001 0.00000000000000E+000 0.10000000000000E+001 0.00000000000000E+000 0.40006819099439E+002
 157 0.20321092942014E+000 0.31319316883073E-003 0.56172160210986E-004 0.86774953775361E-003 0.28711099618639E-001 0.34864222506834E-002 0.10623873730389E+000 0.37764269071007E-005 0.21924465081804E-017 0.12428721792249E-018 0.92195354348326E-017 0.27368040927528E-017 0.95349895463425E-002 0.12194186883905E+000 0.48238193720028E-008 0.16373190988983E-010 0.56704374460647E-017 0.37116999802649E-016 0.36367557913759E-020 0.97380186277661E-022 0.11465060808498E-008 0.53724790569696E-005 0.72884061268193E+000 -.21351030283234E-019 0.19828155831545E+004 0.35000000000000E-001 -.30539427375745E+003 0.49925931535341E-001 0.19828155831545E+004 0.10132500000000E+006 0.16887791026516E-003 0.27477247926304E+002 0.10000000000000E+001 0.00000000000000E+000 0.10000000000000E+001 0.00000000000000E+000 0.34316317427237E+002
 158 0.22195315122279E+000 0.29413155169947E-003 0.50183789825685E-004 0.79998157583888E-003 0.28251656902411E-001 0.33878880198545E-002 0.10661116365455E+000 0.35461790311301E-005 0.15097534890516E-017 0.79158852303218E-019 0.51061310302072E-017 0.10857902814748E-017 0.90443806347640E-002 0.12271374154960E+000 0.40406816774432E-008 0.14593717696027E-010 0.44073122902866E-017 0.35316701239281E-017 0.30336515511847E-021 0.80690900028031E-023 0.11835907627343E-008 0.60730086807472E-005 0.72883724789488E+000 -.21397424642517E-019 0.19923924391048E+004 0.35000000000000E-001 -.30378321554659E+003 0.49925931535341E-001 0.19923924391048E+004 0.10132500000000E+006 0.16815483559791E-003 0.27491745093009E+002 0.10000000000000E+001 0.00000000000000E+000 0.10000000000000E+001 0.00000000000000E+000 0.29445896015348E+002
 159 0.24209783619349E+000 0.27603315530871E-003 0.44838546928512E-004 0.73764741740563E-003 0.27819569814953E-001 0.32894585208150E-002 0.10695734608237E+000 0.33315503093208E-005 0.12803527703049E-017 0.66160421008764E-019 0.41778838604305E-017 0.85552679638842E-018 0.85685822883574E-002 0.12346292943399E+000 0.33838086436020E-008 0.12990765825797E-010 0.34287343878395E-017 0.32762442757873E-018 0.24689484796678E-022 0.65461772345956E-024 0.12140828134726E-008 0.68206636792959E-005 0.72883343791500E+000 -.21434837836659E-019 0.20013198074008E+004 0.35000000000000E-001 -.30240642818327E+003 0.49925931535341E-001 0.20013198074008E+004 0.10132500000000E+006 0.16748915246502E-003 0.27505607495130E+002 0.10000000000000E+001 0.00000000000000E+000 0.10000000000000E+001 0.00000000000000E+000 0.25285872026703E+002
 160 0.26366999213277E+000 0.25895039783072E-003 0.40086427534576E-004 0.68055677370243E-003 0.27414926543925E-001 0.31920198814348E-002 0.10727783584546E+000 0.31323485002580E-005 0.11109232587898E-017 0.57200368678860E-019 0.36280568248077E-017 0.75740099666234E-018 0.81099336343290E-002 0.12418561271075E+000 0.28350277115089E-008 0.11553763199178E-010 0.26716766728125E-017 0.29797793850913E-019 0.19725174180418E-023 0.52282855501189E-025 0.12380452930689E-008 0.76119757153129E-005 0.72882932937619E+000 -.21399645466625E-019 0.20096130541714E+004 0.35000000000000E-001 -.30123669820704E+003 0.49925931535341E-001 0.20096130541714E+004 0.10132500000000E+006 0.16687792495811E-003 0.27518793972489E+002 0.10000000000000E+001 0.00000000000000E+000 0.10000000000000E+001 0.00000000000000E+000 0.21738464102876E+002
 161 0.28668709830204E+000 0.24290756673629E-003 0.35874803894755E-004 0.62844943945660E-003 0.27037499468538E-001 0.30963104687680E-002 0.10757360476778E+000 0.29482081462569E-005 0.96428312608754E-018 0.49593054254888E-019 0.31806114763553E-017 0.68187853085128E-018 0.76705063352277E-002 0.12487837272909E+000 0.23779821549848E-008 0.10271436981624E-010 0.20867313081841E-017 0.26707989526863E-020 0.15557726583622E-024 0.41318813305656E-026 0.12557167353090E-008 0.84429587270724E-005 0.72882507960966E+000 -.21402016067704E-019 0.20172941642442E+004 0.35000000000000E-001 -.30024695459426E+003 0.49925931535341E-001 0.20172941642442E+004 0.10132500000000E+006 0.16631791771558E-003 0.27531275598611E+002 0.10000000000000E+001 0.00000000000000E+000 0.10000000000000E+001 0.00000000000000E+000 0.18716895533501E+002
 162 0.31115662216169E+000 0.22790815596587E-003 0.32151439909032E-004 0.58102632007706E-003 0.26686774735746E-001 0.30029413957101E-002 0.10784585538089E+000 0.27786348671668E-005 0.83572879702031E-018 0.42983197894923E-019 0.27980660932872E-017 0.61726488394873E-018 0.72519419362966E-002 0.12553848191217E+000 0.19982282223148E-008 0.91319887790839E-011 0.16350119504412E-017 0.23705883699167E-021 0.12178412543842E-025 0.32466683573014E-027 0.12674761888443E-008 0.93091828710993E-005 0.72882082763066E+000 -.21420705341849E-019 0.20243894372820E+004 0.35000000000000E-001 -.29941194164257E+003 0.49925931535341E-001 0.20243894372820E+004 0.10132500000000E+006 0.16580578596016E-003 0.27543035820942E+002 0.10000000000000E+001 0.00000000000000E+000 0.10000000000000E+001 0.00000000000000E+000 0.16144938460790E+002
 163 0.33707260559773E+000 0.21394053262577E-003 0.28866350419560E-004 0.53797151160050E-003 0.26362008514471E-001 0.29124155504671E-002 0.10809589961276E+000 0.26230437396229E-005 0.72346812789212E-018 0.37240571096584E-019 0.24677034274579E-017 0.56079899657009E-018 0.68554279063807E-002 0.12616395506134E+000 0.16832211447427E-008 0.81234169570721E-011 0.12861169953348E-017 0.20934165946917E-022 0.95095252414755E-027 0.25482135267402E-028 0.12738083557122E-008 0.10205831434056E-004 0.72881668311961E+000 -.21429323918353E-019 0.20309276385203E+004 0.35000000000000E-001 -.29870892953837E+003 0.49925931535341E-001 0.20309276385203E+004 0.10132500000000E+006 0.16533820865075E-003 0.27554068931570E+002 0.10000000000000E+001 0.00000000000000E+000 0.10000000000000E+001 0.00000000000000E+000 0.13956293896678E+002
 164 0.36441360932431E+000 0.20098133271127E-003 0.25972649608218E-004 0.49896460343305E-003 0.26062264737110E-001 0.28251382058638E-002 0.10832509883280E+000 0.24807795101851E-005 0.62596276285445E-018 0.32266241150695E-019 0.21811993704990E-017 0.51097128048809E-018 0.64817083735213E-002 0.12675353628804E+000 0.14221933691872E-008 0.72337750061132E-011 0.10164108465041E-017 0.18475317825168E-023 0.74432727409160E-028 0.20062262174736E-029 0.12752715437271E-008 0.11127816504676E-004 0.72881272367619E+000 -.21429222441346E-019 0.20369390510194E+004 0.35000000000000E-001 -.29811785836732E+003 0.49925931535341E-001 0.20369390510194E+004 0.10132500000000E+006 0.16491194435056E-003 0.27564378776326E+002 0.10000000000000E+001 0.00000000000000E+000 0.10000000000000E+001 0.00000000000000E+000 0.12093658036481E+002
 165 0.39314423827582E+000 0.18899689338939E-003 0.23426726894961E-004 0.46368549109411E-003 0.25786427054404E-001 0.27414174759516E-002 0.10853484672840E+000 0.23511207235555E-005 0.54169933375040E-018 0.27971784788330E-019 0.19321295504134E-017 0.46671508735574E-018 0.61310877504535E-002 0.12730669160911E+000 0.12059725701652E-008 0.64513328040171E-011 0.80758498113053E-018 0.16368496370524E-024 0.58678143336914E-029 0.15859073011740E-030 0.12724671446231E-008 0.12070001665080E-004 0.72880899666303E+000 -.21374097063331E-019 0.20424553083456E+004 0.35000000000000E-001 -.29762120880482E+003 0.49925931535341E-001 0.20424553083456E+004 0.10132500000000E+006 0.16452382737966E-003 0.27573978280743E+002 0.10000000000000E+001 0.00000000000000E+000 0.10000000000000E+001 0.00000000000000E+000 0.10507619791837E+002
 166 0.42322060068991E+000 0.17794395441531E-003 0.21188180810696E-004 0.43181625740541E-003 0.25533206116861E-001 0.26614604021813E-002 0.10872656650486E+000 0.22332807739618E-005 0.46918750015359E-018 0.24275533259647E-019 0.17152786228938E-017 0.42722785446902E-018 0.58034361697286E-002 0.12782359489878E+000 0.10267906712744E-008 0.57647040274991E-011 0.64549782176062E-018 0.14661906530383E-025 0.46919667693704E-030 -.37054489185155E-031 0.12660093201892E-008 0.13027500462456E-004 0.72880552443515E+000 -.21367848269266E-019 0.20475094486176E+004 0.35000000000000E-001 -.29720379536203E+003 0.49925931535341E-001 0.20475094486176E+004 0.10132500000000E+006 0.16417074848041E-003 0.27582889238203E+002 0.10000000000000E+001 0.00000000000000E+000 0.10000000000000E+001 0.00000000000000E+000 0.91556200049883E+001
 167 0.45459746932654E+000 0.16777100656023E-003 0.19219831834701E-004 0.40304430980367E-003 0.25301167759222E-001 0.25853740853762E-002 0.10890169738144E+000 0.21264193934060E-005 0.40698828319571E-018 0.21101746932973E-019 0.15262770420674E-017 0.39188172399019E-018 0.54982250523496E-002 0.12830506453735E+000 0.87811310185761E-009 0.51630036514426E-011 0.51926303256910E-018 0.13750753893609E-026 0.39288344640127E-031 -.95857609717159E-031 0.12564966128752E-008 0.13995948686152E-004 0.72880231152821E+000 -.21290749152911E-019 0.20521356129849E+004 0.35000000000000E-001 -.29685257331913E+003 0.49925931535341E-001 0.20521356129849E+004 0.10132500000000E+006 0.16384966114123E-003 0.27591141437058E+002 0.10000000000000E+001 0.00000000000000E+000 0.10000000000000E+001 0.00000000000000E+000 0.80011146958993E+001
 168 0.48723380214520E+000 0.15842084485353E-003 0.17487885491735E-004 0.37706812512429E-003 0.25088789401092E-001 0.25131775560943E-002 0.10906166253147E+000 0.20296683567807E-005 0.35374865721320E-018 0.18380903519749E-019 0.13613914674802E-017 0.36016711782236E-018 0.52146055262730E-002 0.12875243315024E+000 0.75449063182540E-009 0.46360383067098E-011 0.42053544534967E-018 0.17095438822387E-027 -.25169030633011E-033 -.87584282808208E-031 0.12444894939827E-008 0.14971651708191E-004 0.72879935165568E+000 -.21282189857685E-019 0.20563682050900E+004 0.35000000000000E-001 -.29655646512006E+003 0.49925931535341E-001 0.20563682050900E+004 0.10132500000000E+006 0.16355762496299E-003 0.27598770718650E+002 0.10000000000000E+001 0.00000000000000E+000 0.10000000000000E+001 0.00000000000000E+000 0.70129312178390E+001
 169 0.52109465051286E+000 0.14983381070745E-003 0.15962113965783E-004 0.35360399545461E-003 0.24894529981559E-001 0.24448224044855E-002 0.10920782832771E+000 0.19421640997728E-005 0.30823115119705E-018 0.16050288616725E-019 0.12174063385873E-017 0.33166138805008E-018 0.49515137516950E-002 0.12916737714821E+000 0.65142242203151E-009 0.41744785760901E-011 0.34294496752551E-018 0.53882731876424E-028 -.20749984124990E-031 -.84230182102874E-031 0.12304967658891E-008 0.15951582683970E-004 0.72879663283333E+000 -.21253855753919E-019 0.20602407767386E+004 0.35000000000000E-001 -.29630617731702E+003 0.49925931535341E-001 0.20602407767386E+004 0.10132500000000E+006 0.16329186662755E-003 0.27605816374070E+002 0.10000000000000E+001 0.00000000000000E+000 0.10000000000000E+001 0.00000000000000E+000 0.61647129963590E+001
 170 0.55614992724059E+000 0.14195075572979E-003 0.14615895922637E-004 0.33239128367975E-003 0.24716891595979E-001 0.23802153479461E-002 0.10934147025535E+000 0.18630764142508E-005 0.26933092424000E-018 0.14054324633160E-019 0.10915474542802E-017 0.30600673260992E-018 0.47077733486441E-002 0.12955175305593E+000 0.56522177367174E-009 0.37699606834582E-011 0.28164352278593E-018 0.36933305489209E-028 -.10263231352859E-031 -.46167442742798E-031 0.12149704684739E-008 0.16933283927385E-004 0.72879414031652E+000 -.21231456235202E-019 0.20637850550729E+004 0.35000000000000E-001 -.29609399131112E+003 0.49925931535341E-001 0.20637850550729E+004 0.10132500000000E+006 0.16304983022744E-003 0.27612318666155E+002 0.10000000000000E+001 0.00000000000000E+000 0.10000000000000E+001 0.00000000000000E+000 0.54343622130417E+001
 171 0.59237190150417E+000 0.13471508079742E-003 0.13426056419486E-004 0.31319484401884E-003 0.24554459790882E-001 0.23192367632633E-002 0.10946375427389E+000 0.17916268047264E-005 0.23607946377449E-018 0.12344464558306E-019 0.98142220684333E-018 0.28289607409967E-018 0.44821733157708E-002 0.12990747376525E+000 0.49288539602500E-009 0.34151018764167E-011 0.23294436851638E-018 0.30315012817323E-028 -.18278940586379E-031 -.64856886979058E-031 0.11983065381591E-008 0.17914745417697E-004 0.72879185804288E+000 -.21259612196432E-019 0.20670303604402E+004 0.35000000000000E-001 -.29591353695142E+003 0.49925931535341E-001 0.20670303604402E+004 0.10132500000000E+006 0.16282920120140E-003 0.27618317033064E+002 0.10000000000000E+001 0.00000000000000E+000 0.10000000000000E+001 0.00000000000000E+000 0.48034589876007E+001
 172 0.62973302733340E+000 0.12807378229664E-003 0.12372554768555E-004 0.29580483494061E-003 0.24405922249812E-001 0.22617530756924E-002 0.10957573308325E+000 0.17270964374742E-005 0.20763839763568E-018 0.10878731923401E-019 0.88496687089905E-018 0.26206389184993E-018 0.42735167231690E-002 0.13023643128177E+000 0.43197247024437E-009 0.31034489906973E-011 0.19403998332513E-018 0.25550610600666E-028 -.14057520462982E-031 -.50965383680777E-031 0.11808482567010E-008 0.18894306969888E-004 0.72878976939497E+000 -.21212987103652E-019 0.20700034175002E+004 0.35000000000000E-001 -.29575957065072E+003 0.49925931535341E-001 0.20700034175002E+004 0.10132500000000E+006 0.16262790498102E-003 0.27623849071387E+002 0.10000000000000E+001 0.00000000000000E+000 0.10000000000000E+001 0.00000000000000E+000 0.42566880066657E+001
 173 0.66820471199510E+000 0.12197779074550E-003 0.11438106221722E-004 0.28003494134877E-003 0.24270072676684E-001 0.22076239888710E-002 0.10967835185238E+000 0.16688270657180E-005 0.18328789004745E-018 0.96210687638991E-020 0.80039899424753E-018 0.24327792757154E-018 0.40806468080146E-002 0.13054045512958E+000 0.38049908660437E-009 0.28293915946957E-011 0.16278585748579E-018 0.21696722072361E-028 -.95252667273861E-032 -.35918932753352E-031 0.11628906153329E-008 0.19870594002535E-004 0.72878785773887E+000 -.21143195463928E-019 0.20727284261184E+004 0.35000000000000E-001 -.29562777588850E+003 0.49925931535341E-001 0.20727284261184E+004 0.10132500000000E+006 0.16244409009123E-003 0.27628950099078E+002 0.10000000000000E+001 0.00000000000000E+000 0.10000000000000E+001 0.00000000000000E+000 0.37813130624512E+001
 174 0.70775687885052E+000 0.11638193145834E-003 0.10607805350849E-004 0.26571997399592E-003 0.24145807114664E-001 0.21567065083814E-002 0.10977245799288E+000 0.16162184608439E-005 0.16241311134022E-018 0.85406304294003E-020 0.72617588479611E-018 0.22633152228530E-018 0.39024595377759E-002 0.13082129208893E+000 0.33685011896017E-009 0.25880647382946E-011 0.13753733125171E-018 0.18521222915242E-028 -.84371350367110E-032 -.31320079886012E-031 0.11446848062837E-008 0.20842477052613E-004 0.72878610686693E+000 -.21232723471247E-019 0.20752272522361E+004 0.35000000000000E-001 -.29551459389226E+003 0.49925931535341E-001 0.20752272522361E+004 0.10132500000000E+006 0.16227610526161E-003 0.27633653044962E+002 0.10000000000000E+001 0.00000000000000E+000 0.10000000000000E+001 0.00000000000000E+000 0.33667232498574E+001
 175 0.74835794927219E+000 0.11124472924335E-003 0.98687853949947E-005 0.25271342729477E-003 0.24032117388519E-001 0.21088573093697E-002 0.10985881165940E+000 0.15687245878329E-005 0.14449091655133E-018 0.76111164545334E-020 0.66096115880975E-018 0.21104117668247E-018 0.37379092493221E-002 0.13108059691912E+000 0.29970759155014E-009 0.23752550187492E-011 0.11702745362940E-018 0.15892488405672E-028 -.71688736645831E-032 -.26472615936042E-031 0.11264426185720E-008 0.21809042687911E-004 0.72878450133654E+000 -.21120329377083E-019 0.20775196502967E+004 0.35000000000000E-001 -.29541708429666E+003 0.49925931535341E-001 0.20775196502967E+004 0.10132500000000E+006 0.16212247628925E-003 0.27637988486790E+002 0.10000000000000E+001 0.00000000000000E+000 0.10000000000000E+001 0.00000000000000E+000 0.30040550672193E+001
 176 0.78997495940021E+000 0.10652816449554E-003 0.92099230519077E-005 0.24088523479529E-003 0.23928083861353E-001 0.20639342887419E-002 0.10993809558180E+000 0.15258495386516E-005 0.12907733100414E-018 0.68101503282613E-020 0.60359584282932E-018 0.19724231428526E-018 0.35860108574178E-002 0.13131992860350E+000 0.26799315684216E-009 0.21873152553567E-011 0.10027571837012E-018 0.13709291349590E-028 -.61682981451118E-032 -.22745796534453E-031 0.11083406754262E-008 0.22769568427455E-004 0.72878302668836E+000 -.21097311199790E-019 0.20796234783238E+004 0.35000000000000E-001 -.29533281185479E+003 0.49925931535341E-001 0.20796234783238E+004 0.10132500000000E+006 0.16198188495358E-003 0.27641984747960E+002 0.10000000000000E+001 0.00000000000000E+000 0.10000000000000E+001 0.00000000000000E+000 0.26858830510737E+001
 177 0.83257369330813E+000 0.10219741940540E-003 0.86215863461080E-005 0.23011977478891E-003 0.23832868258016E-001 0.20217976465551E-002 0.11001092389402E+000 0.14871435516043E-005 0.11579629581364E-018 0.61187269412834E-020 0.55307439173276E-018 0.18478692786366E-018 0.34458401183597E-002 0.13154074977099E+000 0.24082206205203E-009 0.20210888140721E-011 0.86519745175675E-019 0.11890522855391E-028 -.52268372917622E-032 -.19306311471132E-031 0.10905244559444E-008 0.23723499286672E-004 0.72878166955531E+000 -.21159870029376E-019 0.20815548948556E+004 0.35000000000000E-001 -.29525975454381E+003 0.49925931535341E-001 0.20815548948556E+004 0.10132500000000E+006 0.16185315041220E-003 0.27645668018084E+002 0.10000000000000E+001 0.00000000000000E+000 0.10000000000000E+001 0.00000000000000E+000 0.24059677323988E+001
 178 0.87611882370699E+000 0.98220625653267E-004 0.80954198467404E-005 0.22031411154542E-003 0.23745706754529E-001 0.19823106238751E-002 0.11007784999939E+000 0.14521991916729E-005 0.10432969289524E-018 0.55207243190446E-020 0.50852421989462E-018 0.17354173676078E-018 0.33165325708243E-002 0.13174442828397E+000 0.21746629299423E-009 0.18738431129519E-011 0.75163960549853E-019 0.10370321839780E-028 -.44220756806492E-032 -.16379812986525E-031 0.10731120399113E-008 0.24670426051295E-004 0.72878041769267E+000 -.21081932638427E-019 0.20833285372967E+004 0.35000000000000E-001 -.29519622895934E+003 0.49925931535341E-001 0.20833285372967E+004 0.10132500000000E+006 0.16173521286458E-003 0.27649062485550E+002 0.10000000000000E+001 0.00000000000000E+000 0.10000000000000E+001 0.00000000000000E+000 0.21590501356366E+001
 179 0.92057408151624E+000 0.94568618880951E-004 0.76241617247086E-005 0.21137644785644E-003 0.23665903416030E-001 0.19453399737557E-002 0.11013937356075E+000 0.14206477198036E-005 0.94408615378637E-019 0.50024762320904E-020 0.46918801583892E-018 0.16338660360452E-018 0.31972815420883E-002 0.13193224035008E+000 0.19732502383114E-009 0.17432115254941E-011 0.65740900523146E-019 0.90953038671946E-029 -.37961498474524E-032 -.13919613121644E-031 0.10561975373191E-008 0.25610065751965E-004 0.72877925996009E+000 -.21023418307089E-019 0.20849576828983E+004 0.35000000000000E-001 -.29514082969152E+003 0.49925931535341E-001 0.20849576828983E+004 0.10132500000000E+006 0.16162711920795E-003 0.27652190475733E+002 0.10000000000000E+001 0.00000000000000E+000 0.10000000000000E+001 0.00000000000000E+000 0.19406838829410E+001
 180 0.96590246161637E+000 0.91214704931620E-004 0.72014880706379E-005 0.20322476901957E-003 0.23592824060265E-001 0.19107562419518E-002 0.11019594667693E+000 0.13921556813010E-005 0.85805813582131E-019 0.45524017015740E-020 0.43440842148165E-018 0.15421321805423E-018 0.30873355602932E-002 0.13210537460058E+000 0.17990089131866E-009 0.16271428945315E-011 0.57881919384298E-019 0.80222782034004E-029 -.36295883650499E-032 -.13035385570533E-031 0.10398541958167E-008 0.26542244368202E-004 0.72877818627653E+000 -.21048207857293E-019 0.20864543930686E+004 0.35000000000000E-001 -.29509238003786E+003 0.49925931535341E-001 0.20864543930686E+004 0.10132500000000E+006 0.16152801048053E-003 0.27655072589159E+002 0.10000000000000E+001 0.00000000000000E+000 0.10000000000000E+001 0.00000000000000E+000 0.17470977858721E+001
 181 0.10120664541311E+001 0.88134441883447E-004 0.68218805825686E-005 0.19578566063361E-003 0.23525890603219E-001 0.18784339274290E-002 0.11024797929917E+000 0.13664217365675E-005 0.78329214605483E-019 0.41606862604324E-020 0.40361472798829E-018 0.14592394995324E-018 0.29859954557165E-002 0.13226493667788E+000 0.16478091727948E-009 0.15238578723956E-011 0.51294932527122E-019 0.71158529226646E-029 -.34753627215849E-032 -.12390130376380E-031 0.10241372006548E-008 0.27466881450888E-004 0.72877718755986E+000 -.20995267740681E-019 0.20878296416319E+004 0.35000000000000E-001 -.29504989190505E+003 0.49925931535341E-001 0.20878296416319E+004 0.10132500000000E+006 0.16143711092154E-003 0.27657727834823E+002 0.10000000000000E+001 0.00000000000000E+000 0.10000000000000E+001 0.00000000000000E+000 0.15750832186266E+001
 182 0.10590282849276E+001 0.85305439894667E-004 0.64805141796968E-005 0.18899328185449E-003 0.23464575904257E-001 0.18482515738258E-002 0.11029584395286E+000 0.13431737408534E-005 0.71816400398573E-019 0.38190094404614E-020 0.37631132021553E-018 0.13843083349969E-018 0.28926113490203E-002 0.13241195401404E+000 0.15162114035180E-009 0.14318112980226E-011 0.45747436450541E-019 0.63474613879023E-029 -.33304245992740E-032 -.11812285726279E-031 0.10090861894373E-008 0.28383976319049E-004 0.72877625565787E+000 -.20955021609120E-019 0.20890934280663E+004 0.35000000000000E-001 -.29501253314215E+003 0.49925931535341E-001 0.20890934280663E+004 0.10132500000000E+006 0.16135371847415E-003 0.27660173755711E+002 0.10000000000000E+001 0.00000000000000E+000 0.10000000000000E+001 0.00000000000000E+000 0.14219016380671E+001
 183 0.11067501522609E+001 0.82707179047389E-004 0.61731614904308E-005 0.18278847510386E-003 0.23408399094383E-001 0.18200918230385E-002 0.11033987984151E+000 0.13221660653519E-005 0.66129925798869E-019 0.35203128683446E-020 0.35206764093812E-018 0.13165465460309E-018 0.28065796467675E-002 0.13254738060577E+000 0.14013420778038E-009 0.13496598448874E-011 0.41053500816283E-019 0.56937450259249E-029 -.31953699092096E-032 -.11292125384199E-031 0.99472750427913E-009 0.29293595598275E-004 0.72877538327501E+000 -.20914345663780E-019 0.20902548771505E+004 0.35000000000000E-001 -.29497960087604E+003 0.49925931535341E-001 0.20902548771505E+004 0.10132500000000E+006 0.16127719655116E-003 0.27662426545248E+002 0.10000000000000E+001 0.00000000000000E+000 0.10000000000000E+001 0.00000000000000E+000 0.12852084745470E+001
 184 0.11551944514318E+001 0.80320844298300E-004 0.58961115686317E-005 0.17711799393649E-003 0.23356921353027E-001 0.17938414478886E-002 0.11038039641185E+000 0.13031771445610E-005 0.61153363091951E-019 0.32586036105860E-020 0.33050947797662E-018 0.12552412321851E-018 0.27273401118589E-002 0.13267210167577E+000 0.13007933148394E-009 0.12762342309228E-011 0.37063761079370E-019 0.51355882730008E-029 -.30703139902144E-032 -.10823529857789E-031 0.98107620233901E-009 0.30195861971587E-004 0.72877456389825E+000 -.20891204341821E-019 0.20913223265999E+004 0.35000000000000E-001 -.29495049969572E+003 0.49925931535341E-001 0.20913223265999E+004 0.10132500000000E+006 0.16120696689017E-003 0.27664501154464E+002 0.10000000000000E+001 0.00000000000000E+000 0.10000000000000E+001 0.00000000000000E+000 0.11629903308045E+001
 185 0.12043239827729E+001 0.78129176192824E-004 0.56461005907624E-005 0.17193383250880E-003 0.23309742092791E-001 0.17693913724911E-002 0.11041767645400E+000 0.12860072326984E-005 0.56787969210100E-019 0.30287878523989E-020 0.31131140403081E-018 0.11997511846948E-018 0.26543730458626E-002 0.13278693815924E+000 0.12125413592199E-009 0.12105153573227E-011 0.33657686722405E-019 0.46573199977345E-029 -.29551617884898E-032 -.10401659040614E-031 0.96813784422381E-009 0.31090944066426E-004 0.72877379172442E+000 -.21070742281113E-019 0.20923034042200E+004 0.35000000000000E-001 -.29492472375957E+003 0.49925931535341E-001 0.20923034042200E+004 0.10132500000000E+006 0.16114250334196E-003 0.27666411390236E+002 0.10000000000000E+001 0.00000000000000E+000 0.10000000000000E+001 0.00000000000000E+000 0.10535130167721E+001
 186 0.12541021402244E+001 0.76116335885773E-004 0.54202526474955E-005 0.16719264217028E-003 0.23266495511766E-001 0.17466366842911E-002 0.11045197880265E+000 0.12704763523471E-005 0.52949883014383E-019 0.28265305161883E-020 0.29419022160350E-018 0.11494999818305E-018 0.25871966027590E-002 0.13289265098283E+000 0.11348802323492E-009 0.11516138219986E-011 0.30737582337029E-019 0.42460604065100E-029 -.28495041160584E-032 -.10021467122593E-031 0.95591007859917E-009 0.31979047419599E-004 0.72877306159068E+000 -.20994906825371E-019 0.20932050959661E+004 0.35000000000000E-001 -.29490184208272E+003 0.49925931535341E-001 0.20932050959661E+004 0.10132500000000E+006 0.16108332645604E-003 0.27668170005157E+002 0.10000000000000E+001 0.00000000000000E+000 0.10000000000000E+001 0.00000000000000E+000 0.95527842830089E+000
 187 0.13044930790360E+001 0.74267783043470E-004 0.52160290530727E-005 0.16285522271475E-003 0.23226847475641E-001 0.17254766390679E-002 0.11048354069682E+000 0.12564224197375E-005 0.49567771624597E-019 0.26481369538279E-020 0.27889928428966E-018 0.11039696719525E-018 0.25253642431754E-002 0.13298994512031E+000 0.10663675841223E-009 0.10987523273930E-011 0.28223913691745E-019 0.38911955457289E-029 -.27528547628598E-032 -.96789235009006E-032 0.94438404029760E-009 0.32860406466867E-004 0.72877236890917E+000 -.20952070130673E-019 0.20940338061308E+004 0.35000000000000E-001 -.29488148640753E+003 0.49925931535341E-001 0.20940338061308E+004 0.10132500000000E+006 0.16102899874662E-003 0.27669788779711E+002 0.10000000000000E+001 0.00000000000000E+000 0.10000000000000E+001 0.00000000000000E+000 0.86698866364466E+000
 188 0.13554618622894E+001 0.72570165295484E-004 0.50311848558005E-005 0.15888607764375E-003 0.23190492695223E-001 0.17058146587124E-002 0.11051257984798E+000 0.12436995324886E-005 0.46580855693128E-019 0.24904533502398E-020 0.26522358160252E-018 0.10626949988155E-018 0.24684623317091E-002 0.13307947342007E+000 0.10057803809883E-009 0.10512505687274E-011 0.26051651084293E-019 0.35839539943561E-029 -.26646843769374E-032 -.93702345353637E-032 0.93354557821677E-009 0.33735277503669E-004 0.72877170960630E+000 -.20971341180509E-019 0.20947954107251E+004 0.35000000000000E-001 -.29486334117594E+003 0.49925931535341E-001 0.20947954107251E+004 0.10132500000000E+006 0.16097912053980E-003 0.27671278597414E+002 0.10000000000000E+001 0.00000000000000E+000 0.10000000000000E+001 0.00000000000000E+000 0.78751607980390E+000
 189 0.14069745868674E+001 0.71011218040359E-004 0.48637314516219E-005 0.15525302442617E-003 0.23157152169225E-001 0.16875583210574E-002 0.11053929625841E+000 0.12321764071147E-005 0.43937253553654E-019 0.23507829409562E-020 0.25297548842214E-018 0.10252581333485E-018 0.24161078766575E-002 0.13316184020472E+000 0.95207854663903E-010 0.10085122476714E-011 0.24167396933506E-019 0.33170663586486E-029 -.25843752162567E-032 -.90919244476839E-032 0.92337632843743E-009 0.34603932543009E-004 0.72877108006747E+000 -.20681938759037E-019 0.20954953049588E+004 0.35000000000000E-001 -.29484713521653E+003 0.49925931535341E-001 0.20954953049588E+004 0.10132500000000E+006 0.16093332631874E-003 0.27672649513568E+002 0.10000000000000E+001 0.00000000000000E+000 0.10000000000000E+001 0.00000000000000E+000 0.71587823840251E+000
 190 0.14589984878020E+001 0.69579673627364E-004 0.47119043924446E-005 0.15192685233799E-003 0.23126570869357E-001 0.16706193419599E-002 0.11056387382206E+000 0.12217349555234E-005 0.41592593255694E-019 0.22268155711065E-020 0.24199109294674E-018 0.99128388179944E-019 0.23679464128070E-002 0.13323760464060E+000 0.90437505317066E-010 0.97001390985563E-012 0.22527120495021E-019 0.30844900227032E-029 -.25113499207946E-032 -.88410587036269E-032 0.91385464755935E-009 0.35466653877375E-004 0.72877047708876E+000 -.20499899712314E-019 0.20961384455208E+004 0.35000000000000E-001 -.29483263484489E+003 0.49925931535341E-001 0.20961384455208E+004 0.10132500000000E+006 0.16089128150168E-003 0.27673910818145E+002 0.10000000000000E+001 0.00000000000000E+000 0.10000000000000E+001 0.00000000000000E+000 0.65121689398705E+000
 191 0.15115020056033E+001 0.68265179344415E-004 0.45741356601391E-005 0.14888102234567E-003 0.23098515659819E-001 0.16549135535779E-002 0.11058648172410E+000 0.12122689928872E-005 0.39508849750412E-019 0.21165685138321E-020 0.23212702968715E-018 0.96043534878486E-019 0.23236500382012E-002 0.13330728385712E+000 0.86191126911691E-010 0.93529535639761E-012 0.21094364791554E-019 0.28811867175405E-029 -.24450416241632E-032 -.86148509749272E-032 0.90495642190441E-009 0.36323728711101E-004 0.72876989784004E+000 -.20582543183177E-019 0.20967293880267E+004 0.35000000000000E-001 -.29481963817689E+003 0.49925931535341E-001 0.20967293880267E+004 0.10132500000000E+006 0.16085267961476E-003 0.27675071093079E+002 0.10000000000000E+001 0.00000000000000E+000 0.10000000000000E+001 0.00000000000000E+000 0.59278035386823E+000
 192 0.15644547475935E+001 0.67058224330748E-004 0.44490298600059E-005 0.14609140592848E-003 0.23072773472631E-001 0.16403608906598E-002 0.11060727562633E+000 0.12036830743129E-005 0.37653372060737E-019 0.20183368290368E-020 0.22325775740171E-018 0.93241004625724E-019 0.22829156388793E-002 0.13337135575768E+000 0.82403662535610E-010 0.90395143253271E-012 0.19838822954087E-019 0.27029427390790E-029 -.23848074920922E-032 -.84107629221334E-032 0.89665577042850E-009 0.37175442062400E-004 0.72876933984860E+000 -.20589763543388E-019 0.20972723194217E+004 0.35000000000000E-001 -.29480797061333E+003 0.49925931535341E-001 0.20972723194217E+004 0.10132500000000E+006 0.16081723986539E-003 0.27676138263817E+002 0.10000000000000E+001 0.00000000000000E+000 0.10000000000000E+001 0.00000000000000E+000 0.53990870264176E+000
 193 0.16178271421621E+001 0.65950076029527E-004 0.43353439296526E-005 0.14353606169677E-003 0.23049149800113E-001 0.16268854031979E-002 0.11062639858578E+000 0.11958914613329E-005 0.35998071450517E-019 0.19306518401679E-020 0.21527323227926E-018 0.90693644844629E-019 0.22454633557778E-002 0.13343026143312E+000 0.79019185854839E-010 0.87562503867274E-012 0.18735205286060E-019 0.25462244082053E-029 -.23301842576333E-032 -.82266086110758E-032 0.88892565926443E-009 0.38022064002881E-004 0.72876880101607E+000 -.20578880746281E-019 0.20977710844368E+004 0.35000000000000E-001 -.29479748173928E+003 0.49925931535341E-001 0.20977710844368E+004 0.10132500000000E+006 0.16078470517631E-003 0.27677119645016E+002 0.10000000000000E+001 0.00000000000000E+000 0.10000000000000E+001 0.00000000000000E+000 0.49202152339311E+000
 194 0.16715893849372E+001 0.64932724677011E-004 0.42319698270030E-005 0.14119504479962E-003 0.23027467584833E-001 0.16144152892469E-002 0.11064398162247E+000 0.11888172053928E-005 0.34518743189434E-019 0.18522463653350E-020 0.20807691774271E-018 0.88377093935533E-019 0.22110352864831E-002 0.13348440719519E+000 0.75989517850212E-010 0.85000118352561E-012 0.17762334361156E-019 0.24080597940397E-029 -.22806421799587E-032 -.80605262870169E-032 0.88173842445600E-009 0.38863825291854E-004 0.72876827968140E+000 -.20794209399930E-019 0.20982292051979E+004 0.35000000000000E-001 -.29478804447612E+003 0.49925931535341E-001 0.20982292051979E+004 0.10132500000000E+006 0.16075484075891E-003 0.27678021983192E+002 0.10000000000000E+001 0.00000000000000E+000 0.10000000000000E+001 0.00000000000000E+000 0.44860777926642E+000
 195 0.17257092054761E+001 0.63998823436175E-004 0.41379186842709E-005 0.13905022121878E-003 0.23007566540341E-001 0.16028828093847E-002 0.11066014385291E+000 0.11823912661207E-005 0.33194484112255E-019 0.17820247645810E-020 0.20158400545507E-018 0.86269485274450E-019 0.21793940868663E-002 0.13353416677878E+000 0.73273054233115E-010 0.82680167285062E-012 0.16902410417248E-019 0.22859413557314E-029 -.22358068972198E-032 -.79107146290812E-032 0.87506610262885E-009 0.39700877160577E-004 0.72876777475079E+000 -.20627785327154E-019 0.20986498952379E+004 0.35000000000000E-001 -.29477955891180E+003 0.49925931535341E-001 0.20986498952379E+004 0.10132500000000E+006 0.16072743321301E-003 0.27678851511647E+002 0.10000000000000E+001 0.00000000000000E+000 0.10000000000000E+001 0.00000000000000E+000 0.40921728137972E+000
 196 0.17801484458029E+001 0.63141581171527E-004 0.40523021347214E-005 0.13708499486867E-003 0.22989302869170E-001 0.15922235675874E-002 0.11067499207373E+000 0.11765513949060E-005 0.32007134158342E-019 0.17190340339602E-020 0.19571953550080E-018 0.84351064941836E-019 0.21503202589563E-002 0.13357988563782E+000 0.70833659047501E-010 0.80577939245275E-012 0.16140377935457E-019 0.21777427281284E-029 -.21951271531635E-032 -.77754383788999E-032 0.86888018717386E-009 0.40533240415488E-004 0.72876728598223E+000 -.20670072408633E-019 0.20990360740777E+004 0.35000000000000E-001 -.29477196812619E+003 0.49925931535341E-001 0.20990360740777E+004 0.10132500000000E+006 0.16070228996692E-003 0.27679614067763E+002 0.10000000000000E+001 0.00000000000000E+000 0.10000000000000E+001 0.00000000000000E+000 0.37345251831753E+000
 197 0.18348595812559E+001 0.62354493814456E-004 0.39743001656581E-005 0.13528370927902E-003 0.22972549505945E-001 0.15823737669007E-002 0.11068861939783E+000 0.11712400954886E-005 0.30940591212841E-019 0.16624279497523E-020 0.19041568360282E-018 0.82603479657456E-019 0.21236050035120E-002 0.13362189219285E+000 0.68639332423150E-010 0.78670973030390E-012 0.15463286047994E-019 0.20816306977353E-029 -.21583656298468E-032 -.76534617830866E-032 0.86314973613140E-009 0.41360763189655E-004 0.72876681469384E+000 -.20816271902085E-019 0.20993903950451E+004 0.35000000000000E-001 -.29476530787632E+003 0.49925931535341E-001 0.20993903950451E+004 0.10132500000000E+006 0.16067923885351E-003 0.27680315405046E+002 0.10000000000000E+001 0.00000000000000E+000 0.10000000000000E+001 0.00000000000000E+000 0.34095846184193E+000
 198 0.18897842603719E+001 0.61630626673559E-004 0.39030893215789E-005 0.13363012759695E-003 0.22957197232945E-001 0.15732619041244E-002 0.11070110246055E+000 0.11663999540532E-005 0.29979657908849E-019 0.16114060816812E-020 0.18560648686852E-018 0.81008146885244E-019 0.20990310258588E-002 0.13366052782086E+000 0.66659996194847E-010 0.76937329704317E-012 0.14859431364756E-019 0.19959509069634E-029 -.21248914233053E-032 -.75428048498896E-032 0.85783507211876E-009 0.42183113542565E-004 0.72876636527331E+000 -.20954784538614E-019 0.20997153183301E+004 0.35000000000000E-001 -.29475984787712E+003 0.49925931535341E-001 0.20997153183301E+004 0.10132500000000E+006 0.16065812723694E-003 0.27680962021219E+002 0.10000000000000E+001 0.00000000000000E+000 0.10000000000000E+001 0.00000000000000E+000 0.31140546593245E+000
 199 0.19448551663733E+001 0.60960677339170E-004 0.38376605675825E-005 0.13210334782617E-003 0.22943150867213E-001 0.15647853272077E-002 0.11071250466872E+000 0.11619616707906E-005 0.29107558430429E-019 0.15650818814083E-020 0.18121563004618E-018 0.79542238866047E-019 0.20763207677152E-002 0.13369622727740E+000 0.64862670733041E-010 0.75351453307925E-012 0.14316759509636E-019 0.19190777121960E-029 -.20891084660764E-032 -.74210368715849E-032 0.85287020680211E-009 0.42999853877991E-004 0.72876594667198E+000 -.21074708147005E-019 0.21000134275627E+004 0.35000000000000E-001 -.29475641143122E+003 0.49925931535341E-001 0.21000134275627E+004 0.10132500000000E+006 0.16063880963744E-003 0.27681563211308E+002 0.10000000000000E+001 0.00000000000000E+000 0.10000000000000E+001 0.00000000000000E+000 0.28445134113124E+000
 200 0.20000000000000E+001 0.60327707447415E-004 0.37763199379620E-005 0.13066617678830E-003 0.22930243415367E-001 0.15567444593926E-002 0.11072296918251E+000 0.11578106485794E-005 0.28299777130030E-019 0.15221561690000E-020 0.17712551351276E-018 0.78168531322639E-019 0.20549847730407E-002 0.13372975020075E+000 0.63198746852996E-010 0.73873002726605E-012 0.13818992096849E-019 0.18517640919784E-029 -.12203749198205E-032 -.39109086262257E-032 0.84812021829435E-009 0.43811008158491E-004 0.72876556803390E+000 -.21088910706625E-019 0.21002895393923E+004 0.35000000000000E-001 -.29475641143122E+003 0.49925931535341E-001 0.21002895393923E+004 0.10132500000000E+006 0.16062101088436E-003 0.27682135294635E+002 0.10000000000000E+001 0.00000000000000E+000 0.10000000000000E+001 0.00000000000000E+000 0.25965009707843E+000
