[CHEM1D_DATAFILE_VERSION]
 4

[NUMBER_OF_GRIDPOINTS]
         200
[MOLE_OR_MASS_FRACTIONS]
 MASS
[NUMBER_OF_SPECIES]
          23
[NUMBER_OF_VARIABLES]
          36

[TIME]
0.000000000000000E+00
[INLET]
Phi =  0.90, Tinlet =  300.00 K, Pinlet =  101325.00 Pa.
[COMMENT]
Burner stabilized flame, Stationary solution, Mixture averaged diffusion, Detailed chemistry,  No radiation model.
 No heat exchanger model.
[USER_COMMENT]
-                                                      

[FILE_STRUCTURE_COLUMNS_CONTAINING]
 i x(i) H2               H                O                O2               OH               H2O              HO2              CH2              CH2(S)           CH3              CH4              CO               CO2              HCO              CH2O             CH3O             C2H4             C2H5             C2H6             N                NO               N2               AR               Temp             Massflow         Enthalpy         MixFrac          Tsolid           Press            Density          MeanMass         Surface          Stretch          Porosity         DensSolid        HeatRel         
   1 -.50000000000000E+000 0.00000000000000E+000 0.00000000000000E+000 0.00000000000000E+000 0.22128888772717E+000 0.00000000000000E+000 -.12959228056699E-097 0.00000000000000E+000 0.00000000000000E+000 0.00000000000000E+000 0.00000000000000E+000 0.49925931535341E-001 0.00000000000000E+000 0.00000000000000E+000 0.00000000000000E+000 0.00000000000000E+000 0.00000000000000E+000 0.00000000000000E+000 0.00000000000000E+000 0.00000000000000E+000 0.48028444480420E-098 0.00000000000000E+000 0.72878518073749E+000 0.00000000000000E+000 0.30000000000000E+003 0.35000000000000E-001 -.23013545362833E+003 0.49925931535341E-001 0.30000000000000E+003 0.10132500000000E+006 0.11270373206847E-002 0.27744545509365E+002 0.10000000000000E+001 0.00000000000000E+000 0.10000000000000E+001 0.00000000000000E+000 -.54191916608436E-032
   2 -.43124483577125E+000 0.10650536705260E-012 0.11223192033632E-042 0.42940058986980E-032 0.22128888778219E+000 0.26541342523032E-035 0.12557411261313E-033 0.14223579291516E-035 -.35041211113981E-048 -.16104649963353E-049 0.17496189305441E-033 0.49925931571908E-001 0.91695531139567E-048 0.44290532067012E-064 -.19867584353543E-048 0.64455043193010E-037 0.86347603886683E-050 0.15224905804595E-041 -.15771913530565E-041 0.21946115323717E-039 -.43478646659085E-035 0.30475199262236E-035 0.72878518064580E+000 0.20877435866989E-031 0.30000000010090E+003 0.35000000000000E-001 -.23013545369024E+003 0.49925931535341E-001 0.30000000010090E+003 0.10132500000000E+006 0.11270373202813E-002 0.27744545508766E+002 0.10000000000000E+001 0.00000000000000E+000 0.10000000000000E+001 0.00000000000000E+000 0.13945030924449E-030
   3 -.36570425082844E+000 0.14533297513186E-011 0.11249103132104E-042 0.36568487297742E-029 0.22128888999946E+000 0.22614378652281E-032 0.84656049599631E-031 0.27539246692614E-035 -.28382582476233E-046 -.13044554781056E-047 0.14001114303420E-030 0.49925927302430E-001 0.24965594935840E-044 0.72666749822418E-054 -.16092235277826E-046 0.48342441734866E-034 0.68856743276132E-047 0.12210224019184E-039 -.12648932649048E-039 -.56334943848114E-038 -.48323568709967E-034 -.20124866159085E-034 0.72878518269665E+000 0.12393808132451E-030 0.29999998987892E+003 0.35000000000000E-001 -.23013544479420E+003 0.49925931552732E-001 0.29999998987892E+003 0.10132500000000E+006 0.11270373625279E-002 0.27744545603412E+002 0.10000000000000E+001 0.00000000000000E+000 0.10000000000000E+001 0.00000000000000E+000 0.12329465881243E-027
   4 -.30554462336654E+000 0.15145391917003E-010 0.11893331247790E-041 0.15080205666035E-026 0.22129061943004E+000 0.93407796365820E-030 0.33348108121536E-028 0.45551796007162E-035 -.15484073910351E-044 -.71166746360337E-046 0.53686698412209E-028 0.49926339423039E-001 0.20376038566630E-038 0.61316940897707E-046 -.87791550171863E-045 0.16953115162800E-031 0.26274354080718E-044 0.65505591842083E-038 -.67856898920095E-038 -.22565772890893E-036 -.94684028499785E-032 0.17171489885018E-031 0.72878304113177E+000 0.45058804423260E-029 0.30000204605200E+003 0.35000000000000E-001 -.23013515868835E+003 0.49927239242145E-001 0.30000204605200E+003 0.10132500000000E+006 0.11270295349671E-002 0.27744543067806E+002 0.10000000000000E+001 0.00000000000000E+000 0.10000000000000E+001 0.00000000000000E+000 0.50944088534522E-025
   5 -.25098655874797E+000 0.12659987144677E-009 0.37714645820167E-038 0.31283607896886E-024 0.22137436128088E+000 0.20239741552556E-027 0.82333416369316E-026 0.52919509548119E-032 -.24638440881890E-042 -.11329916956847E-043 0.94768610812719E-026 0.49853043943679E-001 0.66524377239983E-034 0.19792664543581E-040 -.13970260266456E-042 0.28324210355221E-029 0.51456007975486E-042 0.10200882445356E-035 -.10573111273834E-035 0.12706150779807E-034 -.15427401372947E-031 0.31003767444915E-031 0.72877259464884E+000 0.44993650217851E-029 0.30001197882495E+003 0.35000000000000E-001 -.22978388178866E+003 0.62401414793490E-001 0.30001197882495E+003 0.10132500000000E+006 0.11270649079425E-002 0.27746332482075E+002 0.10000000000000E+001 0.00000000000000E+000 0.10000000000000E+001 0.00000000000000E+000 0.11136437226673E-022
   6 -.20000000000000E+000 0.92139492734690E-009 0.54983080375865E-034 0.39337200974133E-022 0.22128888415492E+000 0.59854361037516E-025 0.26317687596393E-023 0.88374969069010E-029 -.15180509044059E-040 -.80176457125289E-042 0.37239160784858E-023 0.49925930605607E-001 0.30273860538335E-030 0.62580361989195E-037 -.10334576339925E-040 0.28928522464416E-026 0.17360519334388E-037 0.22279887025272E-034 -.23243876780945E-034 0.33966679641301E-032 -.15722290430999E-031 0.29202891556326E-031 0.72878518431807E+000 0.44954632276471E-029 0.33300000000000E+003 0.58333333333333E-001 -.19467020139854E+003 0.49925931535341E-001 0.33300000000000E+003 0.10132500000000E+006 0.10153489258551E-002 0.27744545189697E+002 0.10000000000000E+001 0.00000000000000E+000 0.60000000000000E+000 0.00000000000000E+000 0.52069399086314E-020
   7 -.15365985824349E+000 0.14988262806029E-007 0.11235706803722E-029 0.83957640685154E-019 0.22128883648927E+000 0.12837852225422E-021 0.18519597671326E-017 -.58140319092584E-024 0.28902686665795E-040 0.17330279088318E-041 0.54308152882418E-020 0.49925918196789E-001 -.36564909050915E-022 -.98424509239103E-029 0.19775695306879E-040 0.28787879956756E-023 0.36659908743118E-034 0.24359739180896E-028 -.40478970816991E-034 -.70319922913905E-029 0.72520165759774E-030 -.12459644112305E-027 0.72878523032568E+000 0.44954618802452E-029 0.33300000000000E+003 0.58333333333333E-001 -.19467013749876E+003 0.49925931535341E-001 0.33300000000000E+003 0.10132500000000E+006 0.10153487467735E-002 0.27744540296268E+002 0.10000000000000E+001 0.00000000000000E+000 0.60000000000000E+000 0.00000000000000E+000 0.11170271577760E-016
   8 -.11038413661651E+000 0.20260273391493E-006 0.11894021779440E-025 0.85412056484326E-016 0.22128834632887E+000 0.15444455091925E-018 0.37292048600989E-012 0.59155829864011E-017 0.78343344821319E-034 0.39614211375764E-035 0.10293945892097E-016 0.49925790511602E-001 0.30792241257674E-015 0.10793128886444E-021 0.53479072816164E-034 0.48873480461479E-020 -.11125387264092E-026 -.26198096181777E-021 0.16617780952543E-029 0.12174578967719E-021 0.46814111510929E-026 0.10695746212195E-020 0.72878566055642E+000 0.44954913998007E-029 0.33300000000000E+003 0.58333333333333E-001 -.19466946007908E+003 0.49925931535346E-001 0.33300000000000E+003 0.10132500000000E+006 0.10153463481674E-002 0.27744474754036E+002 0.10000000000000E+001 0.00000000000000E+000 0.60000000000000E+000 0.00000000000000E+000 0.13991489048495E-013
   9 -.73233196343838E-001 0.18975649894721E-005 0.72866018635815E-022 0.24786954422414E-013 0.22128520775291E+000 0.21423865149127E-015 0.24941112107084E-008 0.81746651507030E-012 0.93902159865963E-027 0.45281005402621E-028 0.84716382953278E-013 0.49924967453908E-001 0.47112766776671E-010 -.11201420838223E-015 0.64794776521004E-027 0.87944257537423E-017 0.27052223229943E-020 0.26665460257158E-015 -.23312826770845E-022 -.13480096788312E-015 0.55275687454456E-023 0.22124955939000E-015 0.72878792468604E+000 0.10235780035699E-027 0.33300000000000E+003 0.58333333333333E-001 -.19466490159701E+003 0.49925931637111E-001 0.33300000000000E+003 0.10132500000000E+006 0.10153245911658E-002 0.27743880241057E+002 0.10000000000000E+001 0.00000000000000E+000 0.60000000000000E+000 0.00000000000000E+000 0.22967413433418E-010
  10 -.44528900153086E-001 0.10752806611227E-004 0.21786710657438E-018 0.16759030336664E-011 0.22127326775700E+000 0.23438466948117E-012 0.10278347230329E-005 0.11621557013872E-008 0.53804470016437E-021 0.30396259653766E-022 0.52158819084517E-010 0.49921214174846E-001 0.69092129899704E-007 0.13106253529734E-008 0.79421187892096E-021 0.83686937933660E-010 0.88540328455930E-013 0.55568981922092E-010 0.12999991953685E-016 0.23695862921718E-010 0.10295557997743E-020 0.35407808642047E-012 0.72879366564445E+000 0.21268934291798E-024 0.33300000000000E+003 0.58333333333333E-001 -.19465746534145E+003 0.49926005339922E-001 0.33300000000000E+003 0.10132500000000E+006 0.10152105218088E-002 0.27740763280621E+002 0.10000000000000E+001 0.00000000000000E+000 0.60000000000000E+000 0.00000000000000E+000 0.29400989256850E-007
  11 -.24875705072706E-001 0.35530738658579E-004 0.14594292119704E-015 0.28723004864190E-010 0.22123273522213E+000 0.54014734846123E-010 0.50177263285432E-004 0.10591900592368E-006 0.69492688921314E-017 0.40997958769953E-018 0.30601987904990E-008 0.49881756106226E-001 0.63917498718289E-005 0.66179362380172E-006 0.35250776714234E-016 0.42447904177670E-007 0.20480079053718E-009 0.23993914352974E-007 0.87058176619061E-013 0.21268618033212E-007 0.35205481381654E-019 0.34120342114230E-010 0.72879255011482E+000 0.23549794926656E-022 0.33300000000000E+003 0.58333333333333E-001 -.19515328264504E+003 0.49930762519063E-001 0.33300000000000E+003 0.10132500000000E+006 0.10148867460989E-002 0.27731916066047E+002 0.10000000000000E+001 0.00000000000000E+000 0.60000000000000E+000 0.00000000000000E+000 0.15268083816765E-004
  12 -.12990299586289E-001 0.73547842699580E-004 0.16704658249650E-013 0.16430386253998E-009 0.22101010165337E+000 0.21996405726288E-008 0.51407419449665E-003 0.15176749406134E-005 0.29453275186105E-014 0.17451777058855E-015 0.32124527694997E-007 0.49553631941624E-001 0.92645196569119E-004 0.21935801855510E-004 0.41203885738283E-013 0.13962329053533E-005 0.20003274404700E-007 0.74143231331590E-006 0.19511835914516E-010 0.90195904717049E-006 0.30312870189547E-018 0.50531526600296E-009 0.72872945105354E+000 0.37504770371234E-021 0.33300000000000E+003 0.58333333333333E-001 -.20037242022282E+003 0.49983960469542E-001 0.33300000000000E+003 0.10132500000000E+006 0.10143620111227E-002 0.27717577612647E+002 0.10000000000000E+001 0.00000000000000E+000 0.60000000000000E+000 0.00000000000000E+000 0.13483432058870E-002
  13 -.65501177148561E-002 0.10926684966849E-003 0.31574127964267E-012 0.47152552467921E-009 0.22030992493250E+000 0.16778178751390E-007 0.18338789740933E-002 0.64385900381333E-005 0.78647054275606E-013 0.45867723252982E-014 0.11146494275918E-006 0.48612262729711E-001 0.39857727695688E-003 0.14549911424984E-003 0.20032887294505E-011 0.91178593828014E-005 0.24622257044824E-006 0.47446735789728E-005 0.45574508194863E-009 0.67744452908261E-005 0.98330440701669E-018 0.21991019070281E-008 0.72856313696006E+000 0.16966588942617E-020 0.33300000000000E+003 0.58333333333333E-001 -.21604034923998E+003 0.50151334221292E-001 0.33300000000000E+003 0.10132500000000E+006 0.10138289416919E-002 0.27703011419158E+002 0.10000000000000E+001 0.00000000000000E+000 0.60000000000000E+000 0.00000000000000E+000 0.18778190919009E-001
  14 -.32950509579818E-002 0.13351460295339E-003 0.15141923638320E-011 0.90748554300186E-009 0.21931079331192E+000 0.45257628086891E-007 0.35047124720266E-002 0.13399731664128E-004 0.43090460708017E-012 0.24562779763045E-013 0.22288774926759E-006 0.47401362340051E-001 0.83899673423235E-003 0.38249980927188E-003 0.13991398997357E-010 0.23656866803174E-004 0.86801570287700E-006 0.12246080457778E-004 0.22877758465913E-008 0.18976293041813E-004 0.17858309691393E-017 0.46564942899805E-008 0.72835869772878E+000 0.36648462032169E-020 0.33300000000000E+003 0.58333333333333E-001 -.23675220816353E+003 0.50375981120110E-001 0.33300000000000E+003 0.10132500000000E+006 0.10134561204526E-002 0.27692824028934E+002 0.10000000000000E+001 0.00000000000000E+000 0.60000000000000E+000 0.00000000000000E+000 0.76978618493122E-001
  15 -.16384716889016E-002 0.14785721877347E-003 0.34739572277643E-011 0.13458520580286E-008 0.21842496668000E+000 0.74719405565786E-007 0.48773991044371E-002 0.19474198895027E-004 0.10818783746112E-011 0.60482620940469E-013 0.33422339027556E-006 0.46394659020869E-001 0.12272726379525E-002 0.62740446904558E-003 0.37681858920897E-010 0.38495092629562E-004 0.16258254394531E-005 0.19897258675761E-004 0.50669616905843E-008 0.32161913486234E-004 0.24198973392575E-017 0.68321918366381E-008 0.72818836434969E+000 0.54325761687742E-020 0.33300000000000E+003 0.58333333333333E-001 -.25428515337535E+003 0.50566614176985E-001 0.33300000000000E+003 0.10132500000000E+006 0.10132415725448E-002 0.27686961478659E+002 0.10000000000000E+001 0.00000000000000E+000 0.60000000000000E+000 0.00000000000000E+000 0.16280886420558E+000
  16 -.68947760057511E-003 0.15675696997187E-003 0.57383493685517E-011 0.17282093019844E-008 0.21773850759910E+000 0.99399560498760E-007 0.58945689371047E-002 0.24134332964905E-004 0.18795409346865E-011 0.10359037657179E-012 0.43194208147566E-006 0.45642861611830E-001 0.15264496810642E-002 0.83352371699984E-003 0.66458641052089E-010 0.50891530699440E-004 0.23134410608496E-005 0.26289914027628E-004 0.78919244298898E-008 0.43540467630160E-004 0.28798907165962E-017 0.85125772567786E-008 0.72805961224902E+000 0.68087278145112E-020 0.33300000000000E+003 0.58333333333333E-001 -.26752459942661E+003 0.50710470174864E-001 0.33300000000000E+003 0.10132500000000E+006 0.10131147579331E-002 0.27683496252435E+002 0.10000000000000E+001 0.00000000000000E+000 0.60000000000000E+000 0.00000000000000E+000 0.25310567140343E+000
  17 0.00000000000000E+000 0.16355598441616E-003 0.85339649332339E-011 0.20990392184331E-008 0.21713404743119E+000 0.12206866928614E-006 0.67640824615610E-002 0.28212395362771E-004 0.28308516193467E-011 0.15487376159184E-012 0.52752883455931E-006 0.44996625233289E-001 0.17886913367163E-002 0.10247200498558E-002 0.10020697326844E-009 0.62334471191452E-004 0.29774241749077E-005 0.32191969840978E-004 0.10819459670468E-007 0.54266124925519E-004 0.32679397914634E-017 0.99877306863737E-008 0.72794766290099E+000 0.80229434850504E-020 0.33300000000000E+003 0.35000000000000E-001 -.27899060457612E+003 0.50834911768919E-001 0.33300000000000E+003 0.10132500000000E+006 0.10130228378657E-002 0.27680984524299E+002 0.10000000000000E+001 0.00000000000000E+000 0.60000000000000E+000 0.00000000000000E+000 0.35106306449639E+000
  18 0.59491966621902E-003 0.16873801432275E-003 0.11294604579945E-010 0.23533784551826E-008 0.21666218155773E+000 0.13633223829555E-006 0.72634583011541E-002 0.30551002526585E-004 0.34616192543577E-011 0.19355427066095E-012 0.59244504587110E-006 0.44726801633622E-001 0.19404654984378E-002 0.11378788862291E-002 0.12423360114247E-009 0.69148833738205E-004 0.33882665337182E-005 0.35720223118623E-004 0.12758096190501E-007 0.60750427162916E-004 0.34996174506641E-017 0.10839047079595E-007 0.72789989528418E+000 0.87166764807816E-020 0.34027112644275E+003 0.35000000000000E-001 -.27821256761403E+003 0.49925931535341E-001 0.34027112644275E+003 0.10132500000000E+006 0.99122043650874E-003 0.27676642821051E+002 0.10000000000000E+001 0.00000000000000E+000 0.10000000000000E+001 0.00000000000000E+000 0.40652384813187E+000
  19 0.12164586734896E-002 0.17433785435966E-003 0.16017836477785E-010 0.26931422416161E-008 0.21612815102641E+000 0.15394199146868E-006 0.78133393393548E-002 0.33156615766665E-004 0.43446719475617E-011 0.24880375922644E-012 0.67717009454349E-006 0.44435470986402E-001 0.21097963290213E-002 0.12667868967048E-002 0.15624645739341E-009 0.76863521788180E-004 0.38748848964979E-005 0.39739361573265E-004 0.15250046945799E-007 0.68202813878885E-004 0.37593850346205E-017 0.11788963611588E-007 0.72784941934874E+000 0.94962165423197E-020 0.34831674460700E+003 0.35000000000000E-001 -.27737030796565E+003 0.49925931535341E-001 0.34831674460700E+003 0.10132500000000E+006 0.96815386303899E-003 0.27671761006902E+002 0.10000000000000E+001 0.00000000000000E+000 0.10000000000000E+001 0.00000000000000E+000 0.47710186645703E+000
  20 0.18767081926185E-002 0.18049831367729E-003 0.24256259204461E-010 0.31532389011203E-008 0.21551275837361E+000 0.17620841117453E-006 0.84294449817695E-002 0.36112832686802E-004 0.56244783062917E-011 0.33040644253911E-012 0.78925139298990E-006 0.44115419003667E-001 0.23021631906740E-002 0.14163622354806E-002 0.20021987977492E-009 0.85753691610979E-004 0.44615084814668E-005 0.44403276667569E-004 0.18542601637511E-007 0.76930385322498E-004 0.40574795212485E-017 0.12868220822694E-007 0.72779469195206E+000 0.10362653174769E-019 0.35737679716301E+003 0.35000000000000E-001 -.27644099132600E+003 0.49925931535341E-001 0.35737679716301E+003 0.10132500000000E+006 0.94342023894566E-003 0.27666205841738E+002 0.10000000000000E+001 0.00000000000000E+000 0.10000000000000E+001 0.00000000000000E+000 0.56926486700395E+000
  21 0.25692584914583E-002 0.18719871247594E-003 0.39208183203238E-010 0.37699342842766E-008 0.21481191522920E+000 0.20419288135480E-006 0.91115535076857E-002 0.39429972761594E-004 0.74854002613648E-011 0.45158815886040E-012 0.93568710809012E-006 0.43768013740193E-001 0.25182661158964E-002 0.15880322969516E-002 0.26074308779310E-009 0.95879098659082E-004 0.51599331998010E-005 0.49757353395662E-004 0.22893361677895E-007 0.87044443702827E-004 0.43980457792557E-017 0.14080739956019E-007 0.72773656866396E+000 0.11316467126376E-019 0.36745906014085E+003 0.35000000000000E-001 -.27542625264753E+003 0.49925931535341E-001 0.36745906014085E+003 0.10132500000000E+006 0.91732753998729E-003 0.27659954073669E+002 0.10000000000000E+001 0.00000000000000E+000 0.10000000000000E+001 0.00000000000000E+000 0.68965955883170E+000
  22 0.32765022780431E-002 0.19429704840984E-003 0.66957747696235E-010 0.45760535017526E-008 0.21403548351389E+000 0.23853755573767E-006 0.98464457112099E-002 0.43054701036518E-004 0.10147087795775E-010 0.62885285232858E-012 0.11216228765619E-005 0.43400843487554E-001 0.27546189797365E-002 0.17798145044856E-002 0.34258721777582E-009 0.10709583169014E-003 0.59668023021336E-005 0.55740930946141E-004 0.28543979934622E-007 0.98455454952807E-004 0.47800291768014E-017 0.15406939226235E-007 0.72767677392606E+000 0.12327250828564E-019 0.37837684360403E+003 0.35000000000000E-001 -.27434575934673E+003 0.49925931535341E-001 0.37837684360403E+003 0.10132500000000E+006 0.89063847714039E-003 0.27653115412254E+002 0.10000000000000E+001 0.00000000000000E+000 0.10000000000000E+001 0.00000000000000E+000 0.84453738576543E+000
  23 0.39803028822130E-002 0.20162038328911E-003 0.11830759584334E-009 0.56012786336773E-008 0.21319979804921E+000 0.27956515617750E-006 0.10616521396671E-001 0.46908318567742E-004 0.13864884284441E-010 0.88215381900156E-012 0.13504078497191E-005 0.43022956183464E-001 0.30060497260465E-002 0.19880419697881E-002 0.45062966137929E-009 0.11916473106136E-003 0.68685140708748E-005 0.62240883513995E-004 0.35723564510306E-007 0.11096668375086E-003 0.52006598233334E-017 0.16817763499500E-007 0.72761717446127E+000 0.13466188690827E-019 0.38987292443968E+003 0.35000000000000E-001 -.27322399397223E+003 0.49925931535341E-001 0.38987292443968E+003 0.10132500000000E+006 0.86414940800609E-003 0.27645851774591E+002 0.10000000000000E+001 0.00000000000000E+000 0.10000000000000E+001 0.00000000000000E+000 0.10401197897254E+001
  24 0.46684786486643E-002 0.20903353137638E-003 0.21104253003116E-009 0.68766917634215E-008 0.21231999327722E+000 0.32753508363942E-006 0.11407112787368E-001 0.50921637437951E-004 0.18944019632252E-010 0.12359556271133E-011 0.16246570830656E-005 0.42641294707864E-001 0.32680194752610E-002 0.22092120472579E-002 0.59022060851842E-009 0.13186239808029E-003 0.78487324805362E-005 0.69149055543685E-004 0.44676740183728E-007 0.12438167538360E-003 0.56587249585855E-017 0.18287706051387E-007 0.72755914781998E+000 0.14707485314519E-019 0.40172836445888E+003 0.35000000000000E-001 -.27208000949218E+003 0.49925931535341E-001 0.40172836445888E+003 0.10132500000000E+006 0.83841856545297E-003 0.27638307590663E+002 0.10000000000000E+001 0.00000000000000E+000 0.10000000000000E+001 0.00000000000000E+000 0.12835237181147E+001
  25 0.53355548088869E-002 0.21645869896433E-003 0.37247006859848E-009 0.84401645634557E-008 0.21140644948731E+000 0.38286263764743E-006 0.12209086838221E-001 0.55048763828463E-004 0.25765779779560E-010 0.17212147210492E-011 0.19473556340281E-005 0.42259730883872E-001 0.35375770568706E-002 0.24408959212161E-002 0.76778005465787E-009 0.14503294959452E-003 0.88932461562502E-005 0.76390551551730E-004 0.55696156289021E-007 0.13856097292667E-003 0.61560677175285E-017 0.19800172418448E-007 0.72750345930699E+000 0.15935625845551E-019 0.41380353985694E+003 0.35000000000000E-001 -.27092439410870E+003 0.49925931535341E-001 0.41380353985694E+003 0.10132500000000E+006 0.81372515763590E-003 0.27630580376734E+002 0.10000000000000E+001 0.00000000000000E+000 0.10000000000000E+001 0.00000000000000E+000 0.15835718467608E+001
  26 0.59805149507170E-002 0.22386202595662E-003 0.64211392965962E-009 0.10339958102264E-007 0.21046508644938E+000 0.44620556305660E-006 0.13017864779756E-001 0.59263423081159E-004 0.34817574561270E-010 0.23778058417556E-011 0.23223680761213E-005 0.41879814445166E-001 0.38131633217312E-002 0.26817152882623E-002 0.99133451083299E-009 0.15858409320049E-003 0.99908883150679E-005 0.83923022537166E-004 0.69142320102705E-007 0.15342409773930E-003 0.66975375022776E-017 0.21346385575961E-007 0.72745043709193E+000 0.17179191582036E-019 0.42602562364795E+003 0.35000000000000E-001 -.26976119750887E+003 0.49925931535341E-001 0.42602562364795E+003 0.10132500000000E+006 0.79015583301888E-003 0.27622725905763E+002 0.10000000000000E+001 0.00000000000000E+000 0.10000000000000E+001 0.00000000000000E+000 0.19510831581961E+001
  27 0.66044026116420E-002 0.23123306876418E-003 0.10743375181746E-008 0.12636424740689E-007 0.20949909189007E+000 0.51845068947515E-006 0.13831450365200E-001 0.63549718948396E-004 0.46722189113032E-010 0.32570454698009E-011 0.27544111416942E-005 0.41501865399964E-001 0.40940379128578E-002 0.29309456684641E-002 0.12709008276803E-008 0.17246233259755E-003 0.11132377128766E-004 0.91724317491498E-004 0.85448753664416E-007 0.16892782536167E-003 0.72903849177247E-017 0.22922169744509E-007 0.72740018285875E+000 0.18430644878374E-019 0.43836023941153E+003 0.35000000000000E-001 -.26859097674483E+003 0.49925931535341E-001 0.43836023941153E+003 0.10132500000000E+006 0.76770132426105E-003 0.27614774928503E+002 0.10000000000000E+001 0.00000000000000E+000 0.10000000000000E+001 0.00000000000000E+000 0.23986957900030E+001
  28 0.72088834829961E-002 0.23857073293588E-003 0.17406153065114E-008 0.15403084029310E-007 0.20851036436518E+000 0.60066921885355E-006 0.14648980636323E-001 0.67894977778515E-004 0.62267551031388E-010 0.44243626859768E-011 0.32488402406104E-005 0.41125716009374E-001 0.43798302653821E-002 0.31881710542038E-002 0.16188012834895E-008 0.18663224949711E-003 0.12309021611242E-004 0.99781717739384E-004 0.10511966369570E-006 0.18504619209135E-003 0.79438089212066E-017 0.24525430455599E-007 0.72735270479414E+000 0.19628030554293E-019 0.45079016680086E+003 0.35000000000000E-001 -.26741291519390E+003 0.49925931535341E-001 0.45079016680086E+003 0.10132500000000E+006 0.74631595886611E-003 0.27606746367975E+002 0.10000000000000E+001 0.00000000000000E+000 0.10000000000000E+001 0.00000000000000E+000 0.29404825133730E+001
  29 0.77956427002573E-002 0.24587667742454E-003 0.27312633416595E-008 0.18728057866450E-007 0.20750027357249E+000 0.69407697900228E-006 0.15470010700655E-001 0.72286130695092E-004 0.82440041890277E-010 0.59623173924294E-011 0.38114740308870E-005 0.40751058965634E-001 0.46703104489934E-002 0.34530987349922E-002 0.20500039504895E-008 0.20106564568854E-003 0.13511986616140E-004 0.10808615692857E-003 0.12872595851545E-006 0.20175949267527E-003 0.86688242912161E-017 0.26154868219545E-007 0.72730797745764E+000 0.20808054643819E-019 0.46330471395338E+003 0.35000000000000E-001 -.26622582764963E+003 0.49925931535341E-001 0.46330471395338E+003 0.10132500000000E+006 0.72594400225687E-003 0.27598654085286E+002 0.10000000000000E+001 0.00000000000000E+000 0.10000000000000E+001 0.00000000000000E+000 0.35915602222059E+001
  30 0.83662040597498E-002 0.25315295036171E-003 0.41565633039431E-008 0.22716125144311E-007 0.20646996898496E+000 0.80000336370705E-006 0.16294238143589E-001 0.76708390797209E-004 0.10846265033066E-009 0.79740613743575E-011 0.44484950185654E-005 0.40377573953326E-001 0.49652987545446E-002 0.37254837542608E-002 0.25825171410326E-008 0.21573721304578E-003 0.14732009935207E-004 0.11662986027277E-003 0.15690093057060E-006 0.21904969644685E-003 0.94783799205009E-017 0.27809470853956E-007 0.72726596350803E+000 0.22004561635375E-019 0.47589558872856E+003 0.35000000000000E-001 -.26502852465254E+003 0.49925931535341E-001 0.47589558872856E+003 0.10132500000000E+006 0.70652897969875E-003 0.27590509590038E+002 0.10000000000000E+001 0.00000000000000E+000 0.10000000000000E+001 0.00000000000000E+000 0.43677660862601E+001
  31 0.89218991201873E-002 0.26040126486535E-003 0.61472728229167E-008 0.27491283506687E-007 0.20542049771084E+000 0.91986231323743E-006 0.17121404708459E-001 0.81144967422307E-004 0.14183742948871E-009 0.10587200397165E-010 0.51663898816452E-005 0.40004967964187E-001 0.52646325866063E-002 0.40051002150886E-002 0.32378234674540E-008 0.23062295907488E-003 0.15959330141150E-004 0.12540544778797E-003 0.19033462549335E-006 0.23689865025065E-003 0.10387606915909E-016 0.29488327477816E-007 0.72722662109133E+000 0.23075614412155E-019 0.48855541028023E+003 0.35000000000000E-001 -.26381992636590E+003 0.49925931535341E-001 0.48855541028023E+003 0.10132500000000E+006 0.68801665487275E-003 0.27582323074621E+002 0.10000000000000E+001 0.00000000000000E+000 0.10000000000000E+001 0.00000000000000E+000 0.52853972859048E+001
  32 0.94638757000671E-002 0.26762276337347E-003 0.88545306593024E-008 0.33199662566000E-007 0.20435286119023E+000 0.10551208726482E-005 0.17951253782446E-001 0.85577195833071E-004 0.18439095940909E-009 0.13957945192220E-010 0.59718976101559E-005 0.39632989371565E-001 0.55681514383364E-002 0.42917274350281E-002 0.40413312424342E-008 0.24569951666263E-003 0.17183693621613E-004 0.13440550335503E-003 0.22976590864915E-006 0.25528716310399E-003 0.11414137219486E-016 0.31190544057324E-007 0.72718990667764E+000 0.24181392929808E-019 0.50127705357855E+003 0.35000000000000E-001 -.26259910251085E+003 0.49925931535341E-001 0.50127705357855E+003 0.10132500000000E+006 0.67035603001040E-003 0.27574103909999E+002 0.10000000000000E+001 0.00000000000000E+000 0.10000000000000E+001 0.00000000000000E+000 0.63609926290225E+001
  33 0.99931162337400E-002 0.27481794830493E-003 0.12449190689736E-007 0.40012705097821E-007 0.20326804804684E+000 0.12072652435483E-005 0.18783508921538E-001 0.89984881762380E-004 0.23832159808715E-009 0.18275432822705E-010 0.68719565937763E-005 0.39261432756857E-001 0.58756887111188E-002 0.45851417686881E-002 0.50228307243928E-008 0.26094379818832E-003 0.18394405535625E-004 0.14362232346665E-003 0.27597211749328E-006 0.27419442872387E-003 0.12578498137929E-016 0.32915197423914E-007 0.72715577615850E+000 0.25277846687920E-019 0.51405330947287E+003 0.35000000000000E-001 -.26136528773921E+003 0.49925931535341E-001 0.51405330947287E+003 0.10132500000000E+006 0.65349961886615E-003 0.27565860930164E+002 0.10000000000000E+001 0.00000000000000E+000 0.10000000000000E+001 0.00000000000000E+000 0.76111426527788E+001
  34 0.10510462655128E-001 0.28198675030159E-003 0.17120681980413E-007 0.48130621011275E-007 0.20216704407680E+000 0.13777674126815E-005 0.19617870499287E-001 0.94346816315273E-004 0.30624800063674E-009 0.23766147284910E-010 0.78736594562111E-005 0.38890136190308E-001 0.61870698992644E-002 0.48851142091158E-002 0.62169593268687E-008 0.27633297153564E-003 0.19580427144289E-004 0.15304785013182E-003 0.32975718121163E-006 0.29359781358800E-003 0.13904581703997E-016 0.34661325037940E-007 0.72712418485256E+000 0.26321985841174E-019 0.52687682133171E+003 0.35000000000000E-001 -.26011787504084E+003 0.49925931535341E-001 0.52687682133171E+003 0.10132500000000E+006 0.63740325354663E-003 0.27557602529480E+002 0.10000000000000E+001 0.00000000000000E+000 0.10000000000000E+001 0.00000000000000E+000 0.90523310064214E+001
  35 0.11016647404042E-001 0.28912873712841E-003 0.23075576843447E-007 0.57786183411434E-007 0.20105081653750E+000 0.15680566610357E-005 0.20454031065275E-001 0.98641425701089E-004 0.39125944569000E-009 0.30698452577363E-010 0.89842308263895E-005 0.38518970845010E-001 0.65021178405272E-002 0.51914148931534E-002 0.76636968157818E-008 0.29184478383723E-003 0.20730520699037E-004 0.16267382382092E-003 0.39193976971259E-006 0.31347309908591E-003 0.15420226283794E-016 0.36427954397066E-007 0.72709508682563E+000 0.27281227820185E-019 0.53974031037580E+003 0.35000000000000E-001 -.25885638411749E+003 0.49925931535341E-001 0.53974031037580E+003 0.10132500000000E+006 0.62202555534511E-003 0.27549336567266E+002 0.10000000000000E+001 0.00000000000000E+000 0.10000000000000E+001 0.00000000000000E+000 0.10700821293612E+002
  36 0.11512326053438E-001 0.29624340441513E-003 0.30536090326336E-007 0.69248932618442E-007 0.19992028010150E+000 0.17794991698123E-005 0.21291702698560E-001 0.10284747495267E-003 0.49696934614899E-009 0.39387324659237E-010 0.10211036894749E-004 0.38147825906978E-001 0.68206629146814E-002 0.55038228316530E-002 0.94089194190441E-008 0.30745811200392E-003 0.21833426546971E-004 0.17249210349868E-003 0.46334301259236E-006 0.33379507880762E-003 0.17157945519839E-016 0.38214160196406E-007 0.72706843412286E+000 0.28157725849737E-019 0.55263698768411E+003 0.35000000000000E-001 -.25758041240968E+003 0.49925931535341E-001 0.55263698768411E+003 0.10132500000000E+006 0.60732729512394E-003 0.27541070149097E+002 0.10000000000000E+001 0.00000000000000E+000 0.10000000000000E+001 0.00000000000000E+000 0.12572599610239E+002
  37 0.11998104414885E-001 0.30333044085115E-003 0.39738678484356E-007 0.82829768136268E-007 0.19877626117653E+000 0.20133862896521E-005 0.22130643585240E-001 0.10694471683619E-003 0.62757339284937E-009 0.50199381335645E-010 0.11561621888322E-004 0.37776594291223E-001 0.71425535168372E-002 0.58221364485974E-002 0.11505035141518E-007 0.32315349337112E-003 0.22878046673250E-004 0.18249501390290E-003 0.54478660567507E-006 0.35453822363633E-003 0.19155807492347E-016 0.40019123037852E-007 0.72704417648114E+000 0.29027060640790E-019 0.56556095574652E+003 0.35000000000000E-001 -.25628958642795E+003 0.49925931535341E-001 0.56556095574652E+003 0.10132500000000E+006 0.59327089924501E-003 0.27532809414719E+002 0.10000000000000E+001 0.00000000000000E+000 0.10000000000000E+001 0.00000000000000E+000 0.14683365336820E+002
  38 0.12474555126601E-001 0.31038987954392E-003 0.50932775397889E-007 0.98885793112128E-007 0.19761947627484E+000 0.22709297849589E-005 0.22970672847505E-001 0.11091440304513E-003 0.78791323819460E-009 0.63558268246640E-010 0.13043756624494E-004 0.37405163825272E-001 0.74676624739318E-002 0.61461805365472E-002 0.14011707873276E-007 0.33891341536593E-003 0.23853615360972E-004 0.19267558049358E-003 0.63708127046861E-006 0.37567711952544E-003 0.21458492414717E-016 0.41842165417568E-007 0.72702226173698E+000 0.29822609572575E-019 0.57850742903689E+003 0.35000000000000E-001 -.25498352986095E+003 0.49925931535341E-001 0.57850742903689E+003 0.10132500000000E+006 0.57982024255986E-003 0.27524559442609E+002 0.10000000000000E+001 0.00000000000000E+000 0.10000000000000E+001 0.00000000000000E+000 0.17048547172614E+002
  39 0.12942223781852E-001 0.31742211656689E-003 0.64379602626683E-007 0.11782521054221E-006 0.19645052998589E+000 0.25532620090922E-005 0.23811670630981E-001 0.11473963649954E-003 0.98354626854419E-009 0.79950429290182E-010 0.14665485259252E-004 0.37033415084084E-001 0.77958879255936E-002 0.64758078677752E-002 0.16996668641294E-007 0.35472229394492E-003 0.24749854713490E-004 0.20302759542869E-003 0.74102518695123E-006 0.39718655225409E-003 0.24118557582200E-016 0.43682756717364E-007 0.72700263673608E+000 0.30616624221980E-019 0.59147272619501E+003 0.35000000000000E-001 -.25366185400954E+003 0.49925931535341E-001 0.59147272619501E+003 0.10132500000000E+006 0.56694069688437E-003 0.27516324299678E+002 0.10000000000000E+001 0.00000000000000E+000 0.10000000000000E+001 0.00000000000000E+000 0.19683322463291E+002
  40 0.13401628516283E-001 0.32442783942963E-003 0.80350963686966E-007 0.14011208450054E-006 0.19526992767323E+000 0.28614401850800E-005 0.24653567906536E-001 0.11840559506322E-003 0.12208224444641E-008 0.99931324614085E-010 0.16435165102037E-004 0.36661223862520E-001 0.81271500865894E-002 0.68108965977266E-002 0.20536615418133E-007 0.37056621827696E-003 0.25557125895902E-004 0.21354554955421E-003 0.85740226025645E-006 0.41904130694178E-003 0.27197905311866E-016 0.45540495154262E-007 0.72698524836978E+000 0.31332666039848E-019 0.60445410214202E+003 0.35000000000000E-001 -.25232416493204E+003 0.49925931535341E-001 0.60445410214202E+003 0.10132500000000E+006 0.55459929860698E-003 0.27508107189754E+002 0.10000000000000E+001 0.00000000000000E+000 0.10000000000000E+001 0.00000000000000E+000 0.22602633905135E+002
  41 0.13853257436609E-001 0.33140792385329E-003 0.99127976990443E-007 0.16627082700804E-006 0.19407809429553E+000 0.31964552014348E-005 0.25496332612388E-001 0.12189967115058E-003 0.15069701838008E-008 0.12413224372731E-009 0.18361501948957E-004 0.36288465379801E-001 0.84613863119305E-002 0.71513457444554E-002 0.24718211933231E-007 0.38643258812979E-003 0.26266588256630E-004 0.22422450191276E-003 0.98698243431769E-006 0.44121583088298E-003 0.30769530042069E-016 0.47415080261553E-007 0.72697004444892E+000 0.32166486165390E-019 0.61744952271553E+003 0.35000000000000E-001 -.25097007782378E+003 0.49925931535341E-001 0.61744952271553E+003 0.10132500000000E+006 0.54276490749337E-003 0.27499910633538E+002 0.10000000000000E+001 0.00000000000000E+000 0.10000000000000E+001 0.00000000000000E+000 0.25821214207106E+002
  42 0.14297566189344E-001 0.33836333242197E-003 0.12099972844787E-006 0.19689027489009E-006 0.19287539391714E+000 0.35592453842677E-005 0.26339956049114E-001 0.12521155653081E-003 0.18501939689513E-008 0.15326792353499E-009 0.20453583647238E-004 0.35915018526468E-001 0.87985459753044E-002 0.74970702450040E-002 0.29639197820928E-007 0.40230972428393E-003 0.26870371395975E-004 0.23505993389917E-003 0.11305242322778E-005 0.46368386071410E-003 0.34919574838420E-016 0.49306284364918E-007 0.72695697431551E+000 0.32949976556755E-019 0.63045744286696E+003 0.35000000000000E-001 -.24959923277409E+003 0.49925931535341E-001 0.63045744286696E+003 0.10132500000000E+006 0.53140830333215E-003 0.27491736640505E+002 0.10000000000000E+001 0.00000000000000E+000 0.10000000000000E+001 0.00000000000000E+000 0.29353633640649E+002
  43 0.14734975519080E-001 0.34529501337272E-003 0.14626178713902E-006 0.23262713176069E-006 0.19166215009723E+000 0.39507145799631E-005 0.27184439290153E-001 0.12833328126613E-003 0.22597859815661E-008 0.18814515091586E-009 0.22720908050969E-004 0.35540770289537E-001 0.91385850911022E-002 0.78479955367867E-002 0.35409607862058E-007 0.41818645636978E-003 0.27361757748636E-004 0.24604758657503E-003 0.12887791759243E-005 0.48641801513562E-003 0.39749777377023E-016 0.51213922652143E-007 0.72694598922253E+000 0.33882160563675E-019 0.64347658538427E+003 0.35000000000000E-001 -.24821131236691E+003 0.49925931535341E-001 0.64347658538427E+003 0.10132500000000E+006 0.52050223714128E-003 0.27483586874522E+002 0.10000000000000E+001 0.00000000000000E+000 0.10000000000000E+001 0.00000000000000E+000 0.33214376088284E+002
  44 0.15165867582790E-001 0.35220377994883E-003 0.17521444518317E-006 0.27420839164255E-006 0.19043867057435E+000 0.43717526197083E-005 0.28029777179690E-001 0.13125920794413E-003 0.27462526026892E-008 0.22967240370301E-009 0.25173394051047E-004 0.35165621454646E-001 0.94814597099827E-002 0.82040506659462E-002 0.42153069861945E-007 0.43405165303688E-003 0.27735370286820E-004 0.25718325028088E-003 0.14624970625265E-005 0.50938929490669E-003 0.45380278632726E-016 0.53137816378699E-007 0.72693704252560E+000 0.34498679599680E-019 0.65650568319169E+003 0.35000000000000E-001 -.24680606528170E+003 0.49925931535341E-001 0.65650568319169E+003 0.10132500000000E+006 0.51002147665784E-003 0.27475462836150E+002 0.10000000000000E+001 0.00000000000000E+000 0.10000000000000E+001 0.00000000000000E+000 0.37417935595829E+002
  45 0.15590580821930E-001 0.35909016576671E-003 0.20816052875830E-006 0.32243227379621E-006 0.18920527728588E+000 0.48232564216753E-005 0.28875939263462E-001 0.13398599081505E-003 0.33214555855108E-008 0.27887049301604E-009 0.27821364990106E-004 0.34789493902418E-001 0.98271177869226E-002 0.85651595737211E-002 0.50008131168451E-007 0.44989369521001E-003 0.27987360643901E-004 0.26846249647572E-003 0.16524309444706E-005 0.53256647785053E-003 0.51952906339989E-016 0.55077747492012E-007 0.72693008966947E+000 0.35166188058459E-019 0.66954317560243E+003 0.35000000000000E-001 -.24538333740194E+003 0.49925931535341E-001 0.66954317560243E+003 0.10132500000000E+006 0.49994285391481E-003 0.27467366067033E+002 0.10000000000000E+001 0.00000000000000E+000 0.10000000000000E+001 0.00000000000000E+000 0.41978923917322E+002
  46 0.16009405878965E-001 0.36595429573062E-003 0.24540283690358E-006 0.37816742692791E-006 0.18796233479934E+000 0.53061527813593E-005 0.29722852437795E-001 0.13651252403125E-003 0.39987701692584E-008 0.33688438034750E-009 0.30675509974385E-004 0.34412337396687E-001 0.10175491452571E-001 0.89312325496388E-002 0.59129592378640E-007 0.46569999734852E-003 0.28115591736735E-004 0.27988041504707E-003 0.18593417071880E-005 0.55591555014230E-003 0.59634901867082E-016 0.57033415473176E-007 0.72692508791654E+000 0.35734743755333E-019 0.68258693269655E+003 0.35000000000000E-001 -.24394310270793E+003 0.49925931535341E-001 0.68258693269655E+003 0.10132500000000E+006 0.49024525940239E-003 0.27459298329884E+002 0.10000000000000E+001 0.00000000000000E+000 0.10000000000000E+001 0.00000000000000E+000 0.46912204158486E+002
  47 0.16422587219513E-001 0.37279585169791E-003 0.28724171938726E-006 0.44235083334839E-006 0.18671026232003E+000 0.58214282377712E-005 0.30570395189759E-001 0.13883990454165E-003 0.47932704315211E-008 0.40499703715439E-009 0.33746855731326E-004 0.34034131455018E-001 0.10526493841133E-001 0.93021622873895E-002 0.69689925459081E-007 0.48145677544843E-003 0.28119800451640E-004 0.29143149600945E-003 0.20840041121317E-005 0.57939946621191E-003 0.68623322837843E-016 0.59004419688668E-007 0.72692199583907E+000 0.36125586750681E-019 0.69563416000861E+003 0.35000000000000E-001 -.24248547665403E+003 0.49925931535341E-001 0.69563416000861E+003 0.10132500000000E+006 0.48090948908499E-003 0.27451261671230E+002 0.10000000000000E+001 0.00000000000000E+000 0.10000000000000E+001 0.00000000000000E+000 0.52233108487434E+002
  48 0.16830333845663E-001 0.37961419648778E-003 0.33397369879591E-006 0.51598562637928E-006 0.18544951618218E+000 0.63701731957566E-005 0.31418411662299E-001 0.14097141045701E-003 0.57219623727036E-008 0.48464709693140E-009 0.37046796522691E-004 0.33654878535994E-001 0.10880024154254E-001 0.96778286602190E-002 0.81880971691770E-007 0.49714922300818E-003 0.28001712939759E-004 0.30310978268085E-003 0.23272173267826E-005 0.60297849004393E-003 0.79150304052392E-016 0.60990287945944E-007 0.72692077276520E+000 0.36352528137614E-019 0.70868160966653E+003 0.35000000000000E-001 -.24101069603981E+003 0.49925931535341E-001 0.70868160966653E+003 0.10132500000000E+006 0.47191789668349E-003 0.27443258293194E+002 0.10000000000000E+001 0.00000000000000E+000 0.10000000000000E+001 0.00000000000000E+000 0.57957817728852E+002
  49 0.17232837207386E-001 0.38640863370301E-003 0.38589189042905E-006 0.60014017171708E-006 0.18418054505289E+000 0.69536428838809E-005 0.32266743231754E-001 0.14291245862716E-003 0.68040883897007E-008 0.57745231489752E-009 0.40587207177338E-004 0.33274589414225E-001 0.11235980362860E-001 0.10058111900336E-001 0.95916133535682E-007 0.51276205055901E-003 0.27765080554531E-004 0.31490928350598E-003 0.25898213203397E-005 0.62661106620320E-003 0.91489564651287E-016 0.62990547999158E-007 0.72692137847312E+000 0.36655551865386E-019 0.72172606100235E+003 0.35000000000000E-001 -.23951906677788E+003 0.49925931535341E-001 0.72172606100235E+003 0.10132500000000E+006 0.46325392646320E-003 0.27435290262702E+002 0.10000000000000E+001 0.00000000000000E+000 0.10000000000000E+001 0.00000000000000E+000 0.64103933728781E+002
  50 0.17630288979796E-001 0.39317868422824E-003 0.44328816768548E-006 0.69594882665490E-006 0.18290373883932E+000 0.75733285130961E-005 0.33115263045180E-001 0.14467049060750E-003 0.80615165722712E-008 0.68523994234368E-009 0.44380610506419E-004 0.32893267111406E-001 0.11594273692204E-001 0.10442908157373E-001 0.11203312261985E-006 0.52828011323758E-003 0.27415618971848E-004 0.32682445217530E-003 0.28727164031641E-005 0.65025480303034E-003 0.10596438688449E-015 0.65004809241920E-007 0.72692377331516E+000 0.37024472519077E-019 0.73476484536046E+003 0.35000000000000E-001 -.23801090327710E+003 0.49925931535341E-001 0.73476484536046E+003 0.10132500000000E+006 0.45490170242884E-003 0.27427359200007E+002 0.10000000000000E+001 0.00000000000000E+000 0.10000000000000E+001 0.00000000000000E+000 0.70691174336674E+002
  51 0.18022890833900E-001 0.39992424145823E-003 0.50645613985251E-006 0.80461338759720E-006 0.18161939767063E+000 0.82310256401958E-005 0.33963896133896E-001 0.14625476265194E-003 0.95192106789029E-008 0.81008357136843E-009 0.48440327689070E-004 0.32510897150923E-001 0.11954837507368E-001 0.10832139485995E-001 0.13049709446114E-006 0.54368880443044E-003 0.26960859113800E-004 0.33885048859646E-003 0.31768798510180E-005 0.67386705402275E-003 0.12295718573460E-015 0.67032813161908E-007 0.72692791867900E+000 0.37433993464295E-019 0.74779614739971E+003 0.35000000000000E-001 -.23648649059757E+003 0.49925931535341E-001 0.74779614739971E+003 0.10132500000000E+006 0.44684582877200E-003 0.27419466109304E+002 0.10000000000000E+001 0.00000000000000E+000 0.10000000000000E+001 0.00000000000000E+000 0.77742043048028E+002
  52 0.18410853408550E-001 0.40664554691964E-003 0.57569380983213E-006 0.92740357776352E-006 0.18032773387360E+000 0.89288889460158E-005 0.34812617287681E-001 0.14767606097004E-003 0.11205766476117E-007 0.95434510451796E-009 0.52780546688146E-004 0.32127447756714E-001 0.12317626961475E-001 0.11225754070229E-001 0.15160387942672E-006 0.55897408044386E-003 0.26409935767586E-004 0.35098333339068E-003 0.35033739811921E-005 0.69740485682548E-003 0.14292069651462E-015 0.69074432053459E-007 0.72693377749056E+000 0.37913118578719E-019 0.76081896369299E+003 0.35000000000000E-001 -.23494608573056E+003 0.49925931535341E-001 0.76081896369299E+003 0.10132500000000E+006 0.43907142611903E-003 0.27411611419175E+002 0.10000000000000E+001 0.00000000000000E+000 0.10000000000000E+001 0.00000000000000E+000 0.85282337759022E+002
  53 0.18794387983402E-001 0.41334303638803E-003 0.65130539457248E-006 0.10656555850778E-005 0.17902889943527E+000 0.96694712774663E-005 0.35661432452645E-001 0.14894638997639E-003 0.13154006001276E-007 0.11207210060658E-008 0.57416292585644E-004 0.31742877564854E-001 0.12682611484755E-001 0.11623718602086E-001 0.17568310595079E-006 0.57412223482761E-003 0.25773337163621E-004 0.36321941954955E-003 0.38533438221009E-005 0.72082439100497E-003 0.16639092782257E-015 0.71129627539880E-007 0.72694131449536E+000 0.38692089594489E-019 0.77383280870784E+003 0.35000000000000E-001 -.23338995039393E+003 0.49925931535341E-001 0.77383280870784E+003 0.10132500000000E+006 0.43156429957071E-003 0.27403795172800E+002 0.10000000000000E+001 0.00000000000000E+000 0.10000000000000E+001 0.00000000000000E+000 0.93341451373249E+002
  54 0.19173697115062E-001 0.42001716054565E-003 0.73360263337886E-006 0.12207690150070E-005 0.17772302003565E+000 0.10455752625373E-004 0.36510356496509E-001 0.15007867379824E-003 0.15401637498989E-007 0.13122933887023E-008 0.62363333115663E-004 0.31357145161387E-001 0.13049765402522E-001 0.12026008364304E-001 0.20310121761523E-006 0.58911966306086E-003 0.25062624968379E-004 0.37555535602611E-003 0.42280064587710E-005 0.74408033073137E-003 0.19400211942860E-015 0.73198398532788E-007 0.72695049625310E+000 0.39450329713920E-019 0.78683736649626E+003 0.35000000000000E-001 -.23181839352047E+003 0.49925931535341E-001 0.78683736649626E+003 0.10132500000000E+006 0.42431109900654E-003 0.27396017245196E+002 0.10000000000000E+001 0.00000000000000E+000 0.10000000000000E+001 0.00000000000000E+000 0.10195250602132E+003
  55 0.19548968714660E-001 0.42666825977787E-003 0.82290628456460E-006 0.13942035133213E-005 0.17641022010134E+000 0.11291166385070E-004 0.37359397446950E-001 0.15108648548324E-003 0.17992001207825E-007 0.15325875503963E-008 0.67638066856095E-004 0.30970215883637E-001 0.13419061043381E-001 0.12432599775000E-001 0.23426452807439E-006 0.60395279423942E-003 0.24290125470723E-004 0.38798769084548E-003 0.46286354437573E-005 0.76712539236895E-003 0.22650432320841E-015 0.75280743133463E-007 0.72696129095316E+000 0.40366616955198E-019 0.79983224335851E+003 0.35000000000000E-001 -.23023180474288E+003 0.49925931535341E-001 0.79983224335851E+003 0.10132500000000E+006 0.41729938918780E-003 0.27388277494510E+002 0.10000000000000E+001 0.00000000000000E+000 0.10000000000000E+001 0.00000000000000E+000 0.11115239044736E+003
  56 0.19920374082044E-001 0.43329650619406E-003 0.91954818411147E-006 0.15874760238003E-005 0.17509063556003E+000 0.12179625809871E-004 0.38208549058339E-001 0.15198379734575E-003 0.20974918836652E-007 0.17856373564822E-008 0.73257416206734E-004 0.30582064984815E-001 0.13790465277518E-001 0.12843466538345E-001 0.26962240990271E-006 0.61860820617877E-003 0.23468596438610E-004 0.40051278795726E-003 0.50565419286517E-005 0.78991013778721E-003 0.26478403180841E-015 0.77376639799470E-007 0.72697366818129E+000 0.41310593224822E-019 0.81281684948634E+003 0.35000000000000E-001 -.22863067433036E+003 0.49925931535341E-001 0.81281684948634E+003 0.10132500000000E+006 0.41051763368495E-003 0.27380575832877E+002 0.10000000000000E+001 0.00000000000000E+000 0.10000000000000E+001 0.00000000000000E+000 0.12098173060520E+003
  57 0.20288067539354E-001 0.43990187419528E-003 0.10238735769856E-005 0.18021585059187E-005 0.17376442127545E+000 0.13125547498752E-004 0.39057786935874E-001 0.15278474083931E-003 0.24407648568792E-007 0.20760584805077E-008 0.79238708819051E-004 0.30192679274275E-001 0.14163937530516E-001 0.13258577353568E-001 0.30967050911461E-006 0.63307281988253E-003 0.22610884032018E-004 0.41312675387997E-003 0.55130513696958E-005 0.81238290583831E-003 0.30988843307278E-015 0.79486036802043E-007 0.72698759867163E+000 0.42390802569896E-019 0.82579033605368E+003 0.35000000000000E-001 -.22701560747131E+003 0.49925931535341E-001 0.82579033605368E+003 0.10132500000000E+006 0.40395514742133E-003 0.27372912262736E+002 0.10000000000000E+001 0.00000000000000E+000 0.10000000000000E+001 0.00000000000000E+000 0.13148476232987E+003
  58 0.20652185568647E-001 0.44648410303744E-003 0.11362431550015E-005 0.20398752664990E-005 0.17243176026036E+000 0.14133867071062E-004 0.39907063575672E-001 0.15350337165296E-003 0.28355934442097E-007 0.24091284220834E-008 0.85599519403041E-004 0.29802059333192E-001 0.14539427277493E-001 0.13677893002939E-001 0.35495373262715E-006 0.64733407639034E-003 0.21729588732408E-004 0.42582534732697E-003 0.59994738552043E-005 0.83448975271159E-003 0.36305350878197E-015 0.81608838717100E-007 0.72700305400410E+000 0.43508516112170E-019 0.83875151665869E+003 0.35000000000000E-001 -.22538734120873E+003 0.49925931535341E-001 0.83875151665869E+003 0.10132500000000E+006 0.39760205909125E-003 0.27365286921560E+002 0.10000000000000E+001 0.00000000000000E+000 0.10000000000000E+001 0.00000000000000E+000 0.14270905959831E+003
  59 0.21012846166735E-001 0.45304266408340E-003 0.12570348089349E-005 0.23023000974732E-005 0.17109287217382E+000 0.15210047820765E-004 0.40756303931217E-001 0.15415344470443E-003 0.32895151104836E-007 0.27908732780773E-008 0.92357479532289E-004 0.29410221567972E-001 0.14916871718854E-001 0.14101363586497E-001 0.40606891925948E-006 0.66138011001901E-003 0.20836753821284E-004 0.43860389538528E-003 0.65170689460117E-005 0.85617445397571E-003 0.42573668429890E-015 0.83744893878600E-007 0.72702000626861E+000 0.44803239179091E-019 0.85169879784033E+003 0.35000000000000E-001 -.22374676075910E+003 0.49925931535341E-001 0.85169879784033E+003 0.10132500000000E+006 0.39144927027915E-003 0.27357700120566E+002 0.10000000000000E+001 0.00000000000000E+000 0.10000000000000E+001 0.00000000000000E+000 0.15470513830398E+003
  60 0.21370151402814E-001 0.45957678776813E-003 0.13866460948721E-005 0.25911556795047E-005 0.16974800969399E+000 0.16360091824543E-004 0.41605408671945E-001 0.15474820628630E-003 0.38111584535196E-007 0.32281645834511E-008 0.99530117411002E-004 0.29017196769527E-001 0.15296196857232E-001 0.14528929544522E-001 0.46366755122417E-006 0.67520001982334E-003 0.19943582192095E-004 0.45145732531276E-003 0.70670102587196E-005 0.87737875301198E-003 0.49965506703088E-015 0.85894001023591E-007 0.72703842786582E+000 0.46073123251272E-019 0.86463022776698E+003 0.35000000000000E-001 -.22209490086038E+003 0.49925931535341E-001 0.86463022776698E+003 0.10132500000000E+006 0.38548836282069E-003 0.27350152314270E+002 0.10000000000000E+001 0.00000000000000E+000 0.10000000000000E+001 0.00000000000000E+000 0.16752605650028E+003
  61 0.21724195023441E-001 0.46608558651704E-003 0.15254986806800E-005 0.29082187718366E-005 0.16839743453738E+000 0.17590565320044E-004 0.42454270051541E-001 0.15530020704104E-003 0.44103923360961E-007 0.37288323167261E-008 0.10713479946876E-003 0.28623022806006E-001 0.15677324310881E-001 0.14960529239455E-001 0.52845916831060E-006 0.68878429157674E-003 0.19060188275682E-004 0.46438039135709E-003 0.76503559622571E-005 0.89804294783606E-003 0.58683141979783E-015 0.88055948521099E-007 0.72705829165606E+000 0.47218194340552E-019 0.87754373702255E+003 0.35000000000000E-001 -.22043292152122E+003 0.49925931535341E-001 0.87754373702255E+003 0.10132500000000E+006 0.37971143284459E-003 0.27342643960092E+002 0.10000000000000E+001 0.00000000000000E+000 0.10000000000000E+001 0.00000000000000E+000 0.18122715909962E+003
  62 0.22075073051305E-001 0.47256823849410E-003 0.16740449619717E-005 0.32553326460820E-005 0.16704137938953E+000 0.18908641478124E-004 0.43302796093770E-001 0.15582113562869E-003 0.50985022398635E-007 0.43017989273920E-008 0.11518878230369E-003 0.28227733312241E-001 0.16060182112468E-001 0.15396111310459E-001 0.60121587191507E-006 0.70212526946883E-003 0.18195401027400E-004 0.47736803679644E-003 0.82680265596952E-005 0.91810665000139E-003 0.68964991686497E-015 0.90230576548158E-007 0.72707957148889E+000 0.48495413246604E-019 0.89043750473278E+003 0.35000000000000E-001 -.21876206558744E+003 0.49925931535341E-001 0.89043750473278E+003 0.10132500000000E+006 0.37411089567956E-003 0.27335175309595E+002 0.10000000000000E+001 0.00000000000000E+000 0.10000000000000E+001 0.00000000000000E+000 0.19586601201977E+003
  63 0.22422892618932E-001 0.47902414453725E-003 0.18327754948442E-005 0.36344244209641E-005 0.16568001357997E+000 0.20322151165682E-004 0.44150931779464E-001 0.15632167305937E-003 0.58883942316354E-007 0.49572343253808E-008 0.12370929950192E-003 0.27831347577573E-001 0.16444714463478E-001 0.15835646190743E-001 0.68277758436687E-006 0.71521748179892E-003 0.17356638007645E-004 0.49041571885039E-003 0.89207847904646E-005 0.93750939309665E-003 0.81092341876534E-015 0.92417833899482E-007 0.72710224288745E+000 0.49643699638450E-019 0.90331027715219E+003 0.35000000000000E-001 -.21708362034719E+003 0.49925931535341E-001 0.90331027715219E+003 0.10132500000000E+006 0.36867934064829E-003 0.27327746232571E+002 0.10000000000000E+001 0.00000000000000E+000 0.10000000000000E+001 0.00000000000000E+000 0.21150242114202E+003
  64 0.22767775567893E-001 0.48545299122277E-003 0.20022254167897E-005 0.40475230456570E-005 0.16431342709410E+000 0.21839628238210E-004 0.44998668317216E-001 0.15681137024158E-003 0.67948221497280E-007 0.57067278382542E-008 0.13271358576283E-003 0.27433865846235E-001 0.16830886308786E-001 0.16279132000415E-001 0.77405723463289E-006 0.72805769223612E-003 0.16549860468162E-004 0.50351955367018E-003 0.96092106863454E-005 0.95619088111255E-003 0.95397346198538E-015 0.94617805941067E-007 0.72712628358116E+000 0.50809475913105E-019 0.91616150373385E+003 0.35000000000000E-001 -.21539890180630E+003 0.49925931535341E-001 0.91616150373385E+003 0.10132500000000E+006 0.36340948203639E-003 0.27320356150342E+002 0.10000000000000E+001 0.00000000000000E+000 0.10000000000000E+001 0.00000000000000E+000 0.22819837980884E+003
  65 0.23109857036675E-001 0.49185472046048E-003 0.21829789791023E-005 0.44967752391597E-005 0.16294163390091E+000 0.23470343298682E-004 0.45846040263119E-001 0.15729855248280E-003 0.78346342809368E-007 0.65634738420315E-008 0.14221879504763E-003 0.27035270265930E-001 0.17218682431970E-001 0.16726594288163E-001 0.87604520568334E-006 0.74064470275281E-003 0.15779602048753E-004 0.51667626914900E-003 0.10333669002261E-004 0.97409091849408E-003 0.11227245226229E-014 0.96830711806338E-007 0.72715167373722E+000 0.52183533718126E-019 0.92899128848730E+003 0.35000000000000E-001 -.21370926339767E+003 0.49925931535341E-001 0.92899128848730E+003 0.10132500000000E+006 0.35829418962630E-003 0.27313004076514E+002 0.10000000000000E+001 0.00000000000000E+000 0.10000000000000E+001 0.00000000000000E+000 0.24601787077123E+003
  66 0.23449281660321E-001 0.49822945211500E-003 0.23756725478169E-005 0.49844595187886E-005 0.16156458558846E+000 0.25224329569382E-004 0.46693116375409E-001 0.15779025292654E-003 0.90270400384996E-007 0.75424714012112E-008 0.15224183497464E-003 0.26635528833141E-001 0.17608103599556E-001 0.17178082362903E-001 0.98981288863536E-006 0.75297902744294E-003 0.15049052758987E-004 0.52988305010775E-003 0.11094271393758E-004 0.99114920945732E-003 0.13218149902358E-014 0.99056885002785E-007 0.72717839594507E+000 0.53532763743896E-019 0.94180024712291E+003 0.35000000000000E-001 -.21201611821754E+003 0.49925931535341E-001 0.94180024712291E+003 0.10132500000000E+006 0.35332654943302E-003 0.27305688710911E+002 0.10000000000000E+001 0.00000000000000E+000 0.10000000000000E+001 0.00000000000000E+000 0.26502655825112E+003
  67 0.23786199705452E-001 0.50457740257422E-003 0.25809968447468E-005 0.55129997275857E-005 0.16018218646693E+000 0.27112407585892E-004 0.47539989781207E-001 0.15829217377021E-003 0.10393899873787E-006 0.86607405255854E-008 0.16279915881879E-003 0.26234599759090E-001 0.17999162246608E-001 0.17633665018687E-001 0.11165154698504E-005 0.76506253990586E-003 0.14360179610105E-004 0.54313735969709E-003 0.11890837295719E-004 0.10073051820187E-002 0.15567283566386E-014 0.10129675151444E-006 0.72720643507767E+000 0.54510184125958E-019 0.95458935504103E+003 0.35000000000000E-001 -.21032096383013E+003 0.49925931535341E-001 0.95458935504103E+003 0.10132500000000E+006 0.34849991713690E-003 0.27298408537110E+002 0.10000000000000E+001 0.00000000000000E+000 0.10000000000000E+001 0.00000000000000E+000 0.28529143952931E+003
  68 0.24120764003424E-001 0.51089881594838E-003 0.27996988849545E-005 0.60849789746230E-005 0.15879430650430E+000 0.29146212503344E-004 0.48386769678264E-001 0.15880867180485E-003 0.11960041073411E-006 0.99375571518039E-008 0.17390653743502E-003 0.25832435207240E-001 0.18391878731979E-001 0.18093426844241E-001 0.12573939992152E-005 0.77689813717503E-003 0.13713869722783E-004 0.55643677118074E-003 0.12722856061863E-004 0.10224978952314E-002 0.18339486512934E-014 0.10355081124995E-006 0.72723577810627E+000 0.55610299676799E-019 0.96735981983566E+003 0.35000000000000E-001 -.20862540503589E+003 0.49925931535341E-001 0.96735981983566E+003 0.10132500000000E+006 0.34380795297253E-003 0.27291161904586E+002 0.10000000000000E+001 0.00000000000000E+000 0.10000000000000E+001 0.00000000000000E+000 0.30688049172001E+003
  69 0.24453127654177E-001 0.51719390805244E-003 0.30325837229694E-005 0.67031541773420E-005 0.15740079190653E+000 0.31338224739437E-004 0.49233574634961E-001 0.15934276423274E-003 0.13753600474747E-006 0.11394707625748E-007 0.18557881477958E-003 0.25428984355925E-001 0.18786278218853E-001 0.18557465206389E-001 0.14137766331450E-005 0.78848942767539E-003 0.13110085223237E-004 0.56977881110597E-003 0.13589451535872E-004 0.10366660330897E-002 0.21611446460798E-014 0.10581962317662E-006 0.72726641389204E+000 0.56306061280927E-019 0.98011297911275E+003 0.35000000000000E-001 -.20693117425966E+003 0.49925931535341E-001 0.98011297911275E+003 0.10132500000000E+006 0.33924464083633E-003 0.27283947095468E+002 0.10000000000000E+001 0.00000000000000E+000 0.10000000000000E+001 0.00000000000000E+000 0.32986231520531E+003
  70 0.24783442350508E-001 0.52346282086853E-003 0.32805160437960E-005 0.73704712588900E-005 0.15600147370414E+000 0.33701804014492E-004 0.50080527220499E-001 0.15989615125983E-003 0.15806394434950E-006 0.13056762895067E-007 0.19782964717256E-003 0.25024195896813E-001 0.19182388080333E-001 0.19025887814356E-001 0.15870789071736E-005 0.79984044477930E-003 0.12548021082659E-004 0.58316080946171E-003 0.14489349974135E-004 0.10497479800690E-002 0.25473883834283E-014 0.10810379359469E-006 0.72729833296446E+000 0.57004233101220E-019 0.99285021941418E+003 0.35000000000000E-001 -.20524014990790E+003 0.49925931535341E-001 0.99285021941418E+003 0.10132500000000E+006 0.33480429568771E-003 0.27276762378761E+002 0.10000000000000E+001 0.00000000000000E+000 0.10000000000000E+001 0.00000000000000E+000 0.35430576877709E+003
  71 0.25111857210880E-001 0.52970553501879E-003 0.35444213089210E-005 0.80900809214265E-005 0.15459617565955E+000 0.36251226146926E-004 0.50927748843449E-001 0.16046925411508E-003 0.18154315595776E-006 0.14951371703567E-007 0.21067122142701E-003 0.24618019303281E-001 0.19580235788177E-001 0.19498811262278E-001 0.17788029122106E-005 0.81095539038253E-003 0.12026258710598E-004 0.59657975415469E-003 0.15420852366588E-004 0.10616819783197E-002 0.30034142080856E-014 0.11040396775044E-006 0.72733152746898E+000 0.57670543247393E-019 0.10055727129848E+004 0.35000000000000E-001 -.20355484004202E+003 0.49925931535341E-001 0.10055727129848E+004 0.10132500000000E+006 0.33048162868904E-003 0.27269606108247E+002 0.10000000000000E+001 0.00000000000000E+000 0.10000000000000E+001 0.00000000000000E+000 0.38027979569972E+003
  72 0.25438517939536E-001 0.53592204807688E-003 0.38252884459107E-005 0.88653563509437E-005 0.15318471552521E+000 0.39001726715378E-004 0.51775360150219E-001 0.16106125689408E-003 0.20837757129427E-006 0.17109577159165E-007 0.22411398800150E-003 0.24210409544981E-001 0.19979846970858E-001 0.19976357604956E-001 0.19905354059211E-005 0.82183839158730E-003 0.11542908052087E-004 0.61003213965172E-003 0.16381811592792E-004 0.10724063317415E-002 0.35419264141336E-014 0.11272082052122E-006 0.72736599021328E+000 0.58073625501105E-019 0.10182821911117E+004 0.35000000000000E-001 -.20187826648936E+003 0.49925931535341E-001 0.10182821911117E+004 0.10132500000000E+006 0.32627146555085E-003 0.27262476536587E+002 0.10000000000000E+001 0.00000000000000E+000 0.10000000000000E+001 0.00000000000000E+000 0.40785193521239E+003
  73 0.25763566089550E-001 0.54211200223279E-003 0.41241684933541E-005 0.96999081478054E-005 0.15176691812395E+000 0.41969536870645E-004 0.52623471161458E-001 0.16167017372350E-003 0.23902055670336E-006 0.19566139581310E-007 0.23816629340624E-003 0.23801323963475E-001 0.20381243626971E-001 0.20458655688076E-001 0.22239436641926E-005 0.83249329894930E-003 0.11095741907474E-004 0.62351380428550E-003 0.17369615068369E-004 0.10818597199198E-002 0.41779628305289E-014 0.11505505256917E-006 0.72740171558765E+000 0.58755376563661E-019 0.10309795500140E+004 0.35000000000000E-001 -.20021267113039E+003 0.49925931535341E-001 0.10309795500140E+004 0.10132500000000E+006 0.32216918893512E-003 0.27255372215029E+002 0.10000000000000E+001 0.00000000000000E+000 0.10000000000000E+001 0.00000000000000E+000 0.43708958942782E+003
  74 0.26087138211069E-001 0.54827490060868E-003 0.44421767255028E-005 0.10597602517992E-004 0.15034261583895E+000 0.45171927841934E-004 0.53472182447711E-001 0.16229290638445E-003 0.27397954540803E-006 0.22359880699802E-007 0.25283406414515E-003 0.23390727530147E-001 0.20784442096131E-001 0.20945837342364E-001 0.24807702516826E-005 0.84292348251033E-003 0.10682307607568E-004 0.63701974874221E-003 0.18381173918328E-004 0.10899815268722E-002 0.49293260862899E-014 0.11740738058622E-006 0.72743869840976E+000 0.59060861929864E-019 0.10436657727343E+004 0.35000000000000E-001 -.19855968934986E+003 0.49925931535341E-001 0.10436657727343E+004 0.10132500000000E+006 0.31817040249257E-003 0.27248291767558E+002 0.10000000000000E+001 0.00000000000000E+000 0.10000000000000E+001 0.00000000000000E+000 0.46805846058550E+003
  75 0.26409364565977E-001 0.55441000450842E-003 0.47804915557739E-005 0.11562576028083E-004 0.14891165844364E+000 0.48627242423280E-004 0.54321578977831E-001 0.16292531623188E-003 0.31382067749997E-006 0.25534024338502E-007 0.26812039513424E-003 0.22978594524103E-001 0.21189450327671E-001 0.21438035242023E-001 0.27628249040000E-005 0.85313164329687E-003 0.10300024563267E-004 0.65054391521473E-003 0.19412917274469E-004 0.10967122543104E-002 0.58170913589432E-014 0.11977852600524E-006 0.72747693374605E+000 0.59328369010389E-019 0.10563416165211E+004 0.35000000000000E-001 -.19692106142702E+003 0.49925931535341E-001 0.10563416165211E+004 0.10132500000000E+006 0.31427101212372E-003 0.27241234005036E+002 0.10000000000000E+001 0.00000000000000E+000 0.10000000000000E+001 0.00000000000000E+000 0.50082216347847E+003
  76 0.26730367000377E-001 0.56051627688958E-003 0.51403519928445E-005 0.12599246758110E-004 0.14747392552419E+000 0.52354911350440E-004 0.55171722892318E-001 0.16356229843433E-003 0.35917327581161E-006 0.29136523800148E-007 0.28402507084959E-003 0.22564912209943E-001 0.21596263991161E-001 0.21935378804842E-001 0.30719729881046E-005 0.86311962020804E-003 0.99462652284286E-005 0.66407891527770E-003 0.20460791225937E-004 0.11019940079840E-002 0.68662016501288E-014 0.12216919643145E-006 0.72751641636936E+000 0.59899113561312E-019 0.10690075097762E+004 0.35000000000000E-001 -.19529864834237E+003 0.49925931535341E-001 0.10690075097762E+004 0.10132500000000E+006 0.31046723337816E-003 0.27234197992200E+002 0.10000000000000E+001 0.00000000000000E+000 0.10000000000000E+001 0.00000000000000E+000 0.53544145687892E+003
  77 0.27050255970257E-001 0.56659231042306E-003 0.55230525778520E-005 0.13712319595196E-004 0.14602934318377E+000 0.56375444895442E-004 0.56022643897689E-001 0.16419786006728E-003 0.41073388175116E-006 0.33220354466794E-007 0.30054400069741E-003 0.22149685738752E-001 0.22004861350902E-001 0.22437988466615E-001 0.34101196499734E-005 0.87288819668979E-003 0.96184200960730E-005 0.67761570608614E-003 0.21520262886963E-004 0.11057710934169E-002 0.81061610397934E-014 0.12458005956239E-006 0.72755714004088E+000 0.60501557055415E-019 0.10816634151543E+004 0.35000000000000E-001 -.19369445054782E+003 0.49925931535341E-001 0.10816634151543E+004 0.10132500000000E+006 0.30675560642635E-003 0.27227183133441E+002 0.10000000000000E+001 0.00000000000000E+000 0.10000000000000E+001 0.00000000000000E+000 0.57197326921761E+003
  78 0.27369127690902E-001 0.57263625942823E-003 0.59299363221565E-005 0.14906787048846E-004 0.14457790075384E+000 0.60710402988033E-004 0.56874329854625E-001 0.16482520469555E-003 0.46926967442638E-006 0.37843758661613E-007 0.31766861488509E-003 0.21732943028086E-001 0.22415198124822E-001 0.22945969754956E-001 0.37791898188776E-005 0.88243693902114E-003 0.93139471288117E-005 0.69114325925118E-003 0.22586333676115E-004 0.11079907611148E-002 0.95718399853187E-014 0.12701171649349E-006 0.72759909672314E+000 0.61235829353010E-019 0.10943086974626E+004 0.35000000000000E-001 -.19211062409007E+003 0.49925931535341E-001 0.10943086974626E+004 0.10132500000000E+006 0.30313300640501E-003 0.27220189255788E+002 0.10000000000000E+001 0.00000000000000E+000 0.10000000000000E+001 0.00000000000000E+000 0.61046959668397E+003
  79 0.27687062922735E-001 0.57864580515272E-003 0.63623874628907E-005 0.16187930947669E-004 0.14311966044050E+000 0.65382361934882E-004 0.57726721688761E-001 0.16543682762170E-003 0.53562130097153E-006 0.43070446033979E-007 0.33538531739500E-003 0.21314737582342E-001 0.22827204338111E-001 0.23459409638661E-001 0.41811056886577E-005 0.89176410937517E-003 0.90304065406015E-005 0.70464829273424E-003 0.23653568128541E-004 0.11086041020350E-002 0.11304414193075E-013 0.12946468619800E-006 0.72764227594016E+000 0.62140426880339E-019 0.11069420575193E+004 0.35000000000000E-001 -.19054948604692E+003 0.49925931535341E-001 0.11069420575193E+004 0.10132500000000E+006 0.29959663287994E-003 0.27213216655378E+002 0.10000000000000E+001 0.00000000000000E+000 0.10000000000000E+001 0.00000000000000E+000 0.65097647380719E+003
  80 0.28004127785989E-001 0.58461816202893E-003 0.68218252740646E-005 0.17561328988673E-004 0.14165475762191E+000 0.70414891632928E-004 0.58579713846227E-001 0.16602462313531E-003 0.61070516361678E-006 0.48969753769302E-007 0.35367505406435E-003 0.20895148603538E-001 0.23240783821325E-001 0.23978376048062E-001 0.46177631792367E-005 0.90086665755739E-003 0.87654834917319E-005 0.71811508989902E-003 0.24716140494021E-004 0.11075670311285E-002 0.13352463026505E-013 0.13193940526000E-006 0.72768666439373E+000 0.63286288110299E-019 0.11195615492353E+004 0.35000000000000E-001 -.18901350746080E+003 0.49925931535341E-001 0.11195615492353E+004 0.10132500000000E+006 0.29614397700126E-003 0.27206266098330E+002 0.10000000000000E+001 0.00000000000000E+000 0.10000000000000E+001 0.00000000000000E+000 0.69353314924660E+003
  81 0.28320374929407E-001 0.59055009308344E-003 0.73096973934618E-005 0.19032861905105E-004 0.14018339910765E+000 0.75832527638704E-004 0.59433155922141E-001 0.16658000000730E-003 0.69551480859198E-006 0.55616739137851E-007 0.37251293483625E-003 0.20474280495715E-001 0.23655814287792E-001 0.24502918080445E-001 0.50910064259490E-005 0.90974023537574E-003 0.85170026421752E-005 0.73152534106049E-003 0.25767893320573E-004 0.11048412907278E-002 0.15773246912657E-013 0.13443623082088E-006 0.72773224565405E+000 0.64334482211891E-019 0.11321646143022E+004 0.35000000000000E-001 -.18750530238403E+003 0.49925931535341E-001 0.11321646143022E+004 0.10132500000000E+006 0.29277278724230E-003 0.27199338812440E+002 0.10000000000000E+001 0.00000000000000E+000 0.10000000000000E+001 0.00000000000000E+000 0.73817133074531E+003
  82 0.28635843392752E-001 0.59643790354272E-003 0.78274700834082E-005 0.20608713453866E-004 0.13870586707776E+000 0.81660708739574E-004 0.60286850988093E-001 0.16709400151915E-003 0.79112073611371E-006 0.63092151649265E-007 0.39186782375340E-003 0.20052263963406E-001 0.24072145820336E-001 0.25033064137104E-001 0.56025980986123E-005 0.91837918608096E-003 0.82829374850527E-005 0.74485794327782E-003 0.26802401524268E-004 0.11003954679875E-002 0.18634174723315E-013 0.13695543362208E-006 0.72777899968942E+000 0.65439963320919E-019 0.11447480682531E+004 0.35000000000000E-001 -.18602762092891E+003 0.49925931535341E-001 0.11447480682531E+004 0.10132500000000E+006 0.28948105125154E-003 0.27192436505790E+002 0.10000000000000E+001 0.00000000000000E+000 0.10000000000000E+001 0.00000000000000E+000 0.78491427672695E+003
  83 0.28950558988446E-001 0.60227744755155E-003 0.83766177689796E-005 0.22295369989852E-004 0.13722252033774E+000 0.87925703946949E-004 0.61140555521148E-001 0.16755743278758E-003 0.89866869860991E-006 0.71482291097839E-007 0.41170201078051E-003 0.19629256295271E-001 0.24489600141726E-001 0.25568820920561E-001 0.61541880662475E-005 0.92677656238515E-003 0.80614143147025E-005 0.75808884372459E-003 0.27813046962992E-004 0.10942060136007E-002 0.22014493009681E-013 0.13949719513193E-006 0.72782690248346E+000 0.66638608536005E-019 0.11573081104555E+004 0.35000000000000E-001 -.18458333718378E+003 0.49925931535341E-001 0.11573081104555E+004 0.10132500000000E+006 0.28626697318977E-003 0.27185561371831E+002 0.10000000000000E+001 0.00000000000000E+000 0.10000000000000E+001 0.00000000000000E+000 0.83377596954782E+003
  84 0.29264539905938E-001 0.60806423442197E-003 0.89586211526798E-005 0.24099648484356E-004 0.13573377038380E+000 0.94654636423615E-004 0.61993993777371E-001 0.16796099937479E-003 0.10193782250228E-005 0.80878887347414E-007 0.43197129407819E-003 0.19205434429486E-001 0.24907976995975E-001 0.26110181534215E-001 0.67472904845947E-005 0.93492429047242E-003 0.78507092368182E-005 0.77119113025166E-003 0.28793116379618E-004 0.10862580857236E-002 0.26007290087517E-013 0.14206164770548E-006 0.72787592650388E+000 0.67825968346702E-019 0.11698405460041E+004 0.35000000000000E-001 -.18317541137262E+003 0.49925931535341E-001 0.11698405460041E+004 0.10132500000000E+006 0.28312890077494E-003 0.27178715978128E+002 0.10000000000000E+001 0.00000000000000E+000 0.10000000000000E+001 0.00000000000000E+000 0.88476118355765E+003
  85 0.29577808916055E-001 0.61379365438016E-003 0.95749809542800E-005 0.26028776933684E-004 0.13424002471779E+000 0.10187569663268E-003 0.62846890524284E-001 0.16829544845934E-003 0.11545435008799E-005 0.91379165466283E-007 0.45262562693448E-003 0.18780978741466E-001 0.25327069687591E-001 0.26657145903914E-001 0.73832779793781E-005 0.94281348522358E-003 0.76492393755083E-005 0.78413541806061E-003 0.29735920564451E-004 0.10765459376047E-002 0.30721952448881E-013 0.14464897256429E-006 0.72792604239019E+000 0.68722544343037E-019 0.11823412738412E+004 0.35000000000000E-001 -.18180682470035E+003 0.49925931535341E-001 0.11823412738412E+004 0.10132500000000E+006 0.28006519640806E-003 0.27171903010541E+002 0.10000000000000E+001 0.00000000000000E+000 0.10000000000000E+001 0.00000000000000E+000 0.93786695404700E+003
  86 0.29890405485040E-001 0.61946119371276E-003 0.10227239142110E-004 0.28090504941194E-004 0.13274162858865E+000 0.10961846451714E-003 0.63699003910472E-001 0.16855169066084E-003 0.13055359104367E-005 0.10308603817356E-006 0.47360992151076E-003 0.18356056535821E-001 0.25746680909371E-001 0.27209742627545E-001 0.80633857705527E-005 0.95043471400502E-003 0.74555537234701E-005 0.79689023190080E-003 0.30634904986021E-004 0.10650728233106E-002 0.36287153394908E-013 0.14725950372457E-006 0.72797722091847E+000 0.69305278439631E-019 0.11948067710181E+004 0.35000000000000E-001 -.18048052208432E+003 0.49925931535341E-001 0.11948067710181E+004 0.10132500000000E+006 0.27707412494562E-003 0.27165125021723E+002 0.10000000000000E+001 0.00000000000000E+000 0.10000000000000E+001 0.00000000000000E+000 0.99308457315448E+003
  87 0.30202387030346E-001 0.62506244266668E-003 0.10916984452213E-004 0.30293172487106E-004 0.13123885757244E+000 0.11791406845086E-003 0.64550128804937E-001 0.16872088923424E-003 0.14738030730976E-005 0.11610802247520E-006 0.49486422800620E-003 0.17930820114975E-001 0.26166624146366E-001 0.27768032845173E-001 0.87887012199200E-005 0.95777794991392E-003 0.72683297488762E-005 0.80942193235045E-003 0.31483716393730E-004 0.10518509002529E-002 0.42854291942108E-013 0.14989374651795E-006 0.72802943339605E+000 0.69826898129782E-019 0.12072341402127E+004 0.35000000000000E-001 -.17919940889340E+003 0.49925931535341E-001 0.12072341402127E+004 0.10132500000000E+006 0.27415385683693E-003 0.27158384418803E+002 0.10000000000000E+001 0.00000000000000E+000 0.10000000000000E+001 0.00000000000000E+000 0.10504000773502E+004
  88 0.30513814323211E-001 0.63059281860660E-003 0.11645821488450E-004 0.32645667120370E-004 0.12973198725331E+000 0.12679491036430E-003 0.65400056630065E-001 0.16879453220302E-003 0.16608574953290E-005 0.13055835124684E-006 0.51632283616474E-003 0.17505426646250E-001 0.26586703500118E-001 0.28332085368640E-001 0.95601153135523E-005 0.96483215987816E-003 0.70863774071775E-005 0.82169402446386E-003 0.32276220762464E-004 0.10369018189538E-002 0.50601158456638E-013 0.15255226088497E-006 0.72808264933073E+000 0.70205093533763E-019 0.12196205227934E+004 0.35000000000000E-001 -.17796641228831E+003 0.49925931535341E-001 0.12196205227934E+004 0.10132500000000E+006 0.27130261563852E-003 0.27151683793469E+002 0.10000000000000E+001 0.00000000000000E+000 0.10000000000000E+001 0.00000000000000E+000 0.11097916909680E+004
  89 0.30824727926002E-001 0.63604714867460E-003 0.12415305827869E-004 0.35157268979601E-004 0.12822140867015E+000 0.13629394663383E-003 0.66248510521605E-001 0.16876452298604E-003 0.18682520547242E-005 0.14655307307366E-006 0.53791271974917E-003 0.17080070628507E-001 0.27006681035546E-001 0.28901933364990E-001 0.10378237425196E-004 0.97158477625372E-003 0.69086460473414E-005 0.83366621389564E-003 0.33006509798104E-004 0.10202582323192E-002 0.59735644240468E-013 0.15523545883332E-006 0.72813683220996E+000 0.70701905276080E-019 0.12319621595342E+004 0.35000000000000E-001 -.17678456373507E+003 0.49925931535341E-001 0.12319621595342E+004 0.10132500000000E+006 0.26851888665576E-003 0.27145026435732E+002 0.10000000000000E+001 0.00000000000000E+000 0.10000000000000E+001 0.00000000000000E+000 0.11712248206723E+004
  90 0.31135131253720E-001 0.64141940137421E-003 0.13226876482808E-004 0.37837477659663E-004 0.12670771389254E+000 0.14644387933165E-003 0.67095098834052E-001 0.16862331062430E-003 0.20975479959186E-005 0.16420858647157E-006 0.55955247911148E-003 0.16655007415833E-001 0.27426252985391E-001 0.29477540332986E-001 0.11243307695295E-004 0.97802144387357E-003 0.67342263669408E-005 0.84529390150896E-003 0.33668947191309E-004 0.10019655656753E-002 0.70499604726700E-013 0.15794344671565E-006 0.72819193602220E+000 0.71327345534000E-019 0.12442537274258E+004 0.35000000000000E-001 -.17565703315977E+003 0.49925931535341E-001 0.12442537274258E+004 0.10132500000000E+006 0.26580154027782E-003 0.27138416688240E+002 0.10000000000000E+001 0.00000000000000E+000 0.10000000000000E+001 0.00000000000000E+000 0.12346474376488E+004
  91 0.31444994053495E-001 0.64670279874747E-003 0.14081829178500E-004 0.40695963449741E-004 0.12519168243773E+000 0.15727680540127E-003 0.67939325063261E-001 0.16836403788048E-003 0.23502880978151E-005 0.18363958400954E-006 0.58115288181745E-003 0.16230548462744E-001 0.27845053954226E-001 0.30058802429605E-001 0.12155156152730E-004 0.98412628409390E-003 0.65623414714340E-005 0.85652863138308E-003 0.34258276129868E-004 0.98208279169524E-003 0.83173404751227E-013 0.16067603873089E-006 0.72824790525123E+000 0.72277903106015E-019 0.12564884997631E+004 0.35000000000000E-001 -.17458707162466E+003 0.49925931535341E-001 0.12564884997631E+004 0.10132500000000E+006 0.26314976368136E-003 0.27131859848833E+002 0.10000000000000E+001 0.00000000000000E+000 0.10000000000000E+001 0.00000000000000E+000 0.12999891854543E+004
  92 0.31754277531320E-001 0.65189029667355E-003 0.14981354278570E-004 0.43742733218614E-004 0.12367415982118E+000 0.16882467510795E-003 0.68780657363477E-001 0.16798065130464E-003 0.26279862722609E-005 0.20495826235292E-006 0.60261914629479E-003 0.15807026381688E-001 0.28262690977613E-001 0.30645592588662E-001 0.13113236051460E-004 0.98988256056264E-003 0.63923274939285E-005 0.86731939653882E-003 0.34769757440873E-004 0.96068130534171E-003 0.98081900517155E-013 0.16343296609094E-006 0.72830467904947E+000 0.73141241674514E-019 0.12686593643881E+004 0.35000000000000E-001 -.17357788291047E+003 0.49925931535341E-001 0.12686593643881E+004 0.10132500000000E+006 0.26056281910967E-003 0.27125361611500E+002 0.10000000000000E+001 0.00000000000000E+000 0.10000000000000E+001 0.00000000000000E+000 0.13671654791262E+004
  93 0.32062967622838E-001 0.65697516489892E-003 0.15926621290537E-004 0.46988468226948E-004 0.12215589314047E+000 0.18112039793271E-003 0.69618620032849E-001 0.16746792815692E-003 0.29321337710716E-005 0.22827479632758E-006 0.62385392413124E-003 0.15384748578639E-001 0.28678788800489E-001 0.31237823611354E-001 0.14116711128166E-004 0.99527333967484E-003 0.62236109591185E-005 0.87761411504478E-003 0.35199277165873E-004 0.93784218951222E-003 0.11560236771860E-012 0.16621417414218E-006 0.72836219746522E+000 0.73779098837158E-019 0.12807601464280E+004 0.35000000000000E-001 -.17263249624498E+003 0.49925931535341E-001 0.12807601464280E+004 0.10132500000000E+006 0.25803976628309E-003 0.27118927352750E+002 0.10000000000000E+001 0.00000000000000E+000 0.10000000000000E+001 0.00000000000000E+000 0.14360844702549E+004
  94 0.32371098007469E-001 0.66195134210484E-003 0.16918860969349E-004 0.50444880969708E-004 0.12063741505936E+000 0.19419900460177E-003 0.70452856031457E-001 0.16682142602329E-003 0.32642096331015E-005 0.25369811749502E-006 0.64475951479911E-003 0.14963965213082E-001 0.29093020853929E-001 0.31835495494234E-001 0.15164541057682E-004 0.10002817576636E-002 0.60556918538143E-005 0.88736051846399E-003 0.35543381197733E-004 0.91365322049280E-003 0.13617428981629E-012 0.16902004482487E-006 0.72842040627981E+000 0.74282454379900E-019 0.12927864988884E+004 0.35000000000000E-001 -.17175370875612E+003 0.49925931535341E-001 0.12927864988884E+004 0.10132500000000E+006 0.25557930339696E-003 0.27112561661524E+002 0.10000000000000E+001 0.00000000000000E+000 0.10000000000000E+001 0.00000000000000E+000 0.15066528140309E+004
  95 0.32678753196953E-001 0.66681342436027E-003 0.17959402665384E-004 0.54124945474743E-004 0.11911902599076E+000 0.20809829865804E-003 0.71283134096789E-001 0.16603740534440E-003 0.36256799625684E-005 0.28133581768692E-006 0.66523853562707E-003 0.14544865057647E-001 0.29505112516972E-001 0.32438706332792E-001 0.16255517050482E-004 0.10048908049785E-002 0.58881368183057E-005 0.89650618570535E-003 0.35799243935295E-004 0.88820694489789E-003 0.16031048565577E-012 0.17185144847210E-006 0.72847925829213E+000 0.74657815366209E-019 0.13047359873416E+004 0.35000000000000E-001 -.17094411294510E+003 0.49925931535341E-001 0.13047359873416E+004 0.10132500000000E+006 0.25317978621703E-003 0.27106268307230E+002 0.10000000000000E+001 0.00000000000000E+000 0.10000000000000E+001 0.00000000000000E+000 0.15787773346565E+004
  96 0.32986055855358E-001 0.67155639162107E-003 0.19049660223835E-004 0.58042965754454E-004 0.11760085568146E+000 0.22285885631880E-003 0.72109312349328E-001 0.16511277445504E-003 0.40179791749809E-005 0.31129266292197E-006 0.68519337846121E-003 0.14127593466353E-001 0.29914822453654E-001 0.33047632093494E-001 0.17388240263382E-004 0.10090828385463E-002 0.57205801659250E-005 0.90499803738344E-003 0.35964612360915E-004 0.86160017998115E-003 0.18860917853923E-012 0.17470965049651E-006 0.72853871145849E+000 0.74841223977921E-019 0.13166075497278E+004 0.35000000000000E-001 -.17020617140766E+003 0.49925931535341E-001 0.13166075497278E+004 0.10132500000000E+006 0.25083936749399E-003 0.27100050540066E+002 0.10000000000000E+001 0.00000000000000E+000 0.10000000000000E+001 0.00000000000000E+000 0.16523626959642E+004
  97 0.33293150233973E-001 0.67617529115013E-003 0.20191092533635E-004 0.62214560755773E-004 0.11608294586888E+000 0.23852367242024E-003 0.72931291348529E-001 0.16404506972333E-003 0.44424782210729E-005 0.34366811267956E-006 0.70452538580139E-003 0.13712275869086E-001 0.30321918466886E-001 0.33662496863498E-001 0.18561072464671E-004 0.10128391095495E-002 0.55527267804877E-005 0.91278181916625E-003 0.36037763359960E-004 0.83393429063688E-003 0.22176718893669E-012 0.17759617445555E-006 0.72859872598604E+000 0.75072324773880E-019 0.13284008109409E+004 0.35000000000000E-001 -.16954228777420E+003 0.49925931535341E-001 0.13284008109409E+004 0.10132500000000E+006 0.24855614955399E-003 0.27093911462200E+002 0.10000000000000E+001 0.00000000000000E+000 0.10000000000000E+001 0.00000000000000E+000 0.17273074286171E+004
  98 0.33600191801434E-001 0.68066504076831E-003 0.21385172746308E-004 0.66656682333394E-004 0.11456530359483E+000 0.25513789527489E-003 0.73748984139877E-001 0.16283244788489E-003 0.49004507699143E-005 0.37855368923049E-006 0.72313449798548E-003 0.13299032819690E-001 0.30726161657021E-001 0.34283553541924E-001 0.19772096202188E-004 0.10161394643402E-002 0.53843518811087E-005 0.91980190828669E-003 0.36017485304810E-004 0.80531530997988E-003 0.26059503664189E-012 0.18051271491104E-006 0.72865926237624E+000 0.75136899837872E-019 0.13401156475485E+004 0.35000000000000E-001 -.16895484604533E+003 0.49925931535341E-001 0.13401156475485E+004 0.10132500000000E+006 0.24632827371743E-003 0.27087854260455E+002 0.10000000000000E+001 0.00000000000000E+000 0.10000000000000E+001 0.00000000000000E+000 0.18035007936140E+004
  99 0.33907345923143E-001 0.68502038039837E-003 0.22633384286453E-004 0.71387738229160E-004 0.11304791042410E+000 0.27274891739793E-003 0.74562310679951E-001 0.16147366111749E-003 0.53930453786555E-005 0.41603080864656E-006 0.74091952995931E-003 0.12887982783200E-001 0.31127302570502E-001 0.34911081759055E-001 0.21019102860499E-004 0.10189621974173E-002 0.52152962598502E-005 0.92600144341670E-003 0.35903072583866E-004 0.77585340290486E-003 0.30603496408989E-012 0.18346113176064E-006 0.72872028111874E+000 0.75120654998978E-019 0.13517521051112E+004 0.35000000000000E-001 -.16844622185407E+003 0.49925931535341E-001 0.13517521051112E+004 0.10132500000000E+006 0.24415393504044E-003 0.27081882251526E+002 0.10000000000000E+001 0.00000000000000E+000 0.10000000000000E+001 0.00000000000000E+000 0.18808214895024E+004
 100 0.34214791548429E-001 0.68923589248872E-003 0.23937236655462E-004 0.76427806049898E-004 0.11153070737553E+000 0.29140675738689E-003 0.75371205273978E-001 0.15996800777515E-003 0.59212628725457E-005 0.45616901104345E-006 0.75777873699092E-003 0.12479238369663E-001 0.31525083627722E-001 0.35545395945464E-001 0.22299599427602E-004 0.10212839398545E-002 0.50454591573601E-005 0.93132256951645E-003 0.35694318613812E-004 0.74566186275915E-003 0.35918256249217E-012 0.18644349292064E-006 0.72878174334523E+000 0.75185096651011E-019 0.13633105021552E+004 0.35000000000000E-001 -.16801878570558E+003 0.49925931535341E-001 0.13633105021552E+004 0.10132500000000E+006 0.24203136142712E-003 0.27075998832047E+002 0.10000000000000E+001 0.00000000000000E+000 0.10000000000000E+001 0.00000000000000E+000 0.19591374472814E+004
 101 0.34522723158358E-001 0.69330598693949E-003 0.25298276646730E-004 0.81798854130789E-004 0.11001358904811E+000 0.31116440653205E-003 0.76175618822793E-001 0.15831528156756E-003 0.64859299224744E-005 0.49902390427865E-006 0.77361022179705E-003 0.12072905218761E-001 0.31919238761329E-001 0.36186850120989E-001 0.23610807926233E-004 0.10230794909997E-002 0.48747924472951E-005 0.93570660912328E-003 0.35391505151610E-004 0.71485625852893E-003 0.42131194937184E-012 0.18946210249277E-006 0.72884361111988E+000 0.75376474874274E-019 0.13747914596296E+004 0.35000000000000E-001 -.16767491407265E+003 0.49925931535341E-001 0.13747914596296E+004 0.10132500000000E+006 0.23995880805805E-003 0.27070207470712E+002 0.10000000000000E+001 0.00000000000000E+000 0.10000000000000E+001 0.00000000000000E+000 0.20383050566549E+004
 102 0.34831346682988E-001 0.69722480189503E-003 0.26718072516023E-004 0.87524879087998E-004 0.10849642809712E+000 0.33207780383001E-003 0.76975504919774E-001 0.15651575267584E-003 0.70876585080950E-005 0.54463404455010E-006 0.78831201372746E-003 0.11669089072010E-001 0.32309484928568E-001 0.36835830071980E-001 0.24949636454195E-004 0.10243215971544E-002 0.47032985519628E-005 0.93909415014941E-003 0.34995398677385E-004 0.68355422306580E-003 0.49390382774159E-012 0.19251947054894E-006 0.72890584647024E+000 0.75837553327190E-019 0.13861957005499E+004 0.35000000000000E-001 -.16741700816917E+003 0.49925931535341E-001 0.13861957005499E+004 0.10132500000000E+006 0.23793459272079E-003 0.27064511818238E+002 0.10000000000000E+001 0.00000000000000E+000 0.10000000000000E+001 0.00000000000000E+000 0.21181666380351E+004
 103 0.35140870672684E-001 0.70098605850234E-003 0.28198169420533E-004 0.93631939031972E-004 0.10697912326856E+000 0.35420537527146E-003 0.77770793987556E-001 0.15457019332762E-003 0.77267886849211E-005 0.59301657107097E-006 0.80178204924720E-003 0.11267908876618E-001 0.32695507768388E-001 0.37492734815194E-001 0.26312624035139E-004 0.10249807583139E-002 0.45310314279464E-005 0.94142520531217E-003 0.34507264839224E-004 0.65187579991508E-003 0.57867590460822E-012 0.19561823311655E-006 0.72896840939098E+000 0.76475382523197E-019 0.13975236811299E+004 0.35000000000000E-001 -.16724750751293E+003 0.49925931535341E-001 0.13975236811299E+004 0.10132500000000E+006 0.23595715674508E-003 0.27058915896854E+002 0.10000000000000E+001 0.00000000000000E+000 0.10000000000000E+001 0.00000000000000E+000 0.21985464332561E+004
 104 0.35451498837980E-001 0.70458296080601E-003 0.29740040612781E-004 0.10014816712264E-003 0.10546164032627E+000 0.37760746500831E-003 0.78561371941886E-001 0.15247992026446E-003 0.84033243266859E-005 0.64416234101086E-006 0.81391847190044E-003 0.10869507539292E-001 0.33076949665793E-001 0.38157959872024E-001 0.27695886235057E-004 0.10250251350152E-002 0.43580971500085E-005 0.94263960188308E-003 0.33928897756657E-004 0.61994368461415E-003 0.67761637804248E-012 0.19876108094031E-006 0.72903125607794E+000 0.76845254745525E-019 0.14087752885002E+004 0.35000000000000E-001 -.16716888680280E+003 0.49925931535341E-001 0.14087752885002E+004 0.10132500000000E+006 0.23402510856424E-003 0.27053424246609E+002 0.10000000000000E+001 0.00000000000000E+000 0.10000000000000E+001 0.00000000000000E+000 0.22792467763960E+004
 105 0.35763430676596E-001 0.70800821212264E-003 0.31345071085388E-004 0.10710391916851E-003 0.10394401288532E+000 0.40234621578545E-003 0.79347080326581E-001 0.15024679869755E-003 0.91168790974027E-005 0.69803187637121E-006 0.82462048797402E-003 0.10474051766438E-001 0.33453408409019E-001 0.38831897147217E-001 0.29095095124245E-004 0.10244205355425E-002 0.41846501777286E-005 0.94267759070436E-003 0.33262644170565E-004 0.58788258118486E-003 0.79302305757266E-012 0.20195076688906E-006 0.72909433880115E+000 0.77408799517135E-019 0.14199498447119E+004 0.35000000000000E-001 -.16718363894845E+003 0.49925931535341E-001 0.14199498447119E+004 0.10132500000000E+006 0.23213721161659E-003 0.27048041913507E+002 0.10000000000000E+001 0.00000000000000E+000 0.10000000000000E+001 0.00000000000000E+000 0.23600463409366E+004
 106 0.36076872345878E-001 0.71125413821889E-003 0.33014595622876E-004 0.11453217558452E-003 0.10242629359812E+000 0.42848629432768E-003 0.80127741945849E-001 0.14787316540571E-003 0.98666448891207E-005 0.75455304224705E-006 0.83378959295689E-003 0.10081719033168E-001 0.33824447945760E-001 0.39514957219883E-001 0.30505506880561E-004 0.10231303662034E-002 0.40108840043272E-005 0.94148046276649E-003 0.32511399557160E-004 0.55581741657757E-003 0.92755187492028E-012 0.20519022043603E-006 0.72915760787003E+000 0.77966792128534E-019 0.14310464723306E+004 0.35000000000000E-001 -.16729426183606E+003 0.49925931535341E-001 0.14310464723306E+004 0.10132500000000E+006 0.23029231358461E-003 0.27042774265579E+002 0.10000000000000E+001 0.00000000000000E+000 0.10000000000000E+001 0.00000000000000E+000 0.24407010732370E+004
 107 0.36392053027977E-001 0.71431282542030E-003 0.34749977534264E-004 0.12246918198798E-003 0.10090848052246E+000 0.45609633761544E-003 0.80903198139089E-001 0.14536168177837E-003 0.10651378256614E-004 0.81362010761812E-006 0.84133067296046E-003 0.96926787875195E-002 0.34189613932529E-001 0.40207604855620E-001 0.31922015074215E-004 0.10211154185120E-002 0.38370189643452E-005 0.93899092208030E-003 0.31678570951855E-004 0.52387098063386E-003 0.10842777659821E-011 0.20848272736177E-006 0.72922101467709E+000 0.78620111627807E-019 0.14420646239147E+004 0.35000000000000E-001 -.16750326740313E+003 0.49925931535341E-001 0.14420646239147E+004 0.10132500000000E+006 0.22848925550906E-003 0.27037626748197E+002 0.10000000000000E+001 0.00000000000000E+000 0.10000000000000E+001 0.00000000000000E+000 0.25209464169392E+004
 108 0.36709237910176E-001 0.71717616481460E-003 0.36552683133401E-004 0.13095516293224E-003 0.99390462956687E-001 0.48525047245419E-003 0.81673334569897E-001 0.14271518283684E-003 0.11469383857976E-004 0.87509260105325E-006 0.84715256941491E-003 0.93070796101023E-002 0.34548442623301E-001 0.40910388592938E-001 0.33339184619060E-004 0.10183334723112E-002 0.36632924203297E-005 0.93515315077064E-003 0.30768027079161E-004 0.49216203659657E-003 0.12667681986312E-011 0.21183208526449E-006 0.72928451393788E+000 0.79224939409880E-019 0.14530044478685E+004 0.35000000000000E-001 -.16781321590062E+003 0.49925931535341E-001 0.14530044478685E+004 0.10132500000000E+006 0.22672681539540E-003 0.27032604741982E+002 0.10000000000000E+001 0.00000000000000E+000 0.10000000000000E+001 0.00000000000000E+000 0.26004982599259E+004
 109 0.37028730851575E-001 0.71983575642706E-003 0.38424305415320E-004 0.14003489551750E-003 0.97872019899926E-001 0.51602914732590E-003 0.82438079209248E-001 0.13993659993645E-003 0.12318471331859E-004 0.93879219913264E-006 0.85116811799572E-003 0.89250504806525E-002 0.34900455558111E-001 0.41623948308598E-001 0.34751230100018E-004 0.10147388337732E-002 0.34899553344962E-005 0.92991277159900E-003 0.29784068501389E-004 0.46080467120275E-003 0.14791668048140E-011 0.21524265853148E-006 0.72934806368267E+000 0.79892971295542E-019 0.14638667608513E+004 0.35000000000000E-001 -.16822675839428E+003 0.49925931535341E-001 0.14638667608513E+004 0.10132500000000E+006 0.22500371892072E-003 0.27027713623083E+002 0.10000000000000E+001 0.00000000000000E+000 0.10000000000000E+001 0.00000000000000E+000 0.26790506880660E+004
 110 0.37350866393518E-001 0.72228271885365E-003 0.40366520951472E-004 0.14975802792610E-003 0.96352870956145E-001 0.54851892545058E-003 0.83197373858847E-001 0.13702899100949E-003 0.13195876579371E-004 0.10044969980312E-005 0.85329407840569E-003 0.85467153011373E-002 0.35245141443490E-001 0.42348998606086E-001 0.36151936586214E-004 0.10102819842666E-002 0.33172752455613E-005 0.92321703344062E-003 0.28731437566064E-004 0.42990883718035E-003 0.17262839993753E-011 0.21871932125499E-006 0.72941162297279E+000 0.80652675640919E-019 0.14746526470556E+004 0.35000000000000E-001 -.16874666355645E+003 0.49925931535341E-001 0.14746526470556E+004 0.10132500000000E+006 0.22331870709067E-003 0.27022958996666E+002 0.10000000000000E+001 0.00000000000000E+000 0.10000000000000E+001 0.00000000000000E+000 0.27562706283837E+004
 111 0.37675997442470E-001 0.72450750284135E-003 0.42381006234853E-004 0.16017921461076E-003 0.94832747325951E-001 0.58281156076561E-003 0.83951136620544E-001 0.13399564303324E-003 0.14098160237377E-004 0.10719341616300E-005 0.85345143750074E-003 0.81722117669509E-002 0.35581934157374E-001 0.43086301104006E-001 0.37534556017249E-004 0.10049094368180E-002 0.31455417593639E-005 0.91501540661459E-003 0.27615358944405E-004 0.39958128939386E-003 0.20136943119137E-011 0.22226734886867E-006 0.72947514870688E+000 0.81440413921054E-019 0.14853629311168E+004 0.35000000000000E-001 -.16937581693513E+003 0.49925931535341E-001 0.14853629311168E+004 0.10132500000000E+006 0.22167061722043E-003 0.27018346972687E+002 0.10000000000000E+001 0.00000000000000E+000 0.10000000000000E+001 0.00000000000000E+000 0.28317913535095E+004
 112 0.38004487659119E-001 0.72649979038247E-003 0.44469366666037E-004 0.17135830301474E-003 0.93311439267678E-001 0.61900319362865E-003 0.84699237364892E-001 0.13084016330412E-003 0.15021110463507E-004 0.11407729978106E-005 0.85156626283337E-003 0.78017034961652E-002 0.35910197290426E-001 0.43836645847370E-001 0.38891724409806E-004 0.99856373179711E-003 0.29750693249902E-005 0.90526047371523E-003 0.26441577422037E-004 0.36992592172743E-003 0.23478455680755E-011 0.22589235481376E-006 0.72953859337708E+000 0.82120007449177E-019 0.14959978365755E+004 0.35000000000000E-001 -.17011720344758E+003 0.49925931535341E-001 0.14959978365755E+004 0.10132500000000E+006 0.22005842886338E-003 0.27013884340391E+002 0.10000000000000E+001 0.00000000000000E+000 0.10000000000000E+001 0.00000000000000E+000 0.29052073531514E+004
 113 0.38336714851744E-001 0.72824849183945E-003 0.46633125498401E-004 0.18336084115827E-003 0.91788791962271E-001 0.65719452099533E-003 0.85441499301608E-001 0.12756648202053E-003 0.15959673800464E-004 0.12106202345025E-005 0.84757085788243E-003 0.74353790068602E-002 0.36229220509199E-001 0.44600856955785E-001 0.40215426990286E-004 0.99118337198275E-003 0.28061940542280E-005 0.89390876606548E-003 0.25216358114101E-004 0.34104296787238E-003 0.27361901450433E-011 0.22960034658580E-006 0.72960190496269E+000 0.82505497578330E-019 0.15065570154730E+004 0.35000000000000E-001 -.17097389998448E+003 0.49925931535341E-001 0.15065570154730E+004 0.10132500000000E+006 0.21848125066540E-003 0.27009578575422E+002 0.10000000000000E+001 0.00000000000000E+000 0.10000000000000E+001 0.00000000000000E+000 0.29760719508349E+004
 114 0.38673085247394E-001 0.72974178259419E-003 0.48873783750906E-004 0.19625904584461E-003 0.90264653817206E-001 0.69749226762347E-003 0.86177723229356E-001 0.12417874674692E-003 0.16907918295193E-004 0.12810177799818E-005 0.84140475880423E-003 0.70734394971372E-002 0.36538224830112E-001 0.45379823411928E-001 0.41497002499518E-004 0.98270250574600E-003 0.26392652981117E-005 0.88092121969257E-003 0.23946437431675E-004 0.31302730354993E-003 0.31873497873193E-011 0.23339790941574E-006 0.72966502875751E+000 0.82991035988823E-019 0.15170399016744E+004 0.35000000000000E-001 -.17194910186970E+003 0.49925931535341E-001 0.15170399016744E+004 0.10132500000000E+006 0.21693826100741E-003 0.27005437727021E+002 0.10000000000000E+001 0.00000000000000E+000 0.10000000000000E+001 0.00000000000000E+000 0.30438970392893E+004
 115 0.39014052913290E-001 0.73096709730244E-003 0.51192921326445E-004 0.21013316769663E-003 0.88738807290596E-001 0.74001158413642E-003 0.86907718551395E-001 0.12068115661663E-003 0.17859011826394E-004 0.13514416681095E-005 0.83301526621049E-003 0.67160835440342E-002 0.36836368407212E-001 0.46174542614293E-001 0.42727150713138E-004 0.97305031177967E-003 0.24746357699244E-005 0.86626318970388E-003 0.22638942876982E-004 0.28596661343078E-003 0.37113221473339E-011 0.23729246233588E-006 0.72972790980524E+000 0.83155360020603E-019 0.15274461642380E+004 0.35000000000000E-001 -.17304618729107E+003 0.49925931535341E-001 0.15274461642380E+004 0.10132500000000E+006 0.21542863932640E-003 0.27001470302890E+002 0.10000000000000E+001 0.00000000000000E+000 0.10000000000000E+001 0.00000000000000E+000 0.31081528883663E+004
 116 0.39360137957407E-001 0.73191103320283E-003 0.53592296246969E-004 0.22507308077985E-003 0.87210913555292E-001 0.78487868926272E-003 0.87631325467048E-001 0.11707780732750E-003 0.18805192504527E-004 0.14213004557052E-005 0.82235754522239E-003 0.63634964988600E-002 0.37122745330312E-001 0.46986161949310E-001 0.43895908128941E-004 0.96215018762901E-003 0.23126539910446E-005 0.84990422512658E-003 0.21301311763922E-004 0.25994010102649E-003 0.43197333562745E-011 0.24129251880206E-006 0.72979049456967E+000 0.83123144452437E-019 0.15377760415324E+004 0.35000000000000E-001 -.17426880575403E+003 0.49925931535341E-001 0.15377760415324E+004 0.10132500000000E+006 0.21395152029202E-003 0.26997685250670E+002 0.10000000000000E+001 0.00000000000000E+000 0.10000000000000E+001 0.00000000000000E+000 0.31682661353885E+004
 117 0.39711941189074E-001 0.73255916436380E-003 0.56073919533629E-004 0.24117999549180E-003 0.85680482104510E-001 0.83223335993420E-003 0.88348423301553E-001 0.11337258591412E-003 0.19737719093841E-004 0.14899321845948E-005 0.80939452992738E-003 0.60158469842513E-002 0.37396375183037E-001 0.47816012384404E-001 0.44992579127807E-004 0.94991886689557E-003 0.21536603246278E-005 0.83181784431595E-003 0.19941226871138E-004 0.23501791358475E-003 0.50261418832318E-011 0.24540792534418E-006 0.72985273133173E+000 0.82833848682015E-019 0.15480304859258E+004 0.35000000000000E-001 -.17562097551091E+003 0.49925931535341E-001 0.15480304859258E+004 0.10132500000000E+006 0.21250597855585E-003 0.26994092060528E+002 0.10000000000000E+001 0.00000000000000E+000 0.10000000000000E+001 0.00000000000000E+000 0.32236153383561E+004
 118 0.40070157394672E-001 0.73289579117094E-003 0.58640112903861E-004 0.25856835426780E-003 0.84146856010683E-001 0.88223138860099E-003 0.89058929819136E-001 0.10956910742974E-003 0.20646803678063E-004 0.15566000855920E-005 0.79409681708232E-003 0.56732880031540E-002 0.37656185336110E-001 0.48665638426136E-001 0.46005629476948E-004 0.93626549794447E-003 0.19979854954231E-005 0.81198139720853E-003 0.18566567632651E-004 0.21126103727650E-003 0.58464055441460E-011 0.24965010256546E-006 0.72991456965858E+000 0.82617735791862E-019 0.15582111891733E+004 0.35000000000000E-001 -.17710718748692E+003 0.49925931535341E-001 0.15582111891733E+004 0.10132500000000E+006 0.21109103154248E-003 0.26990700957081E+002 0.10000000000000E+001 0.00000000000000E+000 0.10000000000000E+001 0.00000000000000E+000 0.32735245102619E+004
 119 0.40435590751128E-001 0.73290363762010E-003 0.61293568202551E-004 0.27736806838934E-003 0.82609198772258E-001 0.93504738223477E-003 0.89762798213017E-001 0.10567066747012E-003 0.21521533206432E-004 0.16204875205949E-005 0.77644259238705E-003 0.53359593346943E-002 0.37900988168661E-001 0.49536832233014E-001 0.46922551143646E-004 0.92109063219062E-003 0.18459500444355E-005 0.79037596720203E-003 0.17185367476570E-004 0.18872136995114E-003 0.67991315965063E-011 0.25403233190911E-006 0.72997595946419E+000 0.82485901964037E-019 0.15683205857372E+004 0.35000000000000E-001 -.17873252402401E+003 0.49925931535341E-001 0.15683205857372E+004 0.10132500000000E+006 0.20970564541473E-003 0.26987523147880E+002 0.10000000000000E+001 0.00000000000000E+000 0.10000000000000E+001 0.00000000000000E+000 0.33172551154919E+004
 120 0.40809174080561E-001 0.73256348938745E-003 0.64037415834997E-004 0.29772721658333E-003 0.81066478257989E-001 0.99087810319222E-003 0.90460013544378E-001 0.10168020287091E-003 0.22349780874989E-004 0.16806922324954E-005 0.75641761456648E-003 0.50039903530409E-002 0.38129452859724E-001 0.50431675523922E-001 0.47729697369630E-004 0.90428509333411E-003 0.16978642818553E-005 0.76698630465164E-003 0.15805774455668E-004 0.16744188112095E-003 0.79062343225952E-011 0.25857011407779E-006 0.73003684975217E+000 0.82224778000829E-019 0.15783618622426E+004 0.35000000000000E-001 -.18050279912019E+003 0.49925931535341E-001 0.15783618622426E+004 0.10132500000000E+006 0.20834874024061E-003 0.26984571130218E+002 0.10000000000000E+001 0.00000000000000E+000 0.10000000000000E+001 0.00000000000000E+000 0.33539964572739E+004
 121 0.41191990395505E-001 0.73185376443371E-003 0.66875284275326E-004 0.31981515892537E-003 0.79517457774598E-001 0.10499460573428E-002 0.91150583685366E-001 0.97600290500305E-004 0.23118100931624E-004 0.17362194378160E-005 0.73401546914743E-003 0.46775056099603E-002 0.38340068799488E-001 0.51352585002758E-001 0.48412078582211E-004 0.88572885785063E-003 0.15540297100748E-005 0.74180100323439E-003 0.14436024766585E-004 0.14745697422835E-003 0.91936214144119E-011 0.26328158782001E-006 0.73009718652368E+000 0.82072693898558E-019 0.15883389056512E+004 0.35000000000000E-001 -.18242471204228E+003 0.49925931535341E-001 0.15883389056512E+004 0.10132500000000E+006 0.20701920351304E-003 0.26981859091378E+002 0.10000000000000E+001 0.00000000000000E+000 0.10000000000000E+001 0.00000000000000E+000 0.33828540020673E+004
 122 0.41585292449940E-001 0.73075003441317E-003 0.69811308847259E-004 0.34382577986566E-003 0.77960714432197E-001 0.11125024613119E-002 0.91834515800272E-001 0.93433246225426E-004 0.23811601369216E-004 0.17859733855934E-005 0.70923861367894E-003 0.43566372553737E-002 0.38531097120685E-001 0.52302349970109E-001 0.48953114312906E-004 0.86529032835180E-003 0.14147434909075E-005 0.71481341721065E-003 0.13084445715466E-004 0.12879320444124E-003 0.10692018033161E-010 0.26818796279279E-006 0.73015690895009E+000 0.82070657096171E-019 0.15982560637915E+004 0.35000000000000E-001 -.18450598534500E+003 0.49925931535341E-001 0.15982560637915E+004 0.10132500000000E+006 0.20571592791218E-003 0.26979403443764E+002 0.10000000000000E+001 0.00000000000000E+000 0.10000000000000E+001 0.00000000000000E+000 0.34028355811649E+004
 123 0.41990515990428E-001 0.72922455702724E-003 0.72850044480214E-004 0.36998039723693E-003 0.76394702128139E-001 0.11788284648778E-002 0.92511771706365E-001 0.89181384849000E-004 0.24413805211213E-004 0.18287482191569E-005 0.68210092930453E-003 0.40415469752645E-002 0.38700509320392E-001 0.53284150114429E-001 0.49334358122194E-004 0.84282658751622E-003 0.12803066035133E-005 0.68602394684075E-003 0.11759496054970E-004 0.11147031502209E-003 0.12437920470861E-010 0.27331391530286E-006 0.73021594308769E+000 0.82147633809591E-019 0.16081176222247E+004 0.35000000000000E-001 -.18675544670644E+003 0.49925931535341E-001 0.16081176222247E+004 0.10132500000000E+006 0.20443788356523E-003 0.26977223505927E+002 0.10000000000000E+001 0.00000000000000E+000 0.10000000000000E+001 0.00000000000000E+000 0.34128367495157E+004
 124 0.42409286791751E-001 0.72724590214750E-003 0.75996269780645E-004 0.39852995373905E-003 0.74817856304524E-001 0.12492339978729E-002 0.93182205182706E-001 0.84847448601208E-004 0.24906540340889E-004 0.18632211010823E-005 0.65263226976609E-003 0.37324553080096E-002 0.38845916463472E-001 0.54301551635148E-001 0.49535243183899E-004 0.81818517733444E-003 0.11510339504512E-005 0.65544404563003E-003 0.10469825268291E-004 0.95502223242994E-004 0.14474664944158E-010 0.27868794678681E-006 0.73027419325176E+000 0.82107852610134E-019 0.16179270395352E+004 0.35000000000000E-001 -.18918303009752E+003 0.49925931535341E-001 0.16179270395352E+004 0.10132500000000E+006 0.20318421631900E-003 0.26975342287623E+002 0.10000000000000E+001 0.00000000000000E+000 0.10000000000000E+001 0.00000000000000E+000 0.34116282936315E+004
 125 0.42843430332792E-001 0.72477871466903E-003 0.79254738597814E-004 0.42975660478224E-003 0.73228704833549E-001 0.13240550498150E-002 0.93845498185195E-001 0.80435114978103E-004 0.25269924039251E-004 0.18879523852425E-005 0.62088470568979E-003 0.34296697923826E-002 0.38964495786800E-001 0.55358501034503E-001 0.49532913790623E-004 0.79120749468794E-003 0.10272619495146E-005 0.62310153994275E-003 0.92243005092937E-005 0.80897333141264E-004 0.16853624848186E-010 0.28434281971963E-006 0.73033153235892E+000 0.82191492528541E-019 0.16276861869965E+004 0.35000000000000E-001 -.19179972619793E+003 0.49925931535341E-001 0.16276861869965E+004 0.10132500000000E+006 0.20195433877529E-003 0.26973787302004E+002 0.10000000000000E+001 0.00000000000000E+000 0.10000000000000E+001 0.00000000000000E+000 0.33978496569157E+004
 126 0.43295003746385E-001 0.72178352945028E-003 0.82630017276522E-004 0.46397573928196E-003 0.71625918251288E-001 0.14036522897015E-002 0.94501123741631E-001 0.75949396044956E-004 0.25482506835837E-004 0.19013973412394E-005 0.58693900073333E-003 0.31335989965235E-002 0.39052919267799E-001 0.56459362177441E-001 0.49302186796462E-004 0.76173305383951E-003 0.90934790997729E-006 0.58904582575117E-003 0.80319323860449E-005 0.67657614525234E-004 0.19635635637523E-010 0.29031634319181E-006 0.73038779339146E+000 0.82116011016005E-019 0.16373950088133E+004 0.35000000000000E-001 -.19461759615459E+003 0.49925931535341E-001 0.16373950088133E+004 0.10132500000000E+006 0.20074796333978E-003 0.26972591361598E+002 0.10000000000000E+001 0.00000000000000E+000 0.10000000000000E+001 0.00000000000000E+000 0.33700104558776E+004
 127 0.43766375721234E-001 0.71821638002219E-003 0.86126579848453E-004 0.50154036750082E-003 0.70008230710935E-001 0.14884153944178E-002 0.95148359360889E-001 0.71396728107789E-004 0.25521593236969E-004 0.19019303515417E-005 0.55090913088548E-003 0.28447423391202E-002 0.39107277545990E-001 0.57609056291884E-001 0.48815618683852E-004 0.72960313173675E-003 0.79765782589371E-006 0.55335096543159E-003 0.69016551967196E-005 0.55776415136260E-004 0.22892881483861E-010 0.29665289835734E-006 0.73044276352701E+000 0.82076339381257E-019 0.16470519875049E+004 0.35000000000000E-001 -.19765002867313E+003 0.49925931535341E-001 0.16470519875049E+004 0.10132500000000E+006 0.19956503614493E-003 0.26971793452678E+002 0.10000000000000E+001 0.00000000000000E+000 0.10000000000000E+001 0.00000000000000E+000 0.33264980836554E+004
 128 0.44260370933795E-001 0.71402787965287E-003 0.89749232599029E-004 0.54284955607502E-003 0.68374221640687E-001 0.15787759047616E-002 0.95786345709711E-001 0.66784725451998E-004 0.25363686705908E-004 0.18878773992409E-005 0.51294364532094E-003 0.25636596765216E-002 0.39122975393278E-001 0.58813339667702E-001 0.48043584759600E-004 0.69466277399043E-003 0.69254586604967E-006 0.51611576977228E-003 0.58419934551577E-005 0.45235824428943E-004 0.26711570349391E-010 0.30340602557234E-006 0.73049617947912E+000 0.81981764597806E-019 0.16566554037574E+004 0.35000000000000E-001 -.20091237729507E+003 0.49925931535341E-001 0.16566554037574E+004 0.10132500000000E+006 0.19840558341757E-003 0.26971439988973E+002 0.10000000000000E+001 0.00000000000000E+000 0.10000000000000E+001 0.00000000000000E+000 0.32655857902734E+004
 129 0.44780470848594E-001 0.70916167259938E-003 0.93503706583155E-004 0.58836035795345E-003 0.66722050672736E-001 0.16752260149788E-002 0.96414143005878E-001 0.62121894162866E-004 0.24984994165618E-004 0.18575520299041E-005 0.47322561868374E-003 0.22909431709637E-002 0.39094565097003E-001 0.60079187722656E-001 0.46954309877643E-004 0.65676246767982E-003 0.59433569877266E-006 0.47746272215673E-003 0.48607266720922E-005 0.36004914014298E-004 0.31195642400408E-010 0.31064210353586E-006 0.73054771837021E+000 0.81858143151239E-019 0.16662047738293E+004 0.35000000000000E-001 -.20442292537568E+003 0.49925931535341E-001 0.16662047738293E+004 0.10132500000000E+006 0.19726955355195E-003 0.26971586868137E+002 0.10000000000000E+001 0.00000000000000E+000 0.10000000000000E+001 0.00000000000000E+000 0.31854387027092E+004
 130 0.45331045252594E-001 0.70355256550682E-003 0.97397084633616E-004 0.63859972345922E-003 0.65049292333926E-001 0.17783353531722E-002 0.97030722203675E-001 0.57417791591734E-004 0.24362037790976E-004 0.18092984129192E-005 0.43197551785398E-003 0.20272184764807E-002 0.39015494180581E-001 0.61415203276333E-001 0.45513975701784E-004 0.61576359784505E-003 0.50331319728159E-006 0.43753984824560E-003 0.39646586470451E-005 0.28039629834649E-004 0.36471521091591E-010 0.31844492165507E-006 0.73059697665172E+000 0.81700485675032E-019 0.16757016111465E+004 0.35000000000000E-001 -.20820393509972E+003 0.49925931535341E-001 0.16757016111465E+004 0.10132500000000E+006 0.19615675768062E-003 0.26972302657258E+002 0.10000000000000E+001 0.00000000000000E+000 0.10000000000000E+001 0.00000000000000E+000 0.30841271099902E+004
 131 0.45917603740228E-001 0.69712489439194E-003 0.10143781024049E-003 0.69417168610992E-003 0.63352954062163E-001 0.18887578440993E-002 0.97634861466667E-001 0.52683951302392E-004 0.23472599072030E-004 0.17415579370106E-005 0.38946066675771E-003 0.17731846221029E-002 0.38877764944802E-001 0.62831993103464E-001 0.43687263329224E-004 0.57155264124241E-003 0.41973076619648E-006 0.39652888285473E-003 0.31594908139322E-005 0.21283858461030E-004 0.42693754820544E-010 0.32692115201516E-006 0.73064343195958E+000 0.81402325835011E-019 0.16851491443115E+004 0.35000000000000E-001 -.21228255207463E+003 0.49925931535341E-001 0.16851491443115E+004 0.10132500000000E+006 0.19506694477485E-003 0.26973673032253E+002 0.10000000000000E+001 0.00000000000000E+000 0.10000000000000E+001 0.00000000000000E+000 0.29596698188943E+004
 132 0.46547091812762E-001 0.68979164479448E-003 0.10563524037979E-003 0.75575553600650E-003 0.61629655698503E-001 0.20072245853574E-002 0.98224963113993E-001 0.47935577653179E-004 0.22297336943022E-004 0.16529838778620E-005 0.34601201899103E-003 0.15296807150552E-002 0.38671513362828E-001 0.64342528975411E-001 0.41438848373236E-004 0.52406800272557E-003 0.34381485018204E-006 0.35466039716225E-003 0.24496993388141E-005 0.15670500796199E-004 0.50051407654992E-010 0.33620727655947E-006 0.73068638568963E+000 0.81088190212694E-019 0.16945513190470E+004 0.35000000000000E-001 -.21669151580650E+003 0.49925931535341E-001 0.16945513190470E+004 0.10132500000000E+006 0.19399996432146E-003 0.26975806556147E+002 0.10000000000000E+001 0.00000000000000E+000 0.10000000000000E+001 0.00000000000000E+000 0.28101384898995E+004
 133 0.47228282667711E-001 0.68145482767194E-003 0.10999879428141E-003 0.82408988250296E-003 0.59875910788767E-001 0.21345200676451E-002 0.98798819032671E-001 0.43193875445394E-004 0.20822452664127E-004 0.15426305862186E-005 0.30204668687554E-003 0.12977614714591E-002 0.38384510553614E-001 0.65962548999547E-001 0.38736484908527E-004 0.47334277115982E-003 0.27576710533134E-006 0.31223479636469E-003 0.18383058851381E-005 0.11121730461975E-004 0.58775034608904E-010 0.34647904875671E-006 0.73072488354256E+000 0.80805885822551E-019 0.17039116830442E+004 0.35000000000000E-001 -.22146974077367E+003 0.49925931535341E-001 0.17039116830442E+004 0.10132500000000E+006 0.19295594428928E-003 0.26978842054487E+002 0.10000000000000E+001 0.00000000000000E+000 0.10000000000000E+001 0.00000000000000E+000 0.26338595975788E+004
 134 0.47972349212857E-001 0.67200764624678E-003 0.11453678142717E-003 0.89993576930484E-003 0.58088435525693E-001 0.22714394493490E-002 0.99353353140356E-001 0.38488798752760E-004 0.19043716509864E-004 0.14102393870568E-005 0.25809268871637E-003 0.10787629703824E-002 0.38001576297074E-001 0.67711090857891E-001 0.35556404513498E-004 0.41956580282767E-003 0.21575189538888E-006 0.26964671444384E-003 0.13264726046256E-005 0.75482717175522E-005 0.69144083135790E-010 0.35796533199422E-006 0.73075760866643E+000 0.80529836022486E-019 0.17132329051868E+004 0.35000000000000E-001 -.22666293165774E+003 0.49925931535341E-001 0.17132329051868E+004 0.10132500000000E+006 0.19193540375574E-003 0.26982958187686E+002 0.10000000000000E+001 0.00000000000000E+000 0.10000000000000E+001 0.00000000000000E+000 0.24297538860168E+004
 135 0.48793784541247E-001 0.66133874071251E-003 0.11925512631688E-003 0.98401204668651E-003 0.56264344591557E-001 0.24187293375031E-002 0.99884380465222E-001 0.33861780182056E-004 0.16971922269277E-004 0.12566257465330E-005 0.21480920411453E-003 0.87433541759864E-003 0.37503850500245E-001 0.69611360979185E-001 0.31891654110453E-004 0.36316000224276E-003 0.16386528012520E-006 0.22740781810834E-003 0.91291617913451E-006 0.48481418312126E-005 0.81495141912022E-010 0.37096994028894E-006 0.73078273781347E+000 0.80366362384415E-019 0.17225181417249E+004 0.35000000000000E-001 -.23232469193757E+003 0.49925931535341E-001 0.17225181417249E+004 0.10132500000000E+006 0.19093918089904E-003 0.26988386590552E+002 0.10000000000000E+001 0.00000000000000E+000 0.10000000000000E+001 0.00000000000000E+000 0.21978432261231E+004
 136 0.49711943119344E-001 0.64933909063630E-003 0.12415599891647E-003 0.10768912668503E-002 0.54401130272584E-001 0.25770119307774E-002 0.10038638882085E+000 0.29368070649115E-004 0.14639505915614E-004 0.10841500231923E-005 0.17299585135092E-003 0.68643238299060E-003 0.36867805004968E-001 0.71692210558712E-001 0.27763878964132E-004 0.30487485816760E-003 0.12008925913910E-006 0.18616366850882E-003 0.59326563170121E-006 0.29060604935818E-005 0.96232194132892E-010 0.38590775489511E-006 0.73079773926977E+000 0.80269462544226E-019 0.17317754598063E+004 0.35000000000000E-001 -.23851866453458E+003 0.49925931535341E-001 0.17317754598063E+004 0.10132500000000E+006 0.18996807602014E-003 0.26995431152285E+002 0.10000000000000E+001 0.00000000000000E+000 0.10000000000000E+001 0.00000000000000E+000 0.19399431728300E+004
 137 0.50753486399787E-001 0.63591560431992E-003 0.12923498106234E-003 0.11788151936480E-002 0.52496700870878E-001 0.27466548901132E-002 0.10085223117413E+000 0.25079091150611E-004 0.12108133848129E-004 0.89726237970210E-006 0.13359242927661E-003 0.51728458342057E-003 0.36063948514066E-001 0.73990174570122E-001 0.23239659787729E-004 0.24589819194989E-003 0.84247652951702E-007 0.14670850754098E-003 0.35962081769165E-006 0.15950572311786E-005 0.11383808363459E-009 0.40336338124136E-006 0.73079907393938E+000 0.80114957709935E-019 0.17410251951814E+004 0.35000000000000E-001 -.24532099933602E+003 0.49925931535341E-001 0.17410251951814E+004 0.10132500000000E+006 0.18902226335865E-003 0.27004496102053E+002 0.10000000000000E+001 0.00000000000000E+000 0.10000000000000E+001 0.00000000000000E+000 0.16605890392478E+004
 138 0.51955837306636E-001 0.62102412641605E-003 0.13447269235146E-003 0.12893247069978E-002 0.50550389652649E-001 0.29274688207595E-002 0.10127253823739E+000 0.21085636646505E-004 0.94773738376559E-005 0.70313879728565E-006 0.97675436620230E-004 0.36939581712759E-003 0.35055686279652E-001 0.76551065139778E-001 0.18453535328927E-004 0.18799961838768E-003 0.55980462993142E-007 0.11000823840577E-003 0.20054585740729E-006 0.78095605251624E-006 0.13487773905878E-009 0.42418022200282E-006 0.73078176975138E+000 0.79905421592923E-019 0.17503084754908E+004 0.35000000000000E-001 -.25281905643032E+003 0.49925931535341E-001 0.17503084754908E+004 0.10132500000000E+006 0.18810066639598E-003 0.27016120991910E+002 0.10000000000000E+001 0.00000000000000E+000 0.10000000000000E+001 0.00000000000000E+000 0.13682874587542E+004
 139 0.53371314452638E-001 0.60474583733110E-003 0.13981377810351E-003 0.14065357879000E-002 0.48566221120069E-001 0.31180406513891E-002 0.10163488962744E+000 0.17500331466629E-004 0.68928209123364E-005 0.51230261586602E-006 0.66435305055318E-004 0.24549701655992E-003 0.33800055076125E-001 0.79428456814353E-001 0.13636986052972E-004 0.13367894707380E-003 0.34734957073525E-007 0.77222331267653E-004 0.10160009503785E-006 0.32928684583493E-006 0.15996771443324E-009 0.44958318980598E-006 0.73073894990123E+000 0.79495972796620E-019 0.17596954415446E+004 0.35000000000000E-001 -.26109696139518E+003 0.49925931535341E-001 0.17596954415446E+004 0.10132500000000E+006 0.18720034339473E-003 0.27031006238623E+002 0.10000000000000E+001 0.00000000000000E+000 0.10000000000000E+001 0.00000000000000E+000 0.10769832410657E+004
 140 0.55070863517791E-001 0.58742973027952E-003 0.14512547066683E-003 0.15259776243646E-002 0.46558986427811E-001 0.33145937184128E-002 0.10192357407173E+000 0.14450475708467E-004 0.45444061700976E-005 0.33857044666041E-006 0.41058223715796E-004 0.14817397084665E-003 0.32253967063525E-001 0.82674470140849E-001 0.91364747096572E-005 0.86140596493757E-004 0.19754269036502E-007 0.49650991961532E-004 0.46540690662707E-007 0.11441478440355E-006 0.18967638707314E-009 0.48132604369862E-006 0.73066171981684E+000 0.78963162789121E-019 0.17692946032498E+004 0.35000000000000E-001 -.27019375464288E+003 0.49925931535341E-001 0.17692946032498E+004 0.10132500000000E+006 0.18631541923458E-003 0.27049984063154E+002 0.10000000000000E+001 0.00000000000000E+000 0.10000000000000E+001 0.00000000000000E+000 0.80666930334829E+003
 141 0.57145362149657E-001 0.56987232235848E-003 0.15013562418201E-003 0.16394291713019E-002 0.44560895695883E-001 0.35097558531881E-002 0.10212199237738E+000 0.12045109454581E-004 0.26339814741999E-005 0.19678927685722E-006 0.22395983608331E-004 0.78764556178433E-004 0.30390483577230E-001 0.86317913116562E-001 0.53713612653860E-005 0.48692517012604E-004 0.10058948568994E-007 0.28461401538736E-004 0.19461804293224E-007 0.31236176458144E-007 0.22435608067495E-009 0.52183218598953E-006 0.73054037774863E+000 0.78275465394437E-019 0.17792656715958E+004 0.35000000000000E-001 -.28002323716090E+003 0.49925931535341E-001 0.17792656715958E+004 0.10132500000000E+006 0.18543480198095E-003 0.27073855540408E+002 0.10000000000000E+001 0.00000000000000E+000 0.10000000000000E+001 0.00000000000000E+000 0.58035276716114E+003
 142 0.59702058659662E-001 0.55336757996209E-003 0.15437521103499E-003 0.17351900380610E-002 0.42622567048961E-001 0.36925027514459E-002 0.10222003772530E+000 0.10312928498968E-004 0.12983724752646E-005 0.97260625949084E-007 0.10448288146762E-004 0.35643605505495E-004 0.28225106472318E-001 0.90330160642456E-001 0.26786473944417E-005 0.23308353332552E-004 0.44620578570833E-008 0.14129476961898E-004 0.75382617153972E-008 0.64537951510109E-008 0.26403056650216E-009 0.57427282002156E-006 0.73036818260656E+000 0.78038928967695E-019 0.17898254364124E+004 0.35000000000000E-001 -.29027092883867E+003 0.49925931535341E-001 0.17898254364124E+004 0.10132500000000E+006 0.18453938206930E-003 0.27103027177328E+002 0.10000000000000E+001 0.00000000000000E+000 0.10000000000000E+001 0.00000000000000E+000 0.41488438817694E+003
 143 0.62854934820324E-001 0.53933527301495E-003 0.15719035369891E-003 0.18013745957093E-002 0.40802375691622E-001 0.38506746293910E-002 0.10222557716691E+000 0.91557386558704E-005 0.52869926601965E-006 0.39670571340726E-007 0.40545022035251E-005 0.13317179047790E-004 0.25839317938551E-001 0.94592756726395E-001 0.11079927897668E-005 0.91668548590099E-005 0.16768164007872E-008 0.59256855951117E-005 0.26809372925440E-008 0.10074463650502E-008 0.30854101637779E-009 0.64252035983965E-006 0.73014745310762E+000 0.77815804706428E-019 0.18012107933270E+004 0.35000000000000E-001 -.30033641375738E+003 0.49925931535341E-001 0.18012107933270E+004 0.10132500000000E+006 0.18360297756094E-003 0.27137030542757E+002 0.10000000000000E+001 0.00000000000000E+000 0.10000000000000E+001 0.00000000000000E+000 0.31020269141818E+003
 144 0.66710945981936E-001 0.52847203579955E-003 0.15789507287219E-003 0.18310068170796E-002 0.39147857065322E-001 0.39752485122718E-002 0.10217279442062E+000 0.83844541563088E-005 0.17468409550457E-006 0.13107073475781E-007 0.12861066148326E-005 0.40279811878672E-005 0.23378611427252E-001 0.98894004220020E-001 0.38563730660243E-006 0.29117613020769E-005 0.52248956484000E-009 0.20701204060369E-005 0.84306381726969E-009 0.12872524889884E-009 0.35787768014750E-009 0.73095028313587E-006 0.72989412377418E+000 0.77521384986499E-019 0.18135767469788E+004 0.35000000000000E-001 -.30941767607708E+003 0.49925931535341E-001 0.18135767469788E+004 0.10132500000000E+006 0.18260125635681E-003 0.27174262278847E+002 0.10000000000000E+001 0.00000000000000E+000 0.10000000000000E+001 0.00000000000000E+000 0.24925855881688E+003
 145 0.71357391617630E-001 0.52004775171178E-003 0.15602907184673E-003 0.18244590587345E-002 0.37682386966824E-001 0.40629992199665E-002 0.10211783211793E+000 0.78180694647122E-005 0.46687484975281E-007 0.34964795976403E-008 0.33242945208432E-006 0.98203936427426E-006 0.21015453195819E-001 0.10297397910519E+000 0.12570766326433E-006 0.74655170667976E-006 0.13388756966273E-009 0.60231651061141E-006 0.22633267665391E-009 0.16403830206853E-010 0.41221978312325E-009 0.84413384869125E-006 0.72963531129116E+000 0.77596690740461E-019 0.18268940138508E+004 0.35000000000000E-001 -.31674884946347E+003 0.49925931535341E-001 0.18268940138508E+004 0.10132500000000E+006 0.18152390450574E-003 0.27212299358548E+002 0.10000000000000E+001 0.00000000000000E+000 0.10000000000000E+001 0.00000000000000E+000 0.21105727698785E+003
 146 0.76856098770239E-001 0.51215635264477E-003 0.15153994723616E-003 0.17873686317498E-002 0.36404742851779E-001 0.41157166269385E-002 0.10212036821850E+000 0.73461443628843E-005 0.10201727728494E-007 0.76136255228911E-009 0.70742005215495E-007 0.19484496774081E-006 0.18896731140312E-001 0.10660270466095E+000 0.49966018545022E-007 0.15658674382869E-006 0.28398911504697E-010 0.14766201844484E-006 0.51313862062420E-010 0.24447764978926E-011 0.47153519408287E-009 0.98652323402544E-006 0.72939970758375E+000 0.77611848758827E-019 0.18409462596461E+004 0.35000000000000E-001 -.32185099832607E+003 0.49925931535341E-001 0.18409462596461E+004 0.10132500000000E+006 0.18037925863317E-003 0.27248698979327E+002 0.10000000000000E+001 0.00000000000000E+000 0.10000000000000E+001 0.00000000000000E+000 0.18211857065450E+003
 147 0.83246548463074E-001 0.50277093188184E-003 0.14476101516221E-003 0.17271125333959E-002 0.35296978262938E-001 0.41376750363664E-002 0.10222226352898E+000 0.69209609365556E-005 0.18592526021837E-008 0.13812556038048E-009 0.12638243121555E-007 0.32039638937435E-007 0.17106084937538E-001 0.10964672346856E+000 0.29624463709748E-007 0.27481331812051E-007 0.50729470704940E-011 0.31066454982264E-007 0.99169642496498E-011 0.39422809396454E-012 0.53524064544203E-009 0.11622347619856E-005 0.72920741169134E+000 0.77630572929586E-019 0.18554232349426E+004 0.35000000000000E-001 -.32464037500350E+003 0.49925931535341E-001 0.18554232349426E+004 0.10132500000000E+006 0.17918900295201E-003 0.27281761408504E+002 0.10000000000000E+001 0.00000000000000E+000 0.10000000000000E+001 0.00000000000000E+000 0.15725492814689E+003
 148 0.90555171391595E-001 0.49064299935985E-003 0.13625233884026E-003 0.16506321317299E-002 0.34333145587490E-001 0.41335916427615E-002 0.10243700442118E+000 0.65256571521896E-005 0.28960070740526E-009 0.21404916305553E-010 0.19415452180421E-008 0.44613452019205E-008 0.15656389845139E-001 0.11208887793847E+000 0.22683478420661E-007 0.41635939587879E-008 0.78064433866598E-012 0.57230941071826E-008 0.16635097766139E-011 0.60480244643023E-013 0.60224563750586E-009 0.13749755921689E-005 0.72906552257348E+000 0.77556109327967E-019 0.18700216451977E+004 0.35000000000000E-001 -.32537398496913E+003 0.49925931535341E-001 0.18700216451977E+004 0.10132500000000E+006 0.17797960878085E-003 0.27310832831691E+002 0.10000000000000E+001 0.00000000000000E+000 0.10000000000000E+001 0.00000000000000E+000 0.13532109846632E+003
 149 0.98805706587531E-001 0.47549964805561E-003 0.12663597307161E-003 0.15637161775453E-002 0.33485423653224E-001 0.41077484918088E-002 0.10275336601372E+000 0.61536672012815E-005 0.39549294735046E-010 0.29079568160672E-011 0.26300778249521E-009 0.53739252227501E-009 0.14507217003839E-001 0.11400243672593E+000 0.18790753448559E-007 0.58314708525539E-009 0.10603932430463E-012 0.94060602724031E-009 0.24687694724279E-012 0.84340339298569E-014 0.67120194590196E-009 0.16280776219847E-005 0.72897015273905E+000 0.77504374401789E-019 0.18844982237025E+004 0.35000000000000E-001 -.32451030445841E+003 0.49925931535341E-001 0.18844982237025E+004 0.10132500000000E+006 0.17677600021136E-003 0.27336134228895E+002 0.10000000000000E+001 0.00000000000000E+000 0.10000000000000E+001 0.00000000000000E+000 0.11617959190593E+003
 150 0.10802683514235E+000 0.45774711564841E-003 0.11648487218161E-003 0.14709700480145E-002 0.32727778889016E-001 0.40638770112529E-002 0.10314645055978E+000 0.58012952170747E-005 0.48549051563823E-011 0.35519555193644E-012 0.32195498001753E-010 0.57126326702581E-010 0.13591877609221E-001 0.11550560668679E+000 0.15842910836835E-007 0.99877558737533E-010 0.13040036898300E-013 0.14013159799763E-009 0.32970495559533E-013 0.10689247350101E-014 0.74072267687045E-009 0.19245627836154E-005 0.72891146443187E+000 0.77407971900589E-019 0.18986781538552E+004 0.35000000000000E-001 -.32256467242727E+003 0.49925931535341E-001 0.18986781538552E+004 0.10132500000000E+006 0.17559849192920E-003 0.27358368688934E+002 0.10000000000000E+001 0.00000000000000E+000 0.10000000000000E+001 0.00000000000000E+000 0.99679057065440E+002
 151 0.11825599477237E+000 0.43808450223069E-003 0.10626590940061E-003 0.13759695442926E-002 0.32038150896067E-001 0.40052659296132E-002 0.10358818451835E+000 0.54660251813443E-005 0.54844753511913E-012 0.39943060073792E-013 0.36443152682526E-011 0.54622597768549E-011 0.12840719215067E-001 0.11672128809989E+000 0.13408000187702E-007 0.38636676149252E-010 0.15004326694731E-014 0.19171778288263E-010 0.40189567545897E-014 0.12447878138144E-015 0.80949885233014E-009 0.22671786570705E-005 0.72887832389625E+000 0.77302535089341E-019 0.19124421249664E+004 0.35000000000000E-001 -.32000425215479E+003 0.49925931535341E-001 0.19124421249664E+004 0.10132500000000E+006 0.17446205812748E-003 0.27378355317094E+002 0.10000000000000E+001 0.00000000000000E+000 0.10000000000000E+001 0.00000000000000E+000 0.85536861383070E+002
 152 0.12953995402137E+000 0.41723644516186E-003 0.96322756931075E-004 0.12814174332662E-002 0.31399573722840E-001 0.39348323530553E-002 0.10405373918209E+000 0.51462744810763E-005 0.58239913664361E-013 0.42240598296047E-014 0.38936451365514E-012 0.47906194746065E-012 0.12195014034780E-001 0.11775294564040E+000 0.11349753223577E-007 0.29037404173561E-010 0.17736828975449E-015 0.24342778103559E-011 0.45238795585115E-015 0.13471518889498E-016 0.87633631270860E-009 0.26583741477406E-005 0.72886110152435E+000 0.77225300178078E-019 0.19257093331552E+004 0.35000000000000E-001 -.31719465003873E+003 0.49925931535341E-001 0.19257093331552E+004 0.10132500000000E+006 0.17337683908900E-003 0.27396802491518E+002 0.10000000000000E+001 0.00000000000000E+000 0.10000000000000E+001 0.00000000000000E+000 0.73423033584366E+002
 153 0.14193305273401E+000 0.39582631882384E-003 0.86884406621049E-004 0.11892803445842E-002 0.30800299149079E-001 0.38551362283943E-002 0.10452402775119E+000 0.48412689825975E-005 0.59184083560406E-014 0.42756820887746E-015 0.39936356116024E-013 0.39386936186055E-013 0.11612025574970E-001 0.11867586142150E+000 0.95949043831303E-008 0.25485024233912E-010 0.31461545328646E-016 0.28938410122385E-012 0.47487632127795E-016 0.13683072679918E-017 0.94015470114077E-009 0.31002066732913E-005 0.72885270676826E+000 0.77179668734512E-019 0.19384237977189E+004 0.35000000000000E-001 -.31438905356848E+003 0.49925931535341E-001 0.19384237977189E+004 0.10132500000000E+006 0.17234912306278E-003 0.27414218733693E+002 0.10000000000000E+001 0.00000000000000E+000 0.10000000000000E+001 0.00000000000000E+000 0.63029671901410E+002
 154 0.15549386934016E+000 0.37434237399976E-003 0.78086610010939E-004 0.11009207034954E-002 0.30233126312735E-001 0.37683896428207E-002 0.10498574789039E+000 0.45508349941390E-005 0.58460262429548E-015 0.42036446352169E-016 0.39850756418331E-014 0.31132981600029E-014 0.11064390552988E-001 0.11953831758124E+000 0.80945278001472E-008 0.22809937080710E-010 0.13536030845653E-016 0.32457339537586E-013 0.46888687636835E-017 0.13154645677638E-018 0.99998186858247E-009 0.35941897649801E-005 0.72884852419020E+000 0.77143859051391E-019 0.19505454354842E+004 0.35000000000000E-001 -.31174269733005E+003 0.49925931535341E-001 0.19505454354842E+004 0.10132500000000E+006 0.17138236381246E-003 0.27430912978690E+002 0.10000000000000E+001 0.00000000000000E+000 0.10000000000000E+001 0.00000000000000E+000 0.54097966422038E+002
 155 0.17028105898245E+000 0.35314866969385E-003 0.69996309985933E-004 0.10172254700463E-002 0.29694307143816E-001 0.36764885958705E-002 0.10543033619509E+000 0.42751595103071E-005 0.58074187303729E-016 0.41244770617400E-017 0.39464497212196E-015 0.24402763576978E-015 0.10536902538834E-001 0.12036729519890E+000 0.68130612716124E-008 0.20433680158291E-010 0.94522824434701E-017 0.34591671214040E-014 0.43897260582345E-018 0.12061815088546E-019 0.10549616452693E-008 0.41411108833098E-005 0.72884587571891E+000 0.77120765474243E-019 0.19620451619201E+004 0.35000000000000E-001 -.30933706098067E+003 0.49925931535341E-001 0.19620451619201E+004 0.10132500000000E+006 0.17047801989364E-003 0.27447036177065E+002 0.10000000000000E+001 0.00000000000000E+000 0.10000000000000E+001 0.00000000000000E+000 0.46418376515748E+002
 156 0.18634928715782E+000 0.33251006715616E-003 0.62633090741439E-004 0.93872121088350E-003 0.29182378454309E-001 0.35810610509918E-002 0.10585269602127E+000 0.40145761330986E-005 0.71576681887988E-017 0.47559885558407E-018 0.43336060696182E-016 0.20338217362655E-016 0.10022755844327E-001 0.12117508062086E+000 0.57224342445222E-008 0.18276711947130E-010 0.72503557828961E-017 0.35271341970691E-015 0.39265437937443E-019 0.10623889411196E-020 0.11043780099381E-008 0.47408701458453E-005 0.72884340134809E+000 0.77039848760696E-019 0.19729028902017E+004 0.35000000000000E-001 -.30720381407723E+003 0.49925931535341E-001 0.19729028902017E+004 0.10132500000000E+006 0.16963614574872E-003 0.27462632681038E+002 0.10000000000000E+001 0.00000000000000E+000 0.10000000000000E+001 0.00000000000000E+000 0.39820371646580E+002
 157 0.20374630322736E+000 0.31261610243135E-003 0.55985401426698E-004 0.86566631860878E-003 0.28697144364237E-001 0.34835125312471E-002 0.10625010714670E+000 0.37693999872275E-005 0.21503300463008E-017 0.12139030675395E-018 0.89433455536707E-017 0.26139839187681E-017 0.95202808410850E-002 0.12196497901795E+000 0.47986683500930E-008 0.16317911496685E-010 0.56282772344042E-017 0.34638310565556E-016 0.33806978160272E-020 0.90499551195407E-022 0.11476876817865E-008 0.53923981024676E-005 0.72884054051554E+000 0.77015242504630E-019 0.19831073303425E+004 0.35000000000000E-001 -.30534399688512E+003 0.49925931535341E-001 0.19831073303425E+004 0.10132500000000E+006 0.16885575637919E-003 0.27477685794895E+002 0.10000000000000E+001 0.00000000000000E+000 0.10000000000000E+001 0.00000000000000E+000 0.34161178728488E+002
 158 0.22251183359372E+000 0.29359878406410E-003 0.50021840239858E-004 0.79811980563476E-003 0.28238910113681E-001 0.33850569784691E-002 0.10662142974936E+000 0.35398159572793E-005 0.15009066309483E-017 0.78627528406491E-019 0.50639073912095E-017 0.10729574386600E-017 0.90305151852995E-002 0.12273554408801E+000 0.40201884588628E-008 0.14545336575356E-010 0.43756444396006E-017 0.32972566927329E-017 0.28216539609729E-021 0.75040719328489E-023 0.11845477292695E-008 0.60936877768349E-005 0.72883716473222E+000 0.77065162561258E-019 0.19926564607309E+004 0.35000000000000E-001 -.30374157219238E+003 0.49925931535341E-001 0.19926564607309E+004 0.10132500000000E+006 0.16813504396734E-003 0.27492151982515E+002 0.10000000000000E+001 0.00000000000000E+000 0.10000000000000E+001 0.00000000000000E+000 0.29317328501242E+002
 159 0.24267799737588E+000 0.27554495415303E-003 0.44698893363231E-004 0.73599324367043E-003 0.27807988972686E-001 0.32867338298134E-002 0.10696656352005E+000 0.33258204422897E-005 0.12751927067706E-017 0.65882660839333E-019 0.41601388556255E-017 0.85209979687369E-018 0.85556020615625E-002 0.12348335451781E+000 0.33672015135041E-008 0.12948672784826E-010 0.34049928278196E-017 0.30606534785918E-018 0.22981557020979E-022 0.60929814706611E-024 0.12148262661785E-008 0.68419241312231E-005 0.72883334766735E+000 0.77060590072267E-019 0.20015575986675E+004 0.35000000000000E-001 -.30237223325972E+003 0.49925931535341E-001 0.20015575986675E+004 0.10132500000000E+006 0.16747154167014E-003 0.27505983190069E+002 0.10000000000000E+001 0.00000000000000E+000 0.10000000000000E+001 0.00000000000000E+000 0.25179639095748E+002
 160 0.26426993397926E+000 0.25850567837455E-003 0.39966482276601E-004 0.67909339004778E-003 0.27404453434269E-001 0.31894206311293E-002 0.10728607875184E+000 0.31272128530997E-005 0.11067157931546E-017 0.56980702405387E-019 0.36149736581186E-017 0.75517267852081E-018 0.80978630129272E-002 0.12420461711687E+000 0.28216238764165E-008 0.11517332777531E-010 0.26539139526771E-017 0.27857605066778E-019 0.18377171301396E-023 0.48710526007543E-025 0.12385919164645E-008 0.76336465693587E-005 0.72882923657112E+000 0.77032050874600E-019 0.20098264272469E+004 0.35000000000000E-001 -.30120879307480E+003 0.49925931535341E-001 0.20098264272469E+004 0.10132500000000E+006 0.16686229995699E-003 0.27519138918734E+002 0.10000000000000E+001 0.00000000000000E+000 0.10000000000000E+001 0.00000000000000E+000 0.21650851169123E+002
 161 0.28730514044081E+000 0.24250441938042E-003 0.35772084874867E-004 0.62715906770052E-003 0.27028066078511E-001 0.30938491753017E-002 0.10758095446377E+000 0.29436236689412E-005 0.96071543133396E-018 0.49408962897258E-019 0.31699005609245E-017 0.68007403646976E-018 0.76593504150278E-002 0.12489594396686E+000 0.23671945873689E-008 0.10240051655327E-010 0.20734556472302E-017 0.24989985661971E-020 0.14509099125615E-024 0.38536380286404E-026 0.12560866809850E-008 0.84648768507995E-005 0.72882498819453E+000 0.76958085913103E-019 0.20174850570696E+004 0.35000000000000E-001 -.30022428888250E+003 0.49925931535341E-001 0.20174850570696E+004 0.10132500000000E+006 0.16630408454184E-003 0.27531590754718E+002 0.10000000000000E+001 0.00000000000000E+000 0.10000000000000E+001 0.00000000000000E+000 0.18644714214913E+002
 162 0.31179094566008E+000 0.22754423085169E-003 0.32063668881992E-004 0.57989149696869E-003 0.26678308708859E-001 0.30006257668586E-002 0.10785239308321E+000 0.27745575975342E-005 0.83270690457392E-018 0.42828287951866E-019 0.27891424230422E-017 0.61574870159007E-018 0.72416897275980E-002 0.12555463370914E+000 0.19895635381926E-008 0.91050598501881E-011 0.16250915900173E-017 0.22201483365024E-021 0.11369961688930E-025 0.30314533356911E-027 0.12676913908003E-008 0.93311911467049E-005 0.72882074059253E+000 0.76898825377138E-019 0.20245597787614E+004 0.35000000000000E-001 -.29939360313834E+003 0.49925931535341E-001 0.20245597787614E+004 0.10132500000000E+006 0.16579356098493E-003 0.27543322481266E+002 0.10000000000000E+001 0.00000000000000E+000 0.10000000000000E+001 0.00000000000000E+000 0.16085499065948E+002
 163 0.33772111925417E+000 0.21361327989980E-003 0.28791489889754E-004 0.53697576923556E-003 0.26354436771721E-001 0.29102497690383E-002 0.10810170271216E+000 0.26194306071431E-005 0.72092198848855E-018 0.37110530812758E-019 0.24602265400495E-017 0.55950924457130E-018 0.68460561834448E-002 0.12617872140493E+000 0.16762711328032E-008 0.81003971291238E-011 0.12787002725972E-017 0.19625218247044E-022 0.88886133437283E-027 0.23821051181736E-028 0.12738912963050E-008 0.10227777683667E-004 0.72881660245313E+000 0.76881629642113E-019 0.20310792746961E+004 0.35000000000000E-001 -.29869414500284E+003 0.49925931535341E-001 0.20310792746961E+004 0.10132500000000E+006 0.16532742280469E-003 0.27554328589702E+002 0.10000000000000E+001 0.00000000000000E+000 0.10000000000000E+001 0.00000000000000E+000 0.13907353429316E+002
 164 0.36507389277706E+000 0.20068812783636E-003 0.25908901800902E-004 0.49809272004354E-003 0.26055515238016E-001 0.28231236980992E-002 0.10833023958808E+000 0.24775890634169E-005 0.62382919560825E-018 0.32157457952226E-019 0.21749166244223E-017 0.50986596253836E-018 0.64731845047483E-002 0.12676696689487E+000 0.14166235900521E-008 0.72141632912390E-011 0.10108600551697E-017 0.17338586785668E-023 0.69658769497421E-028 0.18775271475130E-029 0.12752443561318E-008 0.11149554849874E-004 0.72881265048352E+000 0.76837039853067E-019 0.20370737189679E+004 0.35000000000000E-001 -.29810598080422E+003 0.49925931535341E-001 0.20370737189679E+004 0.10132500000000E+006 0.16490244375077E-003 0.27564613044715E+002 0.10000000000000E+001 0.00000000000000E+000 0.10000000000000E+001 0.00000000000000E+000 0.12053357250985E+002
 165 0.39381359748571E+000 0.18873508793840E-003 0.23372513995432E-004 0.46292349305435E-003 0.25780429308085E-001 0.27395532722576E-002 0.10853939230567E+000 0.23483132173248E-005 0.53992052039072E-018 0.27881115638267E-019 0.19268426480708E-017 0.46576301423511E-018 0.61233713507442E-002 0.12731884916378E+000 0.12015105893817E-008 0.64346746094507E-011 0.80342389629896E-018 0.15379044095611E-024 0.54985908873654E-029 0.14831289405662E-030 0.12723509134133E-008 0.12091396761055E-004 0.72880893131420E+000 0.76768100308761E-019 0.20425746386385E+004 0.35000000000000E-001 -.29761170045721E+003 0.49925931535341E-001 0.20425746386385E+004 0.10132500000000E+006 0.16451547199389E-003 0.27574188854743E+002 0.10000000000000E+001 0.00000000000000E+000 0.10000000000000E+001 0.00000000000000E+000 0.10474420584431E+002
 166 0.42389622363144E+000 0.17771089703054E-003 0.21142120668669E-004 0.43115133338744E-003 0.25527891302471E-001 0.26597433122258E-002 0.10873057943451E+000 0.22308180854985E-005 0.46771093370518E-018 0.24200218338829E-019 0.17108273701182E-017 0.42640540762072E-018 0.57964802510029E-002 0.12783455303390E+000 0.10232154228116E-008 0.57505894965705E-011 0.64237139351885E-018 0.13795275878007E-025 0.44025423076407E-030 0.11192799197066E-031 0.12658235024008E-008 0.13048433253590E-004 0.72880546676867E+000 0.76652021392416E-019 0.20476149761507E+004 0.35000000000000E-001 -.29719621131748E+003 0.49925931535341E-001 0.20476149761507E+004 0.10132500000000E+006 0.16416341035532E-003 0.27583077878393E+002 0.10000000000000E+001 0.00000000000000E+000 0.10000000000000E+001 0.00000000000000E+000 0.91282503391767E+001
 167 0.45527661053724E+000 0.16756407107542E-003 0.19180717450034E-004 0.40246475007726E-003 0.25296469159179E-001 0.25837989376213E-002 0.10890523579032E+000 0.21242651201617E-005 0.40576687209771E-018 0.21039362412815E-019 0.15225288587777E-017 0.39116965027837E-018 0.54919775060011E-002 0.12831490528547E+000 0.87524595006104E-009 0.51510663106409E-011 0.51690701205581E-018 0.12982889169700E-026 0.36850846527132E-031 0.15019505372931E-033 0.12562585947727E-008 0.14016321010058E-004 0.72880226106001E+000 0.76645009349041E-019 0.20522287808845E+004 0.35000000000000E-001 -.29684654750676E+003 0.49925931535341E-001 0.20522287808845E+004 0.10132500000000E+006 0.16384322325839E-003 0.27591309943716E+002 0.10000000000000E+001 0.00000000000000E+000 0.10000000000000E+001 0.00000000000000E+000 0.79785238819117E+001
 168 0.48791391060668E+000 0.15823747841855E-003 0.17454669838984E-004 0.37656331829534E-003 0.25084643317297E-001 0.25117376261075E-002 0.10906477998254E+000 0.20277881739906E-005 0.35274092412144E-018 0.18329341495770E-019 0.13582355527418E-017 0.35955032305231E-018 0.52090112441518E-002 0.12876124343501E+000 0.75218800856442E-009 0.46259543195001E-011 0.41875359643297E-018 0.16391799808023E-027 0.39384933911230E-032 -.17845515937153E-032 0.12442143437696E-008 0.14991387641230E-004 0.72879930775150E+000 0.76556664874790E-019 0.20564503576924E+004 0.35000000000000E-001 -.29655169851227E+003 0.49925931535341E-001 0.20564503576924E+004 0.10132500000000E+006 0.16355198095410E-003 0.27598920888759E+002 0.10000000000000E+001 0.00000000000000E+000 0.10000000000000E+001 0.00000000000000E+000 0.69942544089616E+001
 169 0.52177340392798E+000 0.14967158974420E-003 0.15933897160073E-004 0.35316444658658E-003 0.24890876802965E-001 0.24435099690787E-002 0.10921057350023E+000 0.19405262072088E-005 0.30740117214034E-018 0.16007735327474E-019 0.12147492211053E-017 0.33112677535271E-018 0.49465170103666E-002 0.12917524492879E+000 0.64956963098399E-009 0.41659656835939E-011 0.34159187034293E-018 0.53106343719407E-028 0.10114611022933E-032 -.19270360660625E-032 0.12301972040544E-008 0.15970626580485E-004 0.72879659481836E+000 0.76463172935784E-019 0.20603131479193E+004 0.35000000000000E-001 -.29630242750715E+003 0.49925931535341E-001 0.20603131479193E+004 0.10132500000000E+006 0.16328692088207E-003 0.27605949950546E+002 0.10000000000000E+001 0.00000000000000E+000 0.10000000000000E+001 0.00000000000000E+000 0.61492418569823E+001
 170 0.55682519813327E+000 0.14180743013226E-003 0.14591911477392E-004 0.33200860414919E-003 0.24713676586371E-001 0.23790222122557E-002 0.10934388677805E+000 0.18616518551170E-005 0.26864809066787E-018 0.14019239365215E-019 0.10893102966909E-017 0.30554300727091E-018 0.47033198505403E-002 0.12955876406678E+000 0.56372764425659E-009 0.37627759638971E-011 0.28061153223592E-018 0.36753711672054E-028 0.55752578205707E-033 -.17232254245408E-032 0.12146570074965E-008 0.16951596747345E-004 0.72879410752950E+000 0.76207932525630E-019 0.20638487604167E+004 0.35000000000000E-001 -.29609106298004E+003 0.49925931535341E-001 0.20638487604167E+004 0.10132500000000E+006 0.16304549780733E-003 0.27612437295443E+002 0.10000000000000E+001 0.00000000000000E+000 0.10000000000000E+001 0.00000000000000E+000 0.54215192755877E+001
 171 0.59304170443765E+000 0.13458859626100E-003 0.13405655702737E-004 0.31286169282733E-003 0.24551633402680E-001 0.23181546527088E-002 0.10946588084817E+000 0.17903895595476E-005 0.23551805616394E-018 0.12315554337781E-019 0.97953890900552E-018 0.28249434229064E-018 0.44782115421359E-002 0.12991370936737E+000 0.49167767440711E-009 0.34090382461021E-011 0.23215375888147E-018 0.30212043984004E-028 0.42039202973034E-033 -.22254167512028E-032 0.11979877104991E-008 0.17932301044592E-004 0.72879182985846E+000 0.75992180660096E-019 0.20670863972225E+004 0.35000000000000E-001 -.29591127325730E+003 0.49925931535341E-001 0.20670863972225E+004 0.10132500000000E+006 0.16282540730553E-003 0.27618422240076E+002 0.10000000000000E+001 0.00000000000000E+000 0.10000000000000E+001 0.00000000000000E+000 0.47927747877171E+001
 172 0.63039547984240E+000 0.12796228301111E-003 0.12355190762695E-004 0.29551482289531E-003 0.24403440033279E-001 0.22607738773779E-002 0.10957760384176E+000 0.17260233269984E-005 0.20717695858809E-018 0.10854917165125E-019 0.88338169628771E-018 0.26171625375550E-018 0.42699986246307E-002 0.13024196736525E+000 0.43099394163247E-009 0.30983309829787E-011 0.19343158125398E-018 0.25478994986365E-028 0.32151373108291E-033 -.24214440318648E-032 0.11805308658762E-008 0.18911089333736E-004 0.72878974523375E+000 0.75957463768082E-019 0.20700526713080E+004 0.35000000000000E-001 -.29575784576755E+003 0.49925931535341E-001 0.20700526713080E+004 0.10132500000000E+006 0.16262458404849E-003 0.27623942250775E+002 0.10000000000000E+001 0.00000000000000E+000 0.10000000000000E+001 0.00000000000000E+000 0.42477811140435E+001
 173 0.66885801502141E+000 0.12187961029070E-003 0.11423318114154E-004 0.27978252075576E-003 0.24267894959445E-001 0.22067398837734E-002 0.10967999682604E+000 0.16678975483746E-005 0.18290860528712E-018 0.96014512572332E-020 0.79906473423884E-018 0.24297684827679E-018 0.40775280470785E-002 0.13054536172342E+000 0.37970441056786E-009 0.28250710453369E-011 0.16231560149971E-018 0.21636355187350E-028 0.19900871977536E-033 -.25025062679955E-032 0.11625799776526E-008 0.19886594996349E-004 0.72878783707342E+000 0.75892795698455E-019 0.20727716808635E+004 0.35000000000000E-001 -.29562648880523E+003 0.49925931535341E-001 0.20727716808635E+004 0.10132500000000E+006 0.16244118476120E-003 0.27629032516925E+002 0.10000000000000E+001 0.00000000000000E+000 0.10000000000000E+001 0.00000000000000E+000 0.37738732460280E+001
 174 0.70839930853512E+000 0.11629557875215E-003 0.10595204884488E-004 0.26550033098226E-003 0.24143898595219E-001 0.21559100413396E-002 0.10977390358777E+000 0.16154143943346E-005 0.16210130438541E-018 0.85244690879109E-020 0.72505306206848E-018 0.22607120402885E-018 0.38996994888859E-002 0.13082563335501E+000 0.33620330593691E-009 0.25844167795301E-011 0.13717228683342E-018 0.18472836764225E-028 0.14238096634743E-033 -.17936932154329E-032 0.11443849733193E-008 0.20857694939874E-004 0.72878608922465E+000 0.75912832781643E-019 0.20752652009234E+004 0.35000000000000E-001 -.29551366339900E+003 0.49925931535341E-001 0.20752652009234E+004 0.10132500000000E+006 0.16227356535674E-003 0.27633725845437E+002 0.10000000000000E+001 0.00000000000000E+000 0.10000000000000E+001 0.00000000000000E+000 0.33604976915634E+001
 175 0.74898785277009E+000 0.11116887316174E-003 0.98580451957656E-005 0.25252238414109E-003 0.24030446716575E-001 0.21081414253233E-002 0.10986008109939E+000 0.15680299894990E-005 0.14423450198209E-018 0.75977993411623E-020 0.66001644229147E-018 0.21081634279518E-018 0.37354708766694E-002 0.13108443134197E+000 0.29918001473900E-009 0.23721745328288E-011 0.11674290199268E-018 0.15853637317218E-028 0.96731028331223E-034 -.18080818644936E-032 0.11261565781708E-008 0.21823480792868E-004 0.72878448629908E+000 0.75951580370589E-019 0.20775529053002E+004 0.35000000000000E-001 -.29541644497872E+003 0.49925931535341E-001 0.20775529053002E+004 0.10132500000000E+006 0.16212025789317E-003 0.27638052700714E+002 0.10000000000000E+001 0.00000000000000E+000 0.10000000000000E+001 0.00000000000000E+000 0.29988372440371E+001
 176 0.79059075304805E+000 0.10646161848636E-003 0.92007667682197E-005 0.24071916351103E-003 0.23926623230803E-001 0.20632923473582E-002 0.10993920930750E+000 0.15252503562635E-005 0.12886638538130E-018 0.67991736182163E-020 0.60280116373383E-018 0.19704836170019E-018 0.35838605244201E-002 0.13132330929038E+000 0.26756199191400E-009 0.21847137969693E-011 0.10005302769139E-018 0.13677325670399E-028 0.56235604088274E-034 -.18696917606238E-032 0.11080705300205E-008 0.22783234051809E-004 0.72878301388855E+000 0.76020116727719E-019 0.20796525808343E+004 0.35000000000000E-001 -.29533241090243E+003 0.49925931535341E-001 0.20796525808343E+004 0.10132500000000E+006 0.16197994959278E-003 0.27642041302077E+002 0.10000000000000E+001 0.00000000000000E+000 0.10000000000000E+001 0.00000000000000E+000 0.26815038102359E+001
 177 0.83317386382628E+000 0.10213912663782E-003 0.86137803563237E-005 0.22997552135603E-003 0.23831593023024E-001 0.20212234215892E-002 0.11001189991812E+000 0.14866274488009E-005 0.11562268258539E-018 0.61096763842674E-020 0.55240611548500E-018 0.18461983431347E-018 0.34439473579314E-002 0.13154372481489E+000 0.24046906359740E-009 0.20188919675819E-011 0.86344809889651E-019 0.11864540059618E-028 -.17593380079217E-034 -.17905219104052E-032 0.10902715778754E-008 0.23736402839238E-004 0.72878165867304E+000 0.75954340445222E-019 0.20815803234401E+004 0.35000000000000E-001 -.29525954921590E+003 0.49925931535341E-001 0.20815803234401E+004 0.10132500000000E+006 0.16185146433672E-003 0.27645717744492E+002 0.10000000000000E+001 0.00000000000000E+000 0.10000000000000E+001 0.00000000000000E+000 0.24022881320352E+001
 178 0.87670193181178E+000 0.98169645145507E-004 0.80887663218127E-005 0.22018893024668E-003 0.23744595076787E-001 0.19817982932087E-002 0.11007870421854E+000 0.14517553512599E-005 0.10418674603684E-018 0.55132595882811E-020 0.50796244616648E-018 0.17339798437415E-018 0.33148698403642E-002 0.13174704115107E+000 0.21717683566073E-009 0.18719882448861E-011 0.75026054067510E-019 0.10349153507914E-028 -.89005408887075E-034 -.17067335143018E-032 0.10728772053343E-008 0.24682580348457E-004 0.72878040845069E+000 0.76046272001492E-019 0.20833507155186E+004 0.35000000000000E-001 -.29519618457136E+003 0.49925931535341E-001 0.20833507155186E+004 0.10132500000000E+006 0.16173374642262E-003 0.27649106130806E+002 0.10000000000000E+001 0.00000000000000E+000 0.10000000000000E+001 0.00000000000000E+000 0.21559557068543E+001
 179 0.92113876602026E+000 0.94524112913759E-004 0.76184928555415E-005 0.21126794500152E-003 0.23664935947907E-001 0.19448841051442E-002 0.11014012002508E+000 0.14202666667291E-005 0.94290875726608E-019 0.49963178555856E-020 0.46871599016205E-018 0.16326311845441E-018 0.31958239812011E-002 0.13193453026321E+000 0.19708735113362E-009 0.17416458893399E-011 0.65631829406381E-019 0.90779714433569E-029 -.14073317409427E-033 -.16289971900448E-032 0.10559810412998E-008 0.25621485432554E-004 0.72877925211977E+000 0.75844441556796E-019 0.20849769859865E+004 0.35000000000000E-001 -.29514091802112E+003 0.49925931535341E-001 0.20849769859865E+004 0.10132500000000E+006 0.16162584630870E-003 0.27652228709329E+002 0.10000000000000E+001 0.00000000000000E+000 0.10000000000000E+001 0.00000000000000E+000 0.19380800350948E+001
 180 0.96644744251588E+000 0.91175927813239E-004 0.71966612755957E-005 0.20313085501863E-003 0.23591983663593E-001 0.19103517772836E-002 0.11019659782130E+000 0.13918291249366E-005 0.85708810516800E-019 0.45473202089102E-020 0.43401203861879E-018 0.15410731568915E-018 0.30860607604417E-002 0.13210737690409E+000 0.17970552655492E-009 0.16258220405276E-011 0.57795397550314E-019 0.80078987218209E-029 -.17793190018208E-033 -.15573083113445E-032 0.10396559510421E-008 0.26552945386384E-004 0.72877817963369E+000 0.75524333435201E-019 0.20864711537029E+004 0.35000000000000E-001 -.29509257805999E+003 0.49925931535341E-001 0.20864711537029E+004 0.10132500000000E+006 0.16152690813539E-003 0.27655106011208E+002 0.10000000000000E+001 0.00000000000000E+000 0.10000000000000E+001 0.00000000000000E+000 0.17449061244419E+001
 181 0.10125905342932E+001 0.88100729961182E-004 0.68177745241492E-005 0.19570450917238E-003 0.23525162100302E-001 0.18780761664552E-002 0.11024854614155E+000 0.13661424305345E-005 0.78249286192695E-019 0.41564932125192E-020 0.40328211331284E-018 0.14583328805280E-018 0.29848832444841E-002 0.13226668317972E+000 0.16462020049417E-009 0.15227443153319E-011 0.51226116321628E-019 0.71039125197178E-029 -.20448720749324E-033 -.14917253697092E-032 0.10239568216236E-008 0.27476880635362E-004 0.72877718194066E+000 0.75600359991711E-019 0.20878441549610E+004 0.35000000000000E-001 -.29505018078572E+003 0.49925931535341E-001 0.20878441549610E+004 0.10132500000000E+006 0.16143615885176E-003 0.27657756982994E+002 0.10000000000000E+001 0.00000000000000E+000 0.10000000000000E+001 0.00000000000000E+000 0.15732385868626E+001
 182 0.10595303506014E+001 0.85276202664622E-004 0.64770254450513E-005 0.18892329501282E-003 0.23463945857132E-001 0.18479361575965E-002 0.11029633626530E+000 0.13429353584045E-005 0.71750545667079E-019 0.38155500363961E-020 0.37603247651720E-018 0.13835337018427E-018 0.28916435891437E-002 0.13241347330453E+000 0.15148886332916E-009 0.14308734012604E-011 0.45692577728296E-019 0.63374919051525E-029 -.22302006565889E-033 -.14313492766335E-032 0.10089230636878E-008 0.28393290996587E-004 0.72877625091498E+000 0.75477155054585E-019 0.20891059560765E+004 0.35000000000000E-001 -.29501289743577E+003 0.49925931535341E-001 0.20891059560765E+004 0.10132500000000E+006 0.16135289877389E-003 0.27660199111494E+002 0.10000000000000E+001 0.00000000000000E+000 0.10000000000000E+001 0.00000000000000E+000 0.14203497321132E+001
 183 0.11072291726537E+001 0.82681891233558E-004 0.61702018182258E-005 0.18272825346461E-003 0.23407855608925E-001 0.18198147172118E-002 0.11034030629800E+000 0.13219630886078E-005 0.66075683709838E-019 0.35174598666338E-020 0.35183415042582E-018 0.13158861155109E-018 0.28057400497382E-002 0.13254869835325E+000 0.14002532549947E-009 0.13488708854613E-011 0.41009686967360E-019 0.56853611815583E-029 -.23579717661017E-033 -.13763910957151E-032 0.99458085213603E-009 0.29302243278247E-004 0.72877537928403E+000 0.75330378853014E-019 0.20902656524807E+004 0.35000000000000E-001 -.29498002788347E+003 0.49925931535341E-001 0.20902656524807E+004 0.10132500000000E+006 0.16127649339693E-003 0.27662448539593E+002 0.10000000000000E+001 0.00000000000000E+000 0.10000000000000E+001 0.00000000000000E+000 0.12839039145464E+001
 184 0.11556494774454E+001 0.80299038795545E-004 0.58936055276748E-005 0.17706631091364E-003 0.23356453905099E-001 0.17935989261056E-002 0.11038076471656E+000 0.13030047661735E-005 0.61108713588012E-019 0.32562523419313E-020 0.33031425110182E-018 0.12546795314684E-018 0.27266140658557E-002 0.13267324089950E+000 0.12998973341571E-009 0.12755716164288E-011 0.37028719402283E-019 0.51284823939267E-029 -.24420180224353E-033 -.13260520872061E-032 0.98094512660484E-009 0.30203860085214E-004 0.72877456055457E+000 0.75288804985417E-019 0.20913315558816E+004 0.35000000000000E-001 -.29495097894966E+003 0.49925931535341E-001 0.20913315558816E+004 0.10132500000000E+006 0.16120636628955E-003 0.27664520172879E+002 0.10000000000000E+001 0.00000000000000E+000 0.10000000000000E+001 0.00000000000000E+000 0.11618950961766E+001
 185 0.12047541449390E+001 0.78110437780397E-004 0.56439836331865E-005 0.17188961225370E-003 0.23309341373950E-001 0.17691799999602E-002 0.11041799345281E+000 0.12858612686729E-005 0.56751252437723E-019 0.30268521344645E-020 0.31114846789998E-018 0.11992747626624E-018 0.26537474575698E-002 0.13278791948023E+000 0.12118046428955E-009 0.12099599699735E-011 0.33629636617593E-019 0.46512465998803E-029 -.24950020541723E-033 -.12803343288783E-032 0.96802137113003E-009 0.31098309753916E-004 0.72877378894037E+000 0.74989773645401E-019 0.20923112710071E+004 0.35000000000000E-001 -.29492524661110E+003 0.49925931535341E-001 0.20923112710071E+004 0.10132500000000E+006 0.16114199291570E-003 0.27666427777367E+002 0.10000000000000E+001 0.00000000000000E+000 0.10000000000000E+001 0.00000000000000E+000 0.10525951732689E+001
 186 0.12545066459189E+001 0.76100295625065E-004 0.54184694728824E-005 0.16715494051305E-003 0.23266153292295E-001 0.17464533016508E-002 0.11045225058046E+000 0.12703531648587E-005 0.52919733456348E-019 0.28249393114923E-020 0.29405454194635E-018 0.11490971545899E-018 0.25866597523704E-002 0.13289349285365E+000 0.11342752821688E-009 0.11511494690770E-011 0.30715123179179E-019 0.42408236326146E-029 -.25248781508808E-033 -.12386904086254E-032 0.95580719119155E-009 0.31985797359391E-004 0.72877305929305E+000 0.74759355097116E-019 0.20932117633106E+004 0.35000000000000E-001 -.29490240136825E+003 0.49925931535341E-001 0.20932117633106E+004 0.10132500000000E+006 0.16108289524843E-003 0.27668184068918E+002 0.10000000000000E+001 0.00000000000000E+000 0.10000000000000E+001 0.00000000000000E+000 0.95451108947324E+000
 187 0.13048712091105E+001 0.74254113281142E-004 0.52145322310318E-005 0.16282321068130E-003 0.23226556482889E-001 0.17253183465510E-002 0.11048377266275E+000 0.12563188488798E-005 0.49543064423511E-019 0.26468316376661E-020 0.27878661577513E-018 0.11036302981121E-018 0.25249056517342E-002 0.13299066403529E+000 0.10658718247504E-009 0.10983652806403E-011 0.28205939426278E-019 0.38866380107428E-029 -.25382649908806E-033 -.12008925763153E-032 0.94429370529670E-009 0.32866556742359E-004 0.72877236703702E+000 0.74376377219456E-019 0.20940394188542E+004 0.35000000000000E-001 -.29488207617984E+003 0.49925931535341E-001 0.20940394188542E+004 0.10132500000000E+006 0.16102863706007E-003 0.27669800795003E+002 0.10000000000000E+001 0.00000000000000E+000 0.10000000000000E+001 0.00000000000000E+000 0.86634914106821E+000
 188 0.13558129672953E+001 0.72558575201908E-004 0.50299336637711E-005 0.15885902716236E-003 0.23190246505470E-001 0.17056788006177E-002 0.11051277681026E+000 0.12436128359934E-005 0.46560662917613E-019 0.24893854780010E-020 0.26513034203129E-018 0.10624102811128E-018 0.24680726398963E-002 0.13308008410727E+000 0.10053752335482E-009 0.10509291780387E-011 0.26037284919598E-019 0.35799500940948E-029 -.25392240496884E-033 -.11663587623696E-032 0.93346676727884E-009 0.33740843503632E-004 0.72877170810907E+000 0.74141892440514E-019 0.20948000974263E+004 0.35000000000000E-001 -.29486395648645E+003 0.49925931535341E-001 0.20948000974263E+004 0.10132500000000E+006 0.16097881978993E-003 0.27671288809479E+002 0.10000000000000E+001 0.00000000000000E+000 0.10000000000000E+001 0.00000000000000E+000 0.78698518573126E+000
 189 0.14072980830599E+001 0.71001449621748E-004 0.48626908922701E-005 0.15523029590039E-003 0.23156945111524E-001 0.16874424705372E-002 0.11053946249037E+000 0.12321042071849E-005 0.43920808567948E-019 0.23499124240406E-020 0.25289865309605E-018 0.10250204447898E-018 0.24157787341559E-002 0.13316235580107E+000 0.95174868476830E-010 0.10082466168794E-011 0.24155941203687E-019 0.33135134577696E-029 -.25319172506615E-033 -.11350545229042E-032 0.92330803463840E-009 0.34608928892485E-004 0.72877107890333E+000 0.74045713013476E-019 0.20954991797932E+004 0.35000000000000E-001 -.29484777193881E+003 0.49925931535341E-001 0.20954991797932E+004 0.10132500000000E+006 0.16093307890710E-003 0.27672658141016E+002 0.10000000000000E+001 0.00000000000000E+000 0.10000000000000E+001 0.00000000000000E+000 0.71543971181742E+000
 190 0.14592938531351E+001 0.69571498156601E-004 0.47110443611255E-005 0.15190788381198E-003 0.23126397939962E-001 0.16705212861231E-002 0.11056401312063E+000 0.12216751919938E-005 0.41579261676759E-019 0.22261091861095E-020 0.24192810596219E-018 0.99108661301582E-019 0.23676703773676E-002 0.13323803685160E+000 0.90410780401832E-010 0.96979562437024E-012 0.22518018018094E-019 0.30813073339501E-029 -.25192283939424E-033 -.11067195339113E-032 0.91379589782482E-009 0.35471094397275E-004 0.72877047622321E+000 0.74019377472542E-019 0.20961416097822E+004 0.35000000000000E-001 -.29483328953123E+003 0.49925931535341E-001 0.20961416097822E+004 0.10132500000000E+006 0.16089108070363E-003 0.27673918055690E+002 0.10000000000000E+001 0.00000000000000E+000 0.10000000000000E+001 0.00000000000000E+000 0.65085692682057E+000
 191 0.15117687760498E+001 0.68258394158281E-004 0.45734302375514E-005 0.14886532002264E-003 0.23098372445879E-001 0.16548312788675E-002 0.11058659746176E+000 0.12122198819811E-005 0.39498105752276E-019 0.21159986831306E-020 0.23207572941126E-018 0.96027277366495E-019 0.23234204834427E-002 0.13330764310270E+000 0.86169612961502E-010 0.93511725405356E-012 0.21087168966796E-019 0.28783064041494E-029 -.25026056998479E-033 -.10809797723261E-032 0.90490628599687E-009 0.36327626408928E-004 0.72876989724463E+000 0.74348048622380E-019 0.20967319315584E+004 0.35000000000000E-001 -.29482030794176E+003 0.49925931535341E-001 0.20967319315584E+004 0.10132500000000E+006 0.16085251948021E-003 0.27675077114018E+002 0.10000000000000E+001 0.00000000000000E+000 0.10000000000000E+001 0.00000000000000E+000 0.59248719848043E+000
 192 0.15646925145841E+001 0.67052649937736E-004 0.44484567083856E-005 0.14607853581668E-003 0.23072656083764E-001 0.16402925683507E-002 0.11060737079773E+000 0.12036430722660E-005 0.37644779004178E-019 0.20178806215927E-020 0.22321631377721E-018 0.93227720471573E-019 0.22827266695779E-002 0.13337165130619E+000 0.82386487006437E-010 0.90380741017592E-012 0.19833174517390E-019 0.27003118990019E-029 -.24836631583764E-033 -.10576272849558E-032 0.89661336695879E-009 0.37178809167046E-004 0.72876933949977E+000 0.74385149643799E-019 0.20972743218858E+004 0.35000000000000E-001 -.29480865303828E+003 0.49925931535341E-001 0.20972743218858E+004 0.10132500000000E+006 0.16081711513020E-003 0.27676143222291E+002 0.10000000000000E+001 0.00000000000000E+000 0.10000000000000E+001 0.00000000000000E+000 0.53967234494569E+000
 193 0.16180355530555E+001 0.65945553463597E-004 0.43348837729511E-005 0.14352564215676E-003 0.23049054806333E-001 0.16268293746885E-002 0.11062647585033E+000 0.11958592321294E-005 0.35991265981266E-019 0.19302901493100E-020 0.21524009379928E-018 0.90682904215609E-019 0.22453097290028E-002 0.13343050152613E+000 0.79005621990451E-010 0.87550988788659E-012 0.18730814140365E-019 0.25437986978915E-029 -.24631390512948E-033 -.10363525798898E-032 0.88889015901417E-009 0.38024912074592E-004 0.72876880089405E+000 0.73984742047027E-019 0.20977726164726E+004 0.35000000000000E-001 -.29479817479535E+003 0.49925931535341E-001 0.20977726164726E+004 0.10132500000000E+006 0.16078461118217E-003 0.27677123678108E+002 0.10000000000000E+001 0.00000000000000E+000 0.10000000000000E+001 0.00000000000000E+000 0.49183340838517E+000
 194 0.16717681500054E+001 0.64929113031974E-004 0.42316059980221E-005 0.14118673978273E-003 0.23027391959543E-001 0.16143700507435E-002 0.11064404334360E+000 0.11887915919008E-005 0.34513422106687E-019 0.18519632282021E-020 0.20805076629286E-018 0.88368523879495E-019 0.22109123369146E-002 0.13348459916554E+000 0.75978958415529E-010 0.84991044986137E-012 0.17758965280538E-019 0.24058024915579E-029 -.24423808258738E-033 -.10171357773871E-032 0.88170905115864E-009 0.38866165451389E-004 0.72876827976926E+000 0.73744133970797E-019 0.20982303294959E+004 0.35000000000000E-001 -.29478874646153E+003 0.49925931535341E-001 0.20982303294959E+004 0.10132500000000E+006 0.16075477337968E-003 0.27678025212907E+002 0.10000000000000E+001 0.00000000000000E+000 0.10000000000000E+001 0.00000000000000E+000 0.44846057820498E+000
 195 0.17258581148610E+001 0.63995997553326E-004 0.41376367277618E-005 0.13904373409132E-003 0.23007507608475E-001 0.16028469959959E-002 0.11066019213403E+000 0.11823712642256E-005 0.33190393491312E-019 0.17818067971491E-020 0.20156371776061E-018 0.86262761504616E-019 0.21792976560348E-002 0.13353431716207E+000 0.73264989842269E-010 0.82673153472771E-012 0.16899871745264E-019 0.22838232369500E-029 -.24217319503482E-033 -.99974496785819E-033 0.87504213148125E-009 0.39702720451018E-004 0.72876777503417E+000 0.73815067514820E-019 0.20986506675285E+004 0.35000000000000E-001 -.29478026840751E+003 0.49925931535341E-001 0.20986506675285E+004 0.10132500000000E+006 0.16072738878763E-003 0.27678854046807E+002 0.10000000000000E+001 0.00000000000000E+000 0.10000000000000E+001 0.00000000000000E+000 0.40910469387516E+000
 196 0.17802673942358E+001 0.63139429552605E-004 0.40520894669078E-005 0.13708006295595E-003 0.22989258262982E-001 0.15921959380541E-002 0.11067502878841E+000 0.11765361309358E-005 0.32004060434529E-019 0.17188699670141E-020 0.19570415068874E-018 0.84345904553231E-019 0.21502466315600E-002 0.13358000027174E+000 0.70827660475358E-010 0.80572655891920E-012 0.16138512691579E-019 0.21757386399730E-029 -.24017279909175E-033 -.98403746279157E-033 0.86886094197125E-009 0.40534598194894E-004 0.72876728645045E+000 0.73990710446932E-019 0.20990365439850E+004 0.35000000000000E-001 -.29477268397620E+003 0.49925931535341E-001 0.20990365439850E+004 0.10132500000000E+006 0.16070226524232E-003 0.27679616005742E+002 0.10000000000000E+001 0.00000000000000E+000 0.10000000000000E+001 0.00000000000000E+000 0.37336910821754E+000
 197 0.18349485856458E+001 0.62352916967426E-004 0.39741458042461E-005 0.13528009956030E-003 0.22972517131966E-001 0.15823531918732E-002 0.11068864621182E+000 0.11712288080542E-005 0.30938354176286E-019 0.16623082639779E-020 0.19040437749184E-018 0.82599635386344E-019 0.21235508580362E-002 0.13362197629291E+000 0.68635036767121E-010 0.78667136017745E-012 0.15461965098983E-019 0.20797200239172E-029 -.23817570017883E-033 -.96960410944382E-033 0.86313458705159E-009 0.41361647290338E-004 0.72876681534241E+000 0.74144076427421E-019 0.20993906067210E+004 0.35000000000000E-001 -.29476602918870E+003 0.49925931535341E-001 0.20993906067210E+004 0.10132500000000E+006 0.16067923094253E-003 0.27680316833148E+002 0.10000000000000E+001 0.00000000000000E+000 0.10000000000000E+001 0.00000000000000E+000 0.34089953055529E+000
 198 0.18898434448775E+001 0.61629536287292E-004 0.39029837164300E-005 0.13362763432536E-003 0.22957175247226E-001 0.15732473631670E-002 0.11070112085076E+000 0.11663919823660E-005 0.29978105811579E-019 0.16113227534022E-020 0.18559855475511E-018 0.81005403635093E-019 0.20989934108419E-002 0.13366058601440E+000 0.66657097196422E-010 0.76934694556617E-012 0.14858548522655E-019 0.19941156033298E-029 -.23626634373704E-033 -.95647786696531E-033 0.85782343853559E-009 0.42183535906822E-004 0.72876636610614E+000 0.74160466398877E-019 0.20997153108639E+004 0.35000000000000E-001 -.29476057395007E+003 0.49925931535341E-001 0.20997153108639E+004 0.10132500000000E+006 0.16065813358856E-003 0.27680963017157E+002 0.10000000000000E+001 0.00000000000000E+000 0.10000000000000E+001 0.00000000000000E+000 0.31136696684830E+000
 199 0.19448846990804E+001 0.60959997510781E-004 0.38375956338690E-005 0.13210179442362E-003 0.22943137636808E-001 0.15647759296707E-002 0.11071251596531E+000 0.11619564560573E-005 0.29106566383485E-019 0.15650283026384E-020 0.18121048464132E-018 0.79540414701620E-019 0.20762971338985E-002 0.13369626354696E+000 0.64860915292060E-010 0.75349814796043E-012 0.14316229002829E-019 0.19171813793595E-029 -.23270691563262E-033 -.93796678676596E-033 0.85286157919457E-009 0.42999825700674E-004 0.72876594769914E+000 0.74149222514331E-019 0.21000132353714E+004 0.35000000000000E-001 -.29475714112548E+003 0.49925931535341E-001 0.21000132353714E+004 0.10132500000000E+006 0.16063882799311E-003 0.27681563840998E+002 0.10000000000000E+001 0.00000000000000E+000 0.10000000000000E+001 0.00000000000000E+000 0.28442984234960E+000
 200 0.20000000000000E+001 0.60327383232951E-004 0.37762897672941E-005 0.13066543309405E-003 0.22930237479462E-001 0.15567395548777E-002 0.11072297461023E+000 0.11578077796823E-005 0.28299252309811E-019 0.15221273999467E-020 0.17712269862788E-018 0.78167425375543E-019 0.20549731944943E-002 0.13372976752919E+000 0.63197948778343E-010 0.73872209530110E-012 0.13818751588882E-019 0.18436560552862E-029 -.57759508482099E-034 -.19638483889546E-033 0.84811424925254E-009 0.43810538849001E-004 0.72876556926698E+000 0.74152112971686E-019 0.21002891916570E+004 0.35000000000000E-001 -.29475714112548E+003 0.49925931535341E-001 0.21002891916570E+004 0.10132500000000E+006 0.16062103926139E-003 0.27682135602053E+002 0.10000000000000E+001 0.00000000000000E+000 0.10000000000000E+001 0.00000000000000E+000 0.25964287406166E+000
