[CHEM1D_DATAFILE_VERSION]
 4

[NUMBER_OF_GRIDPOINTS]
         300
[FILECONTENT]
 SOURCETERMS (mole/cm^3/s)                                                                           
[NUMBER_OF_SPECIES]
          23
[NUMBER_OF_VARIABLES]
          27

[TIME]
0.000000000000000E+00
[INLET]
Phi =  1.00, Tinlet =  300.00 K, Pinlet =  101325.00 Pa.
[COMMENT]
Adiabatic flame, Stationary solution, Mixture averaged diffusion, Detailed chemistry,  No radiation model.
 No heat exchanger model.
[USER_COMMENT]
-                                                      

[FILE_STRUCTURE_COLUMNS_CONTAINING]
 i x(i) H2               H                O                O2               OH               H2O              HO2              CH2              CH2(S)           CH3              CH4              CO               CO2              HCO              CH2O             CH3O             C2H4             C2H5             C2H6             N                NO               N2               AR               Temp             Massflow         Enthalpy         MixFrac         
   1 -.50000000000000E+000 0.00000000000000E+000 0.86697650080288E-039 0.00000000000000E+000 -.23627683725420E-037 0.45950235318761E-073 -.45950235318761E-073 0.23627683725420E-037 0.00000000000000E+000 0.00000000000000E+000 0.24494660226223E-037 -.24494660226223E-037 0.00000000000000E+000 0.00000000000000E+000 0.00000000000000E+000 0.00000000000000E+000 0.00000000000000E+000 0.00000000000000E+000 0.00000000000000E+000 0.00000000000000E+000 0.00000000000000E+000 0.00000000000000E+000 0.00000000000000E+000 0.00000000000000E+000 -.59115127334118E-032 0.00000000000000E+000 0.00000000000000E+000 0.00000000000000E+000
   2 -.44482031913205E+000 -.10215403810757E-044 0.86697752234213E-039 -.25358941108529E-034 -.19864993582083E-035 -.95996687878328E-037 0.27417809470891E-034 0.23627683724212E-037 0.19515516980185E-065 0.84449933673816E-060 0.50838373564144E-034 -.52801245238628E-034 -.22141599810702E-058 0.22141599733655E-058 0.12587137960543E-054 0.19628716744792E-035 0.48576887853937E-047 -.14301122631716E-058 0.81752137901918E-062 0.15628335090598E-055 0.37035474975087E-070 0.37035474975087E-070 -.37035474975087E-070 0.00000000000000E+000 0.17576178790413E-029 0.00000000000000E+000 0.00000000000000E+000 0.00000000000000E+000
   3 -.38965482313239E+000 -.74080894737340E-042 0.86771730973274E-039 -.12178705121183E-032 -.60758095160210E-034 0.11930298714865E-034 0.12666746808799E-032 0.23627683706824E-037 0.27840602850507E-062 0.12071881163712E-056 0.24238352194412E-032 -.24845696869177E-032 -.26592436029007E-055 0.26592436026440E-055 0.50449752384684E-053 0.60734467476353E-034 0.15030499420243E-045 -.26876212703752E-055 0.15988613640046E-058 0.14962326164764E-052 0.17786394420751E-068 0.17786394420751E-068 -.17786394420751E-068 0.00000000000000E+000 0.74452951430500E-028 0.00000000000000E+000 0.00000000000000E+000 0.00000000000000E+000
   4 -.33453521409588E+000 -.76483465191870E-038 0.85153230198306E-038 -.89337320727981E-030 -.11422464906241E-032 -.35479185512528E-032 0.89806334869400E-030 0.23627683457214E-037 0.37081560583930E-058 0.16096535911276E-052 0.17902943499572E-029 -.17914365728201E-029 -.32183416691313E-051 0.32183416691309E-051 0.64338542777368E-051 0.11422228629378E-032 0.28268029822527E-044 -.38452780228084E-051 0.23822145760100E-054 0.52918957002733E-050 0.13047272286257E-065 0.13047272286257E-065 -.13047272286257E-065 0.00000000000000E+000 0.43381046630119E-025 0.00000000000000E+000 0.00000000000000E+000 0.00000000000000E+000
   5 -.27955708690613E+000 -.13851772110303E-033 0.13851858811001E-033 -.11357166568389E-026 -.28142144628341E-030 0.69676612869568E-029 0.11290304169746E-026 0.23627675879324E-037 0.11485576255453E-052 0.49858293197799E-047 0.22644655138976E-026 -.22647469353203E-026 -.46599049961131E-047 0.46599049961131E-047 0.92766201734088E-047 0.28142142265506E-030 0.69658448663424E-042 -.65220412791274E-047 0.42496993227650E-050 0.32124599530502E-045 0.16586577354055E-062 0.16586577354055E-062 -.16586577354055E-062 0.00000000000000E+000 0.54141287340495E-022 0.00000000000000E+000 0.00000000000000E+000 0.00000000000000E+000
   6 -.22504488127243E+000 -.22755682087272E-029 0.22755682496463E-029 -.13347016127004E-023 -.31380396240288E-027 0.66394324468523E-026 0.13283759842159E-023 0.23576109455098E-037 0.15068387934267E-046 0.65411131540276E-041 0.26627615210206E-023 -.26630753231656E-023 -.58309218977426E-043 0.58309218977426E-043 0.13487347822644E-042 0.31380214494128E-027 0.77811849079043E-039 -.91779006087284E-043 0.63006099043556E-046 0.39943059300893E-039 -.18174773008969E-032 0.18174773008969E-032 0.42290875648867E-054 0.00000000000000E+000 0.63714948597328E-019 0.00000000000000E+000 0.00000000000000E+000 0.00000000000000E+000
   7 -.17200429475797E+000 -.26853350292489E-025 0.26853384223148E-025 -.12005472909866E-020 -.29594540484941E-024 -.27732423111197E-022 0.12285755639229E-020 0.95545796679547E-028 0.13138635971888E-040 0.57034354068769E-035 0.24288001689789E-020 -.24290960101989E-020 -.17012003532547E-037 0.17012003532547E-037 0.12700030337690E-037 0.29593676511026E-024 -.95545816822302E-028 -.60989333255051E-038 0.58568740209129E-041 0.35501913707392E-033 -.86736898810684E-029 0.86736898810684E-029 0.89059138315814E-049 0.00000000000000E+000 0.59325482985138E-016 0.00000000000000E+000 0.00000000000000E+000 0.00000000000000E+000
   8 -.12281366216946E+000 -.16799757522853E-021 0.16810806693799E-021 -.56190474393913E-018 -.21561085361289E-020 -.46920679352298E-018 0.10332675924094E-017 -.56938490689531E-025 0.80536085952230E-034 0.34959922154517E-028 0.15928479081132E-017 -.15950042058639E-017 -.41129191180267E-028 0.41129191180267E-028 0.17934731757970E-048 0.21562413748925E-020 0.18622031673488E-025 0.00000000000000E+000 0.10772112298058E-033 0.18859395727827E-025 -.15963921942033E-025 0.15963921942021E-025 0.57102674560100E-038 0.00000000000000E+000 0.55542718824752E-013 0.00000000000000E+000 0.00000000000000E+000 0.00000000000000E+000
   9 -.81276398444332E-001 -.10849081464515E-017 -.37806848157064E-018 -.83591918407329E-016 -.85954589803802E-017 -.17717585699274E-014 0.18632514222442E-014 0.63979331384784E-018 0.48406588234668E-027 0.21014936842745E-021 0.19371640511496E-014 -.19455938173456E-014 -.19563183821429E-021 0.19563182641534E-021 0.14040860873657E-022 0.72419836025717E-017 0.76819739515885E-018 0.15434407301379E-021 -.16476746594269E-021 0.20969092715342E-018 -.67532098319798E-023 0.67532097595972E-023 0.36191297497757E-031 0.00000000000000E+000 0.11225613786397E-009 0.00000000000000E+000 0.00000000000000E+000 0.00000000000000E+000
  10 -.50852275133603E-001 -.27787137978027E-014 -.30864991254581E-015 -.41967309213679E-014 -.18125280413930E-012 -.11392993218581E-011 0.12010081402902E-011 0.12331499185631E-012 0.63588938755993E-022 0.27598790576910E-016 0.11217728830687E-011 -.11976141205511E-011 -.30887851577679E-016 0.30887841578615E-016 0.10814791832940E-016 0.18246994716598E-012 -.12414811322037E-012 0.34435877880736E-016 -.36294810264135E-016 0.87423538827690E-014 -.48623861525326E-021 0.48623658926069E-021 0.10129962846163E-026 0.00000000000000E+000 0.10325181266429E-006 0.00000000000000E+000 0.00000000000000E+000 0.00000000000000E+000
  11 -.32041460032013E-001 -.72515813770888E-012 -.36071536948563E-013 -.34781799043165E-012 -.82586032263989E-010 -.88483947596456E-010 0.12769214247282E-009 0.43546023977333E-010 -.88863320961523E-016 -.46363436955734E-017 0.74708298177379E-010 -.12271147866276E-009 0.42620099120334E-013 0.96152453505132E-013 -.13416814164909E-015 0.85799040949941E-010 -.46814192107421E-010 0.33866694401959E-013 -.34235309273169E-013 0.44402619938909E-011 -.68689943946321E-020 0.68681008144938E-020 0.44679006913992E-024 0.00000000000000E+000 0.24274633661232E-004 0.00000000000000E+000 0.00000000000000E+000 0.00000000000000E+000
  12 -.22015401266016E-001 -.18702684380062E-010 -.82560782745924E-012 -.64937302721590E-011 -.21783056782529E-008 -.98921630355942E-009 0.21759200037861E-008 0.98769316454084E-009 -.33369419598334E-014 -.17778108871268E-015 0.46637455159872E-009 -.18817415600369E-008 0.91601564310729E-011 0.88725291856127E-011 -.98092103200458E-014 0.23742104153010E-008 -.12000907634540E-008 0.18803664682858E-011 -.17017400148243E-011 0.11143537100045E-009 -.30645852456764E-019 0.30623126586331E-019 0.11362935216597E-022 0.00000000000000E+000 0.63689417135766E-003 0.00000000000000E+000 0.00000000000000E+000 0.00000000000000E+000
  13 -.16955425347724E-001 -.95804318731201E-010 -.58235223607245E-011 -.30795489572719E-010 -.11174012263900E-007 -.32041145825297E-008 0.96924724270638E-008 0.46274267551552E-008 -.24721111400952E-013 -.13595582486115E-014 -.36694391515014E-009 -.72979676411626E-008 0.12105738333249E-009 0.82003465164644E-010 -.10253676946206E-012 0.12684626056123E-007 -.63339791705580E-008 0.16443726811255E-010 -.13607675260607E-010 0.55283016829440E-009 -.71802169985925E-019 0.71686843854000E-019 0.57663065962242E-022 0.00000000000000E+000 0.35033691141335E-002 0.00000000000000E+000 0.00000000000000E+000 0.00000000000000E+000
  14 -.14151201452324E-001 -.23462956221318E-009 -.19994112081039E-010 -.75115125144381E-010 -.26914589204109E-007 -.60480775979095E-008 0.22570637132883E-007 0.10182850802524E-007 -.79267209320073E-013 -.45105863596805E-014 -.42966918617959E-008 -.15178278378045E-007 0.47281316530447E-009 0.26765965831436E-009 -.39245158070895E-012 0.31321043270757E-007 -.15312750907890E-007 0.54856289659886E-010 -.42789784149063E-010 0.13512741358547E-008 -.12247391731247E-018 0.12219373226959E-018 0.14009252144293E-021 0.00000000000000E+000 0.90132781859996E-002 0.00000000000000E+000 0.00000000000000E+000 0.00000000000000E+000
  15 -.12292495924096E-001 -.42653932613690E-009 -.47026823014585E-010 -.13750456121034E-009 -.47497705959678E-007 -.93109940825521E-008 0.39927497783319E-007 0.16415178611257E-007 -.17305032221961E-012 -.10152458651408E-013 -.11459131986274E-007 -.24642488491813E-007 0.11313757922664E-008 0.57392017599186E-009 -.93917229348049E-012 0.56150276314125E-007 -.26742497728978E-007 0.12168446467285E-009 -.90885472635421E-010 0.24640351578407E-008 -.18090789423099E-018 0.18040796556307E-018 0.24996433395756E-021 0.00000000000000E+000 0.16799155142076E-001 0.00000000000000E+000 0.00000000000000E+000 0.00000000000000E+000
  16 -.10870326420547E-001 -.67837321722348E-009 -.92058312460488E-010 -.22031192452191E-009 -.72768980743164E-007 -.13133145837979E-007 0.62155568309607E-007 0.22903360165757E-007 -.31673673964570E-012 -.19086501966667E-013 -.22059377930926E-007 -.35841014072382E-007 0.21684686496734E-008 0.10174479669131E-008 -.18078862376984E-011 0.86950966441519E-007 -.40223392531323E-007 0.22427708910658E-009 -.16178674607112E-009 0.39320322499666E-008 -.24976191167035E-018 0.24898871892172E-018 0.38659637431182E-021 0.00000000000000E+000 0.26974951678506E-001 0.00000000000000E+000 0.00000000000000E+000 0.00000000000000E+000
  17 -.96899850211620E-002 -.10040219045664E-008 -.16363582057720E-009 -.32803193412751E-009 -.10316767590331E-006 -.17687136297780E-007 0.90108776036120E-007 0.29382403274616E-007 -.52850360823643E-012 -.32626927509069E-013 -.36590054372015E-007 -.49158531147632E-007 0.36795149084567E-008 0.16252631406947E-008 -.31022581698086E-011 0.12418943545987E-006 -.55639436938708E-007 0.37372793902928E-009 -.26185156677813E-009 0.58368597967667E-008 -.33237136307996E-018 0.33126719594914E-018 0.55208356541080E-021 0.00000000000000E+000 0.39881108924778E-001 0.00000000000000E+000 0.00000000000000E+000 0.00000000000000E+000
  18 -.86652005003587E-002 -.14206913751893E-008 -.27475872895211E-009 -.46615911269270E-009 -.13920949524469E-006 -.23131034882981E-007 0.12474876637867E-006 0.35537612114058E-007 -.83281261291710E-012 -.52573151716895E-013 -.55673329581451E-007 -.65018494625595E-007 0.57757533657662E-008 0.24293296517751E-008 -.49587196529668E-011 0.16839579793503E-006 -.72833058006848E-007 0.58424621805306E-009 -.39926271520605E-009 0.82799391805223E-008 -.43219663754673E-018 0.43069927758855E-018 0.74867997908908E-021 0.00000000000000E+000 0.55913279281928E-001 0.00000000000000E+000 0.00000000000000E+000 0.00000000000000E+000
  19 -.77509083463604E-002 -.19486955677536E-008 -.44543168659785E-009 -.64110001582279E-009 -.18142074255788E-006 -.29615387067923E-007 0.16710011469320E-006 0.40991976313773E-007 -.12608605360021E-011 -.81271246266723E-013 -.80009912298332E-007 -.83878423621448E-007 0.85811695391297E-008 0.34651607872085E-008 -.75463551135322E-011 0.22007046161493E-006 -.91560501495158E-007 0.87331548433009E-009 -.58407653188732E-009 0.11381228027842E-007 -.55299148459484E-018 0.55103466931714E-018 0.97840763885356E-021 0.00000000000000E+000 0.75493469837152E-001 0.00000000000000E+000 0.00000000000000E+000 0.00000000000000E+000
  20 -.69203366938048E-002 -.26119132380758E-008 -.70803371887207E-009 -.86030442696438E-009 -.23035037019781E-006 -.37292389729308E-007 0.21825842345977E-006 0.45319670573638E-007 -.18518881130227E-011 -.12173374901088E-012 -.11036908394920E-006 -.10624370289471E-006 0.12231984380722E-007 0.47717119552766E-008 -.11071492716007E-010 0.27968575517727E-006 -.11149442203168E-006 0.12621745985520E-008 -.82851210093790E-009 0.15281738740836E-007 -.69897389486764E-018 0.69648776442316E-018 0.12430652222399E-020 0.00000000000000E+000 0.99071267824824E-001 0.00000000000000E+000 0.00000000000000E+000 0.00000000000000E+000
  21 -.61559286060224E-002 -.34384865399094E-008 -.11177501144759E-008 -.11324838564763E-008 -.28660158466726E-006 -.46325216045166E-007 0.27941308500187E-006 0.48064219018508E-007 -.26549916084123E-011 -.17779937449654E-012 -.14759461563406E-006 -.13268327095429E-006 0.16877661954918E-007 0.63918223219109E-008 -.15784747923676E-010 0.34770747905356E-006 -.13223365470798E-006 0.17765158476156E-008 -.11473824639633E-008 0.20147464368771E-007 -.87498593925463E-018 0.87189728915503E-018 0.15443250497989E-020 0.00000000000000E+000 0.12713467355609E+000 0.00000000000000E+000 0.00000000000000E+000 0.00000000000000E+000
  22 -.54453472823911E-002 -.44615796516957E-008 -.17714930324503E-008 -.14678583417222E-008 -.35086670415838E-006 -.56896874817190E-007 0.35186887739252E-006 0.48760723598343E-007 -.37314250185348E-011 -.25433473966726E-012 -.19261307615541E-006 -.16384272784880E-006 0.22682368526057E-007 0.83727561448184E-008 -.21990204530599E-010 0.42461078924554E-006 -.15330886297133E-006 0.24473172414246E-008 -.15586081906402E-008 0.26173655460918E-007 -.10866364031978E-017 0.10828687870267E-017 0.18838080855193E-020 0.00000000000000E+000 0.16022243555652E+000 0.00000000000000E+000 0.00000000000000E+000 0.00000000000000E+000
  23 -.47795076598251E-002 -.57201642617188E-008 -.28397142638253E-008 -.18784250366691E-008 -.42396848735499E-006 -.69219061984936E-007 0.43706484994822E-006 0.46967631806806E-007 -.51574534313197E-011 -.35748429537889E-012 -.24644095168830E-006 -.20045570164479E-006 0.29826522352683E-007 0.10766732103599E-007 -.30056861931832E-010 0.51088861871165E-006 -.17418420024119E-006 0.33117844635876E-008 -.20837970598315E-008 0.33589288699241E-007 -.13404368657229E-017 0.13359106058593E-017 0.22631299318238E-020 0.00000000000000E+000 0.19893755103206E+000 0.00000000000000E+000 0.00000000000000E+000 0.00000000000000E+000
  24 -.41514889080853E-002 -.72598451365695E-008 -.46159325955849E-008 -.23782619668998E-008 -.50691557908147E-006 -.83541576392711E-007 0.53659337051316E-006 0.42313600610898E-007 -.70278942484190E-011 -.49498012592271E-012 -.31019096799780E-006 -.24335527839228E-006 0.38508508720541E-007 0.13631481263583E-007 -.40432924979438E-010 0.60705635031998E-006 -.19425696385675E-006 0.44144133575194E-008 -.27488942795619E-008 0.42661893793077E-007 -.16439447741710E-017 0.16385769040522E-017 0.26839350593587E-020 0.00000000000000E+000 0.24396404099132E+000 0.00000000000000E+000 0.00000000000000E+000 0.00000000000000E+000
  25 -.35558803563575E-002 -.91337160850859E-008 -.75882494050637E-008 -.29838778636488E-008 -.60097733593835E-006 -.10016237424863E-006 0.65222105279155E-006 0.34563409106832E-007 -.94605249754833E-011 -.67652720298195E-012 -.38507789948647E-006 -.29348638737518E-006 0.48946660987994E-007 0.17030871192021E-007 -.53663710548758E-010 0.71365448077860E-006 -.21285616745832E-006 0.58081803677437E-008 -.35849020899764E-008 0.53702842784271E-007 -.20059207948463E-017 0.19996249394446E-017 0.31479277008572E-020 0.00000000000000E+000 0.29608853009032E+000 0.00000000000000E+000 0.00000000000000E+000 0.00000000000000E+000
  26 -.29883608767223E-002 -.11403225001592E-007 -.12535425027110E-007 -.37146210823955E-008 -.70778098275567E-006 -.11943806112099E-006 0.78591319562648E-006 0.23704502597801E-007 -.12601576546407E-010 -.91428356128271E-012 -.47242427682980E-006 -.35191987191644E-006 0.61381661103950E-007 0.21035644269807E-007 -.70414073417657E-010 0.83125044039089E-006 -.22924052907083E-006 0.75558684255181E-008 -.46286635732124E-008 0.67073226140666E-007 -.24365070642575E-017 0.24291932537750E-017 0.36569052412309E-020 0.00000000000000E+000 0.35622776283051E+000 0.00000000000000E+000 0.00000000000000E+000 0.00000000000000E+000
  27 -.24454129628669E-002 -.14139021816285E-007 -.20647379282055E-007 -.45931655585808E-008 -.82943114198546E-006 -.14179442766882E-006 0.93986367867018E-006 0.10052470028762E-007 -.16632592714115E-010 -.12234598766521E-011 -.57366666242625E-006 -.41986909859730E-006 0.76079582479861E-007 0.25724335569581E-007 -.91496421830818E-010 0.96044059638611E-006 -.24259609511561E-006 0.97315399001044E-008 -.59237032500140E-008 0.83190510438928E-007 -.29474347965251E-017 0.29390091981137E-017 0.42127992057044E-020 0.00000000000000E+000 0.42546273598383E+000 0.00000000000000E+000 0.00000000000000E+000 0.00000000000000E+000
  28 -.19241206420060E-002 -.17421753816034E-007 -.33666752436280E-007 -.56460956082487E-008 -.96864808074204E-006 -.16773642921527E-006 0.11165321348809E-005 -.56298870053658E-008 -.21779100298438E-010 -.16230757777322E-011 -.69036308704071E-006 -.49870994549951E-006 0.93335818007451E-007 0.31184437615135E-007 -.11790601963591E-009 0.11018529708460E-005 -.25203343263017E-006 0.12422168227739E-007 -.75211119805123E-008 0.10253621720155E-006 -.35522710467637E-017 0.35426355934293E-017 0.48177266671989E-020 0.00000000000000E+000 0.50507936623493E+000 0.00000000000000E+000 0.00000000000000E+000 0.00000000000000E+000
  29 -.14219862764045E-002 -.21343082589193E-007 -.54046857138652E-007 -.69047176071253E-008 -.11289303116405E-005 -.19785929032189E-006 0.13187060997952E-005 -.22009789418215E-007 -.28322491431691E-010 -.21370035289565E-011 -.82421272016778E-006 -.59001228609629E-006 0.11348175354284E-006 0.37514382320888E-007 -.15087042689751E-009 0.12561628033946E-005 -.25658434090525E-006 0.15729709423791E-007 -.94806180476463E-008 0.12566677754028E-006 -.42667738198464E-017 0.42558256117889E-017 0.54741040287422E-020 0.00000000000000E+000 0.59662214255193E+000 0.00000000000000E+000 0.00000000000000E+000 0.00000000000000E+000
  30 -.93654417209669E-003 -.26009556692043E-007 -.85139489621391E-007 -.84069957459408E-008 -.13148349116676E-005 -.23287956942743E-006 0.15497154207449E-005 -.37074657826851E-007 -.36620505993361E-010 -.27958665926096E-011 -.97717119266443E-006 -.69564231062673E-006 0.13690746951967E-006 0.44830443713889E-007 -.19194272131683E-009 0.14242064501083E-005 -.25519258092210E-006 0.19776024125905E-007 -.11873235642291E-007 0.15324375149905E-006 -.51098493971973E-017 0.50974790320753E-017 0.61851825610029E-020 0.00000000000000E+000 0.70201724768693E+000 0.00000000000000E+000 0.00000000000000E+000 0.00000000000000E+000
  31 -.46440537216040E-003 -.31558078965772E-007 -.13151799104551E-006 -.10203550374744E-007 -.15326988559989E-005 -.27374747702630E-006 0.18141761788493E-005 -.48031843110224E-007 -.47146255459090E-010 -.36413032567853E-011 -.11519069300664E-005 -.81811761632523E-006 0.16414103659593E-006 0.53290986462817E-007 -.24319500908187E-009 0.16074146401033E-005 -.24665820785182E-006 0.24719065851439E-007 -.14790391145659E-007 0.18613636211884E-006 -.61066914418932E-017 0.60927775950598E-017 0.69569234167028E-020 0.00000000000000E+000 0.82394263178677E+000 0.00000000000000E+000 0.00000000000000E+000 0.00000000000000E+000
  32 0.00000000000000E+000 -.38192508964690E-007 -.19970689320305E-006 -.12371270219567E-007 -.17921886034295E-005 -.32190373228114E-006 0.21195889630773E-005 -.51084058946202E-007 -.60507988687427E-010 -.47180760624895E-011 -.13527919417572E-005 -.96139058153945E-006 0.19602221193806E-006 0.63149466166613E-007 -.30702288121494E-009 0.18086551175519E-005 -.22943787477452E-006 0.30791278835518E-007 -.18365795454367E-007 0.22565744229913E-006 -.72958699376976E-017 0.72802667935366E-017 0.78015720805139E-020 0.00000000000000E+000 0.96662271530519E+000 0.00000000000000E+000 0.00000000000000E+000 0.00000000000000E+000
  33 0.43530902506362E-003 -.45678733109035E-007 -.29252551768284E-006 -.14849065346709E-007 -.20869642190627E-005 -.37565203311664E-006 0.24539674436114E-005 -.41649195224073E-007 -.76875267163656E-010 -.60600467912836E-011 -.15712258501530E-005 -.11202252982681E-005 0.23134437531643E-006 0.74026624648778E-007 -.38427668531824E-009 0.20181026026373E-005 -.20335546714898E-006 0.37830295506574E-007 -.22499328148557E-007 0.27056914512542E-006 -.86396593671084E-017 0.86223019253449E-017 0.86787208817977E-020 0.00000000000000E+000 0.11253069463544E+001 0.00000000000000E+000 0.00000000000000E+000 0.00000000000000E+000
  34 0.86594926388994E-003 -.54510934510694E-007 -.42160899394424E-006 -.17821378503869E-007 -.24395535998307E-005 -.43856486250581E-006 0.28385064173978E-005 -.14556625008190E-007 -.97461866969993E-010 -.77532941875415E-011 -.18201166387353E-005 -.13050980000764E-005 0.27238862505074E-006 0.86619431638374E-007 -.47980383044820E-009 0.22469721509452E-005 -.16601956216283E-006 0.46361351259096E-007 -.27491716469092E-007 0.32404987137595E-006 -.10233618173977E-016 0.10214345220095E-016 0.96364769410372E-020 0.00000000000000E+000 0.13109132140859E+001 0.00000000000000E+000 0.00000000000000E+000 0.00000000000000E+000
  35 0.12887836817591E-002 -.64793504136309E-007 -.59635922007469E-006 -.21356719231487E-007 -.28586538298479E-005 -.51139264246690E-006 0.32769683521513E-005 0.36700042704580E-007 -.12327395494238E-009 -.98948944075469E-011 -.21005632915461E-005 -.15183628810596E-005 0.31962957069078E-006 0.10106298288104E-006 -.59791482370377E-009 0.24944792878078E-005 -.11594832561544E-006 0.56574638674795E-007 -.33442232242678E-007 0.38708446382517E-006 -.12107834401257E-016 0.12086487714042E-016 0.10673343607754E-019 0.00000000000000E+000 0.15264630136153E+001 0.00000000000000E+000 0.00000000000000E+000 0.00000000000000E+000
  36 0.17025528448295E-002 -.76637990093248E-007 -.82725112538798E-006 -.25538708370044E-007 -.33542045006432E-005 -.59495139842859E-006 0.37743144366533E-005 0.11898687571687E-006 -.15542546933850E-009 -.12583074103059E-010 -.24140990453682E-005 -.17629536102879E-005 0.37367260555356E-006 0.11753085731128E-006 -.74300745340667E-009 0.27603149840527E-005 -.51695376791623E-007 0.68685944175719E-007 -.40459602815852E-007 0.46084395940367E-006 -.14299167831528E-016 0.14275586594967E-016 0.11790618280572E-019 0.00000000000000E+000 0.17756266784804E+001 0.00000000000000E+000 0.00000000000000E+000 0.00000000000000E+000
  37 0.21072316241116E-002 -.90165322054457E-007 -.11259312598316E-005 -.30470308955389E-007 -.39374482717846E-005 -.69012732813949E-006 0.43369406184359E-005 0.23941789788631E-006 -.19525794260225E-009 -.15937766469314E-010 -.27627836836813E-005 -.20425134675131E-005 0.43528798314976E-006 0.13624402397292E-006 -.92034803353296E-009 0.30446297519097E-005 0.28232331466939E-007 0.82943475331871E-007 -.48664397000357E-007 0.54673822388729E-006 -.16853143276729E-016 0.16827158437880E-016 0.12992419424207E-019 0.00000000000000E+000 0.20628178715287E+001 0.00000000000000E+000 0.00000000000000E+000 0.00000000000000E+000
  38 0.25032911674021E-002 -.10549594706931E-006 -.15051226300290E-005 -.36274648874031E-007 -.46205480061885E-005 -.79780126185054E-006 0.49724638330248E-005 0.40517874638645E-006 -.24438120315864E-009 -.20103891026614E-010 -.31490000622712E-005 -.23613024549417E-005 0.50539509681823E-006 0.15746463826960E-006 -.11361956400397E-008 0.33477843184161E-005 0.12537810115048E-006 0.99622946930815E-007 -.58184369690895E-007 0.64640194440643E-006 -.19824010853719E-016 0.19795441286216E-016 0.14284783751668E-019 0.00000000000000E+000 0.23930649835720E+001 0.00000000000000E+000 0.00000000000000E+000 0.00000000000000E+000
  39 0.28913043952307E-002 -.12273834611176E-006 -.19784145417938E-005 -.43095657762270E-007 -.54161272392045E-005 -.91876762130928E-006 0.56895094993792E-005 0.62326188437729E-006 -.30469734798710E-009 -.25253823217652E-010 -.35752619476085E-005 -.27240944750369E-005 0.58504568478916E-006 0.18148951174725E-006 -.13978555416822E-008 0.36701555877065E-005 0.24130204887504E-006 0.11902018779147E-006 -.69148337871880E-007 0.76167384820053E-006 -.23274773014034E-016 0.23243422982760E-016 0.15675015637162E-019 0.00000000000000E+000 0.27718663646397E+001 0.00000000000000E+000 0.00000000000000E+000 0.00000000000000E+000
  40 0.32718175959602E-002 -.14197983965647E-006 -.25600370103352E-005 -.51099831890725E-007 -.63368962854169E-005 -.10536754687164E-005 0.64976322464580E-005 0.90016912174603E-006 -.37842568490613E-009 -.31589985984072E-010 -.40441191204338E-005 -.31361336553936E-005 0.67542138259736E-006 0.20864783040331E-006 -.17137413703497E-008 0.40120480215373E-005 0.37754605789260E-006 0.14144535564317E-006 -.81681072510129E-007 0.89459233708600E-006 -.27277870022953E-016 0.27243527053121E-016 0.17171484916038E-019 0.00000000000000E+000 0.32051018777583E+001 0.00000000000000E+000 0.00000000000000E+000 0.00000000000000E+000
  41 0.36453236120871E-002 -.16327861987164E-006 -.32646447631403E-005 -.60478811053425E-007 -.73953438866943E-005 -.12029851889529E-005 0.74073049680305E-005 0.12416199689469E-005 -.46813018676688E-009 -.39347674374408E-010 -.45581173961118E-005 -.36031216509038E-005 0.77783932492535E-006 0.23930110444027E-006 -.20934528767098E-008 0.43736570095501E-005 0.53560177695954E-006 0.16721800759650E-006 -.95898866957904E-007 0.10474012403005E-005 -.31916354690060E-016 0.31878787395965E-016 0.18783647047341E-019 0.00000000000000E+000 0.36989777455538E+001 0.00000000000000E+000 0.00000000000000E+000 0.00000000000000E+000
  42 0.40122620129236E-002 -.18665589241789E-006 -.41071131071258E-005 -.71452386985192E-007 -.86034668171955E-005 -.13669346246844E-005 0.84299215985453E-005 0.16522852646767E-005 -.57674741322957E-009 -.48797918561040E-010 -.51197800706717E-005 -.41312102322843E-005 0.89376010607642E-006 0.27384357560269E-006 -.25478618038137E-008 0.47550501856292E-005 0.71687893701750E-006 0.19666204300236E-006 -.11190533489496E-006 0.12225587447755E-005 -.37285379354578E-016 0.37244335070541E-016 0.20522142018322E-019 0.00000000000000E+000 0.42599828238243E+001 0.00000000000000E+000 0.00000000000000E+000 0.00000000000000E+000
  43 0.43730275962810E-002 -.21208789546098E-006 -.51023575155182E-005 -.84271878095352E-007 -.99725441105886E-005 -.15455149421657E-005 0.95778018547316E-005 0.21355633957901E-005 -.70761414300848E-009 -.60250258288685E-010 -.57316044591592E-005 -.47269938600970E-005 0.10247969341815E-005 0.31270270281842E-006 -.30892047916524E-008 0.51561589653363E-005 0.92267429471987E-006 0.23010046245799E-006 -.12978753071711E-006 0.14227483139556E-005 -.43493997150487E-016 0.43449199271234E-016 0.22398939626369E-019 0.00000000000000E+000 0.48948541243930E+001 0.00000000000000E+000 0.00000000000000E+000 0.00000000000000E+000
  44 0.47279780520432E-002 -.23949742798446E-006 -.62651779404653E-005 -.99223739715499E-007 -.11512952788235E-004 -.17384556391398E-005 0.10864184391909E-004 0.26934072130202E-005 -.86449382012083E-009 -.74055316026453E-010 -.63960667224920E-005 -.53974955350825E-005 0.11727245327514E-005 0.35633927310258E-006 -.37311828045600E-008 0.55767744250552E-005 0.11541398161178E-005 0.26784975792229E-006 -.14961241753537E-006 0.16508896308572E-005 -.50667261526203E-016 0.50618406515303E-016 0.24427505450021E-019 0.00000000000000E+000 0.56105467886074E+001 0.00000000000000E+000 0.00000000000000E+000 0.00000000000000E+000
  45 0.50774378941123E-002 -.26874452193378E-006 -.76101215990226E-005 -.11663323974157E-006 -.13234017562054E-004 -.19452181543373E-005 0.12303196513639E-004 0.33262031255753E-005 -.10516010401293E-008 -.90607149829727E-010 -.71156300655934E-005 -.61501397651034E-005 0.13394864561541E-005 0.40524673333213E-006 -.44890684839035E-008 0.60165445757390E-005 0.14122483232641E-005 0.31021375639994E-006 -.17142372131709E-006 0.19101474743578E-005 -.58948605864317E-016 0.58895359920773E-016 0.26622971772037E-019 0.00000000000000E+000 0.64142031776416E+001 0.00000000000000E+000 0.00000000000000E+000 0.00000000000000E+000
  46 0.54217102682106E-002 -.29961702078537E-006 -.91514085947789E-005 -.13686872162247E-006 -.15143952599489E-004 -.21650055987318E-005 0.13909847664581E-004 0.40327246898455E-005 -.12736291260573E-008 -.11034576298601E-009 -.78927804819427E-005 -.69927374107596E-005 0.15272063094091E-005 0.45995134665513E-006 -.53798441665236E-008 0.64749881907144E-005 0.16977651257246E-005 0.35747848432451E-006 -.19524009116684E-006 0.22039469764696E-005 -.68502828894099E-016 0.68444824118409E-016 0.29002387845085E-019 0.00000000000000E+000 0.73131476992086E+001 0.00000000000000E+000 0.00000000000000E+000 0.00000000000000E+000
  47 0.57610944271322E-002 -.33182089719268E-006 -.10902947870790E-004 -.16034684997889E-006 -.17249919778995E-004 -.23967900079469E-005 0.15700071544325E-004 0.48101684220807E-005 -.15357853391862E-008 -.13375991185077E-009 -.87300973180899E-005 -.79334958471305E-005 0.17382060806176E-005 0.52101403570321E-006 -.64223867785780E-008 0.69515271044086E-005 0.20112291576961E-005 0.40990892718335E-006 -.22105499845142E-006 0.25360004306803E-005 -.79519953048486E-016 0.79456782895207E-016 0.31585076639138E-019 0.00000000000000E+000 0.83149209340836E+001 0.00000000000000E+000 0.00000000000000E+000 0.00000000000000E+000
  48 0.60958783994781E-002 -.36496685408460E-006 -.12878292825879E-004 -.18753691493383E-006 -.19558016811695E-004 -.26393352154887E-005 0.17690666827128E-004 0.56541972552931E-005 -.18438184257036E-008 -.16138897986114E-009 -.96302852356999E-005 -.89809755734633E-005 0.19750142346363E-005 0.58902880573718E-006 -.76376413909300E-008 0.74454945091484E-005 0.23529157021372E-005 0.46774333195720E-006 -.24883621744624E-006 0.29103180886394E-005 -.92219157815348E-016 0.92150372051575E-016 0.34392881886299E-019 0.00000000000000E+000 0.94272676691213E+001 0.00000000000000E+000 0.00000000000000E+000 0.00000000000000E+000
  49 0.64263061932211E-002 -.39855185058992E-006 -.15090403401714E-004 -.21896211747386E-006 -.22073067776011E-004 -.28912066047295E-005 0.19899022641012E-004 0.65589419761438E-005 -.22040202178643E-008 -.19382263004160E-009 -.10596128258233E-004 -.10143932752911E-004 0.22403492608102E-005 0.66461380990556E-006 -.90487195273853E-008 0.79561065566203E-005 0.27227629631037E-005 0.53118203462965E-006 -.27852375849043E-006 0.33311792154004E-005 -.10685197524985E-015 0.10677707489565E-015 0.37450177099921E-019 0.00000000000000E+000 0.10658014023730E+002 0.00000000000000E+000 0.00000000000000E+000 0.00000000000000E+000
  50 0.67525630963815E-002 -.43193977720235E-006 -.17551387922827E-004 -.25519962489828E-006 -.24798447860795E-004 -.31507976736460E-005 0.22342814156338E-004 0.75170502978453E-005 -.26232186273040E-008 -.23169943762475E-009 -.11630461902128E-004 -.11431145794929E-004 0.25370993881252E-005 0.74840133180425E-006 -.10680989537468E-007 0.84824581868339E-005 0.31202990189519E-005 0.60037687164620E-006 -.31002952806000E-006 0.38030954958859E-005 -.12370574204719E-015 0.12362417421812E-015 0.40783914532891E-019 0.00000000000000E+000 0.12014937713640E+002 0.00000000000000E+000 0.00000000000000E+000 0.00000000000000E+000
  51 0.70747941535907E-002 -.46434369248201E-006 -.20272432330742E-004 -.29688216040184E-006 -.27736161814141E-004 -.34163923073902E-005 0.25039867799031E-004 0.85198605660806E-005 -.31087940124478E-008 -.27570697988133E-009 -.12736240526064E-004 -.12851332729725E-004 0.28683224285482E-005 0.84103352930493E-006 -.12562274787855E-007 0.90235794494894E-005 0.35446025028779E-005 0.67542725834131E-006 -.34324137784118E-006 0.43308051801745E-005 -.14310871282744E-015 0.14301986490457E-015 0.44423961437924E-019 0.00000000000000E+000 0.13505741621900E+002 0.00000000000000E+000 0.00000000000000E+000 0.00000000000000E+000
  52 0.73931293874090E-002 -.49480681717469E-006 -.23263864628067E-004 -.34470075074443E-006 -.30887081227976E-004 -.36862457199800E-005 0.28008142337549E-004 0.95576505613974E-005 -.36687243433202E-008 -.32658419588711E-009 -.13916657198791E-004 -.14413132050262E-004 0.32372603828970E-005 0.94316215390650E-006 -.14723173692502E-007 0.95785211215425E-005 0.39942828276065E-005 0.75638115908201E-006 -.37803019035543E-006 0.49192896539395E-005 -.16543679098544E-015 0.16533998374329E-015 0.48403621071115E-019 0.00000000000000E+000 0.15138096587043E+002 0.00000000000000E+000 0.00000000000000E+000 0.00000000000000E+000
  53 0.77076983892714E-002 -.52217945735929E-006 -.26535232317172E-004 -.39940712066834E-006 -.34251191430357E-004 -.39586661824870E-005 0.31265716330851E-004 0.10619893094417E-004 -.43116505316943E-008 -.38512550602980E-009 -.15175261220907E-004 -.16125089556601E-004 0.36473561197715E-005 0.10554485128512E-005 -.17197460198324E-007 0.10146439541143E-004 0.44674584175749E-005 0.84323758659625E-006 -.41425813062982E-006 0.55737917552351E-005 -.19112135927588E-015 0.19101583889537E-015 0.52760190253309E-019 0.00000000000000E+000 0.16919688253423E+002 0.00000000000000E+000 0.00000000000000E+000 0.00000000000000E+000
  54 0.80186365432537E-002 -.54509108284871E-006 -.30095364324473E-004 -.46181535334172E-006 -.37827817603185E-004 -.42320942710526E-005 0.34830767000248E-004 0.11695497809815E-004 -.50469617386438E-008 -.45218652101853E-009 -.16516065847047E-004 -.17995643637785E-004 0.41022703468699E-005 0.11785631591558E-005 -.20022552306767E-007 0.10726678576342E-004 0.49617295214506E-005 0.93595011352488E-006 -.45178765729284E-006 0.62998323345583E-005 -.22065825680668E-015 0.22054318571403E-015 0.57535546327061E-019 0.00000000000000E+000 0.18858256646324E+002 0.00000000000000E+000 0.00000000000000E+000 0.00000000000000E+000
  55 0.83260863386357E-002 -.56191717788816E-006 -.33952410421205E-004 -.53280264724807E-006 -.41615824370022E-004 -.45051790859982E-005 0.38721542154198E-004 0.12773031233568E-004 -.58849034727827E-008 -.52869158161332E-009 -.17943646414888E-004 -.20033110439327E-004 0.46058990249190E-005 0.13131853619480E-005 -.23240048295427E-007 0.11318850117272E-004 0.54741460339102E-005 0.10344313918694E-005 -.49049113030755E-006 0.71032247181957E-005 -.25461807448095E-015 0.25449252092409E-015 0.62776778428738E-019 0.00000000000000E+000 0.20961627379495E+002 0.00000000000000E+000 0.00000000000000E+000 0.00000000000000E+000
  56 0.86301957108535E-002 -.57074057750886E-006 -.38113851756568E-004 -.61330891174169E-006 -.45613783496514E-004 -.47768510133741E-005 0.42956322625332E-004 0.13840910578364E-004 -.68367112123112E-008 -.61564345856578E-009 -.19463227411198E-004 -.22245668439079E-004 0.51623907805976E-005 0.14600022658131E-005 -.26896328906424E-007 0.11922912970713E-004 0.60011711817606E-005 0.11385585872508E-005 -.53026080697414E-006 0.79900858872083E-005 -.29365792347211E-015 0.29352084973005E-015 0.68536871026110E-019 0.00000000000000E+000 0.23237731992298E+002 0.00000000000000E+000 0.00000000000000E+000 0.00000000000000E+000
  57 0.89311155644942E-002 -.56930717568678E-006 -.42586493364180E-004 -.70433518761030E-006 -.49820120553536E-004 -.50463917536588E-005 0.47553386302110E-004 0.14887573749077E-004 -.79147746126151E-008 -.71413544236912E-009 -.21080761584395E-004 -.24641349299321E-004 0.57761655699311E-005 0.16197081197796E-005 -.31043227511197E-007 0.12539251059423E-004 0.65386446063371E-005 0.12481799748974E-005 -.57101912850811E-006 0.89668459865168E-005 -.33853497116094E-015 0.33838522023134E-015 0.74875464798991E-019 0.00000000000000E+000 0.25694622856743E+002 0.00000000000000E+000 0.00000000000000E+000 0.00000000000000E+000
  58 0.92289941117392E-002 -.55497608213138E-006 -.47376394001388E-004 -.80693966863694E-006 -.54233198400801E-004 -.53134987007318E-005 0.52530924105911E-004 0.15901616782737E-004 -.91328263927218E-008 -.82536523145186E-009 -.22802982370451E-004 -.27228010376241E-004 0.64519276400410E-005 0.17930018456865E-005 -.35738728121351E-007 0.13168742604719E-004 0.70817422911854E-005 0.13631214807810E-005 -.61272862366278E-006 0.10040244785284E-004 -.39012145352445E-015 0.38995773425522E-015 0.81859634616650E-019 0.00000000000000E+000 0.28340456158921E+002 0.00000000000000E+000 0.00000000000000E+000 0.00000000000000E+000
  59 0.95239659387615E-002 -.52466578900234E-006 -.52488670566422E-004 -.92222919272669E-006 -.58851285248632E-004 -.55783411233587E-005 0.57906831743224E-004 0.16871896128717E-004 -.10506141940475E-007 -.95064996728238E-009 -.24637403278320E-004 -.30013251275731E-004 0.71946610909435E-005 0.19805802575031E-005 -.41047622786778E-007 0.13812810468631E-004 0.76249323604487E-005 0.14831916361026E-005 -.65540067704692E-006 0.11217296436554E-004 -.44942031398475E-015 0.44924118483953E-015 0.89564572611410E-019 0.00000000000000E+000 0.31183403838202E+002 0.00000000000000E+000 0.00000000000000E+000 0.00000000000000E+000
  60 0.98161446665882E-002 -.47479839673699E-006 -.57927301656172E-004 -.10513478688550E-005 -.63672526408694E-004 -.58416155389194E-005 0.63698492074625E-004 0.17787633949527E-004 -.12051772422192E-007 -.10914448780087E-008 -.26592301956962E-004 -.33004336557635E-004 0.80096214817353E-005 0.21831308758973E-005 -.47042192856892E-007 0.14473466248197E-004 0.81619489620949E-005 0.16081878795027E-005 -.69910392450916E-006 0.12505244223422E-004 -.51758237699276E-015 0.51738622836239E-015 0.98074315180701E-019 0.00000000000000E+000 0.34231556862085E+002 0.00000000000000E+000 0.00000000000000E+000 0.00000000000000E+000
  61 0.10105631947684E-001 -.40123945623397E-006 -.63695226278188E-004 -.11954699116031E-005 -.68695168024270E-004 -.61046109453220E-005 0.69922859206916E-004 0.18638566909558E-004 -.13788887638099E-007 -.12493712883043E-008 -.28676786028918E-004 -.36208286068697E-004 0.89023671124949E-005 0.24013352362290E-005 -.53803170563276E-007 0.15153373804133E-004 0.86858156603149E-005 0.17379103742319E-005 -.74397387999983E-006 0.13911574362734E-004 -.59592899790499E-015 0.59571403196363E-015 0.10748297067945E-018 0.00000000000000E+000 0.37492982033609E+002 0.00000000000000E+000 0.00000000000000E+000 0.00000000000000E+000
  62 0.10392536676659E-001 -.29922710849942E-006 -.69794764085578E-004 -.13557995658824E-005 -.73918018721125E-004 -.63692776080118E-005 0.76596891360228E-004 0.19415101545428E-004 -.15739266545778E-007 -.14262562100339E-008 -.30900946879665E-004 -.39632154331314E-004 0.98788417898876E-005 0.26358845144378E-005 -.61421098011920E-007 0.15855920957060E-004 0.91889094865648E-005 0.18721823741537E-005 -.79022287558393E-006 0.15444106043328E-004 -.68598269801340E-015 0.68574690479443E-015 0.11789660948661E-018 0.00000000000000E+000 0.40975952349848E+002 0.00000000000000E+000 0.00000000000000E+000 0.00000000000000E+000
  63 0.10676981276868E-001 -.16329125651223E-006 -.76227932258181E-004 -.15335688735852E-005 -.79340764539872E-004 -.66382781209671E-005 0.83737881242946E-004 0.20108398035808E-004 -.17927851978840E-007 -.16241773627297E-008 -.33275950378253E-004 -.43283264836181E-004 0.10945448302508E-004 0.28874917772683E-005 -.69997752739225E-007 0.16585243575707E-004 0.96630210789333E-005 0.20108665005025E-005 -.83814648787350E-006 0.17111060118420E-004 -.78950194908120E-015 0.78924307861154E-015 0.12943523483216E-018 0.00000000000000E+000 0.44689113912596E+002 0.00000000000000E+000 0.00000000000000E+000 0.00000000000000E+000
  64 0.10959088368983E-001 0.12827107885954E-007 -.82996385280879E-004 -.17300240439143E-005 -.84963927699540E-004 -.69150136696703E-005 0.91363352560386E-004 0.20710386382991E-004 -.20383275699919E-007 -.18455068630216E-008 -.35813959131678E-004 -.47169232483655E-004 0.12109059940558E-004 0.31568890929194E-005 -.79647252489874E-007 0.17346172579537E-004 0.10099404331942E-004 0.21538711872538E-005 -.88812448160190E-006 0.18921024147063E-004 -.90851511439407E-015 0.90823064581796E-015 0.14223428805361E-018 0.00000000000000E+000 0.48641421930951E+002 0.00000000000000E+000 0.00000000000000E+000 0.00000000000000E+000
  65 0.11238965954280E-001 0.23625133306846E-006 -.90101265141592E-004 -.19464052592986E-005 -.90788736586347E-004 -.72036399641766E-005 0.99490797971240E-004 0.21213790871247E-004 -.23138395922114E-007 -.20929556775947E-008 -.38527975434407E-004 -.51297919669461E-004 0.13377003028860E-004 0.34448189859535E-005 -.90496942615473E-007 0.18144134083503E-004 0.10488860539736E-004 0.23011540155703E-005 -.94061821761984E-006 0.20882867582065E-004 -.10453555940925E-014 0.10450427020726E-014 0.15644600993824E-018 0.00000000000000E+000 0.52841993748819E+002 0.00000000000000E+000 0.00000000000000E+000 0.00000000000000E+000
  66 0.11516702693851E-001 0.51504237309178E-006 -.97543265742991E-004 -.21839282398085E-005 -.96817153304790E-004 -.75090815606444E-005 0.10813758629426E-003 0.21612192539746E-004 -.26230933664027E-007 -.23696244736539E-008 -.41431706114656E-004 -.55677493508396E-004 0.14757057688565E-004 0.37520317688127E-005 -.10268835118398E-006 0.18985028298788E-004 0.10821883861288E-004 0.24527278494303E-005 -.99616604686565E-006 0.23005681654895E-004 -.12027028784611E-014 0.12023583961343E-014 0.17224116340792E-018 0.00000000000000E+000 0.57300048667132E+002 0.00000000000000E+000 0.00000000000000E+000 0.00000000000000E+000
  67 0.11792365726379E-001 0.85826628863689E-006 -.10532279439630E-003 -.24437651815348E-005 -.10305194647008E-003 -.78370348495028E-005 0.11732090911172E-003 0.21900105504519E-004 -.29704187010562E-007 -.26790614799463E-008 -.44539400516775E-004 -.60316515695199E-004 0.16257457765877E-004 0.40792842116905E-005 -.11637812300058E-006 0.19875067309872E-004 0.11088857472914E-004 0.26086663852799E-005 -.10553751544094E-005 0.25298714180685E-004 -.13836281925462E-014 0.13832485707028E-014 0.18981092170291E-018 0.00000000000000E+000 0.62024865974673E+002 0.00000000000000E+000 0.00000000000000E+000 0.00000000000000E+000
  68 0.12066000803581E-001 0.12760544995328E-005 -.11344024911534E-003 -.27270264371614E-005 -.10949681789021E-003 -.81939573420042E-005 0.12705778958380E-003 0.22073062146438E-004 -.33607835596053E-007 -.30253321108099E-008 -.47865666036384E-004 -.65224074096389E-004 0.17886893224104E-004 0.44273403774866E-005 -.13173897469323E-006 0.20820571839070E-004 0.11280298837871E-004 0.27691089123762E-005 -.11189095921250E-005 0.27771304678070E-004 -.15916454794792E-014 0.15912267415463E-014 0.20936896642277E-018 0.00000000000000E+000 0.67025772399442E+002 0.00000000000000E+000 0.00000000000000E+000 0.00000000000000E+000
  69 0.12337652667571E-001 0.17796931896561E-005 -.12189700065028E-003 -.30347659762616E-005 -.11615704181782E-003 -.85870705840208E-005 0.13736588704898E-003 0.22127699091891E-004 -.37999113398298E-007 -.34131190518351E-008 -.51425514707849E-004 -.70410321668736E-004 0.19654642274164E-004 0.47970010028703E-005 -.14896167681773E-006 0.21827800944571E-004 0.11387151413677E-004 0.29342753686921E-005 -.11874792608582E-005 0.30433011217451E-004 -.18307859473498E-014 0.18303236365557E-014 0.23115539706859E-018 0.00000000000000E+000 0.72312533908763E+002 0.00000000000000E+000 0.00000000000000E+000 0.00000000000000E+000
  70 0.12607399496272E-001 0.23817800835718E-005 -.13069707786756E-003 -.33680181215097E-005 -.12304059594139E-003 -.90243907398697E-005 0.14826519137058E-003 0.22061781097663E-004 -.42944521778233E-007 -.38478572331370E-008 -.55234698017283E-004 -.75887463523555E-004 0.21570873091817E-004 0.51891654746381E-005 -.16825860634705E-006 0.22902835719361E-004 0.11401066022029E-004 0.31044907997643E-005 -.12618315515586E-005 0.33293976860970E-004 -.21057101908040E-014 0.21051993041922E-014 0.25544330589617E-018 0.00000000000000E+000 0.77896196946015E+002 0.00000000000000E+000 0.00000000000000E+000 0.00000000000000E+000
  71 0.12875352330156E-001 0.30963729056984E-005 -.13984799942327E-003 -.37278105353393E-005 -.13015857586170E-003 -.95147246744995E-005 0.15977873043594E-003 0.21874158230987E-004 -.48521473842945E-007 -.43358605531220E-008 -.59309697891368E-004 -.81670249644413E-004 0.23646803419880E-004 0.56048593757916E-005 -.18986647546849E-006 0.24051348550763E-004 0.11314635786141E-004 0.32801894575416E-005 -.13427343954471E-005 0.36365057044440E-004 -.24218219624764E-014 0.24212568735720E-014 0.28254445220838E-018 0.00000000000000E+000 0.83789419487280E+002 0.00000000000000E+000 0.00000000000000E+000 0.00000000000000E+000
  72 0.13141608355543E-001 0.39390084012338E-005 -.14935997568749E-003 -.41151124617507E-005 -.13752434285016E-003 -.10067570043987E-004 0.17193117818980E-003 0.21564782500636E-004 -.54819206069134E-007 -.48844004194756E-008 -.63666946309466E-004 -.87775421294705E-004 0.25894482030217E-004 0.60451864593315E-005 -.21404572865974E-006 0.25278148729485E-004 0.11121667062490E-004 0.34618857204713E-005 -.14309419187494E-005 0.39657372527176E-004 -.27853393471633E-014 0.27847137259772E-014 0.31281059309014E-018 0.00000000000000E+000 0.90005728016412E+002 0.00000000000000E+000 0.00000000000000E+000 0.00000000000000E+000
  73 0.13406221304044E-001 0.49266587169224E-005 -.15924535019440E-003 -.45307829222936E-005 -.14515288428174E-003 -.10692986539328E-004 0.18474760088451E-003 0.21134819013110E-004 -.61939603568809E-007 -.55017782239879E-008 -.68322016813407E-004 -.94221230197048E-004 0.28326550227612E-004 0.65112846420680E-005 -.24107907189080E-006 0.26586724778717E-004 0.10817533892607E-004 0.36501487875280E-005 -.15271561520441E-005 0.43181844326083E-004 -.32033624003478E-014 0.32026691314649E-014 0.34663444142683E-018 0.00000000000000E+000 0.96558844415772E+002 0.00000000000000E+000 0.00000000000000E+000 0.00000000000000E+000
  74 0.13669222942292E-001 0.60777972881547E-005 -.16951976403724E-003 -.49755888421484E-005 -.15306151281766E-003 -.11401540353996E-004 0.19825437283548E-003 0.20586716831297E-004 -.69999004226658E-007 -.61974653160297E-008 -.73289542002675E-004 -.10102803945953E-003 0.30956382495757E-004 0.70043602991778E-005 -.27127307688055E-006 0.27979010313189E-004 0.10399507999280E-004 0.38456089886400E-005 -.16320008241623E-005 0.46949286786135E-004 -.36840086930535E-014 0.36832397812879E-014 0.38445588280602E-018 0.00000000000000E+000 0.10346311488540E+003 0.00000000000000E+000 0.00000000000000E+000 0.00000000000000E+000
  75 0.13930658015845E-001 0.74125865125598E-005 -.18020404615984E-003 -.54502655062281E-005 -.16127112491044E-003 -.12204310461840E-004 0.21248117876047E-003 0.19924174976177E-004 -.79130906070526E-007 -.69823131991568E-008 -.78583529376142E-004 -.10821946432682E-003 0.33798461833151E-004 0.75257631642972E-005 -.30496238401289E-006 0.29455296444161E-004 0.98669748499995E-005 0.40489770532972E-005 -.17460029820719E-005 0.50970812436094E-004 -.42366168475750E-014 0.42357633025908E-014 0.42677249211312E-018 0.00000000000000E+000 0.11073448432982E+003 0.00000000000000E+000 0.00000000000000E+000 0.00000000000000E+000
  76 0.14190597288167E-001 0.89530762557106E-005 -.19132547512043E-003 -.59555627467117E-005 -.16980699984902E-003 -.13112886019204E-004 0.22746236805903E-003 0.19152074757306E-004 -.89488866398321E-007 -.78687809097790E-008 -.84217455945853E-004 -.11582318974659E-003 0.36868672674969E-004 0.80770391037590E-005 -.34251360660524E-006 0.31014128371459E-004 0.92215652380966E-005 0.42610521323004E-005 -.18695706111569E-005 0.55258074257892E-004 -.48719748940856E-014 0.48710265933297E-014 0.47415037793466E-018 0.00000000000000E+000 0.11839113044044E+003 0.00000000000000E+000 0.00000000000000E+000 0.00000000000000E+000
  77 0.14449125938630E-001 0.10723314565314E-004 -.20291802892893E-003 -.64922532307944E-005 -.17869887271323E-003 -.14139304691582E-004 0.24323707129560E-003 0.18276460730058E-004 -.10124907498648E-006 -.88711345154296E-008 -.90203891629451E-004 -.12387116634148E-003 0.40184366057441E-004 0.86599384234280E-005 -.38432692623822E-006 0.32652128074011E-004 0.84672665354511E-005 0.44827126473266E-005 -.20029602594068E-005 0.59823150620252E-004 -.56025406193310E-014 0.56014861535596E-014 0.52723288570761E-018 0.00000000000000E+000 0.12645345566475E+003 0.00000000000000E+000 0.00000000000000E+000 0.00000000000000E+000
  78 0.14706321237435E-001 0.12749335772518E-004 -.21502193233440E-003 -.70611115360172E-005 -.18798053396330E-003 -.15295921331327E-004 0.25984842747808E-003 0.17304588214621E-004 -.11461246947999E-006 -.10005612883711E-007 -.96553749743495E-004 -.13239934484734E-003 0.43764228270129E-004 0.92763914193367E-005 -.43083503389716E-006 0.34363787955233E-004 0.76105328500344E-005 0.47148966092927E-005 -.21462358893126E-005 0.64678142886203E-004 -.64426455560115E-014 0.64414720623660E-014 0.58674682274914E-018 0.00000000000000E+000 0.13494361255105E+003 0.00000000000000E+000 0.00000000000000E+000 0.00000000000000E+000
  79 0.14962242464913E-001 0.15059135697520E-004 -.22768343261717E-003 -.76629075612124E-005 -.19768967609358E-003 -.16595276566569E-004 0.27734320690111E-003 0.16244959092614E-004 -.12980705611946E-006 -.11290609425333E-007 -.10327565009179E-003 -.14144758656425E-003 0.47628205947144E-004 0.99284981497541E-005 -.48250186118246E-006 0.36141387705575E-004 0.66603231301495E-005 0.49585899449055E-005 -.22992299562917E-005 0.69834850636460E-004 -.74087298839776E-014 0.74074228647627E-014 0.65350960748859E-018 0.00000000000000E+000 0.14388521597747E+003 0.00000000000000E+000 0.00000000000000E+000 0.00000000000000E+000
  80 0.15216941974778E-001 0.17682790743312E-004 -.24095540586414E-003 -.82984471870515E-005 -.20786845429538E-003 -.18050052883063E-004 0.29577274260576E-003 0.15107261667133E-004 -.14709134469340E-006 -.12746929928069E-007 -.11037577030054E-003 -.15106022549327E-003 0.51797711137785E-004 0.10618567096841E-004 -.53982398381446E-006 0.37975140989237E-004 0.56279803754436E-005 0.52148356046542E-005 -.24615165353707E-005 0.75304810157186E-004 -.85196760892840E-014 0.85182192067683E-014 0.72844125787878E-018 0.00000000000000E+000 0.15330370735731E+003 0.00000000000000E+000 0.00000000000000E+000 0.00000000000000E+000
  81 0.15470478436543E-001 0.20652672933038E-004 -.25489809709134E-003 -.89686294597244E-005 -.21856423381261E-003 -.19673084932790E-004 0.31519426223275E-003 0.13902256854810E-004 -.16675863863725E-006 -.14398111528214E-007 -.11785785304261E-003 -.16128683894498E-003 0.56295944686992E-004 0.11349170066241E-004 -.60333333107666E-006 0.39853472569634E-004 0.45269820075313E-005 0.54847513483191E-005 -.26323898963751E-005 0.81099444917276E-004 -.97972303710988E-014 0.97956052132949E-014 0.81257890193833E-018 0.00000000000000E+000 0.16322690626387E+003 0.00000000000000E+000 0.00000000000000E+000 0.00000000000000E+000
  82 0.15722915731742E-001 0.24003583307263E-004 -.26957910289842E-003 -.96744756241096E-005 -.22982984417162E-003 -.21477325058201E-004 0.33567136231320E-003 0.12641699332303E-004 -.18914116104885E-006 -.16270735254215E-007 -.12572287552940E-003 -.17218257579437E-003 0.61148053556037E-004 0.12123166295697E-004 -.67359759144637E-006 0.41763291925352E-004 0.33726475551549E-005 0.57695398191552E-005 -.28108372174286E-005 0.87229948137911E-004 -.11266447087747E-013 0.11264632912034E-013 0.90708785619175E-018 0.00000000000000E+000 0.17368510586827E+003 0.00000000000000E+000 0.00000000000000E+000 0.00000000000000E+000
  83 0.15974314202556E-001 0.27772773407628E-004 -.28507273986900E-003 -.10417134838421E-004 -.24172344797086E-003 -.23475754290201E-004 0.35727379638598E-003 0.11338287804909E-004 -.21461381051528E-006 -.18394711875158E-007 -.13396844240189E-003 -.18380810792697E-003 0.66381132732685E-004 0.12943701349934E-004 -.75121776644795E-006 0.43690285607077E-004 0.21818097883995E-005 0.60704942892659E-005 -.29955070722262E-005 0.93706936352761E-004 -.12956148149591E-013 0.12954121615919E-013 0.10132668359878E-017 0.00000000000000E+000 0.18471079942539E+003 0.00000000000000E+000 0.00000000000000E+000 0.00000000000000E+000
  84 0.16224726306659E-001 0.31999964016847E-004 -.30145940215866E-003 -.11197895349474E-004 -.25430848106428E-003 -.25681303303524E-004 0.38007741862322E-003 0.10005584959478E-004 -.24359815875957E-006 -.20803579009707E-007 -.14258823659674E-003 -.19622963444910E-003 0.72024257708479E-004 0.13814212179204E-004 -.83682489221160E-006 0.45619309262468E-004 0.97240578733300E-006 0.63890126009810E-005 -.31846822769537E-005 0.10054012604514E-003 -.14899448603984E-013 0.14897183509639E-013 0.11325471723689E-017 0.00000000000000E+000 0.19633846878307E+003 0.00000000000000E+000 0.00000000000000E+000 0.00000000000000E+000
  85 0.16474197963652E-001 0.36727422476325E-004 -.31882508262540E-003 -.12018208955294E-004 -.26765378912588E-003 -.28106815830492E-004 0.40416452209172E-003 0.86578890239778E-005 -.27656706097949E-006 -.23534836585029E-007 -.15157162781059E-003 -.20951907389846E-003 0.78108616183382E-004 0.14738447781397E-004 -.93107689640461E-006 0.47534882669995E-004 -.23701463903004E-006 0.67266235877141E-005 -.33762602436630E-005 0.10773811090959E-003 -.17134385029193E-013 0.17131852064640E-013 0.12664822764436E-017 0.00000000000000E+000 0.20860455855818E+003 0.00000000000000E+000 0.00000000000000E+000 0.00000000000000E+000
  86 0.16722769692797E-001 0.42000041798425E-004 -.33726077268039E-003 -.12879713612592E-004 -.28183373005346E-003 -.30765023188088E-004 0.42962415060304E-003 0.73100846968099E-005 -.31404953443037E-006 -.26630300463537E-007 -.16090327985754E-003 -.22375422612726E-003 0.84667645790545E-004 0.15720489797568E-004 -.10346543556043E-005 0.49421724897490E-004 -.14278190363278E-005 0.70850211963355E-005 -.35677380043948E-005 0.11530811617107E-003 -.19704633737876E-013 0.19701800304094E-013 0.14167168912205E-017 0.00000000000000E+000 0.22154742306366E+003 0.00000000000000E+000 0.00000000000000E+000 0.00000000000000E+000
  87 0.16970474788340E-001 0.47865352204689E-004 -.35686153424449E-003 -.13784243054063E-004 -.29692806803167E-003 -.33668496057806E-004 0.45655206913653E-003 0.59774910779888E-005 -.35663541389708E-006 -.30136447460214E-007 -.17056264808942E-003 -.23901872482831E-003 0.91737095115524E-004 0.16764760855926E-004 -.11482537771189E-005 0.51265284928191E-004 -.25818241183933E-005 0.74661029531527E-005 -.37562007034458E-005 0.12325563863777E-003 -.22660295710180E-013 0.22657125870453E-013 0.15849198633544E-017 0.00000000000000E+000 0.23520708907602E+003 0.00000000000000E+000 0.00000000000000E+000 0.00000000000000E+000
  88 0.17217339688753E-001 0.54373552883275E-004 -.37772560622228E-003 -.14733839073136E-004 -.31302191962738E-003 -.36829620290228E-004 0.48505086376836E-003 0.46756802241634E-005 -.40498027881037E-006 -.34104789407359E-007 -.18052355310848E-003 -.25540203672457E-003 0.99355124817460E-004 0.17876038673452E-004 -.12725798811960E-005 0.53052282584146E-004 -.36818304919353E-005 0.78720204292850E-005 -.39383187944878E-005 0.13158411796488E-003 -.26058799659665E-013 0.26055254339353E-013 0.17726601560620E-017 0.00000000000000E+000 0.24962507847713E+003 0.00000000000000E+000 0.00000000000000E+000 0.00000000000000E+000
  89 0.17463391566392E-001 0.61577753551293E-004 -.39995411115533E-003 -.15730789542299E-004 -.33020617123366E-003 -.40260684568012E-004 0.51523089380098E-003 0.34202442557063E-005 -.45981198023228E-006 -.38592359391957E-007 -.19075407024954E-003 -.27299994134517E-003 0.10756265287675E-003 0.19059504616317E-004 -.14083400370420E-005 0.54771265837208E-004 -.47121536742784E-005 0.83052532454506E-005 -.41103585018830E-005 0.14029484841412E-003 -.29966043841006E-013 0.29962081448977E-013 0.19811960143146E-017 0.00000000000000E+000 0.26484465759030E+003 0.00000000000000E+000 0.00000000000000E+000 0.00000000000000E+000
  90 0.17708667612230E-001 0.69534401341122E-004 -.42365116311628E-003 -.16777678856730E-004 -.34857820634411E-003 -.43974053536426E-004 0.54721175217105E-003 0.22265546663803E-005 -.52193883319852E-006 -.43662308807907E-007 -.20121655352160E-003 -.29191534025023E-003 0.11640387612432E-003 0.20320814582597E-004 -.15562400995221E-005 0.56413107378259E-004 -.56590890251382E-005 0.87687034136288E-005 -.42682001974453E-005 0.14938700976048E-003 -.34457812451624E-013 0.34453390208824E-013 0.22111213995225E-017 0.00000000000000E+000 0.28091133265511E+003 0.00000000000000E+000 0.00000000000000E+000 0.00000000000000E+000
  91 0.17953216453607E-001 0.78303612956719E-004 -.44892353128885E-003 -.17877411329424E-004 -.36824228493400E-003 -.47982285793869E-004 0.58112305074832E-003 0.11095742178085E-005 -.59225761583720E-006 -.49384490908288E-007 -.21186736180897E-003 -.31225871572920E-003 0.12592664745916E-003 0.21666146183152E-004 -.17169765403808E-005 0.57971350974318E-004 -.65112464916662E-005 0.92657945058256E-005 -.44073569094380E-005 0.15885746143378E-003 -.39621359417146E-013 0.39616435865524E-013 0.24617758105317E-017 0.00000000000000E+000 0.29787299096898E+003 0.00000000000000E+000 0.00000000000000E+000 0.00000000000000E+000
  92 0.18197091238219E-001 0.87949235045300E-004 -.47587950491911E-003 -.19033194400146E-004 -.38930928867361E-003 -.52298123784169E-004 0.61710407254802E-003 0.83717429818890E-007 -.67175984647745E-006 -.55835929062963E-007 -.22265619332055E-003 -.33414792064875E-003 0.13618255452915E-003 0.23102203062087E-004 -.18912218736171E-005 0.59442406220691E-004 -.72597569220825E-005 0.98005695462987E-005 -.45229952998049E-005 0.16870018811781E-003 -.45557071330327E-013 0.45551610768473E-013 0.27302809265503E-017 0.00000000000000E+000 0.31577946700985E+003 0.00000000000000E+000 0.00000000000000E+000 0.00000000000000E+000
  93 0.18440342375359E-001 0.98538768358303E-004 -.50462750083300E-003 -.20248508140415E-004 -.41189623473712E-003 -.56934432100407E-004 0.65530304245513E-003 -.83729101465902E-006 -.76153693447486E-006 -.63101247478005E-007 -.23352535261027E-003 -.35770769884890E-003 0.14722688527076E-003 0.24636204910168E-004 -.20796059524896E-005 0.60825650113322E-004 -.78983900150472E-005 0.10377798401242E-004 -.46099685417724E-005 0.17890564279774E-003 -.52380284285222E-013 0.52374264264467E-013 0.30100103773478E-017 0.00000000000000E+000 0.33468192555577E+003 0.00000000000000E+000 0.00000000000000E+000 0.00000000000000E+000
  94 0.18683023304442E-001 0.11014377269144E-003 -.53527607367971E-003 -.21527130848756E-004 -.43612685731181E-003 -.61904353818229E-004 0.69587820962718E-003 -.16406091899036E-005 -.86278895780482E-006 -.71273436609116E-007 -.24440958259780E-003 -.38307029456752E-003 0.15911911810792E-003 0.26275951509874E-004 -.22827035755113E-005 0.62123504788039E-004 -.84236143571915E-005 0.11003128159437E-004 -.46628670329701E-005 0.18946058041683E-003 -.60223684090004E-013 0.60217107663206E-013 0.32882133990085E-017 0.00000000000000E+000 0.35463315006840E+003 0.00000000000000E+000 0.00000000000000E+000 0.00000000000000E+000
  95 0.18925218812795E-001 0.12284165942318E-003 -.56793738288700E-003 -.22873299961330E-004 -.46213494744962E-003 -.67222027201667E-004 0.73900340633385E-003 -.23145025768047E-005 -.97684555150785E-006 -.80455418307368E-007 -.25523690730438E-003 -.41037895511899E-003 0.17192478292064E-003 0.28030072996958E-004 -.25010424707952E-005 0.63341510412783E-004 -.88345760437821E-005 0.11683323160750E-004 -.46760748460525E-005 0.20034895947399E-003 -.69241100333932E-013 0.69234015616755E-013 0.35423585884289E-017 0.00000000000000E+000 0.37568999409929E+003 0.00000000000000E+000 0.00000000000000E+000 0.00000000000000E+000
  96 0.19167068150135E-001 0.13671805364113E-003 -.60273150121717E-003 -.24291894077660E-004 -.49006852919819E-003 -.72903441328015E-004 0.78487463537129E-003 -.28484440929335E-005 -.11051942714766E-005 -.90761951080867E-007 -.26592912860659E-003 -.43979234586638E-003 0.18571776543313E-003 0.29908333698191E-004 -.27351159879214E-005 0.64488233936058E-004 -.91329042406299E-005 0.12426553264726E-004 -.46438041407254E-005 0.21155280980435E-003 -.79612514120811E-013 0.79605045204184E-013 0.37344583133274E-017 0.00000000000000E+000 0.39791620585293E+003 0.00000000000000E+000 0.00000000000000E+000 0.00000000000000E+000
  97 0.19408736355541E-001 0.15186669451100E-003 -.63978409527939E-003 -.25788340616998E-004 -.52008892494597E-003 -.78966200665040E-004 0.83370799873889E-003 -.32330256726407E-005 -.12494900393922E-005 -.10232026988193E-006 -.27639978735868E-003 -.47148358006944E-003 0.20058010990565E-003 0.31921592151992E-004 -.29853508608988E-005 0.65574857425631E-004 -.93223570855421E-005 0.13242577519838E-004 -.45601217938967E-005 0.22305070737434E-003 -.91548182205325E-013 0.91540577698638E-013 0.38022533431540E-017 0.00000000000000E+000 0.42138093061743E+003 0.00000000000000E+000 0.00000000000000E+000 0.00000000000000E+000
  98 0.19650357049021E-001 0.16838660684746E-003 -.67921790551027E-003 -.27368287144309E-004 -.55236476379461E-003 -.85428259217262E-004 0.88572963900842E-003 -.34599283276997E-005 -.14115382620471E-005 -.11526903934153E-006 -.28655084909768E-003 -.50563381940819E-003 0.21659930580151E-003 0.34081429178468E-004 -.32520300724327E-005 0.66614654905429E-004 -.94084974989481E-005 0.14142808351343E-004 -.44190298534496E-005 0.23481452824873E-003 -.10529112239607E-012 0.10528383073440E-012 0.36458308349070E-017 0.00000000000000E+000 0.44615344427748E+003 0.00000000000000E+000 0.00000000000000E+000 0.00000000000000E+000
  99 0.19892013278108E-001 0.18638024292268E-003 -.72114752430775E-003 -.29037421202616E-004 -.58706840460784E-003 -.92307189366479E-004 0.94117007312764E-003 -.35221165032927E-005 -.15932815979347E-005 -.12975736878823E-006 -.29627135420629E-003 -.54242831645037E-003 0.23386674452519E-003 0.36399946601295E-004 -.35352335309363E-005 0.67622644735746E-004 -.93984693899938E-005 0.15140439050905E-004 -.42146047156809E-005 0.24680770400582E-003 -.12112045764109E-012 0.12111424223407E-012 0.31077035092011E-017 0.00000000000000E+000 0.47230020852826E+003 0.00000000000000E+000 0.00000000000000E+000 0.00000000000000E+000
 100 0.20133766237777E-001 0.20595457373665E-003 -.76568190299251E-003 -.30801695824966E-004 -.62437847202197E-003 -.99620603211712E-004 0.10002683275758E-002 -.34140691086118E-005 -.17968090235913E-005 -.14594720287563E-006 -.30543918863158E-003 -.58205846463245E-003 0.25247926091757E-003 0.38889980173588E-004 -.38348690979312E-005 0.68615248062079E-004 -.93005466461999E-005 0.16250722975878E-004 -.39411601853915E-005 0.25898610525021E-003 -.13935784782358E-012 0.13935396132134E-012 0.19432511208041E-017 0.00000000000000E+000 0.49988691687348E+003 0.00000000000000E+000 0.00000000000000E+000 0.00000000000000E+000
 101 0.20375702395462E-001 0.22722544761825E-003 -.81293121440012E-003 -.32667244647254E-004 -.66448701853024E-003 -.10738791125962E-003 0.10632835976649E-002 -.31319599712269E-005 -.20244086502709E-005 -.16401270640731E-006 -.31391898028326E-003 -.62473090705446E-003 0.27254279122098E-003 0.41565609694977E-004 -.41505459114021E-005 0.69610638351579E-004 -.91245879665843E-005 0.17491509427525E-004 -.35932488941510E-005 0.27129894111905E-003 -.16037797098043E-012 0.16037841810677E-012 -.22356317088967E-018 0.00000000000000E+000 0.52898249931987E+003 0.00000000000000E+000 0.00000000000000E+000 0.00000000000000E+000
 102 0.20617970640180E-001 0.25032152554376E-003 -.86301663058619E-003 -.34641396822041E-004 -.70760824359921E-003 -.11563127615495E-003 0.11305076426198E-002 -.26734598815650E-005 -.22786022493891E-005 -.18414865217929E-006 -.32156786747626E-003 -.67067391028275E-003 0.29417734400306E-003 0.44442801567358E-004 -.44818407054390E-005 0.70627593909765E-004 -.88802632080056E-005 0.18883680487663E-004 -.31658998621721E-005 0.28369166592143E-003 -.18462209279681E-012 0.18463002541597E-012 -.39663095806435E-017 0.00000000000000E+000 0.55966607106227E+003 0.00000000000000E+000 0.00000000000000E+000 0.00000000000000E+000
 103 0.20860773480111E-001 0.27538670932834E-003 -.91607026110747E-003 -.36732301540533E-004 -.75398133149719E-003 -.12437636942184E-003 0.12022687271695E-002 -.20376907559390E-005 -.25621896881149E-005 -.20656915294144E-006 -.32822975301638E-003 -.72014205662088E-003 0.31751863261050E-003 0.47539643318180E-004 -.48281050652948E-005 0.71685790111282E-004 -.85776162063817E-005 0.20451681853130E-004 -.26545175423019E-005 0.29610394754419E-003 -.21261219938445E-012 0.21263250960956E-012 -.10155112557741E-016 0.00000000000000E+000 0.59202672476693E+003 0.00000000000000E+000 0.00000000000000E+000 0.00000000000000E+000
 104 0.21104307018489E-001 0.30257587548240E-003 -.97222354706328E-003 -.38948628796437E-004 -.80386252599220E-003 -.13365052914202E-003 0.12789183572797E-002 -.12253007784375E-005 -.28782083093911E-005 -.23150657915349E-006 -.33373290972717E-003 -.77340701476829E-003 0.34271457525911E-003 0.50875884625926E-004 -.51884029257320E-005 0.72805118129525E-004 -.82266057597303E-005 0.22223601410610E-004 -.20551060936842E-005 0.30846603971053E-003 -.24496067799492E-012 0.24500088126834E-012 -.20101636708647E-016 0.00000000000000E+000 0.62615693323122E+003 0.00000000000000E+000 0.00000000000000E+000 0.00000000000000E+000
 105 0.21348717096109E-001 0.33204986763546E-003 -.10315949573538E-002 -.41299155430840E-004 -.85751614616804E-003 -.14348095731105E-003 0.13608171023839E-002 -.23875816739862E-006 -.32298745191109E-005 -.25920768457610E-006 -.33788848333947E-003 -.83074750029718E-003 0.36992115787417E-003 0.54472412865711E-004 -.55614023998366E-005 0.74005201900788E-004 -.78369643600838E-005 0.24231145878725E-004 -.13645519653217E-005 0.32069573606640E-003 -.28237970322509E-012 0.28245124180511E-012 -.35769290010549E-016 0.00000000000000E+000 0.66214575723581E+003 0.00000000000000E+000 0.00000000000000E+000 0.00000000000000E+000
 106 0.21594117753273E-001 0.36397624736059E-003 -.10942903245440E-002 -.43792854152919E-004 -.91521647911452E-003 -.15389501312437E-003 0.14483373741428E-002 0.91748390653112E-006 -.36205792760339E-005 -.28993300347456E-006 -.34049138067759E-003 -.89245076223246E-003 0.39930375239354E-003 0.58351460593000E-004 -.59453543453968E-005 0.75305172727371E-004 -.74180087368371E-005 0.26509919264476E-004 -.58080223322367E-006 0.33269869924769E-003 -.32569892055853E-012 0.32581907960790E-012 -.60079524688055E-016 0.00000000000000E+000 0.70007989053575E+003 0.00000000000000E+000 0.00000000000000E+000 0.00000000000000E+000
 107 0.21840629862384E-001 0.39853363228932E-003 -.11604096724966E-002 -.46439250909196E-004 -.97725611249435E-003 -.16492161005204E-003 0.15418756934906E-002 0.22370260491623E-005 -.40539231845301E-005 -.32395897779749E-006 -.34132107490510E-003 -.95882090196078E-003 0.43104176071986E-003 0.62537256614921E-004 -.63381128190663E-005 0.76723599998730E-004 -.69784211444508E-005 0.29099939153859E-004 0.29707058935899E-006 0.34436987808589E-003 -.37589188661113E-012 0.37608660640564E-012 -.97359897255438E-016 0.00000000000000E+000 0.74004868783099E+003 0.00000000000000E+000 0.00000000000000E+000 0.00000000000000E+000
 108 0.22088397538018E-001 0.43591471888252E-003 -.12300502773501E-002 -.49248655442565E-004 -.10439517723003E-002 -.17659203710124E-003 0.16418607195597E-002 0.37115852652712E-005 -.45337370469862E-005 -.36157954912806E-006 -.34014127428454E-003 -.10301844463226E-002 0.46533210087498E-003 0.67056530242102E-004 -.67371294637178E-005 0.78278406615625E-004 -.65260918912601E-005 0.32046085699330E-004 0.12688055336891E-005 0.35559371917977E-003 -.43410686681553E-012 0.43441486068065E-012 -.15399693256328E-015 0.00000000000000E+000 0.78214701612242E+003 0.00000000000000E+000 0.00000000000000E+000 0.00000000000000E+000
 109 0.22337587438394E-001 0.47632749990034E-003 -.13033055530137E-002 -.52232251415260E-004 -.11156469955981E-002 -.18894013607609E-003 0.17487562521048E-002 0.53310021506856E-005 -.50640770790511E-005 -.40310601912151E-006 -.33669917675296E-003 -.11068924104550E-002 0.50239116828767E-003 0.71938826176259E-004 -.71394212903974E-005 0.79986761746112E-004 -.60680393166978E-005 0.35398413000532E-004 0.23328611562687E-005 0.36624346319478E-003 -.50170175661296E-012 0.50218052453646E-012 -.23938396174671E-015 0.00000000000000E+000 0.82647577431498E+003 0.00000000000000E+000 0.00000000000000E+000 0.00000000000000E+000
 110 0.22588384779453E-001 0.51999588999767E-003 -.13802624925268E-002 -.55402155254571E-004 -.11927139618617E-002 -.20200228543126E-003 0.18630628414404E-002 0.70832157895530E-005 -.56492045801444E-005 -.44886554497176E-006 -.33072488941496E-003 -.11893213021560E-002 0.54245643540812E-003 0.77216788158320E-004 -.75415311669105E-005 0.81864994712596E-004 -.56103844615978E-005 0.39212373676639E-004 0.34863182453735E-005 0.37618028760074E-003 -.58028557421148E-012 0.58102016433615E-012 -.36729506233984E-015 0.00000000000000E+000 0.87314177897491E+003 0.00000000000000E+000 0.00000000000000E+000 0.00000000000000E+000
 111 0.22840989089210E-001 0.56716000672893E-003 -.14609982727608E-002 -.58771469471842E-004 -.12755550003892E-002 -.21581729010390E-003 0.19853187996873E-002 0.89542187861728E-005 -.62935497018000E-005 -.49919839053061E-006 -.32193122539856E-003 -.12778735923811E-002 0.58578794663026E-003 0.82926449344462E-004 -.79394864920231E-005 0.83928530193190E-004 -.51583665986949E-005 0.43548946498678E-004 0.47247863346303E-005 0.38525251356407E-003 -.67176828728678E-012 0.67288403396032E-012 -.55787333677220E-015 0.00000000000000E+000 0.92225740819015E+003 0.00000000000000E+000 0.00000000000000E+000 0.00000000000000E+000
 112 0.23095611496629E-001 0.61807635386066E-003 -.15455765253367E-002 -.62354353552094E-004 -.13646042735592E-002 -.23042626059824E-003 0.21161013390009E-002 0.10928011371177E-004 -.70016590867216E-005 -.55445402455993E-006 -.31001396925662E-003 -.13729781550438E-002 0.63266996402286E-003 0.89107567825754E-004 -.83287605917267E-005 0.86191846816820E-004 -.47163871541525E-005 0.48474661111953E-004 0.60423258236704E-005 0.39329501631046E-003 -.77842130944233E-012 0.78010231922762E-012 -.84050489264579E-015 0.00000000000000E+000 0.97394033115200E+003 0.00000000000000E+000 0.00000000000000E+000 0.00000000000000E+000
 113 0.23352477324916E-001 0.67301877316237E-003 -.16340446511571E-002 -.66166176547611E-004 -.14603312048174E-002 -.24587272287033E-003 0.22560300887925E-002 0.12986596228581E-004 -.77781354308390E-005 -.61498642583880E-006 -.29465241346856E-003 -.14750923113182E-002 0.68341359966859E-003 0.95804123568486E-004 -.87042448516954E-005 0.88668492924463E-004 -.42880679807767E-005 0.54061585581676E-004 0.74314125537189E-005 0.40012897352181E-003 -.90295324073287E-012 0.90546919404594E-012 -.12579766565317E-014 0.00000000000000E+000 0.10283142023901E+004 0.00000000000000E+000 0.00000000000000E+000 0.00000000000000E+000
 114 0.23611833180817E-001 0.73228041184418E-003 -.17264322404720E-002 -.70223768429009E-004 -.15632461247881E-002 -.26220299301523E-003 0.24057735672774E-002 0.15110021731037E-004 -.86275691413460E-005 -.68114781260244E-006 -.27550988591083E-003 -.15847059170461E-002 0.73836073241684E-003 0.10306502470741E-003 -.90602312771909E-005 0.91371169402966E-004 -.38763207289068E-005 0.60387309167970E-004 0.88829498374905E-005 0.40556181368944E-003 -.10486059259678E-011 0.10523509325146E-011 -.18725032733992E-014 0.00000000000000E+000 0.10855104454641E+004 0.00000000000000E+000 0.00000000000000E+000 0.00000000000000E+000
 115 0.23873941875168E-001 0.79617294391833E-003 -.18227445954693E-002 -.74545519397189E-004 -.16739017102735E-002 -.27946577305605E-003 0.25660491881578E-002 0.17276339730906E-004 -.95544057984655E-005 -.75327516566841E-006 -.25223549170894E-003 -.17023405704640E-002 0.79788580459752E-003 0.11094458443105E-003 -.93903824947860E-005 0.94311701047061E-004 -.34834478560577E-005 0.67534504172711E-004 0.10386234369439E-004 0.40938700316399E-003 -.12192667057243E-011 0.12248155626829E-011 -.27744284792979E-014 0.00000000000000E+000 0.11456675014099E+004 0.00000000000000E+000 0.00000000000000E+000 0.00000000000000E+000
 116 0.24139019841512E-001 0.86500950062793E-003 -.19229329041827E-002 -.79150450802962E-004 -.17928670578298E-002 -.29770751671879E-003 0.27375836384292E-002 0.19461108308057E-004 -.10562551131210E-004 -.83165465041830E-006 -.22447360861168E-003 -.18285193924566E-002 0.86238276912370E-003 0.11950108748817E-003 -.96876435345341E-005 0.97500248057599E-004 -.31113219146866E-005 0.75588322517783E-004 0.11928602986003E-004 0.41138410831106E-003 -.14195578140860E-011 0.14277467002046E-011 -.40944430593097E-014 0.00000000000000E+000 0.12089157385989E+004 0.00000000000000E+000 0.00000000000000E+000 0.00000000000000E+000
 117 0.24407066368996E-001 0.93904988865974E-003 -.20268174742835E-002 -.84054923798025E-004 -.19206378113727E-002 -.31695859970205E-003 0.29209824399194E-002 0.21636123909008E-004 -.11654397304533E-004 -.91644592176196E-006 -.19189494023443E-003 -.19636692794507E-002 0.93221622252977E-003 0.12879062896188E-003 -.99441009707326E-005 0.10094273698569E-003 -.27616596271741E-005 0.84628350029129E-004 0.13494481279858E-004 0.41132278620702E-003 -.16548070525377E-011 0.16668460874320E-011 -.60195174471443E-014 0.00000000000000E+000 0.12753314892322E+004 0.00000000000000E+000 0.00000000000000E+000 0.00000000000000E+000
 118 0.24677643665050E-001 0.10184118673335E-002 -.21339830297067E-002 -.89267345775969E-004 -.20574887255597E-002 -.33721240548096E-003 0.31165207250040E-002 0.23768191985126E-004 -.12829322573095E-004 -.10075778622738E-005 -.15425519452583E-003 -.21079641878721E-002 0.10076380430227E-002 0.13885627936910E-003 -.10151003246996E-004 0.10463673501574E-003 -.24362420760177E-005 0.94714323166195E-004 0.15064312006066E-004 0.40897760020207E-003 -.19308265810248E-011 0.19484496024850E-011 -.88115107300785E-014 0.00000000000000E+000 0.13448685463631E+004 0.00000000000000E+000 0.00000000000000E+000 0.00000000000000E+000
 119 0.24949852497077E-001 0.11030190540707E-002 -.22437486122978E-002 -.94785449235249E-004 -.22033886706568E-002 -.35841566148191E-003 0.33240283494045E-002 0.25820235178138E-004 -.14082715261031E-004 -.11046859573180E-005 -.11144909503686E-003 -.22612378786720E-002 0.10887343364873E-002 0.14972106496528E-003 -.10299281298986E-004 0.10856923797857E-003 -.21367931067059E-005 0.10587420652618E-003 0.16614998104392E-004 0.40415370032031E-003 -.22536587917266E-011 0.22793148736474E-011 -.12828040960423E-013 0.00000000000000E+000 0.14173302774527E+004 0.00000000000000E+000 0.00000000000000E+000 0.00000000000000E+000
 120 0.25222665019879E-001 0.11926642593422E-002 -.23552943957197E-002 -.10060095277140E-003 -.23581118181818E-002 -.38048774765697E-003 0.35430556704766E-002 0.27755625845704E-004 -.15406723683453E-004 -.12071607105350E-005 -.63504372559113E-004 -.24231053355470E-002 0.11754799248988E-002 0.16139515003057E-003 -.10380461222693E-004 0.11272015802741E-003 -.18645098074510E-005 0.11810735348500E-003 0.18122723613437E-004 0.39670658818829E-003 -.26296551309697E-011 0.26667548593470E-011 -.18549864188654E-013 0.00000000000000E+000 0.14924408029360E+004 0.00000000000000E+000 0.00000000000000E+000 0.00000000000000E+000
 121 0.25495352758867E-001 0.12871425294421E-002 -.24678487179406E-002 -.10670835351536E-003 -.25214668950141E-002 -.40335451178748E-003 0.37732012202932E-002 0.29542615515992E-004 -.16792090272198E-004 -.13142659073400E-005 -.10518337704592E-004 -.25932056513443E-002 0.12678629005512E-002 0.17389256447429E-003 -.10387262233954E-004 0.11706914958849E-003 -.16197159676862E-005 0.13140021158559E-003 0.19566146725481E-004 0.38653999609694E-003 -.30659609807603E-011 0.31192054546281E-011 -.26622236933930E-013 0.00000000000000E+000 0.15699629218665E+004 0.00000000000000E+000 0.00000000000000E+000 0.00000000000000E+000
 122 0.25767628991517E-001 0.13863258797719E-002 -.25807669682187E-002 -.11310970369369E-003 -.26934267263632E-002 -.42696484542238E-003 0.40142909269413E-002 0.31155531303481E-004 -.18229161456519E-004 -.14252085454859E-005 0.47394088435500E-004 -.27713355900379E-002 0.13659588872697E-002 0.18724155805469E-003 -.10313509654143E-004 0.12159948767649E-003 -.14019727541477E-005 0.14573742230477E-003 0.20927462101852E-004 0.37359082609927E-003 -.35710123004265E-011 0.36468390614600E-011 -.37913380516769E-013 0.00000000000000E+000 0.16497547303997E+004 0.00000000000000E+000 0.00000000000000E+000 0.00000000000000E+000
 123 0.26039484998491E-001 0.14901352462537E-002 -.26934772102290E-002 -.11981281591053E-003 -.28740821970053E-002 -.45128180500175E-003 0.42663077122662E-002 0.32573331936207E-004 -.19707387596373E-004 -.15391057415203E-005 0.11009763530154E-003 -.29573977490199E-002 0.14699078557726E-002 0.20148203758843E-003 -.10153779946592E-004 0.12629693312051E-003 -.12104496009266E-005 0.16109923325502E-003 0.22191458242712E-004 0.35782131356338E-003 -.41546979216538E-011 0.42618721805308E-011 -.53587129438496E-013 0.00000000000000E+000 0.17317395689395E+004 0.00000000000000E+000 0.00000000000000E+000 0.00000000000000E+000
 124 0.26310900310630E-001 0.15984438718950E-002 -.28053651190051E-002 -.12682517878772E-003 -.30634770035299E-002 -.47625891089677E-003 0.45291578850530E-002 0.33777825666695E-004 -.21213873984379E-004 -.16548771060988E-005 0.17738443444644E-003 -.31512276236634E-002 0.15798201980196E-002 0.21665324463516E-003 -.99033135993930E-005 0.13114543161416E-003 -.10442499252762E-005 0.17744762026972E-003 0.23344064168781E-004 0.33922863034307E-003 -.48280690959127E-011 0.49784320279221E-011 -.75181466004666E-013 0.00000000000000E+000 0.18158270254054E+004 0.00000000000000E+000 0.00000000000000E+000 0.00000000000000E+000
 125 0.26581514178834E-001 0.17109345068523E-002 -.29156447818422E-002 -.13414479601038E-003 -.32613564236167E-002 -.50180815593839E-003 0.48023263265340E-002 0.34752890168574E-004 -.22731508277435E-004 -.17711120247928E-005 0.24888195860157E-003 -.33523398279338E-002 0.16956273962856E-002 0.23277318099730E-003 -.95584683541972E-005 0.13612098064487E-003 -.90258407151421E-006 0.19470365453455E-003 0.24371326674855E-004 0.31787501085682E-003 -.56024041341248E-011 0.58117439371989E-011 -.10466990153704E-012 0.00000000000000E+000 0.19018067518316E+004 0.00000000000000E+000 0.00000000000000E+000 0.00000000000000E+000
 126 0.26850378891955E-001 0.18269626558745E-002 -.30232795749760E-002 -.14175089792812E-003 -.34669144699261E-002 -.52777207261818E-003 0.50845412171409E-002 0.35485546180281E-004 -.24237650960861E-004 -.18859955492637E-005 0.32395751443590E-003 -.35596849371660E-002 0.18169244951077E-002 0.24981565637913E-003 -.91177179410943E-005 0.14118624473911E-003 -.78474054348342E-006 0.21272474190008E-003 0.25259606843574E-004 0.29392921700577E-003 -.64876439359662E-011 0.67765854600964E-011 -.14447076206507E-012 0.00000000000000E+000 0.19892547325952E+004 0.00000000000000E+000 0.00000000000000E+000 0.00000000000000E+000
 127 0.27116082525209E-001 0.19455720743347E-002 -.31270751308402E-002 -.14960374964266E-003 -.36787954565679E-002 -.55393135915623E-003 0.53737978513129E-002 0.35968933047716E-004 -.25705360180276E-004 -.19974123374411E-005 0.40172386774645E-003 -.37716749100336E-002 0.19429578667084E-002 0.26770628016013E-003 -.85825682834965E-005 0.14629227095008E-003 -.68983305500814E-006 0.23130649500430E-003 0.25997591833170E-004 0.26768081232492E-003 -.74912483187997E-011 0.78860705449682E-011 -.19741111308427E-012 0.00000000000000E+000 0.20775556384010E+004 0.00000000000000E+000 0.00000000000000E+000 0.00000000000000E+000
 128 0.27377298291454E-001 0.20657321845432E-002 -.32259437618861E-002 -.15765865025082E-003 -.38954884665659E-002 -.58005961826279E-003 0.56679153643810E-002 0.36204742304960E-004 -.27107462728639E-004 -.21032283413971E-005 0.48120443877717E-003 -.39866002767411E-002 0.20728508052650E-002 0.28635190319711E-003 -.79573212862696E-005 0.15138957849166E-003 -.61652536242042E-006 0.25022250020928E-003 0.26578812609581E-004 0.23949273154557E-003 -.86188637124004E-011 0.91523293609159E-011 -.26673282425774E-012 0.00000000000000E+000 0.21660805665763E+004 0.00000000000000E+000 0.00000000000000E+000 0.00000000000000E+000
 129 0.27633276277472E-001 0.21866002105470E-002 -.33191128504339E-002 -.16588230055695E-003 -.41157852676712E-002 -.60597892555862E-003 0.59651606257014E-002 0.36202349846604E-004 -.28420214362963E-004 -.22015454490557E-005 0.56152852471902E-003 -.42030906445255E-002 0.22058796247452E-002 0.30567909671900E-003 -.72476634441064E-005 0.15643929990723E-003 -.56302917171103E-006 0.26927052435056E-003 0.27002175524667E-004 0.20972557555619E-003 -.98762687224569E-011 0.10588677542371E-010 -.35620440995695E-012 0.00000000000000E+000 0.22543684491177E+004 0.00000000000000E+000 0.00000000000000E+000 0.00000000000000E+000
 130 0.27883873826320E-001 0.23075899393128E-002 -.34061190482317E-002 -.17425742246496E-003 -.43389120602897E-002 -.63157060472772E-003 0.62644137172795E-002 0.35975590637186E-004 -.29623888127173E-004 -.22907599369868E-005 0.64199819556408E-003 -.44202331685248E-002 0.23415628620822E-002 0.32564790872390E-003 -.64593559452944E-005 0.16141526355705E-003 -.52735013468009E-006 0.28828778472615E-003 0.27270296864819E-004 0.17869706477988E-003 -.11270622400763E-010 0.12211178004423E-010 -.47027780183026E-012 0.00000000000000E+000 0.23421599888932E+004 0.00000000000000E+000 0.00000000000000E+000 0.00000000000000E+000
 131 0.28129297208201E-001 0.24282871264189E-002 -.34866851797409E-002 -.18277752397922E-003 -.45643890680600E-002 -.65675365492407E-003 0.65649647231666E-002 0.35539985569169E-004 -.30701418704940E-004 -.23694809282215E-005 0.72204386419812E-003 -.46374201093958E-002 0.24795857104352E-002 0.34624231906103E-003 -.55977883273350E-005 0.16629957181748E-003 -.50752536792381E-006 0.30714000221749E-003 0.27387552226010E-004 0.14668487416266E-003 -.12810400766073E-010 0.14038820214718E-010 -.61420972432223E-012 0.00000000000000E+000 0.24293244807433E+004 0.00000000000000E+000 0.00000000000000E+000 0.00000000000000E+000
 132 0.28369868050944E-001 0.25483524235500E-002 -.35606176804587E-002 -.19144059762890E-003 -.47918609625810E-002 -.68146244114395E-003 0.68662783286343E-002 0.34911409661661E-004 -.31637141540334E-004 -.24364408486797E-005 0.80116406361096E-003 -.48541748710011E-002 0.26197020303049E-002 0.36745677700034E-003 -.46680815483092E-005 0.17107802906022E-003 -.50173193331084E-006 0.32570711965331E-003 0.27358976629761E-004 0.11394258716460E-003 -.14504804493515E-010 0.16093090698420E-010 -.79414310245222E-012 0.00000000000000E+000 0.25157840508376E+004 0.00000000000000E+000 0.00000000000000E+000 0.00000000000000E+000
 133 0.28605901283339E-001 0.26674647552873E-002 -.36277566339435E-002 -.20024523016138E-003 -.50209941486045E-002 -.70563430755759E-003 0.71678542116468E-002 0.34105681842941E-004 -.32416225116241E-004 -.24904509823110E-005 0.87888938764968E-003 -.50700499505277E-002 0.27616734261820E-002 0.38928743235463E-003 -.36753055640354E-005 0.17573756021013E-003 -.50830433966218E-006 0.34387499236567E-003 0.27189890357477E-004 0.80711332343625E-004 -.16363203042669E-010 0.18397540346129E-010 -.10171686517296E-011 0.00000000000000E+000 0.26014706792666E+004 0.00000000000000E+000 0.00000000000000E+000 0.00000000000000E+000
 134 0.28837666958574E-001 0.27853016000217E-002 -.36879617563815E-002 -.20918904353932E-003 -.52514382531276E-002 -.72920551240718E-003 0.74691761272593E-002 0.33138468032831E-004 -.33024618968028E-004 -.25303958475833E-005 0.95477060997684E-003 -.52845904908601E-002 0.29052459833080E-002 0.41172851325127E-003 -.26246104740894E-005 0.18026529663532E-003 -.52571807269027E-006 0.36153287920671E-003 0.26885853983319E-004 0.47223982335491E-004 -.18394789962860E-010 0.20977558545185E-010 -.12913842911623E-011 0.00000000000000E+000 0.26863109313830E+004 0.00000000000000E+000 0.00000000000000E+000 0.00000000000000E+000
 135 0.29065407010035E-001 0.29015466051214E-002 -.37411167993245E-002 -.21826905442033E-003 -.54828387045842E-002 -.75211286575736E-003 0.77697290457757E-002 0.32025130440252E-004 -.33449241723678E-004 -.25552459085599E-005 0.10283846984984E-002 -.54973470581561E-002 0.30501582668971E-002 0.43477334698304E-003 -.15211829907627E-005 0.18464879249915E-003 -.55257154228943E-006 0.37857513169018E-003 0.26452665090304E-004 0.13702300941362E-004 -.20608574288057E-010 0.23860545264354E-010 -.16259854881488E-011 0.00000000000000E+000 0.27702305064886E+004 0.00000000000000E+000 0.00000000000000E+000 0.00000000000000E+000
 136 0.29289367494095E-001 0.30159056714106E-002 -.37871351108414E-002 -.22748280186188E-003 -.57148680286525E-002 -.77429688617937E-003 0.80690396745418E-002 0.30780455027997E-004 -.33678123411667E-004 -.25640679915653E-005 0.10993454948219E-002 -.57079044709324E-002 0.31961613658736E-002 0.45841744957949E-003 -.37009345680838E-006 0.18887653982528E-003 -.58757772902351E-006 0.39490389830171E-003 0.25896274508561E-004 -.19648431099657E-004 -.23013616152107E-010 0.27076426738647E-010 -.20314052932701E-011 0.00000000000000E+000 0.28531650493386E+004 0.00000000000000E+000 0.00000000000000E+000 0.00000000000000E+000
 137 0.29509808415723E-001 0.31281114356939E-002 -.38259564197662E-002 -.23682875217583E-003 -.59472368993757E-002 -.79570248319674E-003 0.83666894393693E-002 0.29418438154674E-004 -.33700386297712E-004 -.25560254818179E-005 0.11673058831468E-002 -.59158903269888E-002 0.33430265959393E-002 0.48265992326331E-003 0.82379517063054E-006 0.19293801022905E-003 -.62956007847846E-006 0.41042976327469E-003 0.25222685381404E-004 -.52641403107255E-004 -.25619180370047E-010 0.30658128316303E-010 -.25194739731278E-011 0.00000000000000E+000 0.29350630187544E+004 0.00000000000000E+000 0.00000000000000E+000 0.00000000000000E+000
 138 0.29726982596307E-001 0.32379113686272E-002 -.38575377538352E-002 -.24630540300323E-003 -.61796721184966E-002 -.81627650306014E-003 0.86622848959712E-002 0.27952301177299E-004 -.33506186369170E-004 -.25303764267044E-005 0.12319494774533E-002 -.61209535725065E-002 0.34905322189108E-002 0.50750148431353E-003 0.20557558300177E-005 0.19682310993526E-003 -.67744321407934E-006 0.42506993750650E-003 0.24437957487139E-004 -.85105128956826E-004 -.28434550123985E-010 0.34641627146630E-010 -.31035385113223E-011 0.00000000000000E+000 0.30158769781263E+004 0.00000000000000E+000 0.00000000000000E+000 0.00000000000000E+000
 139 0.29941107051202E-001 0.33450521695962E-002 -.38818476456188E-002 -.25590988258094E-003 -.64118838826803E-002 -.83596482481166E-003 0.89554158253015E-002 0.26394671281214E-004 -.33086782906529E-004 -.24864802907588E-005 0.12929810205697E-002 -.63227353922314E-002 0.36384428841792E-002 0.53294100320688E-003 0.33210398305409E-005 0.20052157325346E-003 -.73023785331486E-006 0.43874620996268E-003 0.23548326613700E-004 -.11687885045529E-003 -.31468590614509E-010 0.39065626028962E-010 -.37985177072265E-011 0.00000000000000E+000 0.30955519807744E+004 0.00000000000000E+000 0.00000000000000E+000 0.00000000000000E+000
 140 0.30152356906874E-001 0.34492764189521E-002 -.38988678553092E-002 -.26563738479621E-003 -.66435557697555E-002 -.85471198232596E-003 0.92456435195784E-002 0.24757689466101E-004 -.32434721807213E-004 -.24238117787799E-005 0.13501251688880E-002 -.65208620100316E-002 0.37865031509228E-002 0.55897408876053E-003 0.46148086312097E-005 0.20402285554389E-003 -.78702846773302E-006 0.45138487731397E-003 0.22560305962274E-004 -.14781143360681E-003 -.34729447505153E-010 0.43971347628368E-010 -.46209500616079E-011 0.00000000000000E+000 0.31740225159732E+004 0.00000000000000E+000 0.00000000000000E+000 0.00000000000000E+000
 141 0.30360884700491E-001 0.35503324361088E-002 -.39085978271697E-002 -.27548177299679E-003 -.68743633270408E-002 -.87246320003530E-003 0.95325251110884E-002 0.23052924036830E-004 -.31543965604603E-004 -.23419702797588E-005 0.14031327969393E-002 -.67149623344332E-002 0.39344493107858E-002 0.58559478607406E-003 0.59322180767570E-005 0.20731648699702E-003 -.84696945902356E-006 0.46291835847409E-003 0.21480661998979E-004 -.17776420002131E-003 -.38224606535901E-010 0.49402831451134E-010 -.55891124576165E-011 0.00000000000000E+000 0.32512191952991E+004 0.00000000000000E+000 0.00000000000000E+000 0.00000000000000E+000
 142 0.30566842777204E-001 0.36479851292743E-002 -.39110557547680E-002 -.28543647338884E-003 -.71039979272211E-002 -.88916639428643E-003 0.98156433408670E-002 0.21291206909568E-004 -.30409885243847E-004 -.22406793589426E-005 0.14517866246869E-002 -.69046884809111E-002 0.40820248577886E-002 0.61279818765551E-003 0.72685508266732E-005 0.21039241416009E-003 -.90928606252249E-006 0.47328656084795E-003 0.20316307987865E-004 -.20661402060649E-003 -.41961139441403E-010 0.55407568563613E-010 -.67232145611049E-011 0.00000000000000E+000 0.33270766905511E+004 0.00000000000000E+000 0.00000000000000E+000 0.00000000000000E+000
 143 0.30770389480393E-001 0.37420180795597E-002 -.39062758762213E-002 -.29549471097051E-003 -.73321735219098E-002 -.90477244971446E-003 0.10094614087333E-001 0.19482573235671E-004 -.29029203774418E-004 -.21197827647058E-005 0.14959010635782E-002 -.70897204590801E-002 0.42289851415844E-002 0.64058137816466E-003 0.86192676565989E-005 0.21324101580154E-003 -.97327270815311E-006 0.48243688134248E-003 0.19074235496521E-004 -.23425369106798E-003 -.45945800621150E-010 0.62036989885788E-010 -.80455946323186E-011 0.00000000000000E+000 0.34015355775582E+004 0.00000000000000E+000 0.00000000000000E+000 0.00000000000000E+000
 144 0.30971675562519E-001 0.38322261835279E-002 -.38943060798119E-002 -.30564877373751E-003 -.75586109863031E-002 -.91923391147316E-003 0.10369066408900E-001 0.17636385663610E-004 -.27400054326925E-004 -.19792474990501E-005 0.15353174071722E-002 -.72697525099775E-002 0.43750875323551E-002 0.66894169954144E-003 0.99799291318494E-005 0.21585283288700E-003 -.10382852136615E-005 0.49032320949194E-003 0.17761565259006E-004 -.26058942678617E-003 -.50184750175201E-010 0.69346373231180E-010 -.95808115279896E-011 0.00000000000000E+000 0.34745368945251E+004 0.00000000000000E+000 0.00000000000000E+000 0.00000000000000E+000
 145 0.31170833272817E-001 0.39184104596928E-002 -.38752082956852E-002 -.31588932535143E-003 -.77830250084704E-002 -.93250422424380E-003 0.10638626598722E-001 0.15761466627074E-004 -.25522113462433E-004 -.18191705846203E-005 0.15699010568617E-002 -.74444828326376E-002 0.45200830775133E-002 0.69787503973641E-003 0.11346120296295E-004 0.21821841290253E-003 -.11037330195086E-005 0.49690544836601E-003 0.16385612960721E-004 -.28553899012974E-003 -.54683216758419E-010 0.77394582014588E-010 -.11355682628084E-010 0.00000000000000E+000 0.35460179124610E+004 0.00000000000000E+000 0.00000000000000E+000 0.00000000000000E+000
 146 0.31367998621305E-001 0.40003875749419E-002 -.38490564945191E-002 -.32620639779564E-003 -.80051484693613E-002 -.94453928330867E-003 0.10902947506190E-001 0.13865929640370E-004 -.23396446469260E-004 -.16397670625310E-005 0.15995449434652E-002 -.76136328741782E-002 0.46637323609262E-002 0.72737886232607E-003 0.12713592995317E-004 0.22032857191617E-003 -.11690823785926E-005 0.50215024855797E-003 0.14953728650081E-004 -.30903405797822E-003 -.59445875661118E-010 0.86245059361729E-010 -.13399591850306E-010 0.00000000000000E+000 0.36159199512631E+004 0.00000000000000E+000 0.00000000000000E+000 0.00000000000000E+000
 147 0.31563336921075E-001 0.40779983977352E-002 -.38159293443791E-002 -.33659067400410E-003 -.82247604659314E-002 -.95529841516411E-003 0.11161740481639E-001 0.11956955225617E-004 -.21025129582712E-004 -.14413448247435E-005 0.16241702500774E-002 -.77769667720623E-002 0.48058237809965E-002 0.75745632055274E-003 0.14078441184814E-004 0.22217453100869E-003 -.12338613221300E-005 0.50603093750222E-003 0.13473063745215E-004 -.33102210926151E-003 -.64477517981469E-010 0.95967597766100E-010 -.15745039892315E-010 0.00000000000000E+000 0.36841967802796E+004 0.00000000000000E+000 0.00000000000000E+000 0.00000000000000E+000
 148 0.31757017131462E-001 0.41510944383122E-002 -.37759088671620E-002 -.34703210526093E-003 -.84416560230886E-002 -.96474201891557E-003 0.11414737596495E-001 0.10041059273970E-004 -.18411381913395E-004 -.12243119260685E-005 0.16437186513439E-002 -.79342657875173E-002 0.49461539999840E-002 0.78811280322018E-003 0.15436926088532E-004 0.22374746356670E-003 -.12976474072626E-005 0.50852585704439E-003 0.11950709688531E-004 -.35146192445257E-003 -.69782530470642E-010 0.10663805659224E-009 -.18427763060797E-010 0.00000000000000E+000 0.37508046039939E+004 0.00000000000000E+000 0.00000000000000E+000 0.00000000000000E+000
 149 0.31949176833590E-001 0.42195237881996E-002 -.37290874423816E-002 -.35751787406716E-003 -.86556055246508E-002 -.97282974136617E-003 0.11661644096949E-001 0.81244835445864E-005 -.15560053251574E-004 -.98920669463964E-006 0.16581477297955E-002 -.80852986732563E-002 0.50845016213965E-002 0.81935025616477E-003 0.16785223121686E-004 0.22503817771722E-003 -.13600522047604E-005 0.50961771752719E-003 0.10393965084839E-004 -.37031919400621E-003 -.75363845376995E-010 0.11833680391778E-009 -.21486479270393E-010 0.00000000000000E+000 0.38156896402347E+004 0.00000000000000E+000 0.00000000000000E+000 0.00000000000000E+000
 150 0.32139936319326E-001 0.42831376913792E-002 -.36755681125107E-002 -.36803293044529E-003 -.88663699822445E-002 -.97952166512574E-003 0.11902157258053E-001 0.62131103769625E-005 -.12477576862872E-004 -.73669465137702E-006 0.16674338283644E-002 -.82298345557151E-002 0.52206370477343E-002 0.85116889655473E-003 0.18119505722407E-004 0.22603732627911E-003 -.14207227417312E-005 0.50929427069549E-003 0.88102354226700E-005 -.38756803346010E-003 -.81223075621077E-010 0.13114932998419E-009 -.24963127181554E-010 0.00000000000000E+000 0.38787932339056E+004 0.00000000000000E+000 0.00000000000000E+000 0.00000000000000E+000
 151 0.32329424967117E-001 0.43417993138591E-002 -.36154578004736E-002 -.37856127572138E-003 -.90737295833176E-002 -.98477930893152E-003 0.12135999062302E-001 0.43122403326270E-005 -.91715883370568E-005 -.46754326987812E-006 0.16715730734970E-002 -.83676628800758E-002 0.53543409152119E-002 0.88357141313993E-003 0.19436118927672E-004 0.22673554983384E-003 -.14793471009358E-005 0.50754828040073E-003 0.72068012351604E-005 -.40319293754921E-003 -.87361185366097E-010 0.14516822228146E-009 -.28903518457680E-010 0.00000000000000E+000 0.39400605204362E+004 0.00000000000000E+000 0.00000000000000E+000 0.00000000000000E+000
 152 0.32517776270422E-001 0.43953802529070E-002 -.35488665460918E-002 -.38908556304792E-003 -.92774768356353E-002 -.98856498355497E-003 0.12362907390834E-001 0.24266759735045E-005 -.56509438420969E-005 -.18262103844771E-006 0.16705788556312E-002 -.84985873409942E-002 0.54853995534879E-002 0.91656226602597E-003 0.20731535557758E-004 0.22712334314722E-003 -.15356496454759E-005 0.50437697694135E-003 0.55908310072494E-005 -.41718730711353E-003 -.93778326609131E-010 0.16049358537201E-009 -.33357629381440E-010 0.00000000000000E+000 0.39994381638123E+004 0.00000000000000E+000 0.00000000000000E+000 0.00000000000000E+000
 153 0.32705109145061E-001 0.44437543444224E-002 -.34759136136680E-002 -.39958590212658E-003 -.94773953057070E-002 -.99084124695628E-003 0.12582611967065E-001 0.56094239888762E-006 -.19260606337925E-005 0.11708265318957E-006 0.16644808282163E-002 -.86224117840389E-002 0.56135911992384E-002 0.95014436012706E-003 0.22002219322211E-004 0.22719097514999E-003 -.15893825622273E-005 0.49978214298734E-003 0.39695208244903E-005 -.42955138254797E-003 -.10047311726088E-009 0.17723205734213E-009 -.38379470040626E-010 0.00000000000000E+000 0.40568681323071E+004 0.00000000000000E+000 0.00000000000000E+000 0.00000000000000E+000
 154 0.32891526023527E-001 0.44867982085076E-002 -.33967303182983E-002 -.41003958115260E-003 -.96732576561852E-002 -.99157127732755E-003 0.12794832945091E-001 -.12806642157941E-005 0.19909699976934E-005 0.43045172277433E-006 0.16533258600214E-002 -.87389403407787E-002 0.57386847796626E-002 0.98431836349621E-003 0.23244608392302E-004 0.22692856719249E-003 -.16403235448864E-005 0.49377048822326E-003 0.23500949554824E-005 -.44029205125969E-003 -.10744236462806E-009 0.19549663304309E-009 -.44027134207514E-010 0.00000000000000E+000 0.41122874219427E+004 0.00000000000000E+000 0.00000000000000E+000 0.00000000000000E+000
 155 0.33077125219326E-001 0.45243950808586E-002 -.33114564790981E-002 -.42042160333119E-003 -.98648388990240E-002 -.99071928271011E-003 0.12999295921026E-001 -.30941732802783E-005 0.60865881814570E-005 0.75625844855860E-006 0.16371779768526E-002 -.88479865336242E-002 0.58604484623899E-002 0.10190846829154E-002 0.24455196274324E-004 0.22632614750817E-003 -.16882777867096E-005 0.48635351787558E-003 0.73967670203944E-006 -.44942344515734E-003 -.11468133308668E-009 0.21540788075291E-009 -.50363273833117E-010 0.00000000000000E+000 0.41656320566710E+004 0.00000000000000E+000 0.00000000000000E+000 0.00000000000000E+000
 156 0.33262008126740E-001 0.45564358948922E-002 -.32202369773663E-002 -.43070494320499E-003 -.10051923345546E-001 -.98825042048770E-003 0.13195739169274E-001 -.48759843720021E-005 0.10345937588960E-004 0.10931772914574E-005 0.16161170197357E-002 -.89493771280303E-002 0.59786540343372E-002 0.10544447367128E-002 0.25630573195443E-004 0.22537361416677E-003 -.17330779658031E-005 0.47754711466134E-003 -.85479983371740E-006 -.45696675834375E-003 -.12218391557307E-009 0.23709516284879E-009 -.57455623637859E-010 0.00000000000000E+000 0.42168390360525E+004 0.00000000000000E+000 0.00000000000000E+000 0.00000000000000E+000
 157 0.33446276764273E-001 0.45828178982715E-002 -.31232222100769E-002 -.44086025818304E-003 -.10234301207829E-001 -.98413061265048E-003 0.13383909546614E-001 -.66228172948338E-005 0.14752846935274E-004 0.14397866573186E-005 0.15902377044721E-002 -.90429496247939E-002 0.60930746222772E-002 0.10904004856319E-002 0.26767401623580E-004 0.22406070008932E-003 -.17745814834494E-005 0.46737137875773E-003 -.24265932168512E-005 -.46294945624551E-003 -.12994245380417E-009 0.26069703661856E-009 -.65377291407194E-010 0.00000000000000E+000 0.42658453203757E+004 0.00000000000000E+000 0.00000000000000E+000 0.00000000000000E+000
 158 0.33630029753436E-001 0.46034435865434E-002 -.30205700652819E-002 -.45085551430658E-003 -.10411763984670E-001 -.97832655824600E-003 0.13563557486610E-001 -.83316505551466E-005 0.19289758670683E-004 0.17945668254496E-005 0.15596494458624E-002 -.91285496685459E-002 0.62034817036458E-002 0.11269535815434E-002 0.27862384226272E-004 0.22237698677505E-003 -.18126677019792E-005 0.45585070584580E-003 -.39691443047278E-005 -.46740460719166E-003 -.13794745915138E-009 0.28636132174009E-009 -.74206931294355E-010 0.00000000000000E+000 0.43125865822640E+004 0.00000000000000E+000 0.00000000000000E+000 0.00000000000000E+000
 159 0.33813360761290E-001 0.46182206169660E-002 -.29124472702719E-002 -.46065575983229E-003 -.10584102763091E-001 -.97080587624718E-003 0.13734435382779E-001 -.99996877217951E-005 0.23937705567288E-004 0.21559011982025E-005 0.15244763804454E-002 -.92060305522982E-002 0.63096440409627E-002 0.11641049207352E-002 0.28912250800966E-004 0.22031194365574E-003 -.18472362085683E-005 0.44301388218998E-003 -.54760885455091E-005 -.47037047107381E-003 -.14618740553128E-009 0.31424529222190E-009 -.84028943345310E-010 0.00000000000000E+000 0.43569968432509E+004 0.00000000000000E+000 0.00000000000000E+000 0.00000000000000E+000
 160 0.33996360511726E-001 0.46270622373482E-002 -.27990288049734E-002 -.47022310182981E-003 -.10751110094340E-001 -.96153716822984E-003 0.13896299653241E-001 -.11624359083772E-004 0.28676382561371E-004 0.25220844033294E-005 0.14848568542361E-002 -.92752545429496E-002 0.64113288715187E-002 0.12018549005484E-002 0.29913767683650E-004 0.21785494487419E-003 -.18782060232223E-005 0.42889397061637E-003 -.69412986979592E-005 -.47189020034483E-003 -.15464867516992E-009 0.34451634456126E-009 -.94933834695669E-010 0.00000000000000E+000 0.43990090665825E+004 0.00000000000000E+000 0.00000000000000E+000 0.00000000000000E+000
 161 0.34179123964632E-001 0.46298874171044E-002 -.26804935627876E-002 -.47951693737635E-003 -.10912586143904E-001 -.95048965477621E-003 0.14048916585221E-001 -.13203366471887E-004 0.33484370683181E-004 0.28913398573050E-005 0.14409413484488E-002 -.93360954069390E-002 0.65083055944611E-002 0.12402048086188E-002 0.30863771689933E-004 0.21499518246191E-003 -.19055155209539E-005 0.41352766607289E-003 -.83589640913758E-005 -.47201144886204E-003 -.16331576733219E-009 0.37735377186617E-009 -.10701900226699E-009 0.00000000000000E+000 0.44385567236770E+004 0.00000000000000E+000 0.00000000000000E+000 0.00000000000000E+000
 162 0.34361757422428E-001 0.46266196213907E-002 -.25570189361870E-002 -.48849411577864E-003 -.11068343521294E-001 -.93763241374280E-003 0.14192066026210E-001 -.14734718237169E-004 0.38339378605206E-004 0.32618374480853E-005 0.13928894926916E-002 -.93884390194053E-002 0.66003483310362E-002 0.12791583378404E-002 0.31759191954297E-004 0.21172149237634E-003 -.19291216253151E-005 0.39695438247425E-003 -.97236562879875E-005 -.47078568664704E-003 -.17217154769925E-009 0.41295118410169E-009 -.12038981820122E-009 0.00000000000000E+000 0.44755747832591E+004 0.00000000000000E+000 0.00000000000000E+000 0.00000000000000E+000
 163 0.34544377179808E-001 0.46171847603892E-002 -.24287805283495E-002 -.49710861135729E-003 -.11218203835142E-001 -.92293392778780E-003 0.14325536801195E-001 -.16216686067934E-004 0.43218259404425E-004 0.36316966506320E-005 0.13408687991628E-002 -.94321801544397E-002 0.66872332770403E-002 0.13187213797290E-002 0.32597019381800E-004 0.20802227025038E-003 -.19489972781506E-005 0.37921595538234E-003 -.11030319618506E-004 -.46826741071460E-003 -.18119710202190E-009 0.45151787748129E-009 -.13516038772969E-009 0.00000000000000E+000 0.45099985388591E+004 0.00000000000000E+000 0.00000000000000E+000 0.00000000000000E+000
 164 0.34727102699377E-001 0.46015100061217E-002 -.22959564312276E-002 -.50531093426332E-003 -.11361990108347E-001 -.90636225018018E-003 0.14449118857167E-001 -.17647721547542E-004 0.48096864378812E-004 0.39989793301009E-005 0.12850555492110E-002 -.94672187328890E-002 0.67687337268246E-002 0.13589005500813E-002 0.33374253445493E-004 0.20388554200609E-003 -.19651286533507E-005 0.36035704554731E-003 -.12274223684272E-004 -.46451362373054E-003 -.19037127820771E-009 0.49327897110499E-009 -.15145384644864E-009 0.00000000000000E+000 0.45417615883882E+004 0.00000000000000E+000 0.00000000000000E+000 0.00000000000000E+000
 165 0.34910053878783E-001 0.45795235275842E-002 -.21587296281875E-002 -.51304777663560E-003 -.11499523520963E-001 -.88788517890226E-003 0.14562600060379E-001 -.19026414668820E-004 0.52949997391385E-004 0.43616881915226E-005 0.12256353522948E-002 -.94934585975061E-002 0.68446178766872E-002 0.13997024774596E-002 0.34087877268775E-004 0.19929903271260E-003 -.19775136410119E-005 0.34042538689737E-003 -.13450952406299E-004 -.45958352992045E-003 -.19967038384988E-009 0.53847601819313E-009 -.16940281717163E-009 0.00000000000000E+000 0.45707950212859E+004 0.00000000000000E+000 0.00000000000000E+000 0.00000000000000E+000
 166 0.35093352642067E-001 0.45511541659232E-002 -.20172875277005E-002 -.52026186067871E-003 -.11630623799129E-001 -.86747013385114E-003 0.14665766345844E-001 -.20351489025733E-004 0.57751487283128E-004 0.47177719421345E-005 0.11628026223172E-002 -.95108075326666E-002 0.69146487668364E-002 0.14411340067447E-002 0.34734854064983E-004 0.19425016429076E-003 -.19861610548629E-005 0.31947165568064E-003 -.14556423459329E-004 -.45353822210025E-003 -.20906808388843E-009 0.58736857793332E-009 -.18915024702245E-009 0.00000000000000E+000 0.45970274645001E+004 0.00000000000000E+000 0.00000000000000E+000 0.00000000000000E+000
 167 0.35277121050290E-001 0.45163316290139E-002 -.18718241980253E-002 -.52689164419222E-003 -.11755107034074E-001 -.84508442330209E-003 0.14758399814370E-001 -.21621772451143E-004 0.62474175921844E-004 0.50651257118542E-005 0.10967612603993E-002 -.95191769062108E-002 0.69785828251285E-002 0.14832016113454E-002 0.35312110585666E-004 0.18872615719841E-003 -.19910896636457E-005 0.29754974181226E-003 -.15586886270452E-004 -.44644049075008E-003 -.21853511296635E-009 0.64023499975817E-009 -.21084994339591E-009 0.00000000000000E+000 0.46203845981081E+004 0.00000000000000E+000 0.00000000000000E+000 0.00000000000000E+000
 168 0.35461471994835E-001 0.44749890086598E-002 -.17225489897711E-002 -.53287085248154E-003 -.11872779430738E-001 -.82069670055413E-003 0.14840274596298E-001 -.22836125607539E-004 0.67089740546524E-004 0.54015839471904E-005 0.10277284242695E-002 -.95184822468295E-002 0.70361667060627E-002 0.15259090259427E-002 0.35816506716632E-004 0.18271443483021E-003 -.19923274365385E-005 0.27471803465004E-003 -.16538890920678E-004 -.43835506775411E-003 -.22803859694913E-009 0.69737063555317E-009 -.23466601930202E-009 0.00000000000000E+000 0.46407881342950E+004 0.00000000000000E+000 0.00000000000000E+000 0.00000000000000E+000
 169 0.35646501902681E-001 0.44270668262753E-002 -.15696944103548E-002 -.53812831810721E-003 -.11983434615184E-001 -.79427876231879E-003 0.14911157058239E-001 -.23993402954197E-004 0.71568627744401E-004 0.57249241515521E-005 0.95593826108486E-003 -.95086466031015E-002 0.70871368665353E-002 0.15692551940739E-002 0.36244834926339E-004 0.17620312170833E-003 -.19899119399691E-005 0.25104067918214E-003 -.17409293350233E-004 -.42934904342349E-003 -.23754149247105E-009 0.75908541768525E-009 -.26077196260710E-009 0.00000000000000E+000 0.46581559683440E+004 0.00000000000000E+000 0.00000000000000E+000 0.00000000000000E+000
 170 0.35832308161215E-001 0.43725110423793E-002 -.14135034500965E-002 -.54258862559691E-003 -.12086866301617E-001 -.76580393768465E-003 0.14970816244808E-001 -.25092571876676E-004 0.75880628484360E-004 0.60329087344644E-005 0.88163593501697E-003 -.94896030967314E-002 0.71312265419552E-002 0.16132379966671E-002 0.36593887126184E-004 0.16918070841630E-003 -.19838910811223E-005 0.22658562976582E-003 -.18195377299506E-004 -.41949106176033E-003 -.24700333612556E-009 0.82570930728885E-009 -.28935298558165E-009 0.00000000000000E+000 0.46724048746054E+004 0.00000000000000E+000 0.00000000000000E+000 0.00000000000000E+000
 171 0.36019035491016E-001 0.43112575785071E-002 -.12541903936687E-002 -.54617283488049E-003 -.12182891114519E-001 -.73523954234982E-003 0.15019034665279E-001 -.26132953792675E-004 0.79995997868252E-004 0.63233496298728E-005 0.80505829446639E-003 -.94612873714425E-002 0.71681741289408E-002 0.16578651858489E-002 0.36860518875535E-004 0.16163425229193E-003 -.19743208427333E-005 0.20141833288964E-003 -.18895021369986E-004 -.40884832933790E-003 -.25638242058538E-009 0.89761175449092E-009 -.32061466695277E-009 0.00000000000000E+000 0.46834529469210E+004 0.00000000000000E+000 0.00000000000000E+000 0.00000000000000E+000
 172 0.36206900021708E-001 0.42432159572739E-002 -.10919183339491E-002 -.54879750314763E-003 -.12271349280307E-001 -.70254051714608E-003 0.15055597828227E-001 -.27114258066772E-004 0.83885764153708E-004 0.65941167714469E-005 0.72642180704732E-003 -.94236216343873E-002 0.71977171865326E-002 0.17031604648711E-002 0.37041567565346E-004 0.15354786926010E-003 -.19612595068140E-005 0.17559782643450E-003 -.19506664943124E-004 -.39748410264514E-003 -.26563659522364E-009 0.97521962563683E-009 -.35479151520659E-009 0.00000000000000E+000 0.46912163629436E+004 0.00000000000000E+000 0.00000000000000E+000 0.00000000000000E+000
 173 0.36396141898097E-001 0.41682779755509E-002 -.92683958848242E-003 -.55037228191253E-003 -.12352069437755E-001 -.66765526956260E-003 0.15080267206565E-001 -.28036230603089E-004 0.87520423778948E-004 0.68430593203598E-005 0.64594136251368E-003 -.93765116681271E-002 0.72195729643592E-002 0.17491522461350E-002 0.37133668570899E-004 0.14490426259108E-003 -.19447651719273E-005 0.14918296544350E-003 -.20029037745288E-004 -.38545970468329E-003 -.27472030790010E-009 0.10590078964246E-008 -.39214379426227E-009 0.00000000000000E+000 0.46956023672503E+004 0.00000000000000E+000 0.00000000000000E+000 0.00000000000000E+000
 174 0.36586957418782E-001 0.40863456298731E-002 -.75915793067070E-003 -.55079893773694E-003 -.12424838373926E-001 -.63053869431815E-003 0.15092770791936E-001 -.28898313225571E-004 0.90868657079548E-004 0.70679401177113E-005 0.56386091698976E-003 -.93198647905219E-002 0.72334293333029E-002 0.17958566768624E-002 0.37133205555180E-004 0.13568807293787E-003 -.19249005720412E-005 0.12224250057816E-003 -.20460998015183E-004 -.37283905843873E-003 -.28358088997692E-009 0.11494729650277E-008 -.43294603752539E-009 0.00000000000000E+000 0.46965074334457E+004 0.00000000000000E+000 0.00000000000000E+000 0.00000000000000E+000
 175 0.36779493620443E-001 0.39973429880565E-002 -.58913776229599E-003 -.54997251581766E-003 -.12489409177045E-001 -.59115634776409E-003 0.15092818624002E-001 -.29699696816717E-004 0.93897710261300E-004 0.72664656168266E-005 0.48045861140652E-003 -.92536046695566E-002 0.72389541970269E-002 0.18432753908323E-002 0.37036430317041E-004 0.12588706931544E-003 -.19017381461927E-005 0.94856768656536E-004 -.20801659035230E-004 -.35968984315805E-003 -.29215827486118E-009 0.12471255457702E-008 -.47748363545449E-009 0.00000000000000E+000 0.46938216743377E+004 0.00000000000000E+000 0.00000000000000E+000 0.00000000000000E+000
 176 0.36973890012728E-001 0.39012050246076E-002 -.41707017291625E-003 -.54778239880853E-003 -.12545524239531E-001 -.54947864554584E-003 0.15080116586375E-001 -.30439559961449E-004 0.96574582665489E-004 0.74363563602986E-005 0.39603018983345E-003 -.91776680986788E-002 0.72358055917717E-002 0.18914050198806E-002 0.36839560572707E-004 0.11549087192848E-003 -.18753595777509E-005 0.67112274464485E-004 -.21050571121841E-004 -.34608106072073E-003 -.30038696668659E-009 0.13525076232068E-008 -.52606032826010E-009 0.00000000000000E+000 0.46874321777785E+004 0.00000000000000E+000 0.00000000000000E+000 0.00000000000000E+000
 177 0.37170303986075E-001 0.37978672700011E-002 -.24325201402669E-003 -.54411229036595E-003 -.12592923524384E-001 -.50547640036058E-003 0.15054366982470E-001 -.31117167797094E-004 0.98866658319584E-004 0.75753870157124E-005 0.31087833678494E-003 -.90919976070121E-002 0.72236326568100E-002 0.19402430082884E-002 0.36538787426978E-004 0.10449001899035E-003 -.18458533934612E-005 0.39098228460836E-004 -.21207775651710E-004 -.33208114942438E-003 -.30819700082346E-009 0.14662076222655E-008 -.57900531072100E-009 0.00000000000000E+000 0.46772228311316E+004 0.00000000000000E+000 0.00000000000000E+000 0.00000000000000E+000
 178 0.37368909373352E-001 0.36872663369217E-002 -.67988735203038E-004 -.53884001125124E-003 -.12631341235911E-001 -.45912143552134E-003 0.15015265624614E-001 -.31731839947213E-004 0.10074183994738E-003 0.76814012781934E-005 0.22531361946694E-003 -.89965409416058E-002 0.72020734623354E-002 0.19897868216443E-002 0.36130268582581E-004 0.92876325161618E-004 -.18133143570974E-005 0.10906903233478E-004 -.21273791165364E-004 -.31775785329490E-003 -.31551359835517E-009 0.15888641209094E-008 -.63667526127710E-009 0.00000000000000E+000 0.46630735270008E+004 0.00000000000000E+000 0.00000000000000E+000 0.00000000000000E+000
 179 0.37569894873161E-001 0.35693412806357E-002 0.10840227510040E-003 -.53183743969885E-003 -.12660503019090E-001 -.41038751873772E-003 0.14962499952091E-001 -.32282922658995E-004 0.10216872913080E-003 0.77523276308926E-005 0.13965571242055E-003 -.88912515239259E-002 0.71707535001744E-002 0.20400330141626E-002 0.35610133951103E-004 0.80643349486078E-004 -.17778432625292E-005 -.17365917851017E-004 -.21249606228305E-004 -.30317817580468E-003 -.32225683531283E-009 0.17211694106383E-008 -.69945628766273E-009 0.00000000000000E+000 0.46448596687613E+004 0.00000000000000E+000 0.00000000000000E+000 0.00000000000000E+000
 180 0.37773474096080E-001 0.34440284593573E-002 0.28559812549309E-003 -.52297008117853E-003 -.12680124659970E-001 -.35924864608759E-003 0.14895744104732E-001 -.32769792161751E-004 0.10311690603977E-003 0.77861959862513E-005 0.54229930439092E-004 -.87760830678455E-002 0.71292823192787E-002 0.20909790976001E-002 0.34974468870748E-004 0.67786224738966E-004 -.17395451729095E-005 -.45622050004559E-004 -.21136667555932E-004 -.28840754740709E-003 -.32834168445626E-009 0.18638812703768E-008 -.76776979296028E-009 0.00000000000000E+000 0.46224506233922E+004 0.00000000000000E+000 0.00000000000000E+000 0.00000000000000E+000
 181 0.37979894963438E-001 0.33112557776211E-002 0.46327538941385E-003 -.51209627730485E-003 -.12689908082325E-001 -.30567727005495E-003 0.14814650992311E-001 -.33191838473650E-004 0.10355710601420E-003 0.77811469524516E-005 -.30635317918548E-004 -.86509828212294E-002 0.70772478699461E-002 0.21426251261956E-002 0.34219279772965E-004 0.54301504141615E-004 -.16985274434064E-005 -.73761728875076E-004 -.20936847809273E-004 -.27350910653144E-003 -.33367782854529E-009 0.20178371323929E-008 -.84207965192380E-009 0.00000000000000E+000 0.45957072863606E+004 0.00000000000000E+000 0.00000000000000E+000 0.00000000000000E+000
 182 0.38189431984571E-001 0.31709480132883E-002 0.64109935214995E-003 -.49906718356700E-003 -.12689535332909E-001 -.24964710153274E-003 0.14718849943575E-001 -.33548406501255E-004 0.10346133563470E-003 0.77354432789764E-005 -.11460340727522E-003 -.85158949318934E-002 0.70142141940633E-002 0.21949708083208E-002 0.33340517629849E-004 0.40188208882771E-004 -.16549008289255E-005 -.10168188723934E-003 -.20652429780156E-004 -.25854431688692E-003 -.33816889729931E-009 0.21839573489382E-008 -.92289422581946E-009 0.00000000000000E+000 0.45644815137567E+004 0.00000000000000E+000 0.00000000000000E+000 0.00000000000000E+000
 183 0.38402363993382E-001 0.30230447156442E-002 0.81870113956905E-003 -.48372851867756E-003 -.12678666364951E-001 -.19114077477379E-003 0.14607956410121E-001 -.33838738616205E-004 0.10280324413042E-003 0.76475039363041E-005 -.19731899558665E-003 -.83707769026152E-002 0.69397275207541E-002 0.22480088077895E-002 0.32334213979108E-004 0.25450161197477E-004 -.16087842794310E-005 -.12927259916817E-003 -.20286149422725E-004 -.24357463606192E-003 -.34171171817340E-009 0.23632341297224E-008 -.10107612057745E-008 0.00000000000000E+000 0.45286193633161E+004 0.00000000000000E+000 0.00000000000000E+000 0.00000000000000E+000
 184 0.38618959734458E-001 0.28675165635081E-002 0.99566314064508E-003 -.46592331227462E-003 -.12656942972390E-001 -.13015664862717E-003 0.14481586374513E-001 -.34061972023514E-004 0.10155888624710E-003 0.75159618464028E-005 -.27840225983462E-003 -.82156159966252E-002 0.68533265294586E-002 0.23017199429368E-002 0.31196667001755E-004 0.10098145560157E-004 -.15603093989881E-005 -.15641503706634E-003 -.19841271299039E-004 -.22866247523063E-003 -.34419642398237E-009 0.25567209346523E-008 -.11062622553350E-008 0.00000000000000E+000 0.44879657435705E+004 0.00000000000000E+000 0.00000000000000E+000 0.00000000000000E+000
 185 0.38839484727610E-001 0.27043682795100E-002 0.11715234113483E-002 -.44549397070137E-003 -.12623993889732E-001 -.66710285489340E-004 0.14339362691605E-001 -.34217179132058E-004 0.99707613485680E-004 0.73397232901762E-005 -.35745257121374E-003 -.80504326685871E-002 0.67545479106100E-002 0.23560736618004E-002 0.29924571279537E-004 -.58492477849951E-005 -.15096209286596E-005 -.18298254979102E-003 -.19321628828662E-004 -.21387050735595E-003 -.34550736629171E-009 0.27655372085136E-008 -.12100149211109E-008 0.00000000000000E+000 0.44423665046561E+004 0.00000000000000E+000 0.00000000000000E+000 0.00000000000000E+000
 186 0.39064220277862E-001 0.25336317311813E-002 0.13457895142365E-002 -.42228319255116E-003 -.12579435782979E-001 -.83233938968955E-006 0.14180910835939E-001 -.34303399890661E-004 0.97232807758420E-004 0.71180130436655E-005 -.43405646756392E-003 -.78752731534668E-002 0.66429247640918E-002 0.24110313845194E-002 0.28515073097710E-004 -.22365661268910E-004 -.14568741038252E-005 -.20884319453181E-003 -.18731606769546E-004 -.19926014175244E-003 -.34552411817609E-009 0.29908866399250E-008 -.13226812608744E-008 0.00000000000000E+000 0.43916672843651E+004 0.00000000000000E+000 0.00000000000000E+000 0.00000000000000E+000
 187 0.39293486310568E-001 0.23553545417681E-002 0.15179532618010E-002 -.39613383834304E-003 -.12522868323316E-001 0.67434930432275E-004 0.14005845912867E-001 -.34319641348825E-004 0.94122358908751E-004 0.68504009550136E-005 -.50779548349328E-003 -.76901959961671E-002 0.65179785868689E-002 0.24665504386237E-002 0.26965770491867E-004 -.39417313789202E-004 -.14022305311319E-005 -.23386226175286E-003 -.18076076042802E-004 -.18488992813815E-003 -.34412210435163E-009 0.32340849931189E-008 -.14449814443837E-008 0.00000000000000E+000 0.43357097127681E+004 0.00000000000000E+000 0.00000000000000E+000 0.00000000000000E+000
 188 0.39527670793557E-001 0.21695824564196E-002 0.16875067547807E-002 -.36688714620914E-003 -.12453861427028E-001 0.13804310578091E-003 0.13813747844619E-001 -.34264839350717E-004 0.90368796512669E-004 0.65368047589416E-005 -.57825354030635E-003 -.74952505310150E-002 0.63792022474613E-002 0.25225889801529E-002 0.25274637535182E-004 -.56963760855973E-004 -.13458524823895E-005 -.25790471382655E-003 -.17360278403255E-004 -.17081389865080E-003 -.34117257591494E-009 0.34966029461227E-008 -.15777151851039E-008 0.00000000000000E+000 0.42743239430537E+004 0.00000000000000E+000 0.00000000000000E+000 0.00000000000000E+000
 189 0.39767249003895E-001 0.19763497251820E-002 0.18539460209967E-002 -.33438130582482E-003 -.12371939066220E-001 0.21093952107175E-003 0.13604138507144E-001 -.34137783847868E-004 0.85969357783300E-004 0.61774954421861E-005 -.64501790354727E-003 -.72904621696965E-002 0.62260436204953E-002 0.25791075613605E-002 0.23439998842098E-004 -.74957644658586E-004 -.12878997632374E-005 -.28083548494111E-003 -.16589728759346E-004 -.15708099442846E-003 -.33654195139871E-009 0.37801072001027E-008 -.17217826243520E-008 0.00000000000000E+000 0.42073218711348E+004 0.00000000000000E+000 0.00000000000000E+000 0.00000000000000E+000
 190 0.40012752073124E-001 0.17757133145145E-002 0.20167372694773E-002 -.29845759986130E-003 -.12276580382296E-001 0.28605241476074E-003 0.13376504856320E-001 -.33937068337527E-004 0.80927129915216E-004 0.57731861103119E-005 -.70766517320584E-003 -.70758634679810E-002 0.60579230296913E-002 0.26360579495362E-002 0.21460930050640E-004 -.93340176903854E-004 -.12285383077831E-005 -.30251456888503E-003 -.15770309547199E-004 -.14373755602040E-003 -.33009221820583E-009 0.40864440610498E-008 -.18781759214220E-008 0.00000000000000E+000 0.41345051421651E+004 0.00000000000000E+000 0.00000000000000E+000 0.00000000000000E+000
 191 0.40264698166335E-001 0.15678237107006E-002 0.21752658552719E-002 -.25897602038562E-003 -.12167248805326E-001 0.36326280833369E-003 0.13130373516869E-001 -.33661147785378E-004 0.75253735687342E-004 0.53252174147282E-005 -.76574414436756E-003 -.68515656555407E-002 0.58742912469768E-002 0.26933636210881E-002 0.19338116074341E-004 -.11203346423563E-003 -.11679571453005E-005 -.32279073335411E-003 -.14908543083191E-004 -.13083108153874E-003 -.32168456453835E-009 0.44175596816179E-008 -.20479375585398E-008 0.00000000000000E+000 0.40556898476714E+004 0.00000000000000E+000 0.00000000000000E+000 0.00000000000000E+000
 192 0.40523602232494E-001 0.13529352359365E-002 0.23288460814640E-002 -.21582316470644E-003 -.12043402379758E-001 0.44239938193742E-003 0.12865326359183E-001 -.33308409472271E-004 0.68970980074451E-004 0.48356464996349E-005 -.81878551676104E-003 -.66177664253432E-002 0.56746467364965E-002 0.27509191824689E-002 0.17074233873704E-004 -.13093874085256E-003 -.11063679094391E-005 -.34150434896284E-003 -.14011593615243E-004 -.11840892169536E-003 -.31118333576795E-009 0.47755010388915E-008 -.22321588515618E-008 0.00000000000000E+000 0.39707126698601E+004 0.00000000000000E+000 0.00000000000000E+000 0.00000000000000E+000
 193 0.40790130944631E-001 0.11312958928144E-002 0.24768093622539E-002 -.16889485107983E-003 -.11904424186467E-001 0.52327674571655E-003 0.12580857354366E-001 -.32877004371223E-004 0.62108576315379E-004 0.43070740282455E-005 -.86633602332120E-003 -.63746238763930E-002 0.54584327066600E-002 0.28086205301248E-002 0.14673089201780E-004 -.14994491189825E-003 -.10439741721396E-005 -.35849909985045E-003 -.13086705935119E-004 -.10651078948723E-003 -.29845318100220E-009 0.51626323675610E-008 -.24320895932794E-008 0.00000000000000E+000 0.38793862997561E+004 0.00000000000000E+000 0.00000000000000E+000 0.00000000000000E+000
 194 0.41065235739946E-001 0.90305907699478E-003 0.26185467233639E-002 -.11807673600325E-003 -.11749529190251E-001 0.60572292288151E-003 0.12276220342014E-001 -.32364514336220E-004 0.54701437991427E-004 0.37424801859362E-005 -.90796656990497E-003 -.61221465488874E-002 0.52249225677871E-002 0.28663841846782E-002 0.12138840107604E-004 -.16893352946498E-003 -.98094938298758E-006 -.37362508466097E-003 -.12140735961584E-004 -.95165135932396E-004 -.28335198934910E-009 0.55818792035910E-008 -.26492636071210E-008 0.00000000000000E+000 0.37814518819127E+004 0.00000000000000E+000 0.00000000000000E+000 0.00000000000000E+000
 195 0.41350081397848E-001 0.66837782226733E-003 0.27534248164065E-002 -.63262945614169E-004 -.11577773035706E-001 0.68953892171612E-003 0.11950497300085E-001 -.31767902724292E-004 0.46792715604782E-004 0.31454505003276E-005 -.94323816361139E-003 -.58602791687530E-002 0.49732735303917E-002 0.29241182475843E-002 0.94771675100369E-005 -.18776716842415E-003 -.91746066548818E-006 -.38672662640555E-003 -.11180502467259E-004 -.84395446195748E-004 -.26573319612489E-009 0.60366932765012E-008 -.28854800401882E-008 0.00000000000000E+000 0.36766026684167E+004 0.00000000000000E+000 0.00000000000000E+000 0.00000000000000E+000
 196 0.41645908110895E-001 0.42756564347325E-003 0.28806917733843E-002 -.43977178521972E-005 -.11388131564350E-001 0.77443553527396E-003 0.11602779514874E-001 -.31083774980794E-004 0.38440129939345E-004 0.25205941720709E-005 -.97167740803212E-003 -.55890634912983E-002 0.47026745331903E-002 0.29816809961594E-002 0.66973992267074E-005 -.20627340424813E-003 -.85370499001135E-006 -.39763247490716E-003 -.10213397477248E-004 -.74226949675207E-004 -.24545837485583E-009 0.65308673297202E-008 -.31427044774322E-008 0.00000000000000E+000 0.35645450266941E+004 0.00000000000000E+000 0.00000000000000E+000 0.00000000000000E+000
 197 0.41954029340485E-001 0.18115145309909E-003 0.29994717061879E-002 0.58499736090388E-004 -.11179525891646E-001 0.86000923169230E-003 0.11232224141255E-001 -.30308538700724E-004 0.29719345746997E-004 0.18737663407334E-005 -.99278726935353E-003 -.53086817506252E-002 0.44124055762889E-002 0.30388691485556E-002 0.38136782327315E-005 -.22423895248239E-003 -.78991601423340E-006 -.40615819418537E-003 -.92474649704290E-005 -.64686154189052E-004 -.22240782381207E-009 0.70685196871445E-008 -.34230559316662E-008 0.00000000000000E+000 0.34450204674149E+004 0.00000000000000E+000 0.00000000000000E+000 0.00000000000000E+000
 198 0.42275916853177E-001 -.70126880790976E-004 0.31087941302959E-002 0.12532312219235E-003 -.10950792653176E-001 0.94573893048170E-003 0.10838014901138E-001 -.29438392210300E-004 0.20724902033544E-004 0.12121369948784E-005 -.10060670539883E-002 -.50194257003815E-002 0.41018266621129E-002 0.30954203151415E-002 0.84550209747750E-006 -.24140895708271E-003 -.72635467289948E-006 -.41211192435927E-003 -.82911603047203E-005 -.55797641463448E-004 -.19648729040169E-009 0.76542233338261E-008 -.37288680217122E-008 0.00000000000000E+000 0.33177978117012E+004 0.00000000000000E+000 0.00000000000000E+000 0.00000000000000E+000
 199 0.42613270106472E-001 -.32529917149918E-003 0.32076037191822E-002 0.19585877222318E-003 -.10700660194938E-001 0.10309708182868E-002 0.10419346680451E-001 -.28469336366771E-004 0.11571624192176E-004 0.54428165111379E-006 -.10110265609664E-002 -.47216903123557E-002 0.37703899191462E-002 0.31510066644327E-002 -.21814017133699E-005 -.25748404287771E-003 -.66330489325647E-006 -.41529785930414E-003 -.73531850164205E-005 -.47582388987311E-004 -.16763717421793E-009 0.82931213555557E-008 -.40627420906689E-008 0.00000000000000E+000 0.31826743516729E+004 0.00000000000000E+000 0.00000000000000E+000 0.00000000000000E+000
 200 0.42968064231815E-001 -.58310160513619E-003 0.32947552470824E-002 0.26975276793592E-003 -.10427744846347E-001 0.11148892390284E-002 0.99754528808168E-002 -.27397284118330E-004 0.23967835177989E-005 -.11969637215960E-006 -.10071999900238E-002 -.44160010071594E-002 0.34176928984604E-002 0.32052189200966E-002 -.52337712026318E-005 -.27211551054003E-003 -.60107476257791E-006 -.41551916876172E-003 -.64424061534174E-005 -.40057201091914E-004 -.13584677360771E-009 0.89910014076964E-008 -.44275773170443E-008 0.00000000000000E+000 0.30394925385890E+004 0.00000000000000E+000 0.00000000000000E+000 0.00000000000000E+000
 201 0.43342628964489E-001 -.84191270776391E-003 0.33690124755066E-002 0.34647367175201E-003 -.10130535831815E-001 0.11964860914062E-002 0.95056202624783E-002 -.26218175681781E-004 -.66384746432223E-005 -.76810255309314E-006 -.99416404325848E-003 -.41030319587331E-002 0.30435322715945E-002 0.32575486749935E-002 -.82695038465618E-005 -.28490188840626E-003 -.53999438697182E-006 -.41258206179080E-003 -.55677009601414E-005 -.33233727629230E-004 -.10117082459509E-009 0.97544154115624E-008 -.48266222934837E-008 0.00000000000000E+000 0.28881547986642E+004 0.00000000000000E+000 0.00000000000000E+000 0.00000000000000E+000
 202 0.43739814819986E-001 -.10997103705208E-002 0.34290518278323E-002 0.42527852709054E-003 -.98073256467828E-002 0.12745350808972E-002 0.90091308156707E-002 -.24927957337464E-004 -.15349499383469E-004 -.13876886880547E-005 -.97155525013971E-003 -.37835800066668E-002 0.26479126908239E-002 0.33073721888752E-002 -.11236637379350E-004 -.29538783195605E-003 -.48040562041545E-006 -.40629943135826E-003 -.47376465694315E-005 -.27116702004950E-004 -.63744168088327E-010 0.10590963755180E-007 -.52636097935460E-008 0.00000000000000E+000 0.27286176488294E+004 0.00000000000000E+000 0.00000000000000E+000 0.00000000000000E+000
 203 0.44163230011830E-001 -.13540057812634E-002 0.34734469260448E-002 0.50517001748899E-003 -.94561028855304E-002 0.13475540701745E-002 0.84851736885851E-002 -.23522514324905E-004 -.23528878798028E-004 -.19636937125853E-005 -.93908196593961E-003 -.34585332035539E-002 0.22310511959248E-002 0.33539235982864E-002 -.14072131540214E-004 -.30306209496789E-003 -.42265224878593E-006 -.39649207117042E-003 -.39602167500127E-005 -.21702798804649E-004 -.23798400217983E-010 0.11509721376327E-007 -.57429614880547E-008 0.00000000000000E+000 0.25608804292663E+004 0.00000000000000E+000 0.00000000000000E+000 0.00000000000000E+000
 204 0.44617498540994E-001 -.16016887928893E-002 0.35006198154671E-002 0.58482279140422E-003 -.90744687284929E-002 0.14137352258495E-002 0.79328279666961E-002 -.21997840459106E-004 -.30945883529117E-004 -.24797935303606E-005 -.89653954359200E-003 -.31289001640266E-002 0.17934692953355E-002 0.33962426533781E-002 -.16699849771909E-004 -.30735303960396E-003 -.36708043840246E-006 -.38298970031616E-003 -.32426448564604E-005 -.16980951937988E-004 0.18309350824621E-010 0.12521676955920E-007 -.62699931533723E-008 0.00000000000000E+000 0.23850031643531E+004 0.00000000000000E+000 0.00000000000000E+000 0.00000000000000E+000
 205 0.45108493922487E-001 -.18387415005531E-002 0.35087689623042E-002 0.66246170773567E-003 -.86596529376208E-002 0.14708366292779E-002 0.73512177603839E-002 -.20350790129789E-004 -.37345007613546E-004 -.29180464911627E-005 -.84384957595812E-003 -.27959489498008E-002 0.13362688733380E-002 0.34330885484553E-002 -.19027800007109E-004 -.30762640062441E-003 -.31405152556314E-006 -.36563869224462E-003 -.25914548341527E-005 -.12933647807524E-004 0.62044705807697E-010 0.13640012241114E-007 -.68510284734609E-008 0.00000000000000E+000 0.22011877788508E+004 0.00000000000000E+000 0.00000000000000E+000 0.00000000000000E+000
 206 0.45643635642851E-001 -.20598658171901E-002 0.34957990685757E-002 0.73570616967753E-003 -.82086042225208E-002 0.15160602283554E-002 0.67397807076878E-002 -.18580366017468E-004 -.42448005525818E-004 -.32592029531528E-005 -.78113369719581E-003 -.24613982853236E-002 0.86156011968081E-003 0.34628267017252E-002 -.20946132740181E-004 -.30319624770508E-003 -.26395163904315E-006 -.34432096309458E-003 -.20123897790787E-005 -.95372962879991E-005 0.10662494250230E-009 0.14880308840660E-007 -.74934668915813E-008 0.00000000000000E+000 0.20099041894005E+004 0.00000000000000E+000 0.00000000000000E+000 0.00000000000000E+000
 207 0.46232758331302E-001 -.22581775227498E-002 0.34592207127390E-002 0.80143626835939E-003 -.77177929904557E-002 0.15459504380634E-002 0.60981697282189E-002 -.16688351819192E-004 -.45964784330452E-004 -.34835276692940E-005 -.70877050915026E-003 -.21274006391362E-002 0.37269158433525E-003 0.34832968137778E-002 -.22327719770379E-004 -.29335033727416E-003 -.21716669038751E-006 -.31896736862080E-003 -.15097974973776E-005 -.67596909277798E-005 0.15096249059263E-009 0.16261752233725E-007 -.82063573621590E-008 0.00000000000000E+000 0.18119125750910E+004 0.00000000000000E+000 0.00000000000000E+000 0.00000000000000E+000
 208 0.46890015549250E-001 -.24248054716101E-002 0.33958687106384E-002 0.85563338733450E-003 -.71825175107436E-002 0.15562311276932E-002 0.54256447080528E-002 -.14678990102135E-004 -.47606849212175E-004 -.35714924770573E-005 -.62739295655893E-003 -.17963262405287E-002 -.12573146796138E-003 0.34915853314714E-002 -.23029019441453E-004 -.27737016622420E-003 -.17404094215036E-006 -.28954805139652E-003 -.10858603547474E-005 -.45576373114189E-005 0.19361606092173E-009 0.17810237359300E-007 -.90019267101108E-008 0.00000000000000E+000 0.16081550020945E+004 0.00000000000000E+000 0.00000000000000E+000 0.00000000000000E+000
 209 0.47636466973057E-001 -.25478312940525E-002 0.33013650644984E-002 0.89301463540799E-003 -.65964242835232E-002 0.15414551324223E-002 0.47210083080654E-002 -.12560932970643E-004 -.47096989371675E-004 -.35042993402310E-005 -.53795930596524E-003 -.14709504548730E-002 -.62705204630148E-003 0.34835563357998E-002 -.22889215510843E-004 -.25456372523804E-003 -.13488938899555E-006 -.25608300038850E-003 -.74058564343204E-006 -.28791188732373E-005 0.23264953787278E-009 0.19561931771484E-007 -.98972906546786E-008 0.00000000000000E+000 0.13998676589431E+004 0.00000000000000E+000 0.00000000000000E+000 0.00000000000000E+000
 210 0.48502911491047E-001 -.26104449379786E-002 0.31694774014505E-002 0.90647855783022E-003 -.59522567504300E-002 0.14946168878087E-002 0.39842150113332E-002 -.10355261176554E-004 -.44199721878704E-004 -.32663038696819E-005 -.44210501144529E-003 -.11554428991527E-002 -.11200271928032E-002 0.34530875203823E-002 -.21738228844326E-004 -.22441754702634E-003 -.10007073719995E-006 -.21875622615958E-003 -.47222431550842E-006 -.16668218373445E-005 0.26534978217753E-009 0.21564887507120E-007 -.10915118644649E-007 0.00000000000000E+000 0.11892391071733E+004 0.00000000000000E+000 0.00000000000000E+000 0.00000000000000E+000
 211 0.49533599406953E-001 -.25891441021303E-002 0.29915314888011E-002 0.88682550328961E-003 -.52442199970648E-002 0.14072501790455E-002 0.32196376231940E-002 -.81097132932242E-005 -.38819185994868E-004 -.28522622281038E-005 -.34279193569182E-003 -.85676686482230E-003 -.15847244239948E-002 0.33910790195758E-002 -.19436928380002E-004 -.18700440746407E-003 -.70042130501528E-007 -.17817253149080E-003 -.27687945590457E-006 -.85707348800203E-006 0.28795308684036E-009 0.23878004542155E-007 -.12082978814498E-007 0.00000000000000E+000 0.98048720036562E+003 0.00000000000000E+000 0.00000000000000E+000 0.00000000000000E+000
 212 0.50791679604412E-001 -.24538390516570E-002 0.27560844350256E-002 0.82373451340913E-003 -.44724973577397E-002 0.12709216152941E-002 0.24407980868381E-002 -.59161671455800E-005 -.31197533853879E-004 -.22814033666517E-005 -.24506258760279E-003 -.58582277376869E-003 -.19877716140937E-002 0.32844387635511E-002 -.15976811510150E-004 -.14373750258687E-003 -.45330885660442E-007 -.13574956175893E-003 -.14708225886403E-006 -.37495892352982E-006 0.29574568274181E-009 0.26566203503785E-007 -.13430974593263E-007 0.00000000000000E+000 0.78098433372449E+003 0.00000000000000E+000 0.00000000000000E+000 0.00000000000000E+000
 213 0.52365221442101E-001 -.21742181166313E-002 0.24499617920633E-002 0.70982850204374E-003 -.36512843136978E-002 0.10816896939610E-002 0.16766329677952E-002 -.39221274021515E-005 -.22187314098130E-004 -.16165304561273E-005 -.15641757409574E-003 -.35736377162829E-003 -.22795614160735E-002 0.31159128879134E-002 -.11650320572956E-004 -.98355610434593E-004 -.26396719501914E-007 -.94164251101837E-004 -.70527859685080E-007 -.13219795577401E-006 0.28425431997476E-009 0.29686373650717E-007 -.14985313985346E-007 0.00000000000000E+000 0.60173327746840E+003 0.00000000000000E+000 0.00000000000000E+000 0.00000000000000E+000
 214 0.54369425733594E-001 -.17400297883381E-002 0.20638195107345E-002 0.54954614382053E-003 -.28191607310535E-002 0.84854385125865E-003 0.97635970214085E-003 -.23086636177366E-005 -.13368545425298E-004 -.97163536535169E-006 -.85588414788310E-004 -.18639279142141E-003 -.24014570073913E-002 0.28671654783291E-002 -.71917594207717E-005 -.57212996834611E-004 -.13360348950781E-007 -.57417994374390E-004 -.30993038344701E-007 -.35496253807653E-007 0.25243713487168E-009 0.33259459885681E-007 -.16755948510276E-007 0.00000000000000E+000 0.45530564983806E+003 0.00000000000000E+000 0.00000000000000E+000 0.00000000000000E+000
 215 0.56939099330175E-001 -.11952916200613E-002 0.16063438232753E-002 0.36816176452015E-003 -.20414031491372E-002 0.60064368515940E-003 0.40401054203157E-003 -.12041883371288E-005 -.65226599837978E-005 -.47352483522240E-006 -.38494557309471E-004 -.79403655986614E-004 -.23134365947054E-002 0.25281696261743E-002 -.35790908731435E-005 -.26956464532414E-004 -.56612752949023E-008 -.29629047811414E-004 -.12659634604908E-007 -.70008904635353E-008 0.20674892559350E-009 0.37242275085240E-007 -.18724512005417E-007 0.00000000000000E+000 0.34939878365921E+003 0.00000000000000E+000 0.00000000000000E+000 0.00000000000000E+000
 216 0.60209576276051E-001 -.65314679853345E-003 0.11215332089947E-002 0.20528108706267E-003 -.13891261765729E-002 0.37955685130239E-003 0.15338920689445E-004 -.58461059428177E-006 -.24964184776655E-005 -.18116765018640E-006 -.13804313044254E-004 -.26649547232397E-004 -.20313690471687E-002 0.21109521247107E-002 -.13885854038628E-005 -.99414860352742E-005 -.19489953388719E-008 -.12554077472362E-004 -.46879277996885E-008 -.10399513156775E-008 0.16023756713739E-009 0.41533461824424E-007 -.20846849695781E-007 0.00000000000000E+000 0.28018057843790E+003 0.00000000000000E+000 0.00000000000000E+000 0.00000000000000E+000
 217 0.64294301386132E-001 -.24241075898499E-003 0.68164833644941E-003 0.89184276806238E-004 -.90295176072909E-003 0.21500255328163E-003 -.17351055322327E-003 -.29265011019531E-006 -.74421894889009E-006 -.53991027717067E-007 -.39158685981832E-005 -.69469725246371E-005 -.16319124403470E-002 0.16554733611574E-002 -.41834467627970E-006 -.28488722720098E-005 -.53905123286989E-009 -.43144266770799E-005 -.14947962608617E-008 -.13538239783373E-009 0.12368576224218E-009 0.46018845635113E-007 -.23071265698678E-007 0.00000000000000E+000 0.23482146100034E+003 0.00000000000000E+000 0.00000000000000E+000 0.00000000000000E+000
 218 0.69272922330509E-001 -.19668894907241E-004 0.34436565408873E-003 0.21550663385876E-004 -.57650884057872E-003 0.11018289975739E-003 -.20003716133073E-003 -.16452422146148E-006 -.17577523018906E-006 -.12743046947766E-007 -.89207722596391E-006 -.14197432199121E-005 -.12110063260692E-002 0.12166767224946E-002 -.10099738241585E-006 -.64627843068235E-006 -.12105824025365E-009 -.12109132603736E-005 -.39735398971659E-009 -.19801158729922E-010 0.99136186134618E-010 0.50605739133690E-007 -.25352437659912E-007 0.00000000000000E+000 0.20138509101445E+003 0.00000000000000E+000 0.00000000000000E+000 0.00000000000000E+000
 219 0.75193773008912E-001 0.50492485142594E-004 0.12154931252392E-003 -.11877822947364E-004 -.37289850859113E-003 0.50507831287700E-004 -.13501599819982E-003 -.10452464051858E-006 -.33982696049191E-007 -.24613251847831E-008 -.16828170828864E-006 -.23345465620098E-006 -.84018673612969E-003 0.84133251689073E-003 -.21276922693088E-007 -.12016136737415E-006 -.22678000958527E-010 -.28297833509887E-006 -.87978507575264E-010 -.33900221764502E-011 0.83153816541806E-010 0.55219639056168E-007 -.27651396436355E-007 0.00000000000000E+000 0.17389189828830E+003 0.00000000000000E+000 0.00000000000000E+000 0.00000000000000E+000
 220 0.82080566630122E-001 0.40211754535880E-004 -.87397031257261E-005 -.25973752736887E-004 -.25045961913817E-003 0.18613649409888E-004 -.44867028172526E-004 -.72586149443196E-007 -.55973418013530E-008 -.40507582657959E-009 -.27306119997326E-007 -.31998291319687E-007 -.55285135300455E-003 0.55305353561817E-003 -.48764138230281E-008 -.19084913666977E-007 -.36716697085261E-011 -.56438296577978E-007 -.16518661669873E-010 -.57751897632172E-012 0.72130371118746E-010 0.59788842113375E-007 -.29930486242247E-007 0.00000000000000E+000 0.15049420020575E+003 0.00000000000000E+000 0.00000000000000E+000 0.00000000000000E+000
 221 0.89935693585999E-001 0.61042604545369E-005 -.76200614047348E-004 -.30495948530816E-004 -.17716406450307E-003 0.18336147546893E-005 0.31143848907078E-004 -.53733529601341E-007 -.81848815757277E-009 -.59198446314086E-010 -.39634643404639E-008 -.38079966896964E-008 -.35182864121125E-003 0.35186147169650E-003 -.17579357210389E-008 -.27004240678912E-008 -.53330222082663E-012 -.98584365931315E-008 -.26961702051008E-011 -.89499105482073E-013 0.63915816609582E-010 0.64237645724955E-007 -.32150780770782E-007 0.00000000000000E+000 0.13066197713702E+003 0.00000000000000E+000 0.00000000000000E+000 0.00000000000000E+000
 222 0.98743810502386E-001 -.24273436878440E-004 -.10490437037566E-003 -.30632561367625E-004 -.13261370667214E-003 -.71361590718088E-005 0.80320318627022E-004 -.41825110531765E-007 -.11022312830531E-009 -.79673701665943E-011 -.53271044222121E-009 -.41105013432780E-009 -.22268127581563E-003 0.22268682128776E-003 -.10373050447128E-008 -.35392032182493E-009 -.71840535577802E-013 -.15457070352304E-008 -.39237518426290E-012 -.12513053751995E-013 0.57398358019320E-010 0.68489915070916E-007 -.34273656714468E-007 0.00000000000000E+000 0.11396337197913E+003 0.00000000000000E+000 0.00000000000000E+000 0.00000000000000E+000
 223 0.10848019875197E+000 -.43428067074457E-004 -.11135672809806E-003 -.28859854096038E-004 -.10479978904533E-003 -.12003351006813E-004 0.10512611596233E-003 -.33878693356630E-007 -.14051502415741E-010 -.10146898890151E-011 -.68016170505363E-010 -.42021551962238E-010 -.14533000430105E-003 0.14533137760106E-003 -.75874627806494E-009 -.44798834319855E-010 -.92006844048089E-014 -.22226719647454E-009 -.52088201067222E-013 -.16037114429699E-014 0.51968605706646E-010 0.72477271157692E-007 -.36264619881699E-007 0.00000000000000E+000 0.99880254629519E+002 0.00000000000000E+000 0.00000000000000E+000 0.00000000000000E+000
 224 0.11912087631223E+000 -.52582273963411E-004 -.10613927259595E-003 -.26323230646582E-004 -.86733698482982E-004 -.14585468465680E-004 0.11295916562856E-003 -.28270056365267E-007 -.17247067649491E-011 -.12433215992571E-012 -.83779168323151E-011 -.42227161557960E-011 -.10139657626059E-003 0.10139725142617E-003 -.59495016561279E-009 -.60879292237075E-011 -.11384071809290E-014 -.29831716488442E-010 -.64281300674687E-014 -.19183931948319E-015 0.47252896098487E-010 0.76145009884368E-007 -.38096131390233E-007 0.00000000000000E+000 0.87902631124220E+002 0.00000000000000E+000 0.00000000000000E+000 0.00000000000000E+000
 225 0.13064843921597E+000 -.55055024763501E-004 -.95680123699960E-004 -.23568387272822E-004 -.74325570239162E-004 -.15818109172047E-004 0.11081643089328E-003 -.24076078999262E-007 -.20555381609448E-012 -.14781341880167E-013 -.10031386209309E-011 -.42773693642861E-012 -.77189404848429E-004 0.77189895755660E-004 -.48036544616365E-009 -.13109922670881E-011 -.13824254689496E-015 -.37889514803490E-011 -.74864551381019E-015 -.21744763369691E-016 0.43010051196723E-010 0.79453201593053E-007 -.39748105822125E-007 0.00000000000000E+000 0.77607896900940E+002 0.00000000000000E+000 0.00000000000000E+000 0.00000000000000E+000
 226 0.14305205165319E+000 -.53728749150668E-004 -.83620407693594E-004 -.20865921397846E-004 -.65204916428621E-004 -.16226453549849E-004 0.10366276452084E-003 -.20771748996824E-007 -.23877887922831E-013 -.17117106346528E-014 -.11716129770393E-012 -.44122724420711E-013 -.63798214792531E-004 0.63798610562437E-004 -.39399741408615E-009 -.66471468360155E-012 -.17467024698543E-016 -.46035756976768E-012 -.83268892136170E-016 -.23634669263811E-017 0.39091109616370E-010 0.82375111890346E-007 -.41207101499981E-007 0.00000000000000E+000 0.68679095838169E+002 0.00000000000000E+000 0.00000000000000E+000 0.00000000000000E+000
 227 0.15632487699443E+000 -.50528306161653E-004 -.71834963013717E-004 -.18348070462388E-004 -.58034228590091E-004 -.16126301123006E-004 0.94518132699726E-004 -.18061565393658E-007 -.27095647789025E-014 -.19355524571511E-015 -.13376986361584E-013 -.46276620477131E-014 -.55975596723746E-004 0.55975923421496E-004 -.32604411451308E-009 -.52475988162180E-012 -.30243177900187E-017 -.53973398867759E-013 -.89301231412008E-017 -.24865973944421E-018 0.35415528748638E-010 0.84895646268322E-007 -.42465530898535E-007 0.00000000000000E+000 0.60886925266173E+002 0.00000000000000E+000 0.00000000000000E+000 0.00000000000000E+000
 228 0.17046214431791E+000 -.46579240998586E-004 -.61157393583014E-004 -.16071339713757E-004 -.52082383263049E-004 -.15714332088512E-004 0.85023129239183E-004 -.15778676350282E-007 -.30115122389160E-015 -.21431705915416E-016 -.14969146921045E-014 -.49022006056817E-015 -.50871584305651E-004 0.50871855965927E-004 -.27118971358662E-009 -.45594935028799E-012 -.11556905269474E-017 -.61499149544221E-014 -.93067672864448E-018 -.25514797233525E-019 0.31949667233385E-010 0.87010461346059E-007 -.43521205506646E-007 0.00000000000000E+000 0.54062604127397E+002 0.00000000000000E+000 0.00000000000000E+000 0.00000000000000E+000
 229 0.18545972900969E+000 -.42481748308915E-004 -.51856413506940E-004 -.14049967494015E-004 -.46958511836540E-004 -.15115021681913E-004 0.75974492219292E-004 -.13825530975202E-007 -.33003486414118E-016 -.23381751815441E-017 -.16501617911892E-015 -.52161738317021E-016 -.47046219945318E-004 0.47046446640636E-004 -.22628997992284E-009 -.40371448332259E-012 -.77846411946770E-018 -.68512656801126E-015 -.94875281322446E-019 -.25691597852036E-020 0.28687444793900E-010 0.88725049407006E-007 -.44376868425900E-007 0.00000000000000E+000 0.48075741533504E+002 0.00000000000000E+000 0.00000000000000E+000 0.00000000000000E+000
 230 0.20131161955450E+000 -.38529972712145E-004 -.43923794927832E-004 -.12275729025578E-004 -.42453274744832E-004 -.14408237725519E-004 0.67702154467437E-004 -.12140842019894E-007 -.37024086975683E-017 -.25918744256403E-018 -.18294335345693E-016 -.55881452717426E-017 -.43822400387391E-004 0.43822590042896E-004 -.18929582658815E-009 -.35949947725991E-012 -.60541392504967E-018 -.75022694882869E-016 -.95151583443568E-020 -.25522241535034E-021 0.25635615163657E-010 0.90053414290825E-007 -.45039524952994E-007 0.00000000000000E+000 0.42820397474811E+002 0.00000000000000E+000 0.00000000000000E+000 0.00000000000000E+000
 231 0.21800573665781E+000 -.34853434733750E-004 -.37234316403909E-004 -.10729743032339E-004 -.38449846929590E-004 -.13646219916926E-004 0.60299123716651E-004 -.10682267868668E-007 -.54233077223852E-018 -.35571139830283E-019 -.23001879679007E-017 -.62359388471811E-018 -.40906721991671E-004 0.40906881047728E-004 -.15873502087134E-009 -.32101628150159E-012 -.48330965155650E-018 -.81157216802443E-017 -.94391094959449E-021 -.25138437553200E-022 0.22804317387129E-010 0.91016579782662E-007 -.45519692050025E-007 0.00000000000000E+000 0.38207347218734E+002 0.00000000000000E+000 0.00000000000000E+000 0.00000000000000E+000
 232 0.23551953602840E+000 -.31498184375546E-004 -.31626952069273E-004 -.93890785022462E-005 -.34876736029488E-004 -.12863865378816E-004 0.53748368953599E-004 -.94176670875092E-008 -.19791396734034E-018 -.11189615737170E-019 -.52392912470362E-018 -.84455346325667E-019 -.38185107315771E-004 0.38185241069502E-004 -.13346653428932E-009 -.28719391256207E-012 -.38886218703770E-018 -.87168525127836E-018 -.93113015742250E-022 -.24671185212122E-023 0.20201988858638E-010 0.91641251109325E-007 -.45830726549092E-007 0.00000000000000E+000 0.34159662618585E+002 0.00000000000000E+000 0.00000000000000E+000 0.00000000000000E+000
 233 0.25381908643624E+000 -.28469557518165E-004 -.26941222880189E-004 -.82300715820017E-005 -.31683689641302E-004 -.12084776120781E-004 0.47986773913158E-004 -.83207107164864E-008 -.15357233320275E-018 -.80570434686935E-020 -.29044106173078E-018 -.18487436289957E-019 -.35620023073925E-004 0.35620135894877E-004 -.11256360646081E-009 -.25734426152691E-012 -.31461166778929E-018 -.93414706777037E-019 -.91810649884336E-023 -.24241254985690E-024 0.17832726952470E-010 0.91958598784131E-007 -.45988215755542E-007 0.00000000000000E+000 0.30609559942016E+002 0.00000000000000E+000 0.00000000000000E+000 0.00000000000000E+000
 234 0.27286454934003E+000 -.25753308332250E-004 -.23030100634584E-004 -.72298447685507E-005 -.28829877022971E-004 -.11324865319132E-004 0.42934523553189E-004 -.73687682205269E-008 -.14128591115041E-018 -.72492432912731E-020 -.23333039961250E-018 -.54741164551978E-020 -.33202579882967E-004 0.33202675371958E-004 -.95258041394537E-010 -.23094932608241E-012 -.25593278045071E-018 -.10031424091116E-019 -.90897798086387E-024 -.23947894102374E-025 0.15694485555728E-010 0.92002744918549E-007 -.46009219702052E-007 0.00000000000000E+000 0.27495942450968E+002 0.00000000000000E+000 0.00000000000000E+000 0.00000000000000E+000
 235 0.29261854565936E+000 -.23325985950452E-004 -.19763405854422E-004 -.63670678834010E-005 -.26278901381183E-004 -.10594600263459E-004 0.38508300684516E-004 -.65420237042351E-008 -.13263949992466E-018 -.67449209655271E-020 -.20340005940435E-018 -.91861083665900E-022 -.30932364381886E-004 0.30932445500839E-004 -.80911364013638E-010 -.20758831607479E-012 -.20936836621478E-018 -.10830623823291E-020 -.90684545714973E-025 -.23864220754071E-026 0.13778499091915E-010 0.91808771279385E-007 -.45911274889239E-007 0.00000000000000E+000 0.24763175195338E+002 0.00000000000000E+000 0.00000000000000E+000 0.00000000000000E+000
 236 0.31304991927575E+000 -.21160541323921E-004 -.17029115534751E-004 -.56224368285001E-005 -.23997474916980E-004 -.99004325639504E-005 0.34628261622192E-004 -.58231295559748E-008 -.12460652333418E-018 -.63133082316919E-020 -.18226608097585E-018 0.30498426276138E-020 -.28809723871131E-004 0.28809793052513E-004 -.68994478425242E-010 -.18690286958122E-012 -.17225572298016E-018 -.11785379218845E-021 -.91401047388793E-026 -.24044123553306E-027 0.12070879305928E-010 0.91410810817873E-007 -.45711440848589E-007 0.00000000000000E+000 0.22361177099534E+002 0.00000000000000E+000 0.00000000000000E+000 0.00000000000000E+000
 237 0.33413141121550E+000 -.19229653823074E-004 -.14733660124888E-004 -.49789326688815E-005 -.21955396922309E-004 -.92458308989409E-005 0.31222027538078E-004 -.51969984590162E-008 -.11687281335792E-018 -.59188679687756E-020 -.16619184031667E-018 0.49440643258367E-020 -.26833023778827E-004 0.26833083017970E-004 -.59070566180837E-010 -.16857624861627E-012 -.14253483993671E-018 -.12948854567283E-022 -.93247664206438E-027 -.24534269674547E-028 0.10555275603639E-010 0.90840853310171E-007 -.45425704292887E-007 0.00000000000000E+000 0.20245842347178E+002 0.00000000000000E+000 0.00000000000000E+000 0.00000000000000E+000
 238 0.35583658338770E+000 -.17507508007785E-004 -.12800307239560E-004 -.44218310162942E-005 -.20125549129860E-004 -.86321553610933E-005 0.28226090154697E-004 -.46506074265783E-008 -.10942534519546E-018 -.55511691134835E-020 -.15353040205540E-018 0.59992896494211E-020 -.24998116548980E-004 0.24998167482399E-004 -.50781094334580E-010 -.15232521640874E-012 -.11861225769310E-018 -.14386923154003E-023 -.96440751582012E-028 -.25374118828321E-029 0.92146970368993E-011 0.90128214864119E-007 -.45068714780578E-007 0.00000000000000E+000 0.18378919773894E+002 0.00000000000000E+000 0.00000000000000E+000 0.00000000000000E+000
 239 0.37813937424931E+000 -.15970462652545E-004 -.11166331004072E-004 -.39385224347497E-005 -.18483706584616E-004 -.80593544176400E-005 0.25585413811567E-004 -.41727868919594E-008 -.10228760882817E-018 -.52053438160662E-020 -.14323938190175E-018 0.64769353598742E-020 -.23298878511951E-004 0.23298922483492E-004 -.43833641619104E-010 -.13789886039231E-012 -.99256195315198E-019 -.16186089681326E-024 -.10125913871082E-028 -.26491378524645E-030 0.80322292271007E-011 0.89299300345402E-007 -.44653666287314E-007 0.00000000000000E+000 0.16727402726050E+002 0.00000000000000E+000 0.00000000000000E+000 0.00000000000000E+000
 240 0.40101479541864E+000 -.14597174010214E-004 -.97803514544589E-005 -.35182599127783E-005 -.17008321179519E-004 -.75264402336873E-005 0.23252465970235E-004 -.37539912857356E-008 -.95485491158261E-019 -.48788866615528E-020 -.13461235904885E-018 0.65610147367752E-020 -.21727968885799E-004 0.21728007001331E-004 -.37990454562064E-010 -.12507682753578E-012 -.83512964857395E-019 -.18482044146439E-025 -.10817620649905E-029 -.26527063961396E-031 0.69914377044274E-011 0.88377516509772E-007 -.44192253973738E-007 0.00000000000000E+000 0.15262847335753E+002 0.00000000000000E+000 0.00000000000000E+000 0.00000000000000E+000
 241 0.42443889914290E+000 -.13368559013215E-004 -.86003029346899E-005 -.31519097256270E-005 -.15680319533768E-004 -.70318037665119E-005 0.21186322041930E-004 -.33860707312399E-008 -.89039152004208E-019 -.45704876813695E-020 -.12716682552560E-018 0.63828540739336E-020 -.20277386137440E-004 0.20277419309270E-004 -.33058163576888E-010 -.11366561681853E-012 -.70641416845384E-019 -.21671884414245E-026 -.11841260514945E-030 -.10976169646821E-032 0.60768024076267E-011 0.87383349936968E-007 -.43694713369688E-007 0.00000000000000E+000 0.13960790252345E+002 0.00000000000000E+000 0.00000000000000E+000 0.00000000000000E+000
 242 0.44838831839630E+000 -.12267690946462E-004 -.75917937700737E-005 -.28317243229381E-005 -.14482878408375E-004 -.65734456686606E-005 0.19351856241651E-004 -.30620653933207E-008 -.82960324920425E-019 -.42793934476456E-020 -.12057274833738E-018 0.60363540302510E-020 -.18938831154401E-004 0.18938860137156E-004 -.28879259726537E-010 -.10349498270759E-012 -.60063100273969E-019 -.28459228148118E-027 -.11330007122571E-031 0.17292126333286E-032 0.52740294562597E-011 0.86334560328377E-007 -.43169917178916E-007 0.00000000000000E+000 0.12800225193903E+002 0.00000000000000E+000 0.00000000000000E+000 0.00000000000000E+000
 243 0.47284032574663E+000 -.11279624567332E-004 -.67266454623099E-005 -.25511378864769E-005 -.13401185968997E-004 -.61491587794814E-005 0.17718927462105E-004 -.27760335725460E-008 -.77252855944710E-019 -.40050956571266E-020 -.11460573367460E-018 0.55882327968056E-020 -.17704021389141E-004 0.17704046808907E-004 -.25325350195644E-010 -.94415656163767E-013 -.51324922241946E-019 -.73933505080966E-028 0.79208283177721E-031 0.19690343771402E-032 0.45701151650559E-011 0.85246400085970E-007 -.42625485100567E-007 0.00000000000000E+000 0.11763108918643E+002 0.00000000000000E+000 0.00000000000000E+000 0.00000000000000E+000
 244 0.49777301024882E+000 -.10391199941088E-004 -.59816587409337E-005 -.23045882832780E-005 -.12422230914653E-004 -.57566665439538E-005 0.16261635270218E-004 -.25229090313668E-008 -.71914446262749E-019 -.37471904625360E-020 -.10911566332412E-018 0.50851877458179E-020 -.16564972979299E-004 0.16564995357342E-004 -.22291745206272E-010 -.86297630693152E-013 -.44070832889846E-019 -.49296322410354E-028 0.11699134926103E-030 0.20301462122206E-032 0.39532812968814E-011 0.84131847041309E-007 -.42067900161303E-007 0.00000000000000E+000 0.10833932233427E+002 0.00000000000000E+000 0.00000000000000E+000 0.00000000000000E+000
 245 0.52316440960303E+000 -.95908816371897E-005 -.53377161177931E-005 -.20873650416898E-005 -.11534619298770E-004 -.53937091085351E-005 0.14957753361190E-004 -.22983707450765E-008 -.66937574344530E-019 -.35052651724757E-020 -.10400254330391E-018 0.45595249639999E-020 -.15514134464970E-004 0.15514154236870E-004 -.19692871571340E-010 -.79027639767162E-013 -.38019746592152E-019 -.27341460882000E-028 0.12006619503321E-032 0.21161134807099E-032 0.34129792969740E-011 0.83001891195549E-007 -.41502652087423E-007 0.00000000000000E+000 0.99993754450019E+001 0.00000000000000E+000 0.00000000000000E+000 0.00000000000000E+000
 246 0.54899112508369E+000 -.88686102233074E-005 -.47791140136470E-005 -.18954765275164E-005 -.10728380025948E-004 -.50580887331434E-005 0.13788269759110E-004 -.20987213615882E-008 -.62309883369070E-019 -.32788065027219E-020 -.99197899516778E-019 0.40336568729461E-020 -.14544369628837E-004 0.14544387159784E-004 -.17458440182042E-010 -.72506239938219E-013 -.32948411725948E-019 -.26033279632117E-028 0.20550824656995E-032 0.21496515195373E-032 0.29399261549112E-011 0.81865836385042E-007 -.40934388155598E-007 0.00000000000000E+000 0.92480042577223E+001 0.00000000000000E+000 0.00000000000000E+000 0.00000000000000E+000
 247 0.57522835422140E+000 -.82156105521935E-005 -.42929138673413E-005 -.17255322729845E-005 -.99947586176806E-005 -.47477031984577E-005 0.12736887311051E-004 -.19207880960775E-008 -.58015557706599E-019 -.30672028058963E-020 -.94654183338234E-019 0.35229159799604E-020 -.13648959860778E-004 0.13648975457951E-004 -.15530527326058E-010 -.66646063330973E-013 -.28678667004523E-019 -.24553487358659E-028 0.25247569334433E-032 0.21881282128985E-032 0.25259820995681E-011 0.80731513992978E-007 -.40367019987539E-007 0.00000000000000E+000 0.85699686900655E+001 0.00000000000000E+000 0.00000000000000E+000 0.00000000000000E+000
 248 0.60185129304218E+000 -.76241812605143E-005 -.38683340226802E-005 -.15746423185992E-005 -.93260417041769E-005 -.44605708103282E-005 0.11789521592203E-004 -.17618462744902E-008 -.54037182267662E-019 -.28698012282026E-020 -.90339722805125E-019 0.30371141241124E-020 -.12821679300684E-004 0.12821693223406E-004 -.13861351330571E-010 -.61370946067857E-013 -.25067881998892E-019 -.23130625604456E-028 0.29563847607573E-032 0.22244868173845E-032 0.21639271705498E-011 0.79605414221228E-007 -.39803789074200E-007 0.00000000000000E+000 0.79567346987245E+001 0.00000000000000E+000 0.00000000000000E+000 0.00000000000000E+000
 249 0.62883585654585E+000 -.70875385780694E-005 -.34963322484179E-005 -.14403355365781E-005 -.87154257087081E-005 -.41948357233812E-005 0.10933938601904E-004 -.16195512741845E-008 -.50356552604950E-019 -.26859216699001E-020 -.86233795945955E-019 0.25819610035472E-020 -.12056817874994E-004 0.12056830342976E-004 -.12411367228651E-010 -.56614519855509E-013 -.22001323125683E-019 -.21789584353713E-028 0.33604614210752E-032 0.22661335683206E-032 0.18473488152792E-011 0.78492835043165E-007 -.39247341195990E-007 0.00000000000000E+000 0.74008839297430E+001 0.00000000000000E+000 0.00000000000000E+000 0.00000000000000E+000
 250 0.65615828436423E+000 -.65997165200667E-005 -.31693469716907E-005 -.13204942392800E-005 -.81569040540229E-005 -.39487624862816E-005 0.10159522813394E-004 -.14918763960730E-008 -.46954707001187E-019 -.25148372275220E-020 -.82321441683163E-019 0.21605094920911E-020 -.11349116508823E-004 0.11349127708790E-004 -.11147648111471E-010 -.52318410828178E-013 -.19386093231647E-019 -.20529907987481E-028 0.37502868821046E-032 0.23162785173124E-032 0.15706302777552E-011 0.77398064216014E-007 -.38699817423146E-007 0.00000000000000E+000 0.68959617428869E+001 0.00000000000000E+000 0.00000000000000E+000 0.00000000000000E+000
 251 0.68379517204695E+000 -.61554681121315E-005 -.28810437348904E-005 -.12133004833679E-005 -.76451634547953E-005 -.37207389386877E-005 0.94570530517913E-005 -.13770661849110E-008 -.43812485201138E-019 -.23557929419040E-020 -.78591149457365E-019 0.17739962113676E-020 -.10693732797234E-004 0.10693742888360E-004 -.10042693716190E-010 -.48431219379539E-013 -.17146663979405E-019 -.19347930690869E-028 0.41295813158341E-032 0.23741315351491E-032 0.13288668661995E-011 0.76324523865099E-007 -.38162926365983E-007 0.00000000000000E+000 0.64363400936287E+001 0.00000000000000E+000 0.00000000000000E+000 0.00000000000000E+000
 252 0.71172396967226E+000 -.57501636262508E-005 -.26260608667326E-005 -.11171913192304E-005 -.71755026772351E-005 -.35092835164684E-005 0.88184772008853E-005 -.12736027053385E-008 -.40911412288430E-019 -.22080493703778E-020 -.75034707769715E-019 0.14221702879669E-020 -.10086266196660E-004 0.10086275315115E-004 -.90735462321267E-011 -.44908089358282E-013 -.15221527535741E-019 -.18239806689129E-028 0.44971664590071E-032 0.24373213511000E-032 0.11177226997292E-011 0.75274879579390E-007 -.37637998651045E-007 0.00000000000000E+000 0.60170988477107E+001 0.00000000000000E+000 0.00000000000000E+000 0.00000000000000E+000
 253 0.73992239557518E+000 -.53797235618489E-005 -.23998568361922E-005 -.10308211084676E-005 -.67437668277619E-005 -.33130388601704E-005 0.82367656477487E-005 -.11801710510395E-008 -.38233787926601E-019 -.20708841471716E-020 -.71645686369912E-019 0.11038328197246E-020 -.95227288796591E-005 0.95227371423351E-005 -.82209661248989E-011 -.41709744464911E-013 -.13560353448607E-019 -.17201766470301E-028 0.48502382265860E-032 0.25030993911012E-032 0.93338514030555E-012 0.74251176179802E-007 -.37126054782471E-007 0.00000000000000E+000 0.56339362633204E+001 0.00000000000000E+000 0.00000000000000E+000 0.00000000000000E+000
 254 0.76836739500225E+000 -.50405695453554E-005 -.21986159355278E-005 -.95302930974762E-006 -.63462783266412E-005 -.31307591753813E-005 0.77058086869335E-005 -.10956259279962E-008 -.35762440305294E-019 -.19435767422779E-020 -.68417492122779E-019 0.81743960863051E-021 -.89994652255890E-005 0.89994727331065E-005 -.74687160084621E-011 -.38801363730753E-013 -.12121673219116E-019 -.16229909694350E-028 0.51911317967624E-032 0.25712941909971E-032 0.77256414513173E-012 0.73254970227224E-007 -.36627871395684E-007 0.00000000000000E+000 0.52830907324415E+001 0.00000000000000E+000 0.00000000000000E+000 0.00000000000000E+000
 255 0.79703546702774E+000 -.47295525891133E-005 -.20191101802477E-005 -.88281272514870E-006 -.59797710560744E-005 -.29613068239236E-005 0.72202740134627E-005 -.10189691444000E-008 -.33481092963035E-019 -.18254300415653E-020 -.65343694293833E-019 0.56119487452569E-021 -.85131313506976E-005 0.85131381899283E-005 -.68030783479053E-011 -.36152206630486E-013 -.10871241212615E-019 -.15320345665211E-028 0.55200596365781E-032 0.26409295268223E-032 0.63239687063509E-012 0.72287396118819E-007 -.36144014257845E-007 0.00000000000000E+000 0.49612606245833E+001 0.00000000000000E+000 0.00000000000000E+000 0.00000000000000E+000
 256 0.82590342527818E+000 -.44438803011962E-005 -.18585693374681E-005 -.81930162566668E-006 -.56413402753106E-005 -.28036476752301E-005 0.67754666134248E-005 -.94933181610293E-009 -.31374722573449E-019 -.17157927603750E-020 -.62418779810099E-019 0.33298422200324E-021 -.80607064458010E-005 0.80607126920082E-005 -.62124717798687E-011 -.33735381907931E-013 -.97807410118039E-020 -.14469412906876E-028 0.58428433565023E-032 0.27134886466263E-032 0.51034670883357E-012 0.71349209717027E-007 -.35674860031868E-007 0.00000000000000E+000 0.46655363300582E+001 0.00000000000000E+000 0.00000000000000E+000 0.00000000000000E+000
 257 0.85494806550230E+000 -.41810745058638E-005 -.17146171766880E-005 -.76174002949153E-006 -.53284022310919E-005 -.26568391713940E-005 0.63672485324130E-005 -.88595489508046E-009 -.29429394637986E-019 -.16140519657627E-020 -.59637543152759E-019 0.13056940559083E-021 -.76394604608854E-005 0.76394661794795E-005 -.56870667728710E-011 -.31527213173699E-013 -.88266259799908E-020 -.13673632408566E-028 0.61942867864017E-032 0.28029126487501E-032 0.40418490700427E-012 0.70440860966809E-007 -.35220632575858E-007 0.00000000000000E+000 0.43933511313842E+001 0.00000000000000E+000 0.00000000000000E+000 0.00000000000000E+000
 258 0.88414551819795E+000 -.39389416310594E-005 -.15852214168698E-005 -.70946992719587E-006 -.50386568790923E-005 -.25200225843955E-005 0.59919803570981E-005 -.82817331538399E-009 -.27632148060303E-019 -.15196285422854E-020 -.56994655161291E-019 -.48245986746766E-022 -.72469144472928E-005 0.72469196952826E-005 -.52184830097824E-011 -.29506731097043E-013 -.79892207813938E-020 -.12929595373357E-028 0.64676606197274E-032 0.28637427452580E-032 0.31196943812812E-012 0.69562564025835E-007 -.34781437997636E-007 0.00000000000000E+000 0.41424397822205E+001 0.00000000000000E+000 0.00000000000000E+000 0.00000000000000E+000
 259 0.91347098653935E+000 -.37155403437387E-005 -.14686364647053E-005 -.66191776588450E-006 -.47700540689362E-005 -.23924182760335E-005 0.56464578435602E-005 -.77540402883036E-009 -.25971029905779E-019 -.14319810952105E-020 -.54484800050033E-019 -.20556787057049E-021 -.68808179727701E-005 0.68808227999900E-005 -.47995644800885E-011 -.27655386557387E-013 -.72520428243853E-020 -.12234095264721E-028 0.67757069543048E-032 0.29411155839091E-032 0.23199845422021E-012 0.68714344297667E-007 -.34357288148060E-007 0.00000000000000E+000 0.39107996410807E+001 0.00000000000000E+000 0.00000000000000E+000 0.00000000000000E+000
 260 0.94289862950109E+000 -.35091522439730E-005 -.13633652239860E-005 -.61858203261315E-006 -.45207602705571E-005 -.22733160294428E-005 0.53278586754924E-005 -.72713352840976E-009 -.24434960069189E-019 -.13506005331887E-020 -.52102416337142E-019 -.34333964998056E-021 -.65391136706927E-005 0.65391181208175E-005 -.44241679695266E-011 -.25956654563015E-013 -.66012097406672E-020 -.11583990006476E-028 0.71647431353615E-032 0.30557162490982E-032 0.16279042002448E-012 0.67896073917054E-007 -.33948118353737E-007 0.00000000000000E+000 0.36966552302017E+001 0.00000000000000E+000 0.00000000000000E+000 0.00000000000000E+000
 261 0.97240210686076E+000 -.33182496516075E-005 -.12681226545898E-005 -.57902226902711E-006 -.42891259234715E-005 -.21620654603627E-005 0.50336872305644E-005 -.68290717638918E-009 -.23013637148435E-019 -.12750067792335E-020 -.49841624894151E-019 -.46331335259212E-021 -.62199065636483E-005 0.62199106750372E-005 -.40869930962956E-011 -.24395728092261E-013 -.60249702379474E-020 -.10976175002246E-028 0.74716480693332E-032 0.31389856372887E-032 0.10306060943277E-012 0.67107485083863E-007 -.33553794072236E-007 0.00000000000000E+000 0.34984243841158E+001 0.00000000000000E+000 0.00000000000000E+000 0.00000000000000E+000
 262 0.10019558795353E+001 -.31414582017165E-005 -.11817863192449E-005 -.54284997901353E-006 -.40736602879762E-005 -.20580709625183E-005 0.47617099185845E-005 -.64232258220406E-009 -.21697638041157E-019 -.12047564785649E-020 -.47696798131794E-019 -.56716600884629E-021 -.59214642730505E-005 0.59214680794816E-005 -.37834716089653E-011 -.22959453485283E-013 -.55133732123702E-020 -.10407842550676E-028 0.78488918209915E-032 0.32518381797569E-032 0.51668520137705E-013 0.66348164582358E-007 -.33174108125439E-007 0.00000000000000E+000 0.33146882690508E+001 0.00000000000000E+000 0.00000000000000E+000 0.00000000000000E+000
 263 0.10315358893024E+001 -.29775318433368E-005 -.11033649771940E-005 -.50972136666354E-006 -.38730148606263E-005 -.19607861754802E-005 0.45099117078193E-005 -.60502335676602E-009 -.20478397325108E-019 -.11394438395837E-020 -.45662741380843E-019 -.65656084653417E-021 -.56422145041676E-005 0.56422180354653E-005 -.35096614307696E-011 -.21636178862881E-013 -.50579727508706E-020 -.98762909374563E-029 0.81025790740575E-032 0.33205978032682E-032 0.75917445792295E-014 0.65617566825276E-007 -.32808787208510E-007 0.00000000000000E+000 0.31441705338554E+001 0.00000000000000E+000 0.00000000000000E+000 0.00000000000000E+000
 264 0.10611191773292E+001 -.28253435148970E-005 -.10319884172363E-005 -.47933181445762E-006 -.36859705170010E-005 -.18697086256288E-005 0.42764790341648E-005 -.57069269728682E-009 -.19348064356191E-019 -.10786933312734E-020 -.43734414411589E-019 -.73306364157745E-021 -.53807254926016E-005 0.53807287751592E-005 -.32621420357976E-011 -.20415495240107E-013 -.46515611351743E-020 -.93791458368815E-029 0.84888459710887E-032 0.34382906224177E-032 -.30071156010497E-013 0.64915050158934E-007 -.32457510043889E-007 0.00000000000000E+000 0.29857236643871E+001 0.00000000000000E+000 0.00000000000000E+000 0.00000000000000E+000
 265 0.10906832909461E+001 -.26838780137290E-005 -.96689138307660E-006 -.45141169626114E-006 -.35114272435754E-005 -.17843788038813E-005 0.40597841701725E-005 -.53904940793396E-009 -.18299482788295E-019 -.10221600310158E-020 -.41906991825529E-019 -.79814525504491E-021 -.51356959477011E-005 0.51356990049342E-005 -.30379449075972E-011 -.19288121895165E-013 -.42879802477809E-020 -.89140736449802E-029 0.89126158973155E-032 0.35750648159614E-032 -.62118211576198E-013 0.64239911002316E-007 -.32119924442052E-007 0.00000000000000E+000 0.28383174953735E+001 0.00000000000000E+000 0.00000000000000E+000 0.00000000000000E+000
 266 0.11202054989258E+001 -.25522280690147E-005 -.90740289513170E-006 -.42572247050386E-006 -.33483936965885E-005 -.17043778940483E-005 0.38583748209493E-005 -.50984371043122E-009 -.17326117951478E-019 -.96952649626254E-021 -.40175759567650E-019 -.85312987742697E-021 -.49059383563963E-005 0.49059412091293E-005 -.28344871446966E-011 -.18245754109737E-013 -.39619527214915E-020 -.84789154242848E-029 0.92895763694939E-032 0.36942652929869E-032 -.89254414558203E-013 0.63591415071336E-007 -.31795662908460E-007 0.00000000000000E+000 0.27010284497504E+001 0.00000000000000E+000 0.00000000000000E+000 0.00000000000000E+000
 267 0.11496622681891E+001 -.24295921376085E-005 -.85295278287938E-006 -.40205231604697E-006 -.31959698878713E-005 -.16293194820024E-005 0.36709710373555E-005 -.48285056416460E-009 -.16421803611150E-019 -.92048868369834E-021 -.38535448194244E-019 -.89904759742233E-021 -.46903347536376E-005 0.46903374204047E-005 -.26494863586066E-011 -.17280735580910E-013 -.36688973278857E-020 -.80715527599031E-029 0.96530550256898E-032 0.38085989637361E-032 -.11206775244526E-012 0.62968817160018E-007 -.31484352546133E-007 0.00000000000000E+000 0.25730265767914E+001 0.00000000000000E+000 0.00000000000000E+000 0.00000000000000E+000
 268 0.11790309739468E+001 -.23152520952667E-005 -.80305640904162E-006 -.38021175894858E-006 -.30533272078096E-005 -.15588436056932E-005 0.34964322923085E-005 -.45786566001214E-009 -.15580715523289E-019 -.87475581065918E-021 -.36980363424955E-019 -.93668434397352E-021 -.44878193869692E-005 0.44878218842718E-005 -.24809165180756E-011 -.16385983118533E-013 -.34048211563806E-020 -.76898959238402E-029 0.10106232307100E-031 0.39592747102921E-032 -.13104499503514E-012 0.62371335000753E-007 -.31185601977879E-007 0.00000000000000E+000 0.24535576543812E+001 0.00000000000000E+000 0.00000000000000E+000 0.00000000000000E+000
 269 0.12082931298454E+001 -.22085344294284E-005 -.75726627846209E-006 -.36003030869678E-006 -.29197002731510E-005 -.14926181917839E-005 0.33336951969384E-005 -.43470664383372E-009 -.14797681019921E-019 -.83206960046996E-021 -.35505672918068E-019 -.96691332262244E-021 -.42974228179169E-005 0.42974251604916E-005 -.23270193787963E-011 -.15555283509462E-013 -.31663031869644E-020 -.73320256196924E-029 0.10494759173106E-031 0.40839905939597E-032 -.14664981736370E-012 0.61798102640254E-007 -.30898977995218E-007 0.00000000000000E+000 0.23419279067851E+001 0.00000000000000E+000 0.00000000000000E+000 0.00000000000000E+000
 270 0.12374346367640E+001 -.21087979687530E-005 -.71514998908424E-006 -.34135460811581E-006 -.27943919988328E-005 -.14303397053910E-005 0.31817505304609E-005 -.41321308492070E-009 -.14068262861763E-019 -.79220979022850E-021 -.34107867030371E-019 -.99081868933705E-021 -.41183038175695E-005 0.41183060186417E-005 -.21862887506001E-011 -.14783356365961E-013 -.29504369852071E-020 -.69964293170334E-029 0.10814176368344E-031 0.41839430039757E-032 -.15935159167037E-012 0.61248188239556E-007 -.30624014443982E-007 0.00000000000000E+000 0.22375015815605E+001 0.00000000000000E+000 0.00000000000000E+000 0.00000000000000E+000
 271 0.12664417960445E+001 -.20154612038878E-005 -.67631936693472E-006 -.32404769829252E-006 -.26767765542829E-005 -.13717293739701E-005 0.30396832379790E-005 -.39324174647389E-009 -.13388420592100E-019 -.75497455342960E-021 -.32783629044702E-019 -.10094032239869E-020 -.39497106744825E-005 0.39497127459482E-005 -.20574001312987E-011 -.14065458876766E-013 -.27546969610178E-020 -.66817832560987E-029 0.11264481114014E-031 0.43338311256552E-032 -.16956512753185E-012 0.60720680394153E-007 -.30360255414513E-007 0.00000000000000E+000 0.21397065948794E+001 0.00000000000000E+000 0.00000000000000E+000 0.00000000000000E+000
 272 0.12952978645352E+001 -.19280268363467E-005 -.64046198397598E-006 -.30798801399595E-006 -.25662891539521E-005 -.13165292260141E-005 0.29067107549775E-005 -.37466132903303E-009 -.12754189230884E-019 -.72016227249963E-021 -.31528710482567E-019 -.10233134258455E-020 -.37909174168227E-005 0.37909193693681E-005 -.19391483369391E-011 -.13397008704122E-013 -.25768275205966E-020 -.63865399346554E-029 0.11664176524632E-031 0.44668336642181E-032 -.17759535899042E-012 0.60214746226628E-007 -.30107284315635E-007 0.00000000000000E+000 0.20480332823801E+001 0.00000000000000E+000 0.00000000000000E+000 0.00000000000000E+000
 273 0.13239845758658E+001 -.18460649100225E-005 -.60732871841319E-006 -.29306713352230E-006 -.24624092527740E-005 -.12645004729094E-005 0.27821591091989E-005 -.35735104292983E-009 -.12161737417289E-019 -.68757517465872E-021 -.30338249325814E-019 -.10328774236361E-020 -.36412102635035E-005 0.36412121067171E-005 -.18304399947837E-011 -.12773627263242E-013 -.24148202838907E-020 -.61091945749187E-029 0.12028041518326E-031 0.45864239307287E-032 -.18366326478930E-012 0.59729598149542E-007 -.29864707243139E-007 0.00000000000000E+000 0.19620211706858E+001 0.00000000000000E+000 0.00000000000000E+000 0.00000000000000E+000
 274 0.13524868458235E+001 -.17691688342348E-005 -.57668207580716E-006 -.27918733414374E-006 -.23646538880206E-005 -.12154259375708E-005 0.26653943201033E-005 -.34120364463262E-009 -.11607741275518E-019 -.65704216222128E-021 -.29208295629505E-019 -.10385370209699E-020 -.34999429728374E-005 0.34999447153601E-005 -.17303312072482E-011 -.12191542158503E-013 -.22669571327602E-020 -.58484456677698E-029 0.12415866120290E-031 0.47120682448557E-032 -.18800083213600E-012 0.59264419581512E-007 -.29632115790340E-007 0.00000000000000E+000 0.18812447442704E+001 0.00000000000000E+000 0.00000000000000E+000 0.00000000000000E+000
 275 0.13807937637324E+001 -.16969400637409E-005 -.54827149582561E-006 -.26626022349113E-006 -.22725837629938E-005 -.11691103007270E-005 0.25557948559045E-005 -.32612644837238E-009 -.11089497221349E-019 -.62842617633442E-021 -.28136372083586E-019 -.10409981876972E-020 -.33665754361305E-005 0.33665770858087E-005 -.16380304849058E-011 -.11647707595822E-013 -.21317987963299E-020 -.56032473555213E-029 0.12708917753923E-031 0.48063915643826E-032 -.19088855832677E-012 0.58818361389344E-007 -.29409085250393E-007 0.00000000000000E+000 0.18053112343158E+001 0.00000000000000E+000 0.00000000000000E+000 0.00000000000000E+000
 276 0.14088937351453E+001 -.16290197998165E-005 -.52187635205698E-006 -.25420608475889E-006 -.21858037711898E-005 -.11253712860528E-005 0.24528004239508E-005 -.31203505756501E-009 -.10604453441257E-019 -.60159633595482E-021 -.27119857359398E-019 -.10408531068755E-020 -.32406163734845E-005 0.32406179374464E-005 -.15528225748861E-011 -.11139276896709E-013 -.20080605577298E-020 -.53727343795343E-029 0.13099472793968E-031 0.49373883438083E-032 -.19255699363151E-012 0.58390621909163E-007 -.29195214676085E-007 0.00000000000000E+000 0.17338663187686E+001 0.00000000000000E+000 0.00000000000000E+000 0.00000000000000E+000
 277 0.14367719601993E+001 -.15651077518576E-005 -.49733669855996E-006 -.24295324012710E-006 -.21039506859223E-005 -.10840347579541E-005 0.23559436521765E-005 -.29884877468799E-009 -.10149927963331E-019 -.57641233611714E-021 -.26154971498292E-019 -.10383245745372E-020 -.31215614529308E-005 0.31215629376164E-005 -.14740222418366E-011 -.10663276599550E-013 -.18945404537328E-020 -.51557136710830E-029 0.13352775846624E-031 0.50156350102663E-032 -.19312760855370E-012 0.57980477682249E-007 -.28990142277320E-007 0.00000000000000E+000 0.16665916164822E+001 0.00000000000000E+000 0.00000000000000E+000 0.00000000000000E+000
 278 0.14644148923474E+001 -.15049324617242E-005 -.47451120591209E-006 -.23243711141777E-006 -.20266842958178E-005 -.10449417893095E-005 0.22648029173153E-005 -.28649450425975E-009 -.97234885375607E-020 -.55274587141749E-021 -.25238188182133E-019 -.10335723261957E-020 -.30089289379279E-005 0.30089303491671E-005 -.14010221732088E-011 -.10217021849842E-013 -.17901858400386E-020 -.49512462752848E-029 0.13656054862282E-031 0.51155534955216E-032 -.19271370568317E-012 0.57587214888960E-007 -.28793511087627E-007 0.00000000000000E+000 0.16031931357841E+001 0.00000000000000E+000 0.00000000000000E+000 0.00000000000000E+000
 279 0.14918135813377E+001 -.14482272741907E-005 -.45324795145022E-006 -.22259873462211E-006 -.19536878454826E-005 -.10079485902172E-005 0.21789636756233E-005 -.27490829167165E-009 -.93231197613286E-020 -.53049231545755E-021 -.24366989466955E-019 -.10269279371940E-020 -.29022977244475E-005 0.29022990675551E-005 -.13333092673449E-011 -.97983095976345E-014 -.16941094503303E-020 -.47584223063175E-029 0.13835591730762E-031 0.51684164935728E-032 -.19147297675120E-012 0.57210089209359E-007 -.28604948868191E-007 0.00000000000000E+000 0.15433950439985E+001 0.00000000000000E+000 0.00000000000000E+000 0.00000000000000E+000
 280 0.15189617942586E+001 -.13947409899890E-005 -.43341218909707E-006 -.21338352608758E-006 -.18846663187317E-005 -.97291607375275E-006 0.20980377811563E-005 -.26403026494242E-009 -.89468840273192E-020 -.50954987425932E-021 -.23538764759785E-019 -.10186811742449E-020 -.28012728778605E-005 0.28012741576753E-005 -.12704097307367E-011 -.94050374775189E-014 -.16055035216716E-020 -.45765232623575E-029 0.13995167905384E-031 0.52154549768255E-032 -.18952673013720E-012 0.56848359002103E-007 -.28424084737687E-007 0.00000000000000E+000 0.14869406065280E+001 0.00000000000000E+000 0.00000000000000E+000 0.00000000000000E+000
 281 0.15458555622961E+001 -.13442408871315E-005 -.41488795019035E-006 -.20474131622212E-006 -.18193436538561E-005 -.93971138928464E-006 0.20216680740771E-005 -.25380445904242E-009 -.85929240942854E-020 -.48982089620480E-021 -.22750807926657E-019 -.10090385429912E-020 -.27054770323379E-005 0.27054782532597E-005 -.12118866409674E-011 -.90351992288074E-014 -.15236338157145E-020 -.44047470258085E-029 0.14033958004488E-031 0.52138356841783E-032 -.18696200484373E-012 0.56501294800079E-007 -.28250553919037E-007 0.00000000000000E+000 0.14335913884545E+001 0.00000000000000E+000 0.00000000000000E+000 0.00000000000000E+000
 282 0.15724939772966E+001 -.12965048865186E-005 -.39755517079826E-006 -.19662660098491E-006 -.17574653820829E-005 -.90821500506478E-006 0.19495126527417E-005 -.24418184048709E-009 -.82596809649096E-020 -.47122362933604E-021 -.22001092859983E-019 -.99830163736127E-021 -.26145787428916E-005 0.26145799089471E-005 -.11573683192706E-011 -.86871267019204E-014 -.14478769500690E-020 -.42424931657418E-029 0.13946017110707E-031 0.51665957406503E-032 -.18389398480907E-012 0.56168172207581E-007 -.28083994156798E-007 0.00000000000000E+000 0.13831262624968E+001 0.00000000000000E+000 0.00000000000000E+000 0.00000000000000E+000
 283 0.15988764524717E+001 -.12513311606638E-005 -.38130846224521E-006 -.18899795888839E-006 -.16987988324608E-005 -.87831487037992E-006 0.18812609471816E-005 -.23511717773259E-009 -.79456787927346E-020 -.45368065565267E-021 -.21287555436866E-019 -.98671311506035E-021 -.25282703603868E-005 0.25282714752601E-005 -.11065140510678E-011 -.83592438477881E-014 -.13776678760861E-020 -.40892123491725E-029 0.13765050701576E-031 0.50833321077190E-032 -.18041255804391E-012 0.55848306103672E-007 -.27924062845557E-007 0.00000000000000E+000 0.13353432344144E+001 0.00000000000000E+000 0.00000000000000E+000 0.00000000000000E+000
 284 0.16250015775220E+001 -.12085421633815E-005 -.36606509939452E-006 -.18181779714755E-006 -.16431292078701E-005 -.84990500212196E-006 0.18166410355599E-005 -.22656773864108E-009 -.76494534177150E-020 -.43711453992505E-021 -.20607843953576E-019 -.97439284141744E-021 -.24462511873582E-005 0.24462522544098E-005 -.10590015744701E-011 -.80499816441291E-014 -.13124805083165E-020 -.39442962510721E-029 0.13403351205903E-031 0.49281285020373E-032 -.17656474874326E-012 0.55541060517283E-007 -.27770441976267E-007 0.00000000000000E+000 0.12900583217880E+001 0.00000000000000E+000 0.00000000000000E+000 0.00000000000000E+000
 285 0.16508690717728E+001 -.11679733850984E-005 -.35174238834468E-006 -.17505228263569E-006 -.15902586880321E-005 -.82289102003263E-006 0.17553998523088E-005 -.21849597254336E-009 -.73697581551103E-020 -.42145922666607E-021 -.19960073969563E-019 -.96149431819208E-021 -.23682509729486E-005 0.23682519952614E-005 -.10145547186871E-011 -.77580117830963E-014 -.12518653610199E-020 -.38073703245661E-029 0.12975999439158E-031 0.47510990227057E-032 -.17241716579430E-012 0.55245823107416E-007 -.27622825345125E-007 0.00000000000000E+000 0.12471021125416E+001 0.00000000000000E+000 0.00000000000000E+000 0.00000000000000E+000
 286 0.16764792801884E+001 -.11294738405619E-005 -.33826161565463E-006 -.16867063522654E-006 -.15400058055433E-005 -.79718648483669E-006 0.16973038187620E-005 -.21086801652348E-009 -.71054734757792E-020 -.40665703172133E-021 -.19342560645527E-019 -.94817854847965E-021 -.22940236585357E-005 0.22940246389459E-005 -.97292804656446E-012 -.74821472209968E-014 -.11954252944974E-020 -.36779775570500E-029 0.12248089405218E-031 0.43770038168971E-032 -.16803873655272E-012 0.54962009474893E-007 -.27480920718078E-007 0.00000000000000E+000 0.12063187749965E+001 0.00000000000000E+000 0.00000000000000E+000 0.00000000000000E+000
 287 0.17018322980746E+001 -.10929125484588E-005 -.32556427756395E-006 -.16264446187271E-006 -.14922000862233E-005 -.77270734310120E-006 0.16421506583531E-005 -.20365080109399E-009 -.68554294282992E-020 -.39264647499759E-021 -.18753203626270E-019 -.93446448895030E-021 -.22233186093887E-005 0.22233195504900E-005 -.93388010603735E-012 -.72211384783876E-014 -.11427767105104E-020 -.35558331245266E-029 0.11253248886586E-031 0.38636339841799E-032 -.16345578110656E-012 0.54689070179456E-007 -.27344453361837E-007 0.00000000000000E+000 0.11675643871840E+001 0.00000000000000E+000 0.00000000000000E+000 0.00000000000000E+000
 288 0.17269310029666E+001 -.10581693591183E-005 -.31360663067685E-006 -.15694719940834E-006 -.14466752613551E-005 -.74937133083215E-006 0.15897572014692E-005 -.19681206742927E-009 -.66184451229382E-020 -.37936470419694E-021 -.18189673565748E-019 -.92026540156085E-021 -.21558781133396E-005 0.21558790174912E-005 -.89717779154142E-012 -.69737214320397E-014 -.10935561776555E-020 -.34407888962522E-029 0.10070052143096E-031 0.33095028954162E-032 -.15866565955606E-012 0.54426458125161E-007 -.27213149729751E-007 0.00000000000000E+000 0.11307017739275E+001 0.00000000000000E+000 0.00000000000000E+000 0.00000000000000E+000
 289 0.17517858024673E+001 -.10251165785529E-005 -.30233374107447E-006 -.15155386749668E-006 -.14032684886612E-005 -.72710265691679E-006 0.15399303771792E-005 -.19032315766923E-009 -.63935481783316E-020 -.36676221968682E-021 -.17650253260302E-019 -.90564751500195E-021 -.20914693160052E-005 0.20914701853698E-005 -.86262570488294E-012 -.67388770596508E-014 -.10474594803192E-020 -.33328242930169E-029 0.86728453893996E-032 0.27410653044502E-032 -.15370498917645E-012 0.54173585502172E-007 -.27086715898592E-007 0.00000000000000E+000 0.10955962516190E+001 0.00000000000000E+000 0.00000000000000E+000 0.00000000000000E+000
 290 0.17764139142236E+001 -.99361800297584E-006 -.29168782905130E-006 -.14644077847934E-006 -.13618218000746E-005 -.70582855621967E-006 0.14924686958787E-005 -.18415745358124E-009 -.61798701062191E-020 -.35479547527700E-021 -.17133519581368E-019 -.89071501495848E-021 -.20298818777699E-005 0.20298827143352E-005 -.83004957190725E-012 -.65157141449176E-014 -.10042172147656E-020 -.32323145290938E-029 0.70473307226757E-032 0.21444721088370E-032 -.14861746582497E-012 0.53929839541432E-007 -.26964845461983E-007 0.00000000000000E+000 0.10621170496417E+001 0.00000000000000E+000 0.00000000000000E+000 0.00000000000000E+000
 291 0.18008365125828E+001 -.96352803717365E-006 -.28163383024178E-006 -.14158551939079E-006 -.13221799047683E-005 -.68547341777982E-006 0.14471712106415E-005 -.17828704308663E-009 -.59764450344640E-020 -.34341692679977E-021 -.16637675141910E-019 -.87555504457114E-021 -.19709086889983E-005 0.19709094945660E-005 -.79926446796795E-012 -.63032324094568E-014 -.96355008684611E-021 -.31400889173274E-029 0.52049024724930E-032 0.16410365164871E-032 -.14337133840665E-012 0.53694615585791E-007 -.26847236107227E-007 0.00000000000000E+000 0.10301398232437E+001 0.00000000000000E+000 0.00000000000000E+000 0.00000000000000E+000
 292 0.18250806437951E+001 -.93465096972070E-006 -.27212325760396E-006 -.13696825270863E-006 -.12841979870303E-005 -.66597105831761E-006 0.14037848632715E-005 -.17268884666434E-009 -.57826600511719E-020 -.33259801082222E-021 -.16162324616836E-019 -.86067273196672E-021 -.19144277207558E-005 0.19144284969883E-005 -.77013161930567E-012 -.61008259299115E-014 -.92524694761725E-021 -.30573376808740E-029 0.29614552585570E-032 0.75862560373051E-033 -.13794413458980E-012 0.53467302520419E-007 -.26733582288142E-007 0.00000000000000E+000 0.99954861666521E+000 0.00000000000000E+000 0.00000000000000E+000 0.00000000000000E+000
 293 0.18491736249548E+001 -.90668432950653E-006 -.26300388385976E-006 -.13257500477763E-006 -.12477838685526E-005 -.64729455283451E-006 0.13619176049104E-005 -.16735961350020E-009 -.55992195154715E-020 -.32238834231424E-021 -.15712183035000E-019 -.84794317202903E-021 -.18606063281247E-005 0.18606070767152E-005 -.74268113484826E-012 -.59093569889585E-014 -.88932715041451E-021 -.29873483616701E-029 0.74136600729703E-033 -.12709212448914E-033 -.13254215685631E-012 0.53247332318756E-007 -.26623599888300E-007 0.00000000000000E+000 0.97025191702982E+000 0.00000000000000E+000 0.00000000000000E+000 0.00000000000000E+000
 294 0.18731063509966E+001 -.87923505789530E-006 -.25393855876579E-006 -.12840455441645E-006 -.12129822465890E-005 -.62950118477739E-006 0.13210364607909E-005 -.16233355619350E-009 -.54290411550727E-020 -.31297934824494E-021 -.15300212400483E-019 -.84130710399454E-021 -.18101232442353E-005 0.18101239671950E-005 -.71722758560955E-012 -.57321140507000E-014 -.85618555673923E-021 -.29351203478811E-029 -.69003837358664E-032 0.89421392205778E-032 -.12782548106116E-012 0.53034471498287E-007 -.26517171836403E-007 0.00000000000000E+000 0.94222850833017E+000 0.00000000000000E+000 0.00000000000000E+000 0.00000000000000E+000
 295 0.18967534488990E+001 -.85201626761362E-006 -.24446990184518E-006 -.12447676598760E-006 -.11800504583107E-005 -.61276279066438E-006 0.12807118081538E-005 -.15768311112646E-009 -.52767766234958E-020 -.30464983787247E-021 -.14944975413098E-019 -.84562157582306E-021 -.17641139351063E-005 0.17641146349919E-005 -.69431137106478E-012 -.55741673932990E-014 -.82650086907627E-021 -.29078502439319E-029 -.19962355378917E-031 0.28991792386420E-031 -.12482943071900E-012 0.52829396349890E-007 -.26414635760229E-007 0.00000000000000E+000 0.91559172734369E+000 0.00000000000000E+000 0.00000000000000E+000 0.00000000000000E+000
 296 0.19197906867603E+001 -.82520883292428E-006 -.23439649947469E-006 -.12083145827119E-006 -.11493969022282E-005 -.59730052737165E-006 0.12411344240684E-005 -.15347032563599E-009 -.51452297420968E-020 -.29756410309259E-021 -.14656130542235E-019 -.86275648748975E-021 -.17234634442020E-005 0.17234641238800E-005 -.67423970163246E-012 -.54382283716920E-014 -.80061863372023E-021 -.29091597248591E-029 -.31199864984517E-031 0.41805813946056E-031 -.12407676663802E-012 0.52634182802143E-007 -.26317029362688E-007 0.00000000000000E+000 0.89060675880184E+000 0.00000000000000E+000 0.00000000000000E+000 0.00000000000000E+000
 297 0.19417425481721E+001 -.79957557656531E-006 -.22418394821057E-006 -.11750669881813E-006 -.11213226231105E-005 -.58320908592928E-006 0.12033472624734E-005 -.14967053884713E-009 -.50310326715464E-020 -.29149371148397E-021 -.14418762105183E-019 -.88809306474166E-021 -.16878607005514E-005 0.16878613623693E-005 -.65649814000167E-012 -.53196819079160E-014 -.77779540219540E-021 -.29319494046884E-029 -.40677895108781E-031 0.45677817383322E-031 -.12435604291124E-012 0.52451747203437E-007 -.26225811423697E-007 0.00000000000000E+000 0.86756885021116E+000 0.00000000000000E+000 0.00000000000000E+000 0.00000000000000E+000
 298 0.19622718070819E+001 -.77583407407777E-006 -.21450164565862E-006 -.11450777328243E-006 -.10957910141437E-005 -.57038608096218E-006 0.11683513592663E-005 -.14619319242764E-009 -.49278054305611E-020 -.28596837873025E-021 -.14208016568592E-019 -.91523151433620E-021 -.16561326721712E-005 0.16561333175247E-005 -.64014317100837E-012 -.52103126685083E-014 -.75675152249341E-021 -.29599240554213E-029 -.47665585899712E-031 0.50303645618134E-031 -.12359809567938E-012 0.52283592125815E-007 -.26141734263860E-007 0.00000000000000E+000 0.84655505399716E+000 0.00000000000000E+000 0.00000000000000E+000 0.00000000000000E+000
 299 0.19815033585181E+001 -.75400560669711E-006 -.20503231665706E-006 -.11179389393419E-006 -.10724543301416E-005 -.55870718333464E-006 0.11359471777066E-005 -.14300678539500E-009 -.48349621871988E-020 -.28086944240788E-021 -.14023243939969E-019 -.94423482417738E-021 -.16276204273193E-005 0.16276210574522E-005 -.62502377914024E-012 -.51090234610193E-014 -.73731636825255E-021 -.29730146761435E-029 -.50487155278638E-031 0.55859467907626E-031 -.12206775629669E-012 0.52127515964069E-007 -.26063696948156E-007 0.00000000000000E+000 0.82724574393401E+000 0.00000000000000E+000 0.00000000000000E+000 0.00000000000000E+000
 300 0.20000000000000E+001 -.73506604982142E-006 -.19293348178381E-006 -.10918541468828E-006 -.10508157320983E-005 -.54965184549820E-006 0.11064290489838E-005 -.14005061493851E-009 -.47523663880646E-020 -.27633944386979E-021 -.13893179736946E-019 -.98036576399039E-021 -.16023411865682E-005 0.16023418019783E-005 -.61039226701228E-012 -.50177729217060E-014 -.71793174719172E-021 -.29749621809786E-029 -.51609033454837E-031 0.67375798345586E-031 -.12948138548393E-012 0.51977974650929E-007 -.25988922584772E-007 0.00000000000000E+000 0.80908153685321E+000 0.00000000000000E+000 0.00000000000000E+000 0.00000000000000E+000
