[CHEM1D_DATAFILE_VERSION]
 4

[NUMBER_OF_GRIDPOINTS]
         300
[MOLE_OR_MASS_FRACTIONS]
 MASS
[NUMBER_OF_SPECIES]
          23
[NUMBER_OF_VARIABLES]
          35

[TIME]
0.000000000000000E+00
[INLET]
Phi =  0.95, Tinlet =  300.00 K, Pinlet =  101325.00 Pa.
[COMMENT]
Adiabatic flame, Stationary solution, Mixture averaged diffusion, Detailed chemistry,  No radiation model.
 No heat exchanger model.
[USER_COMMENT]
-                                                      

[FILE_STRUCTURE_COLUMNS_CONTAINING]
 i x(i) H2               H                O                O2               OH               H2O              HO2              CH2              CH2(S)           CH3              CH4              CO               CO2              HCO              CH2O             CH3O             C2H4             C2H5             C2H6             N                NO               N2               AR               Temp             Massflow         Enthalpy         MixFrac          Press            Density          MeanMass         Surface          Stretch          Porosity         Tsolid           HeatRel         
   1 -.50000000000000E+000 0.00000000000000E+000 0.00000000000000E+000 0.00000000000000E+000 0.22067680466931E+000 0.00000000000000E+000 -.55545709665717E-031 0.00000000000000E+000 0.00000000000000E+000 0.00000000000000E+000 -.19694817429107E-045 0.52553827797940E-001 0.00000000000000E+000 0.00000000000000E+000 0.00000000000000E+000 0.00000000000000E+000 0.00000000000000E+000 0.00000000000000E+000 0.00000000000000E+000 0.00000000000000E+000 0.00000000000000E+000 0.00000000000000E+000 0.72676936753275E+000 0.00000000000000E+000 0.30000000000000E+003 0.41909795435389E-001 -.24234924949860E+003 0.52553827797940E-001 0.10132500000000E+006 0.11247681546612E-002 0.27688684910207E+002 0.10000000000000E+001 0.00000000000000E+000 0.10000000000000E+001 0.30000000000000E+003 -.56677293158455E-032
   2 -.44474779019623E+000 0.18431823306131E-012 -.17349428151237E-040 0.73994634378814E-032 0.22067680466870E+000 0.81913811392788E-035 -.83617308846030E-031 0.33688922786362E-033 -.55407641076093E-040 -.55400797570110E-040 0.10070116224850E-032 0.52553827797780E-001 -.11163183497509E-037 -.57161360988963E-045 -.55408574302809E-040 0.25324856829577E-036 -.51220761028957E-040 0.46417392809343E-040 -.51981270930640E-040 -.70485473337973E-033 -.19991503121491E-040 0.42831670940886E-040 0.72676936753334E+000 -.57322568758116E-045 0.29999999999965E+003 0.41909795435389E-001 -.24234924949823E+003 0.52553827797940E-001 0.10132500000000E+006 0.11247681546599E-002 0.27688684910143E+002 0.10000000000000E+001 0.00000000000000E+000 0.10000000000000E+001 0.29999999999965E+003 0.51370155277106E-030
   3 -.38949619940486E+000 0.26099416024730E-011 -.17294620671549E-040 0.70160238347291E-029 0.22067680466057E+000 0.43317174318443E-032 0.49298516767002E-031 0.67376187090361E-033 -.55216828026910E-040 -.55377449137932E-040 0.20658548800561E-030 0.52553827795674E-001 -.11618212753575E-037 -.57161360988963E-045 -.55286778455728E-040 0.52192604765557E-034 -.55060895854588E-040 0.46684110027510E-040 -.55348313305751E-040 -.12647173937691E-032 -.31315874539924E-040 0.72053783228458E-040 0.72676936754115E+000 -.28661284379058E-045 0.29999999999501E+003 0.41909795435389E-001 -.24234924949337E+003 0.52553827797940E-001 0.10132500000000E+006 0.11247681546432E-002 0.27688684909302E+002 0.10000000000000E+001 0.00000000000000E+000 0.10000000000000E+001 0.29999999999501E+003 0.24739924144712E-027
   4 -.33425178092587E+000 0.34519606202472E-010 -.36053986294760E-041 0.65960089765662E-026 0.22067680455385E+000 0.40689364267976E-029 0.11561288306290E-027 0.10145833776067E-032 -.54847882542570E-040 -.55347055920182E-040 0.19275872777482E-027 0.52553827768010E-001 0.31354434091269E-037 0.59066739688595E-044 -.55071709891565E-040 0.48486156808406E-031 -.55360821150163E-040 0.46131332682526E-040 -.55480301033237E-040 -.13957499968169E-032 0.70406897606594E-038 0.86899399040294E-038 0.72676936764362E+000 0.75952403604504E-044 0.29999999993398E+003 0.41909795435389E-001 -.24234924942953E+003 0.52553827797940E-001 0.10132500000000E+006 0.11247681544227E-002 0.27688684898241E+002 0.10000000000000E+001 0.00000000000000E+000 0.10000000000000E+001 0.29999999993398E+003 0.23234602960212E-024
   5 -.27906649418610E+000 0.45305933747508E-009 0.16223527054922E-036 0.61380055804259E-023 0.22067680317039E+000 0.37868068494987E-026 0.16131136339558E-024 0.50306844787192E-031 -.48884974755580E-040 -.55141952020268E-040 0.17876201954312E-024 0.52553827408644E-001 0.14912020446167E-033 0.20568848869333E-038 -.51767607168180E-040 0.44802711809435E-028 -.47007890535329E-040 -.61905130812918E-039 -.10546799429801E-039 -.14006805514375E-030 0.33470345244051E-034 0.40508790245623E-034 0.72676936896791E+000 0.89709820106452E-043 0.29999999913863E+003 0.41909795435389E-001 -.24234924860296E+003 0.52553827797940E-001 0.10132500000000E+006 0.11247681515106E-002 0.27688684753148E+002 0.10000000000000E+001 0.00000000000000E+000 0.10000000000000E+001 0.29999999913863E+003 0.21624076927233E-021
   6 -.22422215251249E+000 0.58502979784348E-008 0.17220792245074E-032 0.53866194748571E-020 0.22067678614944E+000 0.33279596600943E-023 0.12876765634124E-019 0.28961038684158E-027 0.24583483729007E-040 -.52274523013231E-040 0.15474886428593E-021 0.52553822959482E-001 -.11221817126258E-025 -.13407076650016E-030 -.10593948517755E-040 0.38179458966481E-025 0.66483618648357E-038 -.89405286495876E-032 -.39668240506197E-037 -.10899685926548E-027 0.14604404666104E-030 0.13116676470921E-030 0.72676938504078E+000 0.53381642155996E-042 0.29999998920761E+003 0.41909795435389E-001 -.24234923845456E+003 0.52553827797940E-001 0.10132500000000E+006 0.11247681126989E-002 0.27688682881119E+002 0.10000000000000E+001 0.00000000000000E+000 0.10000000000000E+001 0.29999998920761E+003 0.19010398130236E-018
   7 -.17076018319700E+000 0.70832477998448E-007 0.14013726854708E-028 0.37463333581976E-017 0.22067660671446E+000 0.24010922779081E-020 0.13531620515867E-014 0.86990160428722E-020 0.15713864606797E-037 0.73239804872907E-039 0.12951738127635E-018 0.52553775508184E-001 0.39156539961169E-018 0.40390063804422E-023 0.89102979001802E-038 0.30599727751844E-022 0.29959376430864E-030 0.27067316301503E-024 -.15183522573728E-033 -.37844316373992E-024 0.46535898362565E-027 0.11435203145259E-023 0.72676954694487E+000 0.29119864929123E-041 0.29999988177861E+003 0.41909795435389E-001 -.24234913166317E+003 0.52553827797940E-001 0.10132500000000E+006 0.11247675983530E-002 0.27688660304125E+002 0.10000000000000E+001 0.00000000000000E+000 0.10000000000000E+001 0.29999988177861E+003 0.13841109532944E-015
   8 -.12126285502290E+000 0.71347622704297E-006 0.78581162988225E-025 0.13921600923558E-014 0.22067524599781E+000 0.18199814076302E-017 0.23513115689300E-010 0.47675620782743E-014 0.11184070224066E-030 0.47577555577940E-032 0.10537240556717E-014 0.52553410201580E-001 0.23917094661648E-012 -.11398739128170E-016 0.62008830734663E-031 -.63734476703275E-018 -.10826376586737E-022 -.76486339529768E-018 -.42966384908578E-027 -.13893350744898E-018 0.64823530926002E-024 0.10878715976641E-017 0.72677063030062E+000 0.39723966923687E-040 0.29999904049318E+003 0.41909795435389E-001 -.24234832165771E+003 0.52553827797940E-001 0.10132500000000E+006 0.11247616537221E-002 0.27688436317283E+002 0.10000000000000E+001 0.00000000000000E+000 0.10000000000000E+001 0.29999904049318E+003 0.11882717415425E-012
   9 -.79816527614884E-001 0.49555167069319E-005 0.43175001267062E-021 0.16659378249224E-012 0.22066930827649E+000 0.29608290759229E-014 0.33062657452256E-007 0.31000677322654E-010 0.33868756021475E-024 0.16269240585071E-025 0.22190830898854E-011 0.52551578951321E-001 0.16097958705867E-008 0.41038876266582E-011 0.26673172037059E-024 0.31434517614294E-012 0.47470921745706E-016 0.27528133910982E-012 0.21371237724180E-020 0.53944839441013E-013 0.21425445935781E-021 0.83141183298421E-014 0.72677412254488E+000 0.18222572326004E-039 0.29999514052867E+003 0.41909795435389E-001 -.24234434402479E+003 0.52553827797940E-001 0.10132500000000E+006 0.11247161381612E-002 0.27686955920507E+002 0.10000000000000E+001 0.00000000000000E+000 0.10000000000000E+001 0.29999514052867E+003 0.21504953152208E-009
  10 -.49925397819919E-001 0.20202965277869E-004 0.79554990751337E-018 0.48129313636121E-011 0.22066072407642E+000 0.15408948309013E-011 0.39460992024741E-005 0.76320528820304E-008 0.24441904599107E-019 0.12414321567767E-020 0.32590633614399E-009 0.52538798681203E-001 0.40229611549664E-006 0.13019014427095E-007 0.41197104673813E-019 0.11222036669829E-008 0.11673299238496E-011 0.69373364791146E-009 0.16449777866489E-015 0.46281484152802E-009 0.12449943360629E-019 0.21929395247400E-011 0.72677590261634E+000 -.12442770678600E-038 0.30001728085769E+003 0.41909795435389E-001 -.24231499668533E+003 0.52553827797940E-001 0.10132500000000E+006 0.11244216208106E-002 0.27681748660088E+002 0.10000000000000E+001 0.00000000000000E+000 0.10000000000000E+001 0.30001728085769E+003 0.17306684153280E-006
  11 -.31782650063275E-001 0.47716489104007E-004 0.17083218044895E-015 0.37039556724449E-010 0.22067614398776E+000 0.12749327762592E-009 0.65839560846616E-004 0.18301158271219E-006 0.35789052117460E-016 0.18444467047864E-017 0.58639541297973E-008 0.52440965924663E-001 0.97242685609803E-005 0.90792935952819E-006 0.15655451953015E-015 0.81167540627745E-007 0.36969822942744E-009 0.44601510279972E-007 0.10890770388195E-012 0.44404271714279E-007 0.14630707602347E-018 0.54398265833021E-010 0.72675834220211E+000 -.34473501939095E-038 0.30064496209064E+003 0.41909795435389E-001 -.24206071773770E+003 0.52553827797940E-001 0.10132500000000E+006 0.11217261422624E-002 0.27673165146574E+002 0.10000000000000E+001 0.00000000000000E+000 0.10000000000000E+001 0.30064496209064E+003 0.31538783921802E-004
  12 -.22242692012847E-001 0.75251903828332E-004 0.46758267676624E-014 0.11329924665554E-009 0.22069300262518E+000 0.15621434424934E-008 0.28985528805973E-003 0.96768377154926E-006 0.19070074061565E-014 0.99485145572988E-016 0.25879307330619E-007 0.52170545433821E-001 0.51758977835284E-004 0.80681125700275E-005 0.15784143795021E-013 0.72616406748125E-006 0.80576037125557E-008 0.38171840902970E-006 0.45499565145865E-011 0.45641496714561E-006 0.54013337552588E-018 0.29330703277139E-009 0.72670894976726E+000 0.54869423632957E-038 0.30318088202446E+003 0.41909795435389E-001 -.24131497458414E+003 0.52553827797940E-001 0.10132500000000E+006 0.11120439436725E-002 0.27665710240900E+002 0.10000000000000E+001 0.00000000000000E+000 0.10000000000000E+001 0.30318088202446E+003 0.65340228958752E-003
  13 -.17420236784491E-001 0.94950234263552E-004 0.28066351374297E-013 0.21044335551560E-009 0.22065382420937E+000 0.52075172292959E-008 0.61291829829485E-003 0.22436722551878E-005 0.13228916684215E-013 0.70067470118333E-015 0.54818172085399E-007 0.51837305004518E-001 0.12071064685822E-003 0.24372540155223E-004 0.15448070108831E-012 0.21860395884606E-005 0.38480424755990E-007 0.11317058158174E-005 0.32495896000193E-010 0.14834386246731E-005 0.10467664653037E-017 0.68848765305186E-009 0.72664877477252E+000 0.51010605878325E-038 0.30703647539077E+003 0.41909795435389E-001 -.24037571167136E+003 0.52553827797940E-001 0.10132500000000E+006 0.10978807699975E-002 0.27660702957467E+002 0.10000000000000E+001 0.00000000000000E+000 0.10000000000000E+001 0.30703647539077E+003 0.31646839426530E-002
  14 -.14697398876971E-001 0.10840792124571E-003 0.79704930782773E-013 0.30789735786535E-009 0.22057272637878E+000 0.98942721457512E-008 0.93232978295113E-003 0.35937016479344E-005 0.38117262043427E-013 0.20488228421565E-014 0.84559756136103E-007 0.51539376171754E-001 0.19421595050516E-003 0.45357150094314E-004 0.53783843952857E-012 0.40494796761535E-005 0.91310918391929E-007 0.20842294943210E-005 0.96184757530249E-010 0.28778221155987E-005 0.15197146430209E-017 0.11117227106947E-008 0.72659479413033E+000 0.45793739084346E-039 0.31096531380887E+003 0.41909795435389E-001 -.23953064835944E+003 0.52553827797940E-001 0.10132500000000E+006 0.10838700131388E-002 0.27657136473168E+002 0.10000000000000E+001 0.00000000000000E+000 0.10000000000000E+001 0.31096531380887E+003 0.77101116851773E-002
  15 -.12855684633282E-001 0.11866656750001E-003 0.16425931107964E-012 0.40532198497023E-009 0.22046877902595E+000 0.15057537348533E-007 0.12346242685344E-002 0.49264451554326E-005 0.77166820562862E-013 0.42052533264848E-014 0.11428911318296E-006 0.51276218796497E-001 0.26721581874187E-003 0.68788045487781E-004 0.12282752888877E-011 0.61144471352616E-005 0.16182976860691E-006 0.31391817179352E-005 0.19715671543172E-009 0.44888107009648E-005 0.19542437467057E-017 0.15332186053903E-008 0.72654674527899E+000 0.30161258366394E-039 0.31475662555359E+003 0.41909795435389E-001 -.23878276999086E+003 0.52553827797940E-001 0.10132500000000E+006 0.10707006979049E-002 0.27654195524550E+002 0.10000000000000E+001 0.00000000000000E+000 0.10000000000000E+001 0.31475662555359E+003 0.14035617758966E-001
  16 -.11430714141771E-001 0.12733359361377E-003 0.29103285712730E-012 0.50749782860864E-009 0.22034682890313E+000 0.20707877332924E-007 0.15307881664149E-002 0.62725127595954E-005 0.13282482134458E-012 0.73352596248395E-014 0.14525978116199E-006 0.51031677532270E-001 0.34131785436909E-003 0.94645702481688E-004 0.23049079897637E-011 0.83774655511715E-005 0.25001337391638E-006 0.42968233924407E-005 0.34077474691402E-009 0.63113921390372E-005 0.23729304019489E-017 0.19619021546409E-008 0.72650173125994E+000 0.17837622615508E-039 0.31852508378952E+003 0.41909795435389E-001 -.23808704185444E+003 0.52553827797940E-001 0.10132500000000E+006 0.10579298763037E-002 0.27651492867180E+002 0.10000000000000E+001 0.00000000000000E+000 0.10000000000000E+001 0.31852508378952E+003 0.22256547785529E-001
  17 -.10242594270132E-001 0.13509916106002E-003 0.47387030900558E-012 0.61801364399800E-009 0.22020786836520E+000 0.26926031813158E-007 0.18279053761991E-002 0.76562834955246E-005 0.20897347573343E-012 0.11692961038998E-013 0.17845193278990E-006 0.50796921984986E-001 0.41783833998455E-003 0.12316794773311E-003 0.38729375748682E-011 0.10857110089991E-004 0.35725313252991E-006 0.55682164474298E-005 0.53538308443956E-009 0.83623556481799E-005 0.27890303045018E-017 0.24052295315210E-008 0.72645818866487E+000 0.32323336684170E-039 0.32235072159405E+003 0.41909795435389E-001 -.23741835675776E+003 0.52553827797940E-001 0.10132500000000E+006 0.10452750417908E-002 0.27648863868669E+002 0.10000000000000E+001 0.00000000000000E+000 0.10000000000000E+001 0.32235072159405E+003 0.32629631152297E-001
  18 -.92088172699507E-002 0.14229074215681E-003 0.73112920022859E-012 0.73954426231326E-009 0.22005221320728E+000 0.33784652984058E-007 0.21294648811756E-002 0.90902740233644E-005 0.31052398281202E-012 0.17603766140931E-013 0.21457445412391E-006 0.50567651688918E-001 0.49746347015227E-003 0.15453066477939E-003 0.60595908693048E-011 0.13565998262501E-004 0.48509105276119E-006 0.69612988397702E-005 0.79097167531781E-009 0.10656236916094E-004 0.32094489084667E-017 0.28670960855392E-008 0.72641537368260E+000 0.33242031163014E-039 0.32627362787918E+003 0.41909795435389E-001 -.23676424137900E+003 0.52553827797940E-001 0.10132500000000E+006 0.10326089764436E-002 0.27646230886016E+002 0.10000000000000E+001 0.00000000000000E+000 0.10000000000000E+001 0.32627362787918E+003 0.45454064886599E-001
  19 -.82851833681571E-002 0.14908523051695E-003 0.10866651232534E-011 0.87438903665875E-009 0.21988007960125E+000 0.41348542084833E-007 0.24371471517792E-002 0.10580551283427E-004 0.44342498193336E-012 0.25468904471949E-013 0.25420909042736E-006 0.50341668678915E-001 0.58053183173558E-003 0.18884904494050E-003 0.90140427062359E-011 0.16511154761259E-004 0.63498296655999E-006 0.84811695887310E-005 0.11189001861165E-008 0.13204136278187E-004 0.36380822648055E-017 0.33494187400405E-008 0.72637292555507E+000 0.51039513649750E-039 0.33031311130318E+003 0.41909795435389E-001 -.23611810770702E+003 0.52553827797940E-001 0.10132500000000E+006 0.10198821362310E-002 0.27643552912635E+002 0.10000000000000E+001 0.00000000000000E+000 0.10000000000000E+001 0.33031311130318E+003 0.61053713044053E-001
  20 -.74452623326662E-002 0.15558754050116E-003 0.15714304250606E-011 0.10247209191088E-008 0.21969172630549E+000 0.49677744401017E-007 0.27516747458130E-002 0.12129592983448E-004 0.61475737755460E-012 0.35775041090216E-013 0.29787779889856E-006 0.50117825368016E-001 0.66718535307137E-003 0.22619133947006E-003 0.12908236020007E-010 0.19695373514175E-004 0.80821962437968E-006 0.10130801347172E-004 0.15318425370148E-008 0.16014100080218E-004 0.40773007915176E-017 0.38529899696572E-008 0.72633067727986E+000 0.53701072170400E-039 0.33447719089881E+003 0.41909795435389E-001 -.23547631433751E+003 0.52553827797940E-001 0.10132500000000E+006 0.10070850517482E-002 0.27640807066889E+002 0.10000000000000E+001 0.00000000000000E+000 0.10000000000000E+001 0.33447719089881E+003 0.79772056492677E-001
  21 -.66717381428563E-002 0.16186579120755E-003 0.22261326548245E-011 0.11927516331741E-008 0.21948743792693E+000 0.58831882729563E-007 0.30733097202423E-002 0.13738165064064E-004 0.83291904359125E-012 0.49109737481089E-013 0.34608652591659E-006 0.49895480570927E-001 0.75747010232100E-003 0.26659931377470E-003 0.17939343538523E-010 0.23119080558582E-004 0.10059416628004E-005 0.11911992000067E-004 0.20439369608899E-008 0.19092329768237E-004 0.45287633710496E-017 0.43780536724983E-008 0.72628855651134E+000 0.46231970122502E-039 0.33876841590266E+003 0.41909795435389E-001 -.23483664410613E+003 0.52553827797940E-001 0.10132500000000E+006 0.99422646801501E-003 0.27637979901304E+002 0.10000000000000E+001 0.00000000000000E+000 0.10000000000000E+001 0.33876841590266E+003 0.10197662970452E+000
  22 -.59524316767179E-002 0.16796785225570E-003 0.31056066507439E-011 0.13808413014523E-008 0.21926748859466E+000 0.68873361587879E-007 0.34021139362427E-002 0.15406360352683E-004 0.11078686082918E-011 0.66181371884299E-013 0.39935188359094E-006 0.49674232917821E-001 0.85139263292347E-003 0.31010317318969E-003 0.24333360778700E-010 0.26781658678539E-004 0.12291732383019E-005 0.13826042245616E-004 0.26710376295952E-008 0.22444170036697E-004 0.49938390123549E-017 0.49246284761002E-008 0.72624653625799E+000 0.35300412953907E-039 0.34318698686556E+003 0.41909795435389E-001 -.23419755870513E+003 0.52553827797940E-001 0.10132500000000E+006 0.98132211473435E-003 0.27635063093630E+002 0.10000000000000E+001 0.00000000000000E+000 0.10000000000000E+001 0.34318698686556E+003 0.12806688770346E+000
  23 -.52783420736835E-002 0.17392930862180E-003 0.42859847049420E-011 0.15915683033941E-008 0.21903212681401E+000 0.79869039731534E-007 0.37380628781555E-002 0.17134051297409E-004 0.14514052765915E-011 0.87842373818042E-013 0.45821522190522E-006 0.49453802809399E-001 0.94894463506295E-003 0.35672858807357E-003 0.32349219875183E-010 0.30682061956109E-004 0.14788405788684E-005 0.15874071384048E-004 0.34309912266797E-008 0.26074592096585E-004 0.54738018333777E-017 0.54926492045091E-008 0.72620461271172E+000 0.24694576951639E-039 0.34773211972859E+003 0.41909795435389E-001 -.23355787013494E+003 0.52553827797940E-001 0.10132500000000E+006 0.96838991180262E-003 0.27632051343212E+002 0.10000000000000E+001 0.00000000000000E+000 0.10000000000000E+001 0.34773211972859E+003 0.15848251148897E+000
  24 -.46425837173906E-002 0.17977762296050E-003 0.58763817420252E-011 0.18277803227418E-008 0.21878157435238E+000 0.91891133726242E-007 0.40810924848821E-002 0.18921065446480E-004 0.18774868614107E-011 0.11511605745092E-012 0.52325031681604E-006 0.49233979703582E-001 0.10501125025786E-002 0.40649932508599E-003 0.42283340393276E-010 0.34819042503552E-004 0.17557775531427E-005 0.18057134552508E-004 0.43439291290967E-008 0.29988377133328E-004 0.59699233240111E-017 0.60820215918207E-008 0.72616279516601E+000 0.15730774592730E-039 0.35240259458764E+003 0.41909795435389E-001 -.23291659508368E+003 0.52553827797940E-001 0.10132500000000E+006 0.95544806149812E-003 0.27628941292560E+002 0.10000000000000E+001 0.00000000000000E+000 0.10000000000000E+001 0.35240259458764E+003 0.19371270736084E+000
  25 -.40397531468353E-002 0.18553454374217E-003 0.80375113422640E-011 0.20926392272991E-008 0.21851603014444E+000 0.10501789855079E-006 0.44311190149611E-002 0.20767249624487E-004 0.24025961270917E-011 0.14922784961407E-012 0.59506831036261E-006 0.49014596387075E-001 0.11548808792715E-002 0.45943805619609E-003 0.54474734339487E-010 0.39191218234531E-004 0.20607247188244E-005 0.20376257990491E-004 0.54325838603598E-008 0.34190171312946E-004 0.64835225562094E-017 0.66926423908163E-008 0.72612110098330E+000 0.85546481937550E-040 0.35719697787603E+003 0.41909795435389E-001 -.23227288442194E+003 0.52553827797940E-001 0.10132500000000E+006 0.94251428005261E-003 0.27625730923658E+002 0.10000000000000E+001 0.00000000000000E+000 0.10000000000000E+001 0.35719697787603E+003 0.23430768875659E+000
  26 -.34655245559344E-002 0.19121762100810E-003 0.11010347702366E-010 0.23896656865935E-008 0.21823567517756E+000 0.11933432734501E-006 0.47880480512312E-002 0.22672489955029E-004 0.30461668117020E-011 0.19164184009388E-012 0.67432148398779E-006 0.48795514977401E-001 0.12632338944740E-002 0.51556648722775E-003 0.69310817018283E-010 0.43797082120332E-004 0.23943254480252E-005 0.22832443716099E-004 0.67226376466810E-008 0.38684491249042E-004 0.70159990655034E-017 0.73244062414349E-008 0.72607955278253E+000 0.29384121971098E-040 0.36211371578888E+003 0.41909795435389E-001 -.23162598505485E+003 0.52553827797940E-001 0.10132500000000E+006 0.92960547764750E-003 0.27622419190385E+002 0.10000000000000E+001 0.00000000000000E+000 0.10000000000000E+001 0.36211371578888E+003 0.28089326463290E+000
  27 -.29163777249172E-002 0.19684122316582E-003 0.15158551497148E-010 0.27227864915108E-008 0.21794067686681E+000 0.13493297251699E-006 0.51517790456046E-002 0.24636713692330E-004 0.38310820362057E-011 0.24410372359741E-012 0.76170655019821E-006 0.48576618451662E-001 0.13751555547567E-002 0.57490527702524E-003 0.87234095595397E-010 0.48634993859494E-004 0.27571208985265E-005 0.25426664699470E-004 0.82431091238742E-008 0.43475713481675E-004 0.75688586327438E-017 0.79772077430455E-008 0.72603817668525E+000 -.13958188799023E-040 0.36715117729001E+003 0.41909795435389E-001 -.23097521682217E+003 0.52553827797940E-001 0.10132500000000E+006 0.91673761848579E-003 0.27619005777714E+002 0.10000000000000E+001 0.00000000000000E+000 0.10000000000000E+001 0.36715117729001E+003 0.33418911349190E+000
  28 -.23894065103553E-002 0.20241726705038E-003 0.21028778166124E-010 0.30963874056827E-008 0.21763119163615E+000 0.15191497821527E-006 0.55222090027342E-002 0.26659888069712E-004 0.47842625567901E-011 0.30869157943416E-012 0.85796804576324E-006 0.48357804442691E-001 0.14906301845345E-002 0.63747410819823E-003 0.10874999372624E-009 0.53703183958768E-004 0.31495457807631E-005 0.28159866462870E-004 0.10026788075315E-007 0.48568075965865E-004 0.81437380323081E-017 0.86509438877162E-008 0.72599700100639E+000 -.46843573269867E-040 0.37230769203204E+003 0.41909795435389E-001 -.23031995526803E+003 0.52553827797940E-001 0.10132500000000E+006 0.90392562131564E-003 0.27615490924226E+002 0.10000000000000E+001 0.00000000000000E+000 0.10000000000000E+001 0.37230769203204E+003 0.39503109036675E+000
  29 -.18821675767212E-002 0.20795590164313E-003 0.29433305288275E-010 0.35153844026314E-008 0.21730735742885E+000 0.17039183144055E-006 0.58992456700380E-002 0.28742071467159E-004 0.59373965219620E-011 0.38787837115666E-012 0.96390484004445E-006 0.48138974791397E-001 0.16096461177616E-002 0.70329366790041E-003 0.13443679290356E-009 0.58999910802458E-004 0.35719364448646E-005 0.31033051865928E-004 0.12110781786197E-007 0.53965836723081E-004 0.87424460862855E-017 0.93455355215318E-008 0.72595605417654E+000 -.71142323553588E-040 0.37758172653909E+003 0.41909795435389E-001 -.22965960078026E+003 0.52553827797940E-001 0.10132500000000E+006 0.89118295387503E-003 0.27611875189145E+002 0.10000000000000E+001 0.00000000000000E+000 0.10000000000000E+001 0.37758172653909E+003 0.46439922334388E+000
  30 -.13924910592018E-002 0.21346693606500E-003 0.41561502445837E-010 0.39853906864307E-008 0.21696922769252E+000 0.19049093210883E-006 0.62828833476174E-002 0.30883817569749E-004 0.73280833952387E-011 0.48462582018076E-012 0.10803981380040E-005 0.47919991076244E-001 0.17322199188782E-002 0.77239958552659E-003 0.16496336269557E-009 0.64524564389846E-004 0.40246193917340E-005 0.34047887005647E-004 0.14537592220770E-007 0.59674430181903E-004 0.93671121261511E-017 0.10061068721984E-007 0.72591535643715E+000 -.88346546114962E-040 0.38297294990637E+003 0.41909795435389E-001 -.22899344219255E+003 0.52553827797940E-001 0.10132500000000E+006 0.87851924343944E-003 0.27608158628216E+002 0.10000000000000E+001 0.00000000000000E+000 0.10000000000000E+001 0.38297294990637E+003 0.54346378369880E+000
  31 -.91806678589314E-003 0.21896428408929E-003 0.59139677271468E-010 0.45132799265073E-008 0.21661648392975E+000 0.21237641933582E-006 0.66735099474800E-002 0.33087913909237E-004 0.90025334302366E-011 0.60259280560471E-012 0.12085297843147E-005 0.47700505521216E-001 0.18584975435605E-002 0.84490241393078E-003 0.20113823953092E-009 0.70282370807155E-004 0.45083186827787E-005 0.37209312766518E-004 0.17358457375432E-007 0.65705512891064E-004 0.10020750161457E-016 0.10798385647796E-007 0.72587488908471E+000 -.99572454674129E-040 0.38848659972961E+003 0.41909795435389E-001 -.22832012892308E+003 0.52553827797940E-001 0.10132500000000E+006 0.86593087655091E-003 0.27604337673745E+002 0.10000000000000E+001 0.00000000000000E+000 0.10000000000000E+001 0.38848659972961E+003 0.63370146071356E+000
  32 -.45561648650550E-003 0.22447622804567E-003 0.84703816794776E-010 0.51087673664035E-008 0.21624768008604E+000 0.23630649564676E-006 0.70726752248842E-002 0.35363866555396E-004 0.11022637535288E-010 0.74666995482643E-012 0.13499220440891E-005 0.47479552958547E-001 0.19890138547094E-002 0.92114672276802E-003 0.24404559793990E-009 0.76296697680510E-004 0.50252743892065E-005 0.40532470285962E-004 0.20642867040571E-007 0.72090529630755E-004 0.10708735039350E-016 0.11560600871422E-007 0.72583452220517E+000 -.10516226496658E-039 0.39414450391148E+003 0.41909795435389E-001 -.22763637078248E+003 0.52553827797940E-001 0.10132500000000E+006 0.85337869431902E-003 0.27600397298282E+002 0.10000000000000E+001 0.00000000000000E+000 0.10000000000000E+001 0.39414450391148E+003 0.73719682007490E+000
  33 0.00000000000000E+000 0.23005814177216E-003 0.12212631355744E-009 0.57873060290269E-008 0.21585915352459E+000 0.26273029846885E-006 0.74841150313888E-002 0.37734129600100E-004 0.13480201131470E-010 0.92407380355630E-012 0.15073261675479E-005 0.47255036354458E-001 0.21250537903022E-002 0.10019454279659E-002 0.29531490106404E-009 0.82626714282231E-004 0.55809547570115E-005 0.44052894234562E-004 0.24497007415189E-007 0.78901137010127E-004 0.11441052307821E-016 0.12355212782023E-007 0.72579392877180E+000 -.10756565696818E-039 0.40000000000000E+003 0.41909795435389E-001 -.22693522872282E+003 0.52553827797940E-001 0.10132500000000E+006 0.84076148323897E-003 0.27596300265754E+002 0.10000000000000E+001 0.00000000000000E+000 0.10000000000000E+001 0.40000000000000E+003 0.85720387844495E+000
  34 0.42817476064903E-003 0.23544374120197E-003 0.17370675524409E-009 0.65225747169155E-008 0.21547031878794E+000 0.29048805180849E-006 0.78875634793550E-002 0.40081553797022E-004 0.16315472168264E-010 0.11310893010239E-011 0.16738061486737E-005 0.47037801448649E-001 0.22598913570937E-002 0.10832878512959E-002 0.35337382872060E-009 0.88955729502315E-004 0.61471410259999E-005 0.47596005081487E-004 0.28786470614279E-007 0.85800146025655E-004 0.12184121202336E-016 0.13142921915355E-007 0.72575509946834E+000 -.10559462044144E-039 0.40576361883590E+003 0.41909795435389E-001 -.22625056225116E+003 0.52553827797940E-001 0.10132500000000E+006 0.82869735613697E-003 0.27592250307597E+002 0.10000000000000E+001 0.00000000000000E+000 0.10000000000000E+001 0.40576361883590E+003 0.98962441161217E+000
  35 0.85153256062139E-003 0.24090449162294E-003 0.24716399070148E-009 0.73580533877570E-008 0.21506242597855E+000 0.32108489331734E-006 0.83027617340553E-002 0.42520396696496E-004 0.19737261245129E-010 0.13837028187499E-011 0.18583191294657E-005 0.46817015880582E-001 0.24000974220323E-002 0.11691193389315E-002 0.42213660061726E-009 0.95588370286280E-004 0.67505563602193E-005 0.51333833297308E-004 0.33780656265909E-007 0.93122920679814E-004 0.12976893424176E-016 0.13962101911416E-007 0.72571612388165E+000 -.10368248285409E-039 0.41171637362999E+003 0.41909795435389E-001 -.22554816694574E+003 0.52553827797940E-001 0.10132500000000E+006 0.81659143681896E-003 0.27588051177861E+002 0.10000000000000E+001 0.00000000000000E+000 0.10000000000000E+001 0.41171637362999E+003 0.11428933769987E+001
  36 0.12670392377963E-002 0.24639746286340E-003 0.34999137338515E-009 0.83003408846974E-008 0.21463865657329E+000 0.35456003037128E-006 0.87262741579493E-002 0.45031051142094E-004 0.23831857866482E-010 0.16892442277772E-011 0.20610241454789E-005 0.46594476285042E-001 0.25445719284174E-002 0.12588224508441E-002 0.50283478490116E-009 0.10247180020503E-003 0.73863337883807E-005 0.55239608163467E-004 0.39541559832663E-007 0.10081993486144E-003 0.13817464836449E-016 0.14806320183769E-007 0.72567737330269E+000 -.10190591314185E-039 0.41780923994003E+003 0.41909795435389E-001 -.22483335738747E+003 0.52553827797940E-001 0.10132500000000E+006 0.80455736180278E-003 0.27583737804452E+002 0.10000000000000E+001 0.00000000000000E+000 0.10000000000000E+001 0.41780923994003E+003 0.13190667971909E+001
  37 0.16736662319943E-002 0.25190307609325E-003 0.49162997452105E-009 0.93591314564158E-008 0.21420073496973E+000 0.39105587945159E-006 0.91563292769695E-002 0.47602876269268E-004 0.28706801047245E-010 0.20568062317529E-011 0.22826182762516E-005 0.46371032232474E-001 0.26927436031211E-002 0.13520745085009E-002 0.59702667301453E-009 0.10957684494654E-003 0.80513826091665E-005 0.59299413561530E-004 0.46149288289856E-007 0.10886577007199E-003 0.14706935147910E-016 0.15672231439451E-007 0.72563904007143E+000 -.10001512821136E-039 0.42401653786921E+003 0.41909795435389E-001 -.22410858879814E+003 0.52553827797940E-001 0.10132500000000E+006 0.79265250951010E-003 0.27579329102783E+002 0.10000000000000E+001 0.00000000000000E+000 0.10000000000000E+001 0.42401653786921E+003 0.15208105000995E+001
  38 0.20715353931755E-002 0.25741636631185E-003 0.68387368094059E-009 0.10547283917225E-007 0.21374935800946E+000 0.43080556133337E-006 0.95922572873954E-002 0.50231209778404E-004 0.34495301151372E-010 0.24976326456261E-011 0.25242724199668E-005 0.46146931493997E-001 0.28444024742731E-002 0.14487643286245E-002 0.70665215869589E-009 0.11689093170870E-003 0.87439031001305E-005 0.63508543630685E-004 0.53703547183625E-007 0.11725262405340E-003 0.15648749655462E-016 0.16558601055127E-007 0.72560120551274E+000 -.97679950066580E-040 0.43032821363592E+003 0.41909795435389E-001 -.22337445531848E+003 0.52553827797940E-001 0.10132500000000E+006 0.78089925701326E-003 0.27574833132307E+002 0.10000000000000E+001 0.00000000000000E+000 0.10000000000000E+001 0.43032821363592E+003 0.17514092973953E+001
  39 0.24611448900797E-002 0.26293775107003E-003 0.94118396050871E-009 0.11880139903169E-007 0.21328480448208E+000 0.47409693603788E-006 0.10033821976980E-001 0.52913539809984E-004 0.41356983405321E-010 0.30252398888860E-011 0.27874166607160E-005 0.45922191984254E-001 0.29994830201896E-002 0.15488670537150E-002 0.83401348922452E-009 0.12440814867670E-003 0.94625378218128E-005 0.67866044286931E-004 0.62319784828262E-007 0.12597987478715E-003 0.16647643389719E-016 0.17465038777671E-007 0.72556390858819E+000 -.94694017459970E-040 0.43674039138103E+003 0.41909795435389E-001 -.22263083381862E+003 0.52553827797940E-001 0.10132500000000E+006 0.76930639044151E-003 0.27570253649403E+002 0.10000000000000E+001 0.00000000000000E+000 0.10000000000000E+001 0.43674039138103E+003 0.20146178370983E+001
  40 0.28430337682948E-002 0.26846873153644E-003 0.12809639937645E-008 0.13375158071188E-007 0.21280724793012E+000 0.52125126449063E-006 0.10480895537474E-001 0.55647575704971E-004 0.49479391404089E-010 0.36555940355039E-011 0.30736107269453E-005 0.45696776870506E-001 0.31579556438672E-002 0.16523788813978E-002 0.98177223559774E-009 0.13212416092192E-003 0.10205913239256E-004 0.72371867725494E-004 0.72126500239802E-007 0.13504853872919E-003 0.17709104327732E-016 0.18391364764406E-007 0.72552717727789E+000 -.90935806545766E-040 0.44325073053383E+003 0.41909795435389E-001 -.22187743503593E+003 0.52553827797940E-001 0.10132500000000E+006 0.75787891113499E-003 0.27565593357150E+002 0.10000000000000E+001 0.00000000000000E+000 0.10000000000000E+001 0.44325073053383E+003 0.23145474707592E+001
  41 0.32176976567085E-002 0.27401070886754E-003 0.17238251371296E-008 0.15051935517731E-007 0.21231685034184E+000 0.57261596515390E-006 0.10933364624446E-001 0.58430660002732E-004 0.59081148450733E-010 0.44074167863680E-011 0.33845009373774E-005 0.45470643978932E-001 0.33197946940454E-002 0.17592973142968E-002 0.11529768539021E-008 0.14003469742561E-003 0.10972497062049E-004 0.77026010068501E-004 0.83264500393777E-007 0.14445956538688E-003 0.18839248374269E-016 0.19337422757052E-007 0.72549103719658E+000 -.86382674909309E-040 0.44985707709628E+003 0.41909795435389E-001 -.22111396165991E+003 0.52553827797940E-001 0.10132500000000E+006 0.74662076445008E-003 0.27560854848936E+002 0.10000000000000E+001 0.00000000000000E+000 0.10000000000000E+001 0.44985707709628E+003 0.26556112104315E+001
  42 0.35855797882832E-002 0.27956479016162E-003 0.22938386279748E-008 0.16932401055299E-007 0.21181378100418E+000 0.62856239490375E-006 0.11391112333509E-001 0.61259636070958E-004 0.70416130119850E-010 0.53025761528846E-011 0.37218101170485E-005 0.45243754974140E-001 0.34849721570678E-002 0.18696171471980E-002 0.13511060006232E-008 0.14813525573296E-003 0.11760567826141E-004 0.81828334388798E-004 0.95886918370869E-007 0.15421347453716E-003 0.20044844030210E-016 0.20303043248374E-007 0.72545551310965E+000 -.81040641420318E-040 0.45655720426501E+003 0.41909795435389E-001 -.22034013822961E+003 0.52553827797940E-001 0.10132500000000E+006 0.73553536043224E-003 0.27556040784180E+002 0.10000000000000E+001 0.00000000000000E+000 0.10000000000000E+001 0.45655720426501E+003 0.30424918133700E+001
  43 0.39470789712699E-002 0.28513184092655E-003 0.30187658742291E-008 0.19041087374920E-007 0.21129821470072E+000 0.68948491660497E-006 0.11854020050424E-001 0.64130845812238E-004 0.83778328954192E-010 0.63665398127136E-011 0.40873380685922E-005 0.45016074356040E-001 0.36534582737600E-002 0.19833308734476E-002 0.15801204592496E-008 0.15642114175089E-003 0.12568217372832E-004 0.86778586233117E-004 0.11015943115176E-006 0.16431037656895E-003 0.21333386690215E-016 0.21288047123675E-007 0.72542062873636E+000 -.74961439697098E-040 0.46334884099876E+003 0.41909795435389E-001 -.21955570763215E+003 0.52553827797940E-001 0.10132500000000E+006 0.72462555893878E-003 0.27551153860054E+002 0.10000000000000E+001 0.00000000000000E+000 0.10000000000000E+001 0.46334884099876E+003 0.34801178825446E+001
  44 0.43025613021479E-002 0.29071261104367E-003 0.39302710815464E-008 0.21405468972543E-007 0.21077032217175E+000 0.75580049742173E-006 0.12321975925161E-001 0.67040179927436E-004 0.99507420411842E-010 0.76288934686305E-011 0.44829678903960E-005 0.44787565300563E-001 0.38252246391535E-002 0.21004308212658E-002 0.18445230880866E-008 0.16488763369517E-003 0.13393366771397E-004 0.91876484608369E-004 0.12626058511001E-006 0.17475014806782E-003 0.22713201936613E-016 0.22292263820705E-007 0.72538640610935E+000 -.68196230132265E-040 0.47022979859635E+003 0.41909795435389E-001 -.21876041636827E+003 0.52553827797940E-001 0.10132500000000E+006 0.71389351167594E-003 0.27546196713362E+002 0.10000000000000E+001 0.00000000000000E+000 0.10000000000000E+001 0.47022979859635E+003 0.39736470196894E+001
  45 0.46523684189396E-002 0.29630782550256E-003 0.50641142195568E-008 0.24056343494751E-007 0.21023026249691E+000 0.82794798332700E-006 0.12794881027554E-001 0.69983125240644E-004 0.11799493913163E-009 0.91239180654457E-011 0.49106727319215E-005 0.44558186797088E-001 0.40002465996651E-002 0.22209109275000E-002 0.21494247043981E-008 0.17353011370231E-003 0.14233780215319E-004 0.97121797387248E-004 0.14438205493452E-006 0.18553257898267E-003 0.24193559268372E-016 0.23315545386219E-007 0.72535286521493E+000 -.60805917955125E-040 0.47719806465339E+003 0.41909795435389E-001 -.21795400354745E+003 0.52553827797940E-001 0.10132500000000E+006 0.70334058563620E-003 0.27541171846364E+002 0.10000000000000E+001 0.00000000000000E+000 0.10000000000000E+001 0.47719806465339E+003 0.45284521200608E+001
  46 0.49968198445618E-002 0.30191819207077E-003 0.64603133725035E-008 0.27028230416662E-007 0.20967818272577E+000 0.90638628528788E-006 0.13272648852004E-001 0.72954780527062E-004 0.13969088243129E-009 0.10891211373906E-010 0.53725182452038E-005 0.44327894070366E-001 0.41785032686884E-002 0.23447669334647E-002 0.25006127333505E-008 0.18234408221775E-003 0.15087068242825E-004 0.10251434823376E-003 0.16472862382860E-006 0.19665738046712E-003 0.25784782358513E-016 0.24357766609804E-007 0.72532002416729E+000 -.52839513961966E-040 0.48425179956853E+003 0.41909795435389E-001 -.21713620102308E+003 0.52553827797940E-001 0.10132500000000E+006 0.69296744821333E-003 0.27536081623783E+002 0.10000000000000E+001 0.00000000000000E+000 0.10000000000000E+001 0.48425179956853E+003 0.51501052444961E+001
  47 0.53362126686514E-002 0.30754436796809E-003 0.81632709474842E-008 0.30359789104156E-007 0.20911422162796E+000 0.99159162136038E-006 0.13755201388663E-001 0.75949859695022E-004 0.16511069782654E-009 0.12976349847111E-010 0.58706615365673E-005 0.44096640596167E-001 0.43599762328628E-002 0.24719956465258E-002 0.29046222213109E-008 0.19132510659001E-003 0.15950685353336E-004 0.10805398305942E-003 0.18751786808562E-006 0.20812410756101E-003 0.27498361219681E-016 0.25418817501697E-007 0.72528789960198E+000 -.44356203705030E-040 0.49138928178172E+003 0.41909795435389E-001 -.21630673938680E+003 0.52553827797940E-001 0.10132500000000E+006 0.68277421785528E-003 0.27530928307987E+002 0.10000000000000E+001 0.00000000000000E+000 0.10000000000000E+001 0.49138928178172E+003 0.58443590864964E+001
  48 0.56708218176131E-002 0.31318693554293E-003 0.10221867767536E-007 0.34094274253369E-007 0.20853851291550E+000 0.10840543613687E-005 0.14242465924562E-001 0.78962707786290E-004 0.19484273496534E-009 0.15431596505088E-010 0.64073497100421E-005 0.43864379677971E-001 0.45446484633223E-002 0.26025942886571E-002 0.33688108920465E-008 0.20046877876144E-003 0.16821929615648E-004 0.11374054047167E-003 0.21297965197302E-006 0.21993208729795E-003 0.29347078518718E-016 0.26498596968380E-007 0.72525650697296E+000 -.35401845239325E-040 0.49860886292408E+003 0.41909795435389E-001 -.21546535282473E+003 0.52553827797940E-001 0.10132500000000E+006 0.67276058239711E-003 0.27525714088071E+002 0.10000000000000E+001 0.00000000000000E+000 0.10000000000000E+001 0.49860886292408E+003 0.66171294750965E+001
  49 0.60009012033021E-002 0.31884639332971E-003 0.12689528780722E-007 0.38280036001550E-007 0.20795118711739E+000 0.11842756821535E-005 0.14734373181043E-001 0.81987333008792E-004 0.22955619260395E-009 0.18316656580368E-010 0.69849189289620E-005 0.43631065329267E-001 0.47325036818897E-002 0.27365601246691E-002 0.39014390373963E-008 0.20977069495512E-003 0.17697945757413E-004 0.11957383461620E-003 0.24135547644368E-006 0.23208037019954E-003 0.31345154503099E-016 0.27597009148454E-007 0.72522586072790E+000 -.26018857265731E-040 0.50590894214574E+003 0.41909795435389E-001 -.21461178179633E+003 0.52553827797940E-001 0.10132500000000E+006 0.66292587719714E-003 0.27520441095854E+002 0.10000000000000E+001 0.00000000000000E+000 0.10000000000000E+001 0.50590894214574E+003 0.74744800985136E+001
  50 0.63266843372501E-002 0.32452313951749E-003 0.15624253576318E-007 0.42971051602471E-007 0.20735237433717E+000 0.12927637609406E-005 0.15230854837257E-001 0.85017441938477E-004 0.27000942892042E-009 0.21699468902624E-010 0.76057920713147E-005 0.43396653413816E-001 0.49235254577837E-002 0.28738898695498E-002 0.45117525986686E-008 0.21922642178728E-003 0.18575728566368E-004 0.12555362862969E-003 0.27289759521012E-006 0.24456766033391E-003 0.33508405398046E-016 0.28713958173625E-007 0.72519597449749E+000 -.16244356147519E-040 0.51328793092031E+003 0.41909795435389E-001 -.21374577690726E+003 0.52553827797940E-001 0.10132500000000E+006 0.65326916654944E-003 0.27515111429315E+002 0.10000000000000E+001 0.00000000000000E+000 0.10000000000000E+001 0.51328793092031E+003 0.84226063926951E+001
  51 0.66483827203934E-002 0.33021741671955E-003 0.19088585523530E-007 0.48227451587950E-007 0.20674221132705E+000 0.14100288228843E-005 0.15731837666335E-001 0.88046460578316E-004 0.31705825274570E-009 0.25656999044304E-010 0.82724707791587E-005 0.43161104344427E-001 0.51176949450245E-002 0.30145780740547E-002 0.52100644072150E-008 0.22883139510884E-003 0.19452122144929E-004 0.13167956384250E-003 0.30786766970887E-006 0.25739215070146E-003 0.35854401881409E-016 0.29849334982105E-007 0.72516686144859E+000 -.61240566332733E-041 0.52074416698918E+003 0.41909795435389E-001 -.21286710892438E+003 0.52553827797940E-001 0.10132500000000E+006 0.64378937852622E-003 0.27509727213156E+002 0.10000000000000E+001 0.00000000000000E+000 0.10000000000000E+001 0.52074416698918E+003 0.94678111681828E+001
  52 0.69661816788512E-002 0.33592920794421E-003 0.23149479481858E-007 0.54115994077549E-007 0.20612085440599E+000 0.15365764316441E-005 0.16237233255041E-001 0.91067536143373E-004 0.37166364034626E-009 0.30275983925354E-010 0.89875182619494E-005 0.42924387789525E-001 0.53149867928199E-002 0.31586140969149E-002 0.60078267351440E-008 0.23858072919517E-003 0.20323814272936E-004 0.13795102771021E-003 0.34653471687359E-006 0.27055122705802E-003 0.38402614436654E-016 0.31002993448170E-007 0.72513853480974E+000 0.42954666898894E-041 0.52827576173210E+003 0.41909795435389E-001 -.21197558702700E+003 0.52553827797940E-001 0.10132500000000E+006 0.63448550074223E-003 0.27504290707567E+002 0.10000000000000E+001 0.00000000000000E+000 0.10000000000000E+001 0.52827576173210E+003 0.10616464190523E+002
  53 0.72802368838192E-002 0.34165813871157E-003 0.27878061537918E-007 0.60710493288546E-007 0.20548849261165E+000 0.16728997986897E-005 0.16746928057746E-001 0.94073550083954E-004 0.43489874191588E-009 0.35653611432705E-010 0.97535370190405E-005 0.42686487145082E-001 0.55153650216460E-002 0.33059789251402E-002 0.69176951230154E-008 0.24846902619656E-003 0.21187335697804E-004 0.14436701547005E-003 0.38917250942323E-006 0.28404115492691E-003 0.41174557705806E-016 0.32174726308435E-007 0.72511100825680E+000 0.15010631161422E-040 0.53588045153735E+003 0.41909795435389E-001 -.21107107721815E+003 0.52553827797940E-001 0.10132500000000E+006 0.62535673969699E-003 0.27498804413838E+002 0.10000000000000E+001 0.00000000000000E+000 0.10000000000000E+001 0.53588045153735E+003 0.11874950135203E+002
  54 0.75906769442556E-002 0.34740348741045E-003 0.33349360696932E-007 0.68092308801475E-007 0.20484534944223E+000 0.18194738083795E-005 0.17260782983970E-001 0.97057196155469E-004 0.50795611523464E-009 0.41898210611895E-010 0.10573155986143E-004 0.42447399532253E-001 0.57187825314904E-002 0.34566445764996E-002 0.79535984699368E-008 0.25849036733767E-003 0.22039080718733E-004 0.15092610463400E-003 0.43605725704700E-006 0.29785700222129E-003 0.44193984141909E-016 0.33364262323510E-007 0.72508429569864E+000 0.25957522117160E-040 0.54355559097844E+003 0.41909795435389E-001 -.21015350445838E+003 0.52553827797940E-001 0.10132500000000E+006 0.61640248971331E-003 0.27493271077206E+002 0.10000000000000E+001 0.00000000000000E+000 0.10000000000000E+001 0.54355559097844E+003 0.13249628527749E+002
  55 0.78976136968375E-002 0.35316434599720E-003 0.39642140965175E-007 0.76351031668498E-007 0.20419166717534E+000 0.19767532887498E-005 0.17778646671120E-001 0.10001114061022E-003 0.59215674176684E-009 0.49130084737666E-010 0.11449040060618E-004 0.42207129505673E-001 0.59251860873763E-002 0.36105776027450E-002 0.91308371292681E-008 0.26863857461873E-003 0.22875353952834E-004 0.15762660840331E-003 0.48746649231769E-006 0.31199294111307E-003 0.47487179217826E-016 0.34571295466834E-007 0.72505841039662E+000 0.37106618434191E-040 0.55129835110595E+003 0.41909795435389E-001 -.20922283031617E+003 0.52553827797940E-001 0.10132500000000E+006 0.60762207579128E-003 0.27487693541691E+002 0.10000000000000E+001 0.00000000000000E+000 0.10000000000000E+001 0.55129835110595E+003 0.14746830641050E+002
  56 0.82011556374385E-002 0.35893985748762E-003 0.46838902801747E-007 0.85585408518171E-007 0.20352768073245E+000 0.21451754485573E-005 0.18300376224917E-001 0.10292821721652E-003 0.68896171689078E-009 0.57482566823024E-010 0.12383920365943E-004 0.41965679446345E-001 0.61345245333603E-002 0.37677451886837E-002 0.10466219288716E-007 0.27890762785531E-003 0.23692428787737E-004 0.16446684231572E-003 0.54367933752406E-006 0.32644279409468E-003 0.51083365972412E-016 0.35795532995326E-007 0.72503336389883E+000 0.48432841488686E-040 0.55910603097137E+003 0.41909795435389E-001 -.20827901625316E+003 0.52553827797940E-001 0.10132500000000E+006 0.59901441462770E-003 0.27482074524097E+002 0.10000000000000E+001 0.00000000000000E+000 0.10000000000000E+001 0.55910603097137E+003 0.16372895322300E+002
  57 0.85014175505908E-002 0.36472940034847E-003 0.55025997512549E-007 0.95904403120966E-007 0.20285359563729E+000 0.23251637177956E-005 0.18825853785988E-001 0.10580158300776E-003 0.79998603852547E-009 0.67103251201640E-010 0.13380629385001E-004 0.41723042016673E-001 0.63467556467430E-002 0.39281204648211E-002 0.11978225169589E-007 0.28929200797655E-003 0.24486595479299E-004 0.17144535667548E-003 0.60497739004810E-006 0.34120051246557E-003 0.55015175568353E-016 0.37036735574930E-007 0.72500916540958E+000 0.59864967988960E-040 0.56697630816437E+003 0.41909795435389E-001 -.20732199306799E+003 0.52553827797940E-001 0.10132500000000E+006 0.59057779707040E-003 0.27476416433356E+002 0.10000000000000E+001 0.00000000000000E+000 0.10000000000000E+001 0.56697630816437E+003 0.18134218836173E+002
  58 0.87985221721854E-002 0.37053263033274E-003 0.64293706264229E-007 0.10742821473780E-006 0.20216958135015E+000 0.25171296002180E-005 0.19354990533176E-001 0.10862478912759E-003 0.92701278019888E-009 0.78155252467094E-010 0.14442122391573E-004 0.41479198458680E-001 0.65618481227259E-002 0.40916842923331E-002 0.13687174645525E-007 0.29978679447838E-003 0.25254186162976E-004 0.17856101535282E-003 0.67164508696769E-006 0.35626033121419E-003 0.59319122030188E-016 0.38294728936229E-007 0.72498582189019E+000 0.71402854628594E-040 0.57490730171310E+003 0.41909795435389E-001 -.20635165217025E+003 0.52553827797940E-001 0.10132500000000E+006 0.58230990313681E-003 0.27470721326223E+002 0.10000000000000E+001 0.00000000000000E+000 0.10000000000000E+001 0.57490730171310E+003 0.20037284716542E+002
  59 0.90925957671882E-002 0.37634940282785E-003 0.74736184653101E-007 0.12028915434613E-006 0.20147577870275E+000 0.27214715779522E-005 0.19887719801903E-001 0.11139178444793E-003 0.10720065107850E-008 0.90818388102961E-010 0.15571480292052E-004 0.41234121861239E-001 0.67797791424744E-002 0.42584236964081E-002 0.15615383875107E-007 0.31038754253443E-003 0.25991583080347E-004 0.18581292868798E-003 0.74396909749017E-006 0.37161661304852E-003 0.64036060923215E-016 0.39569389704947E-007 0.72496333864669E+000 0.83292128614715E-040 0.58289747131816E+003 0.41909795435389E-001 -.20536785661800E+003 0.52553827797940E-001 0.10132500000000E+006 0.57420798394149E-003 0.27464990981206E+002 0.10000000000000E+001 0.00000000000000E+000 0.10000000000000E+001 0.58289747131816E+003 0.22088661153183E+002
  60 0.93837629620646E-002 0.38217967288747E-003 0.86451311896884E-007 0.13463244124823E-006 0.20077231079821E+000 0.29385730703239E-005 0.20423987944765E-001 0.11409690578691E-003 0.12371265901133E-008 0.10529033373580E-009 0.16771905013068E-004 0.40987781385494E-001 0.70005308910506E-002 0.44283294043437E-002 0.17787320692112E-007 0.32109010741953E-003 0.26695226292161E-004 0.19320034750266E-003 0.82223732397388E-006 0.38726360696617E-003 0.69211672699691E-016 0.40860625091155E-007 0.72494171991976E+000 0.95990080739591E-040 0.59094548175505E+003 0.41909795435389E-001 -.20437045680930E+003 0.52553827797940E-001 0.10132500000000E+006 0.56626905343463E-003 0.27459226997368E+002 0.10000000000000E+001 0.00000000000000E+000 0.10000000000000E+001 0.59094548175505E+003 0.24294983262579E+002
  61 0.96721439355944E-002 0.38802343533953E-003 0.99540532518993E-007 0.15061702260300E-006 0.20005928987708E+000 0.31688015509347E-005 0.20963748670596E-001 0.11673488614694E-003 0.14247416716311E-008 0.12178786384739E-009 0.18046718789902E-004 0.40740144831675E-001 0.72240883727549E-002 0.46013942849463E-002 0.20229776300379E-007 0.33189053135686E-003 0.27361629857767E-004 0.20072259639711E-003 0.90673823851676E-006 0.40319528783128E-003 0.74897020311230E-016 0.42168360166100E-007 0.72492096923522E+000 0.10872830196902E-039 0.59905011869013E+003 0.41909795435389E-001 -.20335930030437E+003 0.52553827797940E-001 0.10132500000000E+006 0.55849000440795E-003 0.27453430855886E+002 0.10000000000000E+001 0.00000000000000E+000 0.10000000000000E+001 0.59905011869013E+003 0.26662940968435E+002
  62 0.99578536905773E-002 0.39388070355563E-003 0.11410872657848E-006 0.16841644671572E-006 0.19933681989460E+000 0.34125092943002E-005 0.21506960856454E-001 0.11930087838632E-003 0.16374461447867E-008 0.14054824085953E-009 0.19399369676235E-004 0.40491179583532E-001 0.74504385876296E-002 0.47776127863041E-002 0.22972061338695E-007 0.34278499492552E-003 0.27987405427463E-004 0.20837905048320E-003 0.99776077449853E-006 0.41940528683715E-003 0.81149201311899E-016 0.43492533101390E-007 0.72490108956435E+000 0.12148114045348E-039 0.60721025620858E+003 0.41909795435389E-001 -.20233423551158E+003 0.52553827797940E-001 0.10132500000000E+006 0.55086766053246E-003 0.27447603944348E+002 0.10000000000000E+001 0.00000000000000E+000 0.10000000000000E+001 0.60721025620858E+003 0.29199278350034E+002
  63 0.10241002193976E-001 0.39975150521931E-003 0.13026410015990E-006 0.18821976853623E-006 0.19860499713857E+000 0.36700353480462E-005 0.22053587921013E-001 0.12179048243943E-003 0.18780787143592E-008 0.16183076904733E-009 0.20833440883843E-004 0.40240852826733E-001 0.76795703287641E-002 0.49569808360425E-002 0.26046226700201E-007 0.35376979619831E-003 0.28569289646416E-004 0.21616913216643E-003 0.10955946761692E-005 0.43588686380691E-003 0.88032097209903E-016 0.44833094042166E-007 0.72488208340539E+000 0.13424372377463E-039 0.61542484758592E+003 0.41909795435389E-001 -.20129511257939E+003 0.52553827797940E-001 0.10132500000000E+006 0.54339880058791E-003 0.27441747564347E+002 0.10000000000000E+001 0.00000000000000E+000 0.10000000000000E+001 0.61542484758592E+003 0.31910801592137E+002
  64 0.10521694707632E-001 0.40563588227610E-003 0.14811808363313E-006 0.21023246308112E-006 0.19786391034607E+000 0.39417083912573E-005 0.22603597604100E-001 0.12419976955584E-003 0.21497432960646E-008 0.18591852781273E-009 0.22352661998316E-004 0.39989131577505E-001 0.79114741398588E-002 0.51394958606424E-002 0.29487308988998E-007 0.36484133498404E-003 0.29104173352099E-004 0.22409231298658E-003 0.12005312080775E-005 0.45263288970466E-003 0.95617224667729E-016 0.46190004921601E-007 0.72486395284384E+000 0.14695743960592E-039 0.62369292203422E+003 0.41909795435389E-001 -.20024178357309E+003 0.52553827797940E-001 0.10132500000000E+006 0.53608017454409E-003 0.27435862934802E+002 0.10000000000000E+001 0.00000000000000E+000 0.10000000000000E+001 0.62369292203422E+003 0.34804393050651E+002
  65 0.10800032116046E-001 0.41153389125853E-003 0.16778523347518E-006 0.23467733303579E-006 0.19711364076577E+000 0.42278503600077E-005 0.23156961804171E-001 0.12652530183254E-003 0.24558325628072E-008 0.21312031223194E-009 0.23960921369636E-004 0.39735982682903E-001 0.81461422922448E-002 0.53251568173751E-002 0.33333602122423E-007 0.37599609540205E-003 0.29589131853956E-004 0.23214811584917E-003 0.13128641906424E-005 0.46963582949516E-003 0.10398469926204E-015 0.47563239393795E-007 0.72484669960756E+000 0.15960623762808E-039 0.63201358221674E+003 0.41909795435389E-001 -.19917410257482E+003 0.52553827797940E-001 0.10132500000000E+006 0.52890851716298E-003 0.27429951194724E+002 0.10000000000000E+001 0.00000000000000E+000 0.10000000000000E+001 0.63201358221674E+003 0.37887031087617E+002
  66 0.11076111221656E-001 0.41744560334349E-003 0.18938313813393E-006 0.26179540208971E-006 0.19635426224429E+000 0.45287808109944E-005 0.23713656412791E-001 0.12876414695007E-003 0.28000545891042E-008 0.24377281864157E-009 0.25662279494053E-004 0.39481372821406E-001 0.83835687564319E-002 0.55139642198744E-002 0.37626957498196E-007 0.38723062577738E-003 0.30021455958950E-004 0.24033611678930E-003 0.14328913528625E-005 0.48688772354312E-003 0.11322432642145E-015 0.48952782739807E-007 0.72483032511908E+000 0.17215701405767E-039 0.64038600162597E+003 0.41909795435389E-001 -.19809192582297E+003 0.52553827797940E-001 0.10132500000000E+006 0.52188056015691E-003 0.27424013406081E+002 0.10000000000000E+001 0.00000000000000E+000 0.10000000000000E+001 0.64038600162597E+003 0.41165816260356E+002
  67 0.11350025007258E-001 0.42337110408054E-003 0.21303232985945E-006 0.29184678680811E-006 0.19558584134615E+000 0.48448220073827E-005 0.24273661138385E-001 0.13091388834046E-003 0.31864631137006E-008 0.27824311929129E-009 0.27460983293538E-004 0.39225268508011E-001 0.86237491649680E-002 0.57059201549094E-002 0.42413115433787E-007 0.39854151599558E-003 0.30398683410616E-004 0.24865594613437E-003 0.15609159914691E-005 0.50438016727048E-003 0.12343683668428E-015 0.50358631728592E-007 0.72481483054548E+000 0.18459773115525E-039 0.64880942171865E+003 0.41909795435389E-001 -.19699511191016E+003 0.52553827797940E-001 0.10132500000000E+006 0.51499304311034E-003 0.27418050556781E+002 0.10000000000000E+001 0.00000000000000E+000 0.10000000000000E+001 0.64880942171865E+003 0.44648004597892E+002
  68 0.11621862861023E-001 0.42931049263743E-003 0.23885620437260E-006 0.32511153930564E-006 0.19480843752949E+000 0.51763046982900E-005 0.24836959302830E-001 0.13297263101239E-003 0.36194919928871E-008 0.31693147450029E-009 0.29361481141006E-004 0.38967636111928E-001 0.88666807594658E-002 0.59010282846580E-002 0.47742070556598E-007 0.40992537237284E-003 0.30718630333290E-004 0.25710728879568E-003 0.16972489140651E-005 0.52210428850167E-003 0.13473528452553E-015 0.51780794391591E-007 0.72480021684618E+000 0.19690331029697E-039 0.65728314856860E+003 0.41909795435389E-001 -.19588352207821E+003 0.52553827797940E-001 0.10132500000000E+006 0.50824272345129E-003 0.27412063563983E+002 0.10000000000000E+001 0.00000000000000E+000 0.10000000000000E+001 0.65728314856860E+003 0.48341048533760E+002
  69 0.11891710697288E-001 0.43526387902200E-003 0.26698094349019E-006 0.36189044366822E-006 0.19402210358510E+000 0.55235744716473E-005 0.25403537461863E-001 0.13493900283929E-003 0.41039943533421E-008 0.36027452463784E-009 0.31368437957456E-004 0.38708441955636E-001 0.91123622567193E-002 0.60992937817040E-002 0.53668472320782E-007 0.42137878751373E-003 0.30979422154574E-004 0.26568988138925E-003 0.18422105981648E-005 0.54005071769582E-003 0.14724662936655E-015 0.53219289330472E-007 0.72478648482191E+000 0.20904595003700E-039 0.66580654680337E+003 0.41909795435389E-001 -.19475702091615E+003 0.52553827797940E-001 0.10132500000000E+006 0.50162638724270E-003 0.27406053279238E+002 0.10000000000000E+001 0.00000000000000E+000 0.10000000000000E+001 0.66580654680337E+003 0.52252644953523E+002
  70 0.12159650599982E-001 0.44123137077632E-003 0.29753539426291E-006 0.40250569179645E-006 0.19322688749268E+000 0.58869980894973E-005 0.25973384030510E-001 0.13681214918601E-003 0.46452862347887E-008 0.40874883914583E-009 0.33486746924112E-004 0.38447652870858E-001 0.93607932732947E-002 0.63007229018565E-002 0.60252052384443E-007 0.43289828918899E-003 0.31179523334820E-004 0.27440349343416E-003 0.19961332860446E-005 0.55820952466121E-003 0.16111350048043E-015 0.54674142446081E-007 0.72477363518061E+000 0.22100659062123E-039 0.67437901851456E+003 0.41909795435389E-001 -.19361547913406E+003 0.52553827797940E-001 0.10132500000000E+006 0.49514086974219E-003 0.27400020504128E+002 0.10000000000000E+001 0.00000000000000E+000 0.10000000000000E+001 0.67437901851456E+003 0.56390784230400E+002
  71 0.12425758886309E-001 0.44721302356866E-003 0.33065073074830E-006 0.44730118049550E-006 0.19242283923006E+000 0.62669679200433E-005 0.26546484435499E-001 0.13859171490736E-003 0.52491919998561E-008 0.46287457300858E-009 0.35721526463549E-004 0.38185238349012E-001 0.96119722038174E-002 0.65053212817509E-002 0.67558039826184E-007 0.44448021891210E-003 0.31317765576244E-004 0.28324785324884E-003 0.21593621420186E-005 0.57657004110426E-003 0.17649608588184E-015 0.56145374613838E-007 0.72476166865863E+000 0.23276015342582E-039 0.68299992988204E+003 0.41909795435389E-001 -.19245878354999E+003 0.52553827797940E-001 0.10132500000000E+006 0.48878311103489E-003 0.27393966042340E+002 0.10000000000000E+001 0.00000000000000E+000 0.10000000000000E+001 0.68299992988204E+003 0.60763778461317E+002
  72 0.12690101354525E-001 0.45320872532408E-003 0.36645959819164E-006 0.49664195665823E-006 0.19161002695197E+000 0.66639016796371E-005 0.27122809793570E-001 0.14027780969590E-003 0.59220855834439E-008 0.52321869142192E-009 0.38078084896286E-004 0.37921175671433E-001 0.98658911721561E-002 0.67130897899989E-002 0.75657487318889E-007 0.45612048087211E-003 0.31393376250814E-004 0.29222246828352E-003 0.23322541108274E-005 0.59512046932788E-003 0.19357400624964E-015 0.57632972200792E-007 0.72475058621311E+000 0.24427281813520E-039 0.69166844044153E+003 0.41909795435389E-001 -.19128686079739E+003 0.52553827797940E-001 0.10132500000000E+006 0.48255027241454E-003 0.27387890819200E+002 0.10000000000000E+001 0.00000000000000E+000 0.10000000000000E+001 0.69166844044153E+003 0.65380234623228E+002
  73 0.12952727719021E-001 0.45921805614743E-003 0.40509478864375E-006 0.55091275566903E-006 0.19078855724939E+000 0.70782390485079E-005 0.27702303056974E-001 0.14187097500071E-003 0.66709268664192E-008 0.59039769176852E-009 0.40561859984356E-004 0.37655456234332E-001 0.10122529704065E-001 0.69240192177853E-002 0.84627495520460E-007 0.46781424309412E-003 0.31406010985503E-004 0.30132639603147E-003 0.25151749210946E-005 0.61384740155793E-003 0.21254816391997E-015 0.59136850052751E-007 0.72474038914747E+000 0.25554257845946E-039 0.70038329445252E+003 0.41909795435389E-001 -.19009970734160E+003 0.52553827797940E-001 0.10132500000000E+006 0.47643986128541E-003 0.27381796026072E+002 0.10000000000000E+001 0.00000000000000E+000 0.10000000000000E+001 0.70038329445252E+003 0.70248986934877E+002
  74 0.13213672506572E-001 0.46524029181861E-003 0.44668851943599E-006 0.61051704762481E-006 0.18995857643420E+000 0.75104466989108E-005 0.28284878837861E-001 0.14337219492393E-003 0.75033128894823E-008 0.66508159264455E-009 0.43178401933753E-004 0.37388085644541E-001 0.10381854319769E-001 0.71380897364537E-002 0.94551565433094E-007 0.47955592025015E-003 0.31355788701875E-004 0.31055822149351E-003 0.27084992556549E-005 0.63273578022237E-003 0.23364306350593E-015 0.60656849123800E-007 0.72473107889950E+000 0.26653561408305E-039 0.70914281832050E+003 0.41909795435389E-001 -.18889739247686E+003 0.52553827797940E-001 0.10132500000000E+006 0.47044969728391E-003 0.27375683119120E+002 0.10000000000000E+001 0.00000000000000E+000 0.10000000000000E+001 0.70914281832050E+003 0.75379123160503E+002
  75 0.13472966542092E-001 0.47127465639377E-003 0.49137357729272E-006 0.67587853569072E-006 0.18912023699195E+000 0.79610423535081E-005 0.28870447477187E-001 0.14478295812464E-003 0.84275728781572E-008 0.74800179362887E-009 0.45933468658429E-004 0.37119072696314E-001 0.10643829004591E-001 0.73552793926971E-002 0.10552040923043E-006 0.49133965018986E-003 0.31243314551923E-004 0.31991642405082E-003 0.29126192344151E-005 0.65176965724532E-003 0.25711033713305E-015 0.62192797872440E-007 0.72472265650556E+000 0.27729047443345E-039 0.71794528268983E+003 0.41909795435389E-001 -.18768001078414E+003 0.52553827797940E-001 0.10132500000000E+006 0.46457764111689E-003 0.27369553564248E+002 0.10000000000000E+001 0.00000000000000E+000 0.10000000000000E+001 0.71794528268983E+003 0.80780239455394E+002
  76 0.13730650302045E-001 0.47732063241450E-003 0.53928569203366E-006 0.74744453525665E-006 0.18827365422498E+000 0.84306278406911E-005 0.29458945204287E-001 0.14610530379682E-003 0.94529027413848E-008 0.83996240455333E-009 0.48833179702772E-004 0.36848415490524E-001 0.10908428752943E-001 0.75755753954609E-002 0.11763314528963E-006 0.50315989396381E-003 0.31069678285601E-004 0.32939986250342E-003 0.31279572837362E-005 0.67093316962235E-003 0.28323339665191E-015 0.63744591778204E-007 0.72471512222556E+000 0.28775800540795E-039 0.72678935563789E+003 0.41909795435389E-001 -.18644761965015E+003 0.52553827797940E-001 0.10132500000000E+006 0.45882130252975E-003 0.27363408522047E+002 0.10000000000000E+001 0.00000000000000E+000 0.10000000000000E+001 0.72678935563789E+003 0.86462816711966E+002
  77 0.13986777848426E-001 0.48337806241407E-003 0.59056515467557E-006 0.82568847987070E-006 0.18741889043335E+000 0.89199108766504E-005 0.30050344447812E-001 0.14734179577767E-003 0.10589502714416E-007 0.94185175490137E-009 0.51884106171684E-004 0.36576096598245E-001 0.11175644522765E-001 0.77989784893146E-002 0.13099842919551E-006 0.51501163535199E-003 0.30836436036652E-004 0.33900795998650E-003 0.33549741840337E-005 0.69021087430215E-003 0.31233234968994E-015 0.65312222616397E-007 0.72470847565777E+000 0.29794293611847E-039 0.73567425678798E+003 0.41909795435389E-001 -.18520021616548E+003 0.52553827797940E-001 0.10132500000000E+006 0.45317797802263E-003 0.27357248744005E+002 0.10000000000000E+001 0.00000000000000E+000 0.10000000000000E+001 0.73567425678798E+003 0.92438475320361E+002
  78 0.14241412109996E-001 0.48944704713560E-003 0.64535703970909E-006 0.91111040951180E-006 0.18655596748998E+000 0.94297119466268E-005 0.30644644385320E-001 0.14849544981041E-003 0.11848701920113E-007 0.10546526034169E-008 0.55093268847153E-004 0.36302087287312E-001 0.11445479325333E-001 0.80254999671954E-002 0.14573532115232E-006 0.52689018535213E-003 0.30545590740800E-004 0.34874057129117E-003 0.35941700405757E-005 0.70958742948860E-003 0.34476881099816E-015 0.66895755793165E-007 0.72470271611833E+000 0.30781689189347E-039 0.74459961407385E+003 0.41909795435389E-001 -.18393775535146E+003 0.52553827797940E-001 0.10132500000000E+006 0.44764478127559E-003 0.27351074675620E+002 0.10000000000000E+001 0.00000000000000E+000 0.10000000000000E+001 0.74459961407385E+003 0.98720052213001E+002
  79 0.14494619079469E-001 0.49552781177279E-003 0.70381093523337E-006 0.10042365713117E-005 0.18568488470341E+000 0.99609670116911E-005 0.31241858166934E-001 0.14956966388231E-003 0.13243085768149E-007 0.11794524634774E-008 0.58468106335356E-004 0.36026353302862E-001 0.11717942662155E-001 0.82551572006069E-002 0.16197406928920E-006 0.53879092605222E-003 0.30199574471811E-004 0.35859778693965E-003 0.38460826604089E-005 0.72904715565308E-003 0.38095103937016E-015 0.68495297967627E-007 0.72469784294985E+000 0.31739148055314E-039 0.75356527060407E+003 0.41909795435389E-001 -.18266017651780E+003 0.52553827797940E-001 0.10132500000000E+006 0.44221878687116E-003 0.27344886592583E+002 0.10000000000000E+001 0.00000000000000E+000 0.10000000000000E+001 0.75356527060407E+003 0.10532162053842E+003
  80 0.14746464707660E-001 0.50162063101923E-003 0.76608095833428E-006 0.11056192726991E-005 0.18480562902850E+000 0.10514733440897E-004 0.31842005711789E-001 0.15056816812893E-003 0.14786643823182E-007 0.13174556108783E-008 0.62016459010754E-004 0.35748858110677E-001 0.11993047350764E-001 0.84879710794978E-002 0.17985700019857E-006 0.55070917355148E-003 0.29801227776566E-004 0.36857981998720E-003 0.41112867056721E-005 0.74857377157476E-003 0.42133988364559E-015 0.70110978667429E-007 0.72469385567526E+000 0.32663073218557E-039 0.76257117542043E+003 0.41909795435389E-001 -.18136741885805E+003 0.52553827797940E-001 0.10132500000000E+006 0.43689710597778E-003 0.27338684677424E+002 0.10000000000000E+001 0.00000000000000E+000 0.10000000000000E+001 0.76257117542043E+003 0.11225854044632E+003
  81 0.14997013866060E-001 0.50772580121198E-003 0.83232613178845E-006 0.12158371649970E-005 0.18391817887540E+000 0.11092199199468E-004 0.32445111042892E-001 0.15149498632032E-003 0.16494942871625E-007 0.14699971751456E-008 0.65746570274125E-004 0.35469564065624E-001 0.12270808350079E-001 0.87239650905143E-002 0.19953955065164E-006 0.56264013847982E-003 0.29353772698419E-004 0.37868696346266E-003 0.43903937132925E-005 0.76815027544536E-003 0.46645571117383E-015 0.71742943636892E-007 0.72469075406396E+000 0.33554224203113E-039 0.77161734251114E+003 0.41909795435389E-001 -.18005942795249E+003 0.52553827797940E-001 0.10132500000000E+006 0.43167691291199E-003 0.27332469048232E+002 0.10000000000000E+001 0.00000000000000E+000 0.10000000000000E+001 0.77161734251114E+003 0.11954754234507E+003
  82 0.15246329896700E-001 0.51384362576701E-003 0.90271090951474E-006 0.13354956718999E-005 0.18302250612577E+000 0.11694692944844E-004 0.33051200903557E-001 0.15235439988076E-003 0.18385323148731E-007 0.16385591042530E-008 0.69667091046169E-004 0.35188432998619E-001 0.12551242145118E-001 0.89631648515503E-002 0.22119139336955E-006 0.57457891837493E-003 0.28860779476327E-004 0.38891956743562E-003 0.46840518935023E-005 0.78775886625709E-003 0.51688633040094E-015 0.73391351479557E-007 0.72468853816910E+000 0.34411798493019E-039 0.78070382910156E+003 0.41909795435389E-001 -.17873615984928E+003 0.52553827797940E-001 0.10132500000000E+006 0.42655545724606E-003 0.27326239773731E+002 0.10000000000000E+001 0.00000000000000E+000 0.10000000000000E+001 0.78070382910156E+003 0.12720681340701E+003
  83 0.15494473835036E-001 0.51997439199544E-003 0.97740562946271E-006 0.14652272078102E-005 0.18211857949698E+000 0.12323693012304E-004 0.33660302502714E-001 0.15315091050249E-003 0.20477114151616E-007 0.18247876551497E-008 0.73787074542162E-004 0.34905427218068E-001 0.12834365708043E-001 0.92055972731306E-002 0.24499759178435E-006 0.58652047909685E-003 0.28326128408684E-004 0.39927800016308E-003 0.49929446921751E-005 0.80738083660028E-003 0.57329588347850E-015 0.75056367821871E-007 0.72468720835335E+000 0.35234420346625E-039 0.78983070093047E+003 0.41909795435389E-001 -.17739758734411E+003 0.52553827797940E-001 0.10132500000000E+006 0.42153008115619E-003 0.27319996896983E+002 0.10000000000000E+001 0.00000000000000E+000 0.10000000000000E+001 0.78983070093047E+003 0.13525606043120E+003
  84 0.15741503040157E-001 0.52611833232661E-003 0.10565867521515E-005 0.16056909117327E-005 0.18120637035246E+000 0.12980834187233E-004 0.34272439676664E-001 0.15388920103709E-003 0.22791866962771E-007 0.20305121102563E-008 0.78115953754276E-004 0.34620511263678E-001 0.13120194689715E-001 0.94512890395974E-002 0.27115972523460E-006 0.59845961180412E-003 0.27753968306688E-004 0.40976258038111E-003 0.53177875009889E-005 0.82699641624087E-003 0.63643469784809E-015 0.76738154953014E-007 0.72468676529443E+000 0.36021115280261E-039 0.79899797391338E+003 0.41909795435389E-001 -.17604371012546E+003 0.52553827797940E-001 0.10132500000000E+006 0.41659824671007E-003 0.27313740474817E+002 0.10000000000000E+001 0.00000000000000E+000 0.10000000000000E+001 0.79899797391338E+003 0.14371653277007E+003
  85 0.15987469877430E-001 0.53227558552536E-003 0.11404370087763E-005 0.17575720683250E-005 0.18028585872926E+000 0.13667913387609E-004 0.34887628996489E-001 0.15457409702557E-003 0.25353606618007E-007 0.22577650120171E-008 0.82663508785414E-004 0.34333653709837E-001 0.13408741537988E-001 0.97002649948877E-002 0.29989700160168E-006 0.61039089602268E-003 0.27148670936294E-004 0.42037350594535E-003 0.56593230060097E-005 0.84658461918322E-003 0.70715026755027E-015 0.78436861020448E-007 0.72468720995741E+000 0.36772270221267E-039 0.80820555520029E+003 0.41909795435389E-001 -.17467456551312E+003 0.52553827797940E-001 0.10132500000000E+006 0.41175755941887E-003 0.27307470617095E+002 0.10000000000000E+001 0.00000000000000E+000 0.10000000000000E+001 0.80820555520029E+003 0.15261101773208E+003
  86 0.16232421811654E-001 0.53844619237176E-003 0.12291459428506E-005 0.19215821007277E-005 0.17935703437416E+000 0.14386898100036E-004 0.35505879279259E-001 0.15521053177650E-003 0.28189120669251E-007 0.25088053229274E-008 0.87439849917674E-004 0.34044827403961E-001 0.13700015175732E-001 0.99525478487951E-002 0.33144751234023E-006 0.62230873508491E-003 0.26514778180328E-004 0.43111083913522E-003 0.60183170840119E-005 0.86612320625231E-003 0.78639990601770E-015 0.80152618394904E-007 0.72468854354409E+000 0.37485463291114E-039 0.81745323538409E+003 0.41909795435389E-001 -.17329023200025E+003 0.52553827797940E-001 0.10132500000000E+006 0.40700576213753E-003 0.27301187490716E+002 0.10000000000000E+001 0.00000000000000E+000 0.10000000000000E+001 0.81745323538409E+003 0.16196385760465E+003
  87 0.16476403635595E-001 0.54463014583801E-003 0.13229113218605E-005 0.20984601573466E-005 0.17841988949456E+000 0.15139941059262E-004 0.36127196585549E-001 0.15580351470505E-003 0.31328305525421E-007 0.27861463764953E-008 0.92455440635703E-004 0.33754007144082E-001 0.13994023276434E-001 0.10208160143615E-001 0.36606983230676E-006 0.63420750017101E-003 0.25856939462512E-004 0.44197458803406E-003 0.63955570492182E-005 0.88558882460067E-003 0.87526582462342E-015 0.81885557357130E-007 0.72469076746288E+000 0.38162801094202E-039 0.82674076278418E+003 0.41909795435389E-001 -.17189082054803E+003 0.52553827797940E-001 0.10132500000000E+006 0.40234068841674E-003 0.27294891267986E+002 0.10000000000000E+001 0.00000000000000E+000 0.10000000000000E+001 0.82674076278418E+003 0.17180103500222E+003
  88 0.16719460564622E-001 0.55082746554271E-003 0.14219412306376E-005 0.22889761722923E-005 0.17747440746303E+000 0.15929399348342E-004 0.36751591760290E-001 0.15635809821796E-003 0.34804575765387E-007 0.30925890039126E-008 0.97721148929772E-004 0.33461166140841E-001 0.14290775814661E-001 0.10467127384017E-001 0.40404496802107E-006 0.64608172071700E-003 0.25179843045673E-004 0.45296483644294E-003 0.67918513654955E-005 0.90495722171494E-003 0.97497300339879E-015 0.83635827374260E-007 0.72469388335647E+000 0.38802721590533E-039 0.83606795546416E+003 0.41909795435389E-001 -.17047645981943E+003 0.52553827797940E-001 0.10132500000000E+006 0.39776020317901E-003 0.27288582050196E+002 0.10000000000000E+001 0.00000000000000E+000 0.10000000000000E+001 0.83606795546416E+003 0.18215030437581E+003
  89 0.16961639332058E-001 0.55703822352074E-003 0.15264557595864E-005 0.24939334435572E-005 0.17652055854709E+000 0.16757849384481E-004 0.37379083182973E-001 0.15687933754370E-003 0.38655307950062E-007 0.34312572464192E-008 0.10324826892058E-003 0.33166274693839E-001 0.14590286418278E-001 0.10729479311435E-001 0.44567828504230E-006 0.65792617852342E-003 0.24488151339059E-004 0.46408179383278E-003 0.72080264496118E-005 0.92420330040456E-003 0.10869092804929E-014 0.85403605510441E-007 0.72469789315880E+000 0.39405411078456E-039 0.84543474130289E+003 0.41909795435389E-001 -.16904729192319E+003 0.52553827797940E-001 0.10132500000000E+006 0.39326218508188E-003 0.27282259840734E+002 0.10000000000000E+001 0.00000000000000E+000 0.10000000000000E+001 0.84543474130289E+003 0.19304125735001E+003
  90 0.17202985489562E-001 0.56326247264504E-003 0.16366871443135E-005 0.27141683313214E-005 0.17555831055851E+000 0.17628089255258E-004 0.38009689695491E-001 0.15737224286774E-003 0.42922274264280E-007 0.38056326884165E-008 0.10904845433930E-003 0.32869303483681E-001 0.14892569035188E-001 0.10995247082344E-001 0.49130089459114E-006 0.66973581429423E-003 0.23786448698658E-004 0.47532567127568E-003 0.76449161386813E-005 0.94330087127821E-003 0.12126465447238E-014 0.87189077227004E-007 0.72470279909064E+000 0.39968218389165E-039 0.85484105140185E+003 0.41909795435389E-001 -.16760349068370E+003 0.52553827797940E-001 0.10132500000000E+006 0.38884457928094E-003 0.27275924617245E+002 0.10000000000000E+001 0.00000000000000E+000 0.10000000000000E+001 0.85484105140185E+003 0.20450520685905E+003
  91 0.17443538376454E-001 0.56950011197913E-003 0.17528783901087E-005 0.29505467622371E-005 0.17458764976100E+000 0.18543129063934E-004 0.38643417003299E-001 0.15784172942894E-003 0.47652050618120E-007 0.42195860956790E-008 0.11513356858068E-003 0.32570229991011E-001 0.15197631364669E-001 0.11264457525745E-001 0.54127033491005E-006 0.68150551679025E-003 0.23079199790627E-004 0.48669643483715E-003 0.81033441643222E-005 0.96222222906360E-003 0.13539626699949E-014 0.88992398000715E-007 0.72470860353105E+000 0.40493035167430E-039 0.86428661672102E+003 0.41909795435389E-001 -.16614529563213E+003 0.52553827797940E-001 0.10132500000000E+006 0.38450548730986E-003 0.27269576467882E+002 0.10000000000000E+001 0.00000000000000E+000 0.10000000000000E+001 0.86428661672102E+003 0.21657489666939E+003
  92 0.17683328214706E-001 0.57575080353347E-003 0.18752821887579E-005 0.32039609612832E-005 0.17360859449787E+000 0.19506183360816E-004 0.39280249100685E-001 0.15829257398223E-003 0.52896456489257E-007 0.46774114277586E-008 0.12151554761291E-003 0.32269042623865E-001 0.15505470558342E-001 0.11537129290371E-001 0.59597116458964E-006 0.69323001357003E-003 0.22370705629162E-004 0.49819364066233E-003 0.85841069216646E-005 0.98093791826032E-003 0.15128660060522E-014 0.90813668210122E-007 0.72471530883348E+000 0.40977582841143E-039 0.87377084053725E+003 0.41909795435389E-001 -.16467303534337E+003 0.52553827797940E-001 0.10132500000000E+006 0.38024321137454E-003 0.27263215675133E+002 0.10000000000000E+001 0.00000000000000E+000 0.10000000000000E+001 0.87377084053725E+003 0.22928422375997E+003
  93 0.17922379992422E-001 0.58201406525974E-003 0.20041630022820E-005 0.34753326387228E-005 0.17262118143481E+000 0.20520687839351E-004 0.39920157589018E-001 0.15872938370887E-003 0.58713160494539E-007 0.51838738813362E-008 0.12820642407212E-003 0.31965736415314E-001 0.15816077523439E-001 0.11813276572833E-001 0.65581681791615E-006 0.70490409142785E-003 0.21665043078404E-004 0.50981659031119E-003 0.90879677850674E-005 0.99941705049471E-003 0.16916268291259E-014 0.92652958851528E-007 0.72472291729815E+000 0.41423351797090E-039 0.88329293783855E+003 0.41909795435389E-001 -.16318710961881E+003 0.52553827797940E-001 0.10132500000000E+006 0.37605617618223E-003 0.27256842620325E+002 0.10000000000000E+001 0.00000000000000E+000 0.10000000000000E+001 0.88329293783855E+003 0.24266827068605E+003
  94 0.18160722790056E-001 0.58828951107241E-003 0.21398028804491E-005 0.37656246765325E-005 0.17162542781222E+000 0.21590344880530E-004 0.40563126243067E-001 0.15915657329004E-003 0.65166531462739E-007 0.57442786642071E-008 0.13521853738803E-003 0.31660301418295E-001 0.16129448787089E-001 0.12092919693868E-001 0.72125336638259E-006 0.71652307664541E-003 0.20965993271477E-004 0.52156477148354E-003 0.96156648885404E-005 0.10176280362070E-002 0.18928189799294E-014 0.94510382227141E-007 0.72473143143422E+000 0.41828822987201E-039 0.89285230079346E+003 0.41909795435389E-001 -.16168793538571E+003 0.52553827797940E-001 0.10132500000000E+006 0.37194276369345E-003 0.27250457538669E+002 0.10000000000000E+001 0.00000000000000E+000 0.10000000000000E+001 0.89285230079346E+003 0.25676370938257E+003
  95 0.18398396268657E-001 0.59457702270937E-003 0.22825072146895E-005 0.40758538860022E-005 0.17062130311959E+000 0.22719169015896E-004 0.41209168989940E-001 0.15957833710664E-003 0.72328616681409E-007 0.63645498817697E-008 0.14256472985472E-003 0.31352714086056E-001 0.16445595422640E-001 0.12376093279558E-001 0.79276374363822E-006 0.72808316501818E-003 0.20276986742811E-004 0.53343819259566E-003 0.10167917268094E-004 0.10355390581117E-002 0.21193689986696E-014 0.96386145635779E-007 0.72474085431963E+000 0.42193322871291E-039 0.90244876454850E+003 0.41909795435389E-001 -.16017590673672E+003 0.52553827797940E-001 0.10132500000000E+006 0.36790120993649E-003 0.27244060343779E+002 0.10000000000000E+001 0.00000000000000E+000 0.10000000000000E+001 0.90244876454850E+003 0.27160918897233E+003
  96 0.18635450835328E-001 0.60087675743480E-003 0.24326077678166E-005 0.44070988450010E-005 0.16960872614005E+000 0.23911512169505E-004 0.41858331269891E-001 0.15999861382972E-003 0.80280122831950E-007 0.70513086121725E-008 0.15025839264263E-003 0.31042936472734E-001 0.16764544003040E-001 0.12662847449201E-001 0.87087105640219E-006 0.73958143055276E-003 0.19601077414258E-004 0.54543741953234E-003 0.10745419093688E-004 0.10531180260566E-002 0.23746095484478E-014 0.98280558103466E-007 0.72475118982669E+000 0.42518270182939E-039 0.91208262497198E+003 0.41909795435389E-001 -.15865139346640E+003 0.52553827797940E-001 0.10132500000000E+006 0.36392961630523E-003 0.27237650619185E+002 0.10000000000000E+001 0.00000000000000E+000 0.10000000000000E+001 0.91208262497198E+003 0.28724543580292E+003
  97 0.18871946596151E-001 0.60718912258612E-003 0.25904651448084E-005 0.47605070126855E-005 0.16858756727216E+000 0.25172086000607E-004 0.42510688007781E-001 0.16042105373084E-003 0.89111488983594E-007 0.78119579244462E-008 0.15831347542584E-003 0.30730917043730E-001 0.17086335888280E-001 0.12953247529230E-001 0.95614181924893E-006 0.75101576384947E-003 0.18940930072433E-004 0.55756354836586E-003 0.11348830557853E-004 0.10703324232322E-002 0.26623405525600E-014 0.10019402737387E-006 0.72476244279354E+000 0.42800626825999E-039 0.92175460590634E+003 0.41909795435389E-001 -.15711474802937E+003 0.52553827797940E-001 0.10132500000000E+006 0.36002598033505E-003 0.27231227643412E+002 0.10000000000000E+001 0.00000000000000E+000 0.10000000000000E+001 0.92175460590634E+003 0.30371529088227E+003
  98 0.19107953516391E-001 0.61351478094338E-003 0.27564721726229E-005 0.51373043201206E-005 0.16755764590760E+000 0.26505993227013E-004 0.43166344772082E-001 0.16084899262941E-003 0.98924142642226E-007 0.86547825785902E-008 0.16674453372349E-003 0.30416589966643E-001 0.17411028063737E-001 0.13247375176077E-001 0.10491898601349E-005 0.76238485849262E-003 0.18298813679131E-004 0.56981823457080E-003 0.11978770979639E-004 0.10871492262468E-002 0.29869019702330E-014 0.10212706625987E-006 0.72477461923702E+000 0.43045007267257E-039 0.93146587363959E+003 0.41909795435389E-001 -.15556630559999E+003 0.52553827797940E-001 0.10132500000000E+006 0.35618820485968E-003 0.27224790383479E+002 0.10000000000000E+001 0.00000000000000E+000 0.10000000000000E+001 0.93146587363959E+003 0.32106383676412E+003
  99 0.19343550462956E-001 0.61985462514691E-003 0.29310567432806E-005 0.55388040553165E-005 0.16651873277992E+000 0.27918756686556E-004 0.43825435762002E-001 0.16128542785330E-003 0.10983188171975E-006 0.95890582943784E-008 0.17556673800678E-003 0.30099875918732E-001 0.17738692405016E-001 0.13545328101966E-001 0.11506801521270E-005 0.77368813351271E-003 0.17676606250285E-004 0.58220366089104E-003 0.12635808407944E-004 0.11035347270548E-002 0.33532576495636E-014 0.10408028981664E-006 0.72478772650637E+000 0.43244418153324E-039 0.94121800421821E+003 0.41909795435389E-001 -.15400639224776E+003 0.52553827797940E-001 0.10132500000000E+006 0.35241412464950E-003 0.27218337519599E+002 0.10000000000000E+001 0.00000000000000E+000 0.10000000000000E+001 0.94121800421821E+003 0.33933846173471E+003
 100 0.19578822890891E-001 0.62620971384009E-003 0.31146836557587E-005 0.59664138069923E-005 0.16547055870919E+000 0.29416342278226E-004 0.44488117797612E-001 0.16173299489725E-003 0.12196235548150E-006 0.10625168182926E-007 0.18479582045862E-003 0.29780684834978E-001 0.18069412913755E-001 0.13847217952612E-001 0.12613321823212E-005 0.78492558303146E-003 0.17075810221147E-004 0.59472242562186E-003 0.13320443983145E-004 0.11194542549505E-002 0.37670907028619E-014 0.10605440055331E-006 0.72480177333100E+000 0.43403574265481E-039 0.95101289174962E+003 0.41909795435389E-001 -.15243534338408E+003 0.52553827797940E-001 0.10132500000000E+006 0.34870155243222E-003 0.27211867508506E+002 0.10000000000000E+001 0.00000000000000E+000 0.10000000000000E+001 0.95101289174962E+003 0.35858880917881E+003
 101 0.19813861054141E-001 0.63258121971164E-003 0.33078566399346E-005 0.64216430546509E-005 0.16441282166270E+000 0.31005185116212E-004 0.45154565487339E-001 0.16219394719967E-003 0.13545871886809E-006 0.11774732640416E-007 0.19444801862445E-003 0.29458918129210E-001 0.18403283468508E-001 0.14153168625175E-001 0.13819234164349E-005 0.79609764568736E-003 0.16497571599061E-004 0.60737744671840E-003 0.14033095582842E-004 0.11348719435925E-002 0.42349144936316E-014 0.10805017679344E-006 0.72481676984649E+000 0.43517345233824E-039 0.96085267452779E+003 0.41909795435389E-001 -.15085352030327E+003 0.52553827797940E-001 0.10132500000000E+006 0.34504831315423E-003 0.27205378634386E+002 0.10000000000000E+001 0.00000000000000E+000 0.10000000000000E+001 0.96085267452779E+003 0.37886673189121E+003
 102 0.20048759411937E-001 0.63897040821722E-003 0.35111212605370E-005 0.69061131161492E-005 0.16334518888981E+000 0.32692224739563E-004 0.45824969573689E-001 0.16267013979861E-003 0.15048153122239E-006 0.13050758594211E-007 0.20454004867859E-003 0.29134469411315E-001 0.18740407115343E-001 0.14463315985186E-001 0.15132932888150E-005 0.80720512616202E-003 0.15942700361735E-004 0.62017192048688E-003 0.14774083237933E-004 0.11497505851847E-002 0.47642038061899E-014 0.11006847035260E-006 0.72483272765936E+000 0.43584555945693E-039 0.97073970839432E+003 0.41909795435389E-001 -.14926132000154E+003 0.52553827797940E-001 0.10132500000000E+006 0.34145225730054E-003 0.27198869028249E+002 0.10000000000000E+001 0.00000000000000E+000 0.10000000000000E+001 0.97073970839432E+003 0.40022632145174E+003
 103 0.20283616590266E-001 0.64537863028972E-003 0.37250684454516E-005 0.74215689997204E-005 0.16226729670542E+000 0.34484947678801E-004 0.46499536771062E-001 0.16316301548526E-003 0.16721091988654E-006 0.14467809594977E-007 0.21508909215292E-003 0.28807224495241E-001 0.19080896087899E-001 0.14777808273801E-001 0.16563476183399E-005 0.81824913782749E-003 0.15411693199108E-004 0.63310930409767E-003 0.15543615138610E-004 0.11640515200230E-002 0.53635496419812E-014 0.11211020877813E-006 0.72484965993668E+000 0.43602741530631E-039 0.98067656217149E+003 0.41909795435389E-001 -.14765918225362E+003 0.52553827797940E-001 0.10132500000000E+006 0.33791126491099E-003 0.27192336672704E+002 0.10000000000000E+001 0.00000000000000E+000 0.10000000000000E+001 0.98067656217149E+003 0.42272398281031E+003
 104 0.20518535767501E-001 0.65180732573105E-003 0.39503387009333E-005 0.79698934207007E-005 0.16117874836123E+000 0.36391438316248E-004 0.47178490785327E-001 0.16367359306442E-003 0.18584905303327E-006 0.16042200255558E-007 0.22611279568718E-003 0.28477060837648E-001 0.19424872418612E-001 0.15096807099536E-001 0.18120635241880E-005 0.82923106014685E-003 0.14904758270895E-004 0.64619331625436E-003 0.16341774212436E-004 0.11777345467043E-002 0.60428425440449E-014 0.11417640139336E-006 0.72486758152595E+000 0.43572030964419E-039 0.99066603043321E+003 0.41909795435389E-001 -.14604759475331E+003 0.52553827797940E-001 0.10132500000000E+006 0.33442324316459E-003 0.27185779395415E+002 0.10000000000000E+001 0.00000000000000E+000 0.10000000000000E+001 0.99066603043321E+003 0.44641855676385E+003
 105 0.20753626139572E-001 0.65825804324950E-003 0.41876277962485E-005 0.85531251756102E-005 0.16007910701668E+000 0.38420445747821E-004 0.47862076306753E-001 0.16420245941686E-003 0.20662304409099E-006 0.17792225031396E-007 0.23762931987653E-003 0.28143845280880E-001 0.19772470159599E-001 0.15420490050236E-001 0.19814954976012E-005 0.84015254145653E-003 0.14421840051645E-004 0.65942799415536E-003 0.17168507952532E-004 0.11907578820249E-002 0.68134930983781E-014 0.11626815544247E-006 0.72488650922002E+000 0.43481146031653E-039 0.10007111538470E+004 0.41909795435389E-001 -.14442714565970E+003 0.52553827797940E-001 0.10132500000000E+006 0.33098612155533E-003 0.27179194843867E+002 0.10000000000000E+001 0.00000000000000E+000 0.10000000000000E+001 0.10007111538470E+004 0.47137163010735E+003
 106 0.20989003979606E-001 0.66473251484476E-003 0.44376932596534E-005 0.91734795390768E-005 0.15896788911835E+000 0.40581458796317E-004 0.48550562836919E-001 0.16474976019830E-003 0.22978826762520E-006 0.19738419829415E-007 0.24965738327744E-003 0.27807433170910E-001 0.20123837059323E-001 0.15749052544167E-001 0.21657819474176E-005 0.85101547357408E-003 0.13962646732996E-004 0.67281772437832E-003 0.18023616764923E-004 0.12030780650695E-002 0.76886942934168E-014 0.11838668898925E-006 0.72490646175857E+000 0.43346237366081E-039 0.10108154314306E+004 0.41909795435389E-001 -.14279911431063E+003 0.52553827797940E-001 0.10132500000000E+006 0.32759778488954E-003 0.27172580410383E+002 0.10000000000000E+001 0.00000000000000E+000 0.10000000000000E+001 0.10108154314306E+004 0.49764745334220E+003
 107 0.21224790374034E-001 0.67123248416725E-003 0.47013568863548E-005 0.98333613047835E-005 0.15784457631405E+000 0.42884756744711E-004 0.49244236565388E-001 0.16531518671002E-003 0.25563178129075E-006 0.21903828889384E-007 0.26221611005195E-003 0.27467670283225E-001 0.20479131285049E-001 0.16082705922004E-001 0.23661494392955E-005 0.86182181397193E-003 0.13526685321789E-004 0.68636707707719E-003 0.18906729369726E-004 0.12146496887397E-002 0.86837201893367E-014 0.12053331540909E-006 0.72492746016156E+000 0.43167763548253E-039 0.10209824066582E+004 0.41909795435389E-001 -.14116460434122E+003 0.52553827797940E-001 0.10132500000000E+006 0.32425621605016E-003 0.27165933392548E+002 0.10000000000000E+001 0.00000000000000E+000 0.10000000000000E+001 0.10209824066582E+004 0.52531334625277E+003
 108 0.21461107921090E-001 0.67775967861571E-003 0.49795068664902E-005 0.10535375249309E-004 0.15670862975119E+000 0.45341451781731E-004 0.49943391401667E-001 0.16589795477441E-003 0.28447595480091E-006 0.24314287741688E-007 0.27532479742470E-003 0.27124398676755E-001 0.20838516307375E-001 0.16421672873702E-001 0.25839154338855E-005 0.87257335648223E-003 0.13113295444974E-004 0.70008056193051E-003 0.19817271751551E-004 0.12254251161233E-002 0.98162710427742E-014 0.12270941577078E-006 0.72494952720776E+000 0.42942786796519E-039 0.10312157546995E+004 0.41909795435389E-001 -.13952397187628E+003 0.52553827797940E-001 0.10132500000000E+006 0.32095946468190E-003 0.27159251023963E+002 0.10000000000000E+001 0.00000000000000E+000 0.10000000000000E+001 0.10312157546995E+004 0.55443915307863E+003
 109 0.21698080819559E-001 0.68431578008587E-003 0.52731028381008E-005 0.11282345582304E-004 0.15555949059205E+000 0.47963563371027E-004 0.50648328354923E-001 0.16649679275716E-003 0.31668280729705E-006 0.26998762470691E-007 0.28900280825849E-003 0.26777456685247E-001 0.21202160672542E-001 0.16766187924946E-001 0.28204930606933E-005 0.88327166031755E-003 0.12721675125771E-004 0.71396256006828E-003 0.20754446695886E-004 0.12353544171147E-002 0.11106892713047E-013 0.12491644158119E-006 0.72497268752699E+000 0.42672410570329E-039 0.10415192216273E+004 0.41909795435389E-001 -.13787763320639E+003 0.52553827797940E-001 0.10132500000000E+006 0.31770566444653E-003 0.27152530496848E+002 0.10000000000000E+001 0.00000000000000E+000 0.10000000000000E+001 0.10415192216273E+004 0.58509726711093E+003
 110 0.21935837757862E-001 0.69090248912986E-003 0.55831851903619E-005 0.12077347040318E-004 0.15439656649740E+000 0.50764134313106E-004 0.51359363510634E-001 0.16710993625457E-003 0.35265930587359E-006 0.29989766311009E-007 0.30326961552745E-003 0.26426675014804E-001 0.21570242085315E-001 0.17116502012201E-001 0.30773989060103E-005 0.89391810062679E-003 0.12350900966872E-004 0.72801740988892E-003 0.21717224219366E-004 0.12443854209466E-002 0.12579493067420E-013 0.12715594414226E-006 0.72499696791160E+000 0.42357509038857E-039 0.10518967392992E+004 0.41909795435389E-001 -.13622605372768E+003 0.52553827797940E-001 0.10132500000000E+006 0.31449299451243E-003 0.27145768889972E+002 0.10000000000000E+001 0.00000000000000E+000 0.10000000000000E+001 0.10518967392992E+004 0.61736301860937E+003
 111 0.22174514439092E-001 0.69752157784930E-003 0.59108854551066E-005 0.12923740296474E-004 0.15321921929257E+000 0.53757363385251E-004 0.52076835100291E-001 0.16773512222375E-003 0.39286346803382E-006 0.33323839503028E-007 0.31814483825964E-003 0.26071873246883E-001 0.21942951089638E-001 0.17472886863888E-001 0.33562616604074E-005 0.90451389323436E-003 0.11999948663262E-004 0.74224946500393E-003 0.22704331433468E-004 0.12524637056599E-002 0.14261965277170E-013 0.12942960241041E-006 0.72502239765668E+000 0.41997981887606E-039 0.10623525260597E+004 0.41909795435389E-001 -.13456974031615E+003 0.52553827797940E-001 0.10132500000000E+006 0.31131964965325E-003 0.27138963106803E+002 0.10000000000000E+001 0.00000000000000E+000 0.10000000000000E+001 0.10623525260597E+004 0.65131510446118E+003
 112 0.22414253434595E-001 0.70417486669299E-003 0.62574344254699E-005 0.13825203143945E-004 0.15202676548317E+000 0.56958724475257E-004 0.52801102604040E-001 0.16836957562957E-003 0.43781093514072E-006 0.37042064269709E-007 0.33364810892889E-003 0.25712860259953E-001 0.22320490644355E-001 0.17835635632890E-001 0.36588286006027E-005 0.91505999214969E-003 0.11667716226641E-004 0.75666298028687E-003 0.23714231445226E-004 0.12595324643330E-002 0.16186922682538E-013 0.13173922680183E-006 0.72504900865701E+000 0.41597368785197E-039 0.10728910706679E+004 0.41909795435389E-001 -.13290925350339E+003 0.52553827797940E-001 0.10132500000000E+006 0.30818384827136E-003 0.27132109890497E+002 0.10000000000000E+001 0.00000000000000E+000 0.10000000000000E+001 0.10728910706679E+004 0.68703570003621E+003
 113 0.22655202453725E-001 0.71086415449071E-003 0.66241684809627E-005 0.14785758569041E-004 0.15081848494260E+000 0.60385075406291E-004 0.53532540891191E-001 0.16900999056079E-003 0.48808203128496E-006 0.41190616113925E-007 0.34979879846808E-003 0.25349437142884E-001 0.22703073063865E-001 0.18205061091591E-001 0.39869697289867E-005 0.92555691344647E-003 0.11353046670316E-004 0.77126187959781E-003 0.24745094367641E-004 0.12655323540986E-002 0.18392566646664E-013 0.13408674763007E-006 0.72507683530458E+000 0.41151198571269E-039 0.10835170443082E+004 0.41909795435389E-001 -.13124523195659E+003 0.52553827797940E-001 0.10132500000000E+006 0.30508386042650E-003 0.27125205886188E+002 0.10000000000000E+001 0.00000000000000E+000 0.10000000000000E+001 0.10835170443082E+004 0.72461030174080E+003
 114 0.22897515431257E-001 0.71759122367875E-003 0.70125404730006E-005 0.15809816525171E-004 0.14959361589824E+000 0.64054815840332E-004 0.54271542683940E-001 0.16965251760337E-003 0.54433019903849E-006 0.45821424908997E-007 0.36661587753662E-003 0.24981396018653E-001 0.23090921242235E-001 0.18581498046262E-001 0.43426849108304E-005 0.93600467856376E-003 0.11054744027083E-004 0.78604966681249E-003 0.25794779179895E-004 0.12704014672622E-002 0.20923753326715E-013 0.13647423058051E-006 0.72510591467238E+000 0.40663311857926E-039 0.10942353340974E+004 0.41909795435389E-001 -.12957839878949E+003 0.52553827797940E-001 0.10132500000000E+006 0.30201799831535E-003 0.27118247624955E+002 0.10000000000000E+001 0.00000000000000E+000 0.10000000000000E+001 0.10942353340974E+004 0.76412794809279E+003
 115 0.23141356986612E-001 0.72435793581129E-003 0.74241377394820E-005 0.16902237086511E-004 0.14835133260944E+000 0.67988122794390E-004 0.55018531310210E-001 0.17029275898118E-003 0.60729250805215E-006 0.50993001876774E-007 0.38411799505667E-003 0.24608513730665E-001 0.23484275295958E-001 0.18965311248907E-001 0.47281168030925E-005 0.94640289084648E-003 0.10771583593530E-004 0.80102951951173E-003 0.26860830129120E-004 0.12740753456479E-002 0.23833330633718E-013 0.13890392696473E-006 0.72513628714136E+000 0.40131157790860E-039 0.11050512252009E+004 0.41909795435389E-001 -.12790954651748E+003 0.52553827797940E-001 0.10132500000000E+006 0.29898456660021E-003 0.27111231412539E+002 0.10000000000000E+001 0.00000000000000E+000 0.10000000000000E+001 0.11050512252009E+004 0.80568205016374E+003
 116 0.23386904450672E-001 0.73116625517357E-003 0.78606989908189E-005 0.18068394042570E-004 0.14709073476695E+000 0.72207189584867E-004 0.55773966124446E-001 0.17092575499096E-003 0.67780136176657E-006 0.56771358925043E-007 0.40232338570022E-003 0.24230549139425E-001 0.23883395418250E-001 0.19356899987680E-001 0.51455622017991E-005 0.95675068832384E-003 0.10502324006088E-004 0.81620420896051E-003 0.27940462351449E-004 0.12764868739553E-002 0.27183757987210E-013 0.14137830267605E-006 0.72516799681392E+000 0.39557014942179E-039 0.11159704752476E+004 0.41909795435389E-001 -.12623954140282E+003 0.52553827797940E-001 0.10132500000000E+006 0.29598184793683E-003 0.27104153289519E+002 0.10000000000000E+001 0.00000000000000E+000 0.10000000000000E+001 0.11159704752476E+004 0.84937095527661E+003
 117 0.23634345681758E-001 0.73801815035246E-003 0.83241255137882E-005 0.19314226945511E-004 0.14581085858603E+000 0.76736423484867E-004 0.56538334807076E-001 0.17154595675646E-003 0.75679664360173E-006 0.63230957883246E-007 0.42124941846446E-003 0.23847247000809E-001 0.24288557770649E-001 0.19756696127712E-001 0.55974766452054E-005 0.96704650419071E-003 0.10245721632295E-004 0.83157572156975E-003 0.29030527488942E-004 0.12775661343270E-002 0.31049030882397E-013 0.14390002583950E-006 0.72520109139269E+000 0.38941083940873E-039 0.11269991987930E+004 0.41909795435389E-001 -.12456935912950E+003 0.52553827797940E-001 0.10132500000000E+006 0.29300814126554E-003 0.27097009116020E+002 0.10000000000000E+001 0.00000000000000E+000 0.10000000000000E+001 0.11269991987930E+004 0.89529778391526E+003
 118 0.23883879851423E-001 0.74491557250473E-003 0.88164985001785E-005 0.20646313540376E-004 0.14451067322545E+000 0.81602716057575E-004 0.57312154450763E-001 0.17214720452157E-003 0.84534018686381E-006 0.70455844140607E-007 0.44091228083519E-003 0.23458337512055E-001 0.24700054911908E-001 0.20165166816495E-001 0.60864828218058E-005 0.97728794128285E-003 0.10000538880119E-004 0.84714501515755E-003 0.30127490655013E-004 0.12772403658616E-002 0.35517072449966E-013 0.14647198426686E-006 0.72523562239466E+000 0.38283665730428E-039 0.11381438795131E+004 0.41909795435389E-001 -.12290010265522E+003 0.52553827797940E-001 0.10132500000000E+006 0.29006176265527E-003 0.27089794575082E+002 0.10000000000000E+001 0.00000000000000E+000 0.10000000000000E+001 0.11381438795131E+004 0.94357071965889E+003
 119 0.24135725206037E-001 0.75186061908774E-003 0.93401131360443E-005 0.22071993076440E-004 0.14318904068873E+000 0.86835898972204E-004 0.58095994143591E-001 0.17272271901962E-003 0.94463508410790E-006 0.78541168044704E-007 0.46132716425972E-003 0.23063525052431E-001 0.25118207649232E-001 0.20582828979920E-001 0.66153938126453E-005 0.98747190760297E-003 0.97655442509655E-005 0.86291216043612E-003 0.31227436353032E-004 0.12754338883827E-002 0.40692829285418E-013 0.14909737715995E-006 0.72527164637404E+000 0.37584903617267E-039 0.11494116911626E+004 0.41909795435389E-001 -.12123297720064E+003 0.52553827797940E-001 0.10132500000000E+006 0.28714096708055E-003 0.27082504978361E+002 0.10000000000000E+001 0.00000000000000E+000 0.10000000000000E+001 0.11494116911626E+004 0.99430472286537E+003
 120 0.24390121142904E-001 0.75885553007218E-003 0.98975067809789E-005 0.23599481160781E-004 0.14184470464247E+000 0.92469169769958E-004 0.58890479893112E-001 0.17326507177707E-003 0.10560464700665E-005 0.87594816042588E-007 0.48250797439147E-003 0.22662485749841E-001 0.25543367559279E-001 0.21010255273940E-001 0.71872288536525E-005 0.99759447746432E-003 0.95395173628705E-005 0.87887606891611E-003 0.32326045999475E-004 0.12720679104297E-002 0.46702052866119E-013 0.15177975278480E-006 0.72530922547730E+000 0.36844897915884E-039 0.11608105618869E+004 0.41909795435389E-001 -.11956930920734E+003 0.52553827797940E-001 0.10132500000000E+006 0.28424394426834E-003 0.27075135240854E+002 0.10000000000000E+001 0.00000000000000E+000 0.10000000000000E+001 0.11608105618869E+004 0.10476223525611E+004
 121 0.24647290637091E-001 0.76590158822031E-003 0.10491397077509E-004 0.25237743788812E-004 0.14047649105929E+000 0.98538620605452E-004 0.59696174771026E-001 0.17376607493556E-003 0.11811053512071E-005 0.97737656051422E-007 0.50446351814373E-003 0.22254928265986E-001 0.25975852357087E-001 0.21448012471500E-001 0.78051317168981E-005 0.10076491802516E-002 0.93212851336106E-005 0.89503164934920E-003 0.33418403984850E-004 0.12670612342198E-002 0.53694885853963E-013 0.15452262335588E-006 0.72534842188200E+000 0.36066901682057E-039 0.11723474528144E+004 0.41909795435389E-001 -.11791082496315E+003 0.52553827797940E-001 0.10132500000000E+006 0.28136925643693E-003 0.27067681012070E+002 0.10000000000000E+001 0.00000000000000E+000 0.10000000000000E+001 0.11723474528144E+004 0.11036458318139E+004
 122 0.24907319550408E-001 0.77299577275663E-003 0.11124386254967E-004 0.26995719636553E-004 0.13908396395406E+000 0.10508030658531E-003 0.60513194987162E-001 0.17421658360990E-003 0.13214557599091E-005 0.10909919933629E-006 0.52718575546113E-003 0.21840789393495E-001 0.26415737576357E-001 0.21896450602320E-001 0.84720303584935E-005 0.10176222732711E-002 0.91098146862935E-005 0.91136166493869E-003 0.34498482308025E-004 0.12603349433521E-002 0.61846827821559E-013 0.15732815103122E-006 0.72538927787021E+000 0.35253136165324E-039 0.11840228879790E+004 0.41909795435389E-001 -.11626043355135E+003 0.52553827797940E-001 0.10132500000000E+006 0.27851713205205E-003 0.27060142225926E+002 0.10000000000000E+001 0.00000000000000E+000 0.10000000000000E+001 0.11840228879790E+004 0.11624679892008E+004
 123 0.25169964883503E-001 0.78012559288574E-003 0.11798379005267E-004 0.28880710744063E-004 0.13766848987774E+000 0.11212410930144E-003 0.61340596033627E-001 0.17460640878343E-003 0.14787124869086E-005 0.12180608959841E-006 0.55063023368733E-003 0.21420548898219E-001 0.26862520190410E-001 0.22355350523086E-001 0.91899652994333E-005 0.10274859687900E-002 0.89043407749283E-005 0.92782421700156E-003 0.35558447334878E-004 0.12518246247214E-002 0.71354238783367E-013 0.16019496175921E-006 0.72543178076498E+000 0.34407943550270E-039 0.11958222786449E+004 0.41909795435389E-001 -.11462336044052E+003 0.52553827797940E-001 0.10132500000000E+006 0.27569136497076E-003 0.27052528706641E+002 0.10000000000000E+001 0.00000000000000E+000 0.10000000000000E+001 0.11958222786449E+004 0.12240999264155E+004
 124 0.25434549093333E-001 0.78726646894711E-003 0.12514060349113E-004 0.30896874199585E-004 0.13623386983042E+000 0.11968782990840E-003 0.62176024722301E-001 0.17492474300033E-003 0.16542889015746E-005 0.13596830352551E-006 0.57470276209915E-003 0.20995412309973E-001 0.27314920970121E-001 0.22823697643068E-001 0.99594527989845E-005 0.10371959105791E-002 0.87044095043813E-005 0.94434610405550E-003 0.36588531689896E-004 0.12414970242161E-002 0.82426394042775E-013 0.16311676224467E-006 0.72547583697871E+000 0.33532312651206E-039 0.12077111433218E+004 0.41909795435389E-001 -.11300758337221E+003 0.52553827797940E-001 0.10132500000000E+006 0.27290007400482E-003 0.27044863237494E+002 0.10000000000000E+001 0.00000000000000E+000 0.10000000000000E+001 0.12077111433218E+004 0.12884299399904E+004
 125 0.25700138368017E-001 0.79438693200415E-003 0.13271073337670E-004 0.33045633241366E-004 0.13478543142471E+000 0.12777841926000E-003 0.63016271986525E-001 0.17516117606865E-003 0.18493642008350E-005 0.15167671402186E-006 0.59927261513473E-003 0.20567035344756E-001 0.27771174353649E-001 0.23299952262741E-001 0.10779604872446E-004 0.10466995868518E-002 0.85097231052098E-005 0.96083465737772E-003 0.37578186538659E-004 0.12293573436938E-002 0.95284199004108E-013 0.16608405542676E-006 0.72552129255107E+000 0.32624609774921E-039 0.12196431757303E+004 0.41909795435389E-001 -.11142243703215E+003 0.52553827797940E-001 0.10132500000000E+006 0.27015342668202E-003 0.27037176329772E+002 0.10000000000000E+001 0.00000000000000E+000 0.10000000000000E+001 0.12196431757303E+004 0.13552496707762E+004
 126 0.25965927990865E-001 0.80145924303853E-003 0.14068956113082E-004 0.35328275895051E-004 0.13332794022671E+000 0.13640157135607E-003 0.63858495214091E-001 0.17530661031116E-003 0.20650671816405E-005 0.16901806210690E-006 0.62420826849001E-003 0.20136902089790E-001 0.28229689383906E-001 0.23782722695904E-001 0.11649121661486E-004 0.10559512027088E-002 0.83198790493658E-005 0.97720268809841E-003 0.38517894522170E-004 0.12154375601950E-002 0.11017320726606E-012 0.16908834205399E-006 0.72556799594447E+000 0.31690997097557E-039 0.12315776910166E+004 0.41909795435389E-001 -.10987611139341E+003 0.52553827797940E-001 0.10132500000000E+006 0.26745951642336E-003 0.27029494965876E+002 0.10000000000000E+001 0.00000000000000E+000 0.10000000000000E+001 0.12315776910166E+004 0.14243445691642E+004
 127 0.26231491516657E-001 0.80846599215716E-003 0.14907987167957E-004 0.37748404987581E-004 0.13186419151858E+000 0.14557098104492E-003 0.64701021549252E-001 0.17535337921908E-003 0.23027026187951E-005 0.18809317381590E-006 0.64940373039920E-003 0.19705910841577E-001 0.28689492557466E-001 0.24271240454687E-001 0.12567237173248E-004 0.10649198341133E-002 0.81342430241656E-005 0.99338429510090E-003 0.39400109793892E-004 0.11997770943974E-002 0.12738319295756E-012 0.17212506028780E-006 0.72561584686888E+000 0.30738396319293E-039 0.12434909248050E+004 0.41909795435389E-001 -.10837424998781E+003 0.52553827797940E-001 0.10132500000000E+006 0.26482206060913E-003 0.27021835343455E+002 0.10000000000000E+001 0.00000000000000E+000 0.10000000000000E+001 0.12434909248050E+004 0.14955673519463E+004
 128 0.26496719365452E-001 0.81539819939734E-003 0.15789235289157E-004 0.40312190283517E-004 0.13039528928893E+000 0.15530938984847E-003 0.65543166295630E-001 0.17529479925391E-003 0.25638040118076E-005 0.20902107417091E-006 0.67477599671197E-003 0.19274461366785E-001 0.29150137113885E-001 0.24765288644914E-001 0.13533806731370E-004 0.10735858354781E-002 0.79520365424420E-005 0.10093307242523E-002 0.40218851099121E-004 0.11824145525997E-002 0.14725974963543E-012 0.17519311526797E-006 0.72566479365402E+000 0.29773671817736E-039 0.12553732985844E+004 0.41909795435389E-001 -.10692051563786E+003 0.52553827797940E-001 0.10132500000000E+006 0.26224138881170E-003 0.27014204676140E+002 0.10000000000000E+001 0.00000000000000E+000 0.10000000000000E+001 0.12553732985844E+004 0.15688367861406E+004
 129 0.26761563043933E-001 0.82224839305158E-003 0.16713884432100E-004 0.43026505346009E-004 0.12892202691636E+000 0.16564153752812E-003 0.66384426910777E-001 0.17512487855847E-003 0.28499630597241E-005 0.23192519348325E-006 0.70024235061634E-003 0.18842864389872E-001 0.29611267170889E-001 0.25264753219322E-001 0.14548579380434E-004 0.10819313428678E-002 0.77725313987435E-005 0.10249944395320E-002 0.40968734183358E-004 0.11633965484341E-002 0.17020043541993E-012 0.17829207775624E-006 0.72571479148695E+000 0.28800463576003E-039 0.12672179344240E+004 0.41909795435389E-001 -.10551816338292E+003 0.52553827797940E-001 0.10132500000000E+006 0.25971717901847E-003 0.27006608603432E+002 0.10000000000000E+001 0.00000000000000E+000 0.10000000000000E+001 0.12672179344240E+004 0.16440769606003E+004
 130 0.27025717442467E-001 0.82900247619835E-003 0.17682081163002E-004 0.45895546571102E-004 0.12744665626012E+000 0.17658119891797E-003 0.67223475415508E-001 0.17483867748692E-003 0.31624485739763E-005 0.25690285913148E-006 0.72569036964207E-003 0.18411858562483E-001 0.30072064857080E-001 0.25769019778642E-001 0.15609934863055E-004 0.10899305789265E-002 0.75952627946620E-005 0.10403108116603E-002 0.41644187647396E-004 0.11428013846442E-002 0.19663011504588E-012 0.18141844307124E-006 0.72576574184557E+000 0.27830565712615E-039 0.12790064855235E+004 0.41909795435389E-001 -.10417166585324E+003 0.52553827797940E-001 0.10132500000000E+006 0.25725145447090E-003 0.26999060264868E+002 0.10000000000000E+001 0.00000000000000E+000 0.10000000000000E+001 0.12790064855235E+004 0.17211258328360E+004
 131 0.27288362029692E-001 0.83563368668870E-003 0.18691672818486E-004 0.48916919752058E-004 0.12597436460086E+000 0.18811608965530E-003 0.68057340755064E-001 0.17443342810331E-003 0.35016950468495E-005 0.28398461549437E-006 0.75095399589941E-003 0.17983033138493E-001 0.30530796454413E-001 0.26276441012910E-001 0.16713526817281E-004 0.10975443041650E-002 0.74201940206702E-005 0.10551857441415E-002 0.42239341594078E-004 0.11207687216733E-002 0.22695437921177E-012 0.18456234177662E-006 0.72581743617070E+000 0.26878466506828E-039 0.12906978032585E+004 0.41909795435389E-001 -.10288765815687E+003 0.52553827797940E-001 0.10132500000000E+006 0.25485067838964E-003 0.26991587462605E+002 0.10000000000000E+001 0.00000000000000E+000 0.10000000000000E+001 0.12906978032585E+004 0.17996477457727E+004
 132 0.27548212943016E-001 0.84210489699762E-003 0.19737923304388E-004 0.52080430927537E-004 0.12451301822424E+000 0.20020312999986E-003 0.68881588020714E-001 0.17390973506397E-003 0.38670394094764E-005 0.31311361584014E-006 0.77582174450324E-003 0.17558738601429E-001 0.30984906066262E-001 0.26784380770702E-001 0.17852059875173E-004 0.11047250576961E-002 0.72476785739641E-005 0.10695035331113E-002 0.42749007382620E-004 0.10975077715905E-002 0.26151946509271E-012 0.18770782342788E-006 0.72586955748651E+000 0.25949840892946E-039 0.13022306692282E+004 0.41909795435389E-001 -.10167407716886E+003 0.52553827797940E-001 0.10132500000000E+006 0.25252481392237E-003 0.26984230738546E+002 0.10000000000000E+001 0.00000000000000E+000 0.10000000000000E+001 0.13022306692282E+004 0.18791329872062E+004
 133 0.27803988082073E-001 0.84838102893974E-003 0.20815046719484E-004 0.55372346059298E-004 0.12307055054082E+000 0.21278479341634E-003 0.69691814574100E-001 0.17327151787003E-003 0.42571128164475E-005 0.34417727629271E-006 0.80008644092916E-003 0.17141316151599E-001 0.31431840374604E-001 0.27290088868188E-001 0.19017096951905E-004 0.11114329265939E-002 0.70781576664437E-005 0.10831573784448E-002 0.43170225855446E-004 0.10732605800871E-002 0.30062571931738E-012 0.19083826853195E-006 0.72592176982249E+000 0.25037781501436E-039 0.13135448462272E+004 0.41909795435389E-001 -.10053752194805E+003 0.52553827797940E-001 0.10132500000000E+006 0.25028289149138E-003 0.26977029768741E+002 0.10000000000000E+001 0.00000000000000E+000 0.10000000000000E+001 0.13135448462272E+004 0.19590331440930E+004
 134 0.28054894164790E-001 0.85444101238047E-003 0.21918366115454E-004 0.58781851174602E-004 0.12165217423573E+000 0.22581404084306E-003 0.70485207319345E-001 0.17252446333162E-003 0.46706019107437E-005 0.37706803536206E-006 0.82359568620156E-003 0.16732291037689E-001 0.31869914981281E-001 0.27791684887276E-001 0.20201506628815E-004 0.11176479879948E-002 0.69118437961054E-005 0.10960766964470E-002 0.43502921339514E-004 0.10482465179140E-002 0.34458948394001E-012 0.19394245618440E-006 0.72597382303177E+000 0.24140138735968E-039 0.13246027146826E+004 0.41909795435389E-001 -.99481157035646E+002 0.52553827797940E-001 0.10132500000000E+006 0.24812892649613E-003 0.26970009540680E+002 0.10000000000000E+001 0.00000000000000E+000 0.10000000000000E+001 0.13246027146826E+004 0.20389237232169E+004
 135 0.28300716194610E-001 0.86027913893232E-003 0.23045181173705E-004 0.62303900977128E-004 0.12025981842661E+000 0.23926543324764E-003 0.71260823872575E-001 0.17167443497359E-003 0.51066723660848E-005 0.41171684637974E-006 0.84626090510850E-003 0.16332222135830E-001 0.32298478825078E-001 0.28288397918080E-001 0.21400418819883E-004 0.11233692374497E-002 0.67486572286594E-005 0.11082287609163E-002 0.43749189060429E-004 0.10226359030057E-002 0.39379220489379E-012 0.19701602414910E-006 0.72602558225531E+000 0.23257299523882E-039 0.13353929288228E+004 0.41909795435389E-001 -.98504884960526E+002 0.52553827797940E-001 0.10132500000000E+006 0.24606165796888E-003 0.26963178132355E+002 0.10000000000000E+001 0.00000000000000E+000 0.10000000000000E+001 0.13353929288228E+004 0.21185532235051E+004
 136 0.28541594920492E-001 0.86589881701699E-003 0.24194233993400E-004 0.65937829090599E-004 0.11889335079349E+000 0.25312991490857E-003 0.72018878096201E-001 0.17072688561548E-003 0.55648841952362E-005 0.44808614450675E-006 0.86803477137875E-003 0.15941067025806E-001 0.32717525162228E-001 0.28780174185352E-001 0.22610615946780E-004 0.11286057595185E-002 0.65883597605678E-005 0.11196033543871E-002 0.43912179552069E-004 0.99655878886030E-003 0.44868577033194E-012 0.20005902873752E-006 0.72607699019708E+000 0.22394480218935E-039 0.13459202405866E+004 0.41909795435389E-001 -.97606833920395E+002 0.52553827797940E-001 0.10132500000000E+006 0.24407688544116E-003 0.26956533305501E+002 0.10000000000000E+001 0.00000000000000E+000 0.10000000000000E+001 0.13459202405866E+004 0.21977880725674E+004
 137 0.28777795902706E-001 0.87130657587740E-003 0.25364886682049E-004 0.69684947575520E-004 0.11755187498444E+000 0.26740565106539E-003 0.72760001475079E-001 0.16968696204666E-003 0.60449405894005E-005 0.48614970473501E-006 0.88888803228560E-003 0.15558562072777E-001 0.33127285021519E-001 0.29267235965960E-001 0.23829621687325E-004 0.11333694983042E-002 0.64306922362196E-005 0.11301988537866E-002 0.43995396196413E-004 0.97012302666928E-003 0.50977567859144E-012 0.20307321371522E-006 0.72612802217179E+000 0.21552941917639E-039 0.13561951187014E+004 0.41909795435389E-001 -.96784585312910E+002 0.52553827797940E-001 0.10132500000000E+006 0.24216961115298E-003 0.26950069160996E+002 0.10000000000000E+001 0.00000000000000E+000 0.10000000000000E+001 0.13561951187014E+004 0.22765446513788E+004
 138 0.29009594232953E-001 0.87650918920035E-003 0.26556645003838E-004 0.73547105813462E-004 0.11623438693957E+000 0.28209251636672E-003 0.73484874494304E-001 0.16855970134774E-003 0.65465223563650E-005 0.52587943199477E-006 0.90879796569099E-003 0.15184412860890E-001 0.33528023184569E-001 0.29749852414991E-001 0.25055182560827E-004 0.11376721322432E-002 0.62754377918994E-005 0.11400157994513E-002 0.44002433596294E-004 0.94342541119555E-003 0.57760694135746E-012 0.20606059431880E-006 0.72617866212245E+000 0.20733515797242E-039 0.13662286019434E+004 0.41909795435389E-001 -.96035712344921E+002 0.52553827797940E-001 0.10132500000000E+006 0.24033503147506E-003 0.26943779416312E+002 0.10000000000000E+001 0.00000000000000E+000 0.10000000000000E+001 0.13662286019434E+004 0.23547525629839E+004
 139 0.29237242673074E-001 0.88151291267322E-003 0.27769004018366E-004 0.77526206258140E-004 0.11493996157726E+000 0.29719024512348E-003 0.74194123775137E-001 0.16735010590108E-003 0.70692296849425E-005 0.56724073490415E-006 0.92774503409773E-003 0.14818347774608E-001 0.33919980665163E-001 0.30228272267834E-001 0.26285104311177E-004 0.11415243735792E-002 0.61224325126536E-005 0.11490552534527E-002 0.43936912852429E-004 0.91655560421516E-003 0.65275869400918E-012 0.20902304324617E-006 0.72622889525689E+000 0.19935213043432E-039 0.13760308759324E+004 0.41909795435389E-001 -.95357908385185E+002 0.52553827797940E-001 0.10132500000000E+006 0.23856877365750E-003 0.26937658302094E+002 0.10000000000000E+001 0.00000000000000E+000 0.10000000000000E+001 0.13760308759324E+004 0.24323432076501E+004
 140 0.29460974966890E-001 0.88632356184444E-003 0.29001454244921E-004 0.81624220270538E-004 0.11366773947449E+000 0.31269849208677E-003 0.74888330596398E-001 0.16606310817450E-003 0.76125857168904E-005 0.61019281731429E-006 0.94571283435602E-003 0.14460114067276E-001 0.34303378819459E-001 0.30702727807605E-001 0.27517258960697E-004 0.11449360951728E-002 0.59715547661006E-005 0.11573189186249E-002 0.43802460579640E-004 0.88959638699337E-003 0.73584556683328E-012 0.21196231731717E-006 0.72627870814711E+000 0.19157589406302E-039 0.13856113994754E+004 0.41909795435389E-001 -.94748972920419E+002 0.52553827797940E-001 0.10132500000000E+006 0.23686683957382E-003 0.26931700478061E+002 0.10000000000000E+001 0.00000000000000E+000 0.10000000000000E+001 0.13856113994754E+004 0.25092498494771E+004
 141 0.29681017009859E-001 0.89094674940147E-003 0.30253535982335E-004 0.85843368834502E-004 0.11241686812265E+000 0.32861751367982E-003 0.75568063802916E-001 0.16470348670793E-003 0.81760626053158E-005 0.65469074696263E-006 0.96268864669393E-003 0.14109461295527E-001 0.34678436979786E-001 0.31173456242600E-001 0.28749637886490E-004 0.11479165363846E-002 0.58227108005980E-005 0.11648094889385E-002 0.43602681030243E-004 0.86262287287398E-003 0.82752285074935E-012 0.21488019185860E-006 0.72632809069293E+000 0.18401203780896E-039 0.13949793654735E+004 0.41909795435389E-001 -.94206781331461E+002 0.52553827797940E-001 0.10132500000000E+006 0.23522549670397E-003 0.26925900744199E+002 0.10000000000000E+001 0.00000000000000E+000 0.10000000000000E+001 0.13949793654735E+004 0.25854105781779E+004
 142 0.29897592058549E-001 0.89538797271391E-003 0.31524869372542E-004 0.90186235222098E-004 0.11118647665190E+000 0.34494857953451E-003 0.76233893791280E-001 0.16327580372916E-003 0.87590992645359E-005 0.70068686011552E-006 0.97866337992572E-003 0.13766134505505E-001 0.35045379604866E-001 0.31640709509963E-001 0.29980375832025E-004 0.11504743382038E-002 0.56758255886629E-005 0.11715306471455E-002 0.43341122782181E-004 0.83570233694733E-003 0.92849168806970E-012 0.21777852360835E-006 0.72637703688392E+000 0.17664422474006E-039 0.14041438978321E+004 0.41909795435389E-001 -.93729281952432E+002 0.52553827797940E-001 0.10132500000000E+006 0.23364122379582E-003 0.26920253922403E+002 0.10000000000000E+001 0.00000000000000E+000 0.10000000000000E+001 0.14041438978321E+004 0.26607694057667E+004
 143 0.30110918400729E-001 0.89965253922197E-003 0.32815142841470E-004 0.94655742679607E-004 0.10997569317834E+000 0.36169386630335E-003 0.76886383187236E-001 0.16178439370378E-003 0.93611006316198E-005 0.74813070490399E-006 0.99363091191063E-003 0.13429879433012E-001 0.35404430545532E-001 0.32104748220991E-001 0.31207731798289E-004 0.11526174602977E-002 0.55308398702679E-005 0.11774867763698E-002 0.43021255273116E-004 0.80889498258968E-003 0.10395020576618E-011 0.22065921542067E-006 0.72642554390044E+000 0.16946557614806E-039 0.14131139269433E+004 0.41909795435389E-001 -.93314512942412E+002 0.52553827797940E-001 0.10132500000000E+006 0.23211071563916E-003 0.26914754939257E+002 0.10000000000000E+001 0.00000000000000E+000 0.10000000000000E+001 0.14131139269433E+004 0.27352747829823E+004
 144 0.30321204497729E-001 0.90374545272528E-003 0.34124082168940E-004 0.99255062256668E-004 0.10878367616314E+000 0.37885608865838E-003 0.77526070213631E-001 0.16023338505434E-003 0.99814265788531E-005 0.79696817400908E-006 0.10075873377305E-002 0.13100451436565E-001 0.35755803331350E-001 0.32565829828190E-001 0.32430052398343E-004 0.11543531091415E-002 0.53877098791077E-005 0.11826826656642E-002 0.42646460345781E-004 0.78225507562953E-003 0.11613538970787E-011 0.22352414491937E-006 0.72647361062541E+000 0.16249801791551E-039 0.14218979660190E+004 0.41909795435389E-001 -.92960617615281E+002 0.52553827797940E-001 0.10132500000000E+006 0.23063090440328E-003 0.26909398967666E+002 0.10000000000000E+001 0.00000000000000E+000 0.10000000000000E+001 0.14218979660190E+004 0.28088772103017E+004
 145 0.30528644769366E-001 0.90767132986243E-003 0.35451417855832E-004 0.10398750674118E-003 0.10760964160240E+000 0.39643808425640E-003 0.78153454669986E-001 0.15862673437473E-003 0.10619378268937E-004 0.84714044487689E-006 0.10205304034708E-002 0.12777623025384E-001 0.36099693003920E-001 0.33024197767846E-001 0.33645736488234E-004 0.11556877286023E-002 0.52464074164790E-005 0.11871233388998E-002 0.42220035408747E-004 0.75583202123692E-003 0.12948970966492E-011 0.22637509878211E-006 0.72652123629074E+000 0.15570930609748E-039 0.14305039247469E+004 0.41909795435389E-001 -.92665849585428E+002 0.52553827797940E-001 0.10132500000000E+006 0.22919897359811E-003 0.26904181541744E+002 0.10000000000000E+001 0.00000000000000E+000 0.10000000000000E+001 0.14305039247469E+004 0.28815270849948E+004
 146 0.30733416552198E-001 0.91143435488599E-003 0.36796855404548E-004 0.10885642573318E-003 0.10645288294234E+000 0.41444241247461E-003 0.78768988113465E-001 0.15696826447191E-003 0.11274184537082E-004 0.89858293186797E-006 0.10324591561706E-002 0.12461189154284E-001 0.36436270397402E-001 0.33480072875260E-001 0.34853205832674E-004 0.11566270491902E-002 0.51069197214732E-005 0.11908140103422E-002 0.41745203968243E-004 0.72967127284533E-003 0.14410305174422E-011 0.22921372063210E-006 0.72656841940358E+000 0.14912380278571E-039 0.14389389814026E+004 0.41909795435389E-001 -.92428568484291E+002 0.52553827797940E-001 0.10132500000000E+006 0.22781236189992E-003 0.26899098632221E+002 0.10000000000000E+001 0.00000000000000E+000 0.10000000000000E+001 0.14389389814026E+004 0.29531730261876E+004
 147 0.30935679288200E-001 0.91503828736470E-003 0.38160057426348E-004 0.11386513470270E-003 0.10531277774715E+000 0.43287108997920E-003 0.79373071291684E-001 0.15526169197149E-003 0.11944993256561E-004 0.95122463927806E-006 0.10433738416103E-002 0.12150968720378E-001 0.36765680532819E-001 0.33933649613102E-001 0.36050889522072E-004 0.11571761843919E-002 0.49692482550454E-005 0.11937601582221E-002 0.41225126935733E-004 0.70381490651297E-003 0.16007009653363E-011 0.23204148837066E-006 0.72661515721698E+000 0.14272416790313E-039 0.14472095544805E+004 0.41909795435389E-001 -.92247227780791E+002 0.52553827797940E-001 0.10132500000000E+006 0.22646875107552E-003 0.26894146658620E+002 0.10000000000000E+001 0.00000000000000E+000 0.10000000000000E+001 0.14472095544805E+004 0.30237610886807E+004
 148 0.31135576789340E-001 0.91848652858978E-003 0.39540646351530E-004 0.11901691459257E-003 0.10418877652062E+000 0.45172559418906E-003 0.79966061045517E-001 0.15351063007688E-003 0.12630872858489E-004 0.10049883175516E-005 0.10532760250417E-002 0.11846801146059E-001 0.37088046280254E-001 0.34385099293103E-001 0.37237228242412E-004 0.11573397453363E-002 0.48334057056484E-005 0.11959676711581E-002 0.40662907093902E-004 0.67830173835054E-003 0.17749036994071E-011 0.23485973475031E-006 0.72666144595703E+000 0.13652172265708E-039 0.14553214033957E+004 0.41909795435389E-001 -.92120358598712E+002 0.52553827797940E-001 0.10132500000000E+006 0.22516603455189E-003 0.26889322422944E+002 0.10000000000000E+001 0.00000000000000E+000 0.10000000000000E+001 0.14553214033957E+004 0.30932351703646E+004
 149 0.31333240777151E-001 0.92178220453893E-003 0.40938218534776E-004 0.12431505466916E-003 0.10308038411222E+000 0.47100702658010E-003 0.80548280935175E-001 0.15171857558323E-003 0.13330820183642E-004 0.10597911174213E-005 0.10621687555192E-002 0.11548541034512E-001 0.37403474066433E-001 0.34834576514583E-001 0.38410688002384E-004 0.11571219358024E-002 0.46994123827583E-005 0.11974429777505E-002 0.40061586710793E-004 0.65316722300908E-003 0.19646843682957E-011 0.23766968797155E-006 0.72670728139504E+000 0.13048121366777E-039 0.14632797790046E+004 0.41909795435389E-001 -.92046555820973E+002 0.52553827797940E-001 0.10132500000000E+006 0.22390228060350E-003 0.26884623015181E+002 0.10000000000000E+001 0.00000000000000E+000 0.10000000000000E+001 0.14632797790046E+004 0.31615379564671E+004
 150 0.31528793561214E-001 0.92492822572229E-003 0.42352355541229E-004 0.12976288844245E-003 0.10198714588490E+000 0.49071624799453E-003 0.81120029118186E-001 0.14988889802608E-003 0.14043767693663E-004 0.11155451927906E-005 0.10700566398742E-002 0.11256054235210E-001 0.37712058064504E-001 0.35282224027706E-001 0.39569770138019E-004 0.11565266171122E-002 0.45672934218985E-005 0.11981931170524E-002 0.39424143601029E-004 0.62844342436331E-003 0.21711410579965E-011 0.24047250254981E-006 0.72675265926064E+000 0.12461568181960E-039 0.14710895354808E+004 0.41909795435389E-001 -.92024468932434E+002 0.52553827797940E-001 0.10132500000000E+006 0.22267570429103E-003 0.26880045744137E+002 0.10000000000000E+001 0.00000000000000E+000 0.10000000000000E+001 0.14710895354808E+004 0.32286116217511E+004
 151 0.31722350794191E-001 0.92792734094759E-003 0.43782638543865E-004 0.13536384532797E-003 0.10090863344183E+000 0.51085406736246E-003 0.81681586258914E-001 0.14802482406863E-003 0.14768592813013E-004 0.11721584685960E-005 0.10769458747993E-002 0.10969213899112E-001 0.38013884364042E-001 0.35728178072199E-001 0.40713022561886E-004 0.11555573471433E-002 0.44370761434075E-005 0.11982257650030E-002 0.38753483942243E-004 0.60415895421262E-003 0.23954273366615E-011 0.24326929330077E-006 0.72679757570088E+000 0.11892928299879E-039 0.14787552418455E+004 0.41909795435389E-001 -.92052796388949E+002 0.52553827797940E-001 0.10132500000000E+006 0.22148464148374E-003 0.26875588070672E+002 0.10000000000000E+001 0.00000000000000E+000 0.10000000000000E+001 0.14787552418455E+004 0.32943985887060E+004
 152 0.31914026646334E-001 0.93078221829111E-003 0.45228683667129E-004 0.14112159154200E-003 0.99844417033396E-001 0.53142174218592E-003 0.82233230122558E-001 0.14612939398274E-003 0.15504138360084E-004 0.12295362698847E-005 0.10828442931623E-002 0.10687893143930E-001 0.38309038643322E-001 0.36172579627477E-001 0.41839065435188E-004 0.11542173722019E-002 0.43087859937368E-005 0.11975491985903E-002 0.38052423299036E-004 0.58033860340582E-003 0.26387597788458E-011 0.24606120673290E-006 0.72684202831908E+000 0.11339751180721E-039 0.14862813840423E+004 0.41909795435389E-001 -.92130284955426E+002 0.52553827797940E-001 0.10132500000000E+006 0.22032751084103E-003 0.26871247491481E+002 0.10000000000000E+001 0.00000000000000E+000 0.10000000000000E+001 0.14862813840423E+004 0.33588430928635E+004
 153 0.32103939953174E-001 0.93349552219058E-003 0.46690189441357E-004 0.14704023491717E-003 0.98794033092154E-001 0.55242168503005E-003 0.82775252284344E-001 0.14420540163314E-003 0.16249239455730E-004 0.12875834444374E-005 0.10877613015485E-002 0.10411956705764E-001 0.38597614758255E-001 0.36615588407434E-001 0.42946621492193E-004 0.11525095508143E-002 0.41824421009887E-005 0.11961721451649E-002 0.37323659053271E-004 0.55700287970173E-003 0.29024303390411E-011 0.24884951046846E-006 0.72688601744365E+000 0.10802710364669E-039 0.14936725951173E+004 0.41909795435389E-001 -.92255737208546E+002 0.52553827797940E-001 0.10132500000000E+006 0.21920277399878E-003 0.26867021412577E+002 0.10000000000000E+001 0.00000000000000E+000 0.10000000000000E+001 0.14936725951173E+004 0.34218929711812E+004
 154 0.32292216391788E-001 0.93606991561245E-003 0.48166957881812E-004 0.15312444150248E-003 0.97756974388763E-001 0.57385782826007E-003 0.83307962776335E-001 0.14225536963650E-003 0.17002736713906E-004 0.13462054028837E-005 0.10917075777677E-002 0.10141258805769E-001 0.38879716654325E-001 0.37057388020327E-001 0.44034521082961E-004 0.11504362530679E-002 0.40580557664613E-005 0.11941035530454E-002 0.36569754541393E-004 0.53416807950052E-003 0.31878175419459E-011 0.25163562800247E-006 0.72692954646588E+000 0.10280716722915E-039 0.15009337204890E+004 0.41909795435389E-001 -.92428023648533E+002 0.52553827797940E-001 0.10132500000000E+006 0.21810892293133E-003 0.26862907123113E+002 0.10000000000000E+001 0.00000000000000E+000 0.10000000000000E+001 0.15009337204890E+004 0.34834999745852E+004
 155 0.32478985373658E-001 0.93850798713804E-003 0.49658874210112E-004 0.15937938939804E-003 0.96732709474362E-001 0.59573540031230E-003 0.83831679636778E-001 0.14028158103760E-003 0.17763467446626E-004 0.14053074431566E-005 0.10946946460248E-002 0.98756487026061E-002 0.39155452198608E-001 0.37498178775509E-001 0.45101675137091E-004 0.11479993087557E-002 0.39356326429255E-005 0.11913524094384E-002 0.35793146048220E-004 0.51184701709148E-003 0.34963914994694E-011 0.25442109592686E-006 0.72697262094542E+000 0.97738849005979E-040 0.15080696776452E+004 0.41909795435389E-001 -.92646090499546E+002 0.52553827797940E-001 0.10132500000000E+006 0.21704449859100E-003 0.26858901886871E+002 0.10000000000000E+001 0.00000000000000E+000 0.10000000000000E+001 0.15080696776452E+004 0.35436182720903E+004
 156 0.32664375140309E-001 0.94081216826378E-003 0.51165868496408E-004 0.16581063919975E-003 0.95720711516353E-001 0.61806041720626E-003 0.84346713947572E-001 0.13828613695785E-003 0.18530246782618E-004 0.14647932978408E-005 0.10967345465529E-002 0.96149784709348E-002 0.39424924784290E-001 0.37938165937175E-001 0.46147038179337E-004 0.11452000238021E-002 0.38151761215420E-005 0.11879276752257E-002 0.34996162815661E-004 0.49004993255861E-003 0.38297142416211E-011 0.25720749194451E-006 0.72701524730689E+000 0.92829027685425E-040 0.15150852548887E+004 0.41909795435389E-001 -.92908959260531E+002 0.52553827797940E-001 0.10132500000000E+006 0.21600811745544E-003 0.26855003063612E+002 0.10000000000000E+001 0.00000000000000E+000 0.10000000000000E+001 0.15150852548887E+004 0.36022024419398E+004
 157 0.32848508782525E-001 0.94298468054023E-003 0.52687880443797E-004 0.17242400326186E-003 0.94720481351272E-001 0.64083918856547E-003 0.84853358193240E-001 0.13627101107313E-003 0.19301850025774E-004 0.15245637894906E-005 0.10978396759868E-002 0.93591090073915E-002 0.39688226923107E-001 0.38377549795837E-001 0.47169578326690E-004 0.11420392427486E-002 0.36966900438748E-005 0.11838383195158E-002 0.34181048345515E-004 0.46878522497771E-003 0.41894383404868E-011 0.25999637359307E-006 0.72705743177094E+000 0.88064948995938E-040 0.15219849556795E+004 0.41909795435389E-001 -.93215719924293E+002 0.52553827797940E-001 0.10132500000000E+006 0.21499848999159E-003 0.26851208198931E+002 0.10000000000000E+001 0.00000000000000E+000 0.10000000000000E+001 0.15219849556795E+004 0.36592059053393E+004
 158 0.33031501628678E-001 0.94502751378164E-003 0.54224832344143E-004 0.17922543612566E-003 0.93731562405863E-001 0.66407791662909E-003 0.85351879035677E-001 0.13423809313249E-003 0.20076999325486E-004 0.15845158313957E-005 0.10980227666099E-002 0.91079137244036E-002 0.39945436368751E-001 0.38816518741257E-001 0.48168257173797E-004 0.11385174363313E-002 0.35801804291176E-005 0.11790934169231E-002 0.33349978733862E-004 0.44805995892841E-003 0.45773049119758E-011 0.26278923525001E-006 0.72709917962794E+000 0.83449049146690E-040 0.15287729031465E+004 0.41909795435389E-001 -.93565520627897E+002 0.52553827797940E-001 0.10132500000000E+006 0.21401442950597E-003 0.26847515075820E+002 0.10000000000000E+001 0.00000000000000E+000 0.10000000000000E+001 0.15287729031465E+004 0.37145799475008E+004
 159 0.33213460503127E-001 0.94694243464465E-003 0.55776616084974E-004 0.18622097579301E-003 0.92753544985370E-001 0.68778248612656E-003 0.85842515627564E-001 0.13218921306521E-003 0.20854357950553E-004 0.16445420252122E-005 0.10972969515753E-002 0.88612793936009E-002 0.40196615276273E-001 0.39255246688888E-001 0.49142022062152E-004 0.11346347838818E-002 0.34656559189493E-005 0.11737022542418E-002 0.32505073534351E-004 0.42788010193302E-003 0.49951430158303E-011 0.26558749224794E-006 0.72714049496698E+000 0.78983047814746E-040 0.15354528198144E+004 0.41909795435389E-001 -.93957557453598E+002 0.52553827797940E-001 0.10132500000000E+006 0.21305484986870E-003 0.26843921721849E+002 0.10000000000000E+001 0.00000000000000E+000 0.10000000000000E+001 0.15354528198144E+004 0.37682734443983E+004
 160 0.33394484848256E-001 0.94873101720682E-003 0.57343096021343E-004 0.19341675124346E-003 0.91786060307717E-001 0.71195848761462E-003 0.86325483100155E-001 0.13012614315541E-003 0.21632533065335E-004 0.17045309188747E-005 0.10956758476506E-002 0.86191043633170E-002 0.40441812085171E-001 0.39693895014828E-001 0.50089809695145E-004 0.11303912236043E-002 0.33531270128598E-005 0.11676743959685E-002 0.31648397269221E-004 0.40825052208515E-003 0.54448722717780E-011 0.26839249350315E-006 0.72718138084836E+000 0.74656913550570E-040 0.15420280774555E+004 0.41909795435389E-001 -.94391067700916E+002 0.52553827797940E-001 0.10132500000000E+006 0.21211875353428E-003 0.26840426377615E+002 0.10000000000000E+001 0.00000000000000E+000 0.10000000000000E+001 0.15420280774555E+004 0.38202332153439E+004
 161 0.33574667996718E-001 0.95039467176308E-003 0.58924114232700E-004 0.20081900162769E-003 0.90828773768165E-001 0.73661128024124E-003 0.86800976350829E-001 0.12805059633215E-003 0.22410080042396E-004 0.17643673818721E-005 0.10931736156744E-002 0.83812966315415E-002 0.40681063530792E-001 0.40132614971698E-001 0.51010550912243E-004 0.11257864886402E-002 0.32426052353334E-005 0.11610197254804E-002 0.30781958687546E-004 0.38917496038768E-003 0.59285062964276E-011 0.27120553731371E-006 0.72722183951887E+000 0.70466060548665E-040 0.15485017507005E+004 0.41909795435389E-001 -.94865325104138E+002 0.52553827797940E-001 0.10132500000000E+006 0.21120521976675E-003 0.26837027464228E+002 0.10000000000000E+001 0.00000000000000E+000 0.10000000000000E+001 0.15485017507005E+004 0.38704044255573E+004
 162 0.33754098638616E-001 0.95193467133883E-003 0.60519498626730E-004 0.20843411098856E-003 0.89881377268639E-001 0.76174610400100E-003 0.87269174197278E-001 0.12596422022511E-003 0.23185508396345E-004 0.18239331027192E-005 0.10898049904738E-002 0.81477717480208E-002 0.40914396792805E-001 0.40571550699150E-001 0.51903176470754E-004 0.11208201249531E-002 0.31341022242608E-005 0.11537484552887E-002 0.29907707716768E-004 0.37065598106998E-003 0.64481574769847E-011 0.27402789115044E-006 0.72726187267489E+000 0.66404899858574E-040 0.15548766753893E+004 0.41909795435389E-001 -.95379637364627E+002 0.52553827797940E-001 0.10132500000000E+006 0.21031339289760E-003 0.26833723549694E+002 0.10000000000000E+001 0.00000000000000E+000 0.10000000000000E+001 0.15548766753893E+004 0.39187310288573E+004
 163 0.33932864672795E-001 0.95335219150128E-003 0.62129093794936E-004 0.21626875846733E-003 0.88943569248552E-001 0.78736856338951E-003 0.87730249451633E-001 0.12386856142032E-003 0.23957298603337E-004 0.18831079161604E-005 0.10855852154119E-002 0.79184477955599E-002 0.41141834474778E-001 0.41010848227299E-001 0.52766633797343E-004 0.11154914201141E-002 0.30276274679607E-005 0.11458710008512E-002 0.29027519486717E-004 0.35269469124174E-003 0.70060506927600E-011 0.27686085042259E-006 0.72730148225086E+000 0.62485182606894E-040 0.15611555873699E+004 0.41909795435389E-001 -.95933353314226E+002 0.52553827797940E-001 0.10132500000000E+006 0.20944246013691E-003 0.26830513276198E+002 0.10000000000000E+001 0.00000000000000E+000 0.10000000000000E+001 0.15611555873699E+004 0.39651567813026E+004
 164 0.34111057805166E-001 0.95464834098831E-003 0.63752801276369E-004 0.22433013330021E-003 0.88015031554517E-001 0.81348529366336E-003 0.88184380231667E-001 0.12176501842369E-003 0.24723922193582E-004 0.19417713662262E-005 0.10805298527510E-002 0.76932398354693E-002 0.41363399892013E-001 0.41450666592242E-001 0.53599904258734E-004 0.11097992610194E-002 0.29231858141675E-005 0.11373977413496E-002 0.28143173360083E-004 0.33529043875428E-003 0.76045446718306E-011 0.27970581196798E-006 0.72734067134216E+000 0.58691145087216E-040 0.15673412781733E+004 0.41909795435389E-001 -.96525877794460E+002 0.52553827797940E-001 0.10132500000000E+006 0.20859162823340E-003 0.26827395284482E+002 0.10000000000000E+001 0.00000000000000E+000 0.10000000000000E+001 0.15673412781733E+004 0.40096262370471E+004
 165 0.34288774334601E-001 0.95582415084196E-003 0.65390587163649E-004 0.23262600817973E-003 0.87095426945175E-001 0.84010413508566E-003 0.88631750894406E-001 0.11965483830236E-003 0.25483844692947E-004 0.19998029419329E-005 0.10746546116626E-002 0.74720595747226E-002 0.41579116987068E-001 0.41891179768124E-001 0.54401999162134E-004 0.11037420692676E-002 0.28207774355683E-005 0.11283388941847E-002 0.27256350587143E-004 0.31844093472878E-003 0.82461463297560E-011 0.28256428932216E-006 0.72737944425373E+000 0.55022930605962E-040 0.15734366095139E+004 0.41909795435389E-001 -.97156678471221E+002 0.52553827797940E-001 0.10132500000000E+006 0.20776012049016E-003 0.26824368214754E+002 0.10000000000000E+001 0.00000000000000E+000 0.10000000000000E+001 0.15734366095139E+004 0.40520845653774E+004
 166 0.34466111898005E-001 0.95688053823608E-003 0.67042451896012E-004 0.24116462279881E-003 0.86184417494520E-001 0.86723369276494E-003 0.89072542832124E-001 0.11753916221759E-003 0.26235510555513E-004 0.20570809374794E-005 0.10679753328478E-002 0.72548200338218E-002 0.41789005357092E-001 0.42332568548054E-001 0.55171937408189E-004 0.10973178798487E-002 0.27204001312186E-005 0.11187046112212E-002 0.26368653038336E-004 0.30214274744214E-003 0.89335112510721E-011 0.28543786291651E-006 0.72741780566625E+000 0.51493580047525E-040 0.15794443897253E+004 0.41909795435389E-001 -.97825277522927E+002 0.52553827797940E-001 0.10132500000000E+006 0.20694719254355E-003 0.26821430775683E+002 0.10000000000000E+001 0.00000000000000E+000 0.10000000000000E+001 0.15794443897253E+004 0.40924763966403E+004
 167 0.34643166594509E-001 0.95781828568827E-003 0.68708401352768E-004 0.24995455792986E-003 0.85281680355035E-001 0.89488288895587E-003 0.89506926814771E-001 0.11541906800094E-003 0.26977329880973E-004 0.21134814608394E-005 0.10605080620017E-002 0.70414393704432E-002 0.41993076295096E-001 0.42775013158581E-001 0.55908727936606E-004 0.10905244497963E-002 0.26220512272159E-005 0.11085051284471E-002 0.25481620900130E-004 0.28639169649115E-003 0.96694414526282E-011 0.28832813423527E-006 0.72745575991820E+000 0.48089909221090E-040 0.15853672710726E+004 0.41909795435389E-001 -.98531240157015E+002 0.52553827797940E-001 0.10132500000000E+006 0.20615214461288E-003 0.26818581798026E+002 0.10000000000000E+001 0.00000000000000E+000 0.10000000000000E+001 0.15853672710726E+004 0.41307449573044E+004
 168 0.34820033466804E-001 0.95863804683197E-003 0.70388448223836E-004 0.25900475671751E-003 0.84386905904790E-001 0.92306099649655E-003 0.89935063986128E-001 0.11329557299213E-003 0.27707679781485E-004 0.21688785648233E-005 0.10522690488143E-002 0.68318403940042E-002 0.42191333099766E-001 0.43218694137414E-001 0.56611368639892E-004 0.10833592676020E-002 0.25257274729493E-005 0.10977507697723E-002 0.24596733618433E-004 0.27118290070701E-003 0.10456893927208E-010 0.29123673336562E-006 0.72749331103447E+000 0.44824672398206E-040 0.15912077648300E+004 0.41909795435389E-001 -.99274173602951E+002 0.52553827797940E-001 0.10132500000000E+006 0.20537431758011E-003 0.26815820228062E+002 0.10000000000000E+001 0.00000000000000E+000 0.10000000000000E+001 0.15912077648300E+004 0.41668320866919E+004
 169 0.34996808625345E-001 0.95934035699095E-003 0.72082629392854E-004 0.26832463639859E-003 0.83499787749881E-001 0.95177794684209E-003 0.90357110692941E-001 0.11116961667779E-003 0.28424912445338E-004 0.22231448823935E-005 0.10432746556179E-002 0.66259482160369E-002 0.42383773089975E-001 0.43663797383484E-001 0.57278851257867E-004 0.10758194881745E-002 0.24314240825625E-005 0.10864518397029E-002 0.23715402443358E-004 0.25651068905447E-003 0.11298998057297E-010 0.29416535425991E-006 0.72753046309707E+000 0.41701308932998E-040 0.15969683086441E+004 0.41909795435389E-001 -.10005373396350E+003 0.52553827797940E-001 0.10132500000000E+006 0.20461308240237E-003 0.26813145097505E+002 0.10000000000000E+001 0.00000000000000E+000 0.10000000000000E+001 0.15969683086441E+004 0.42006785481334E+004
 170 0.35173590218358E-001 0.95992563259979E-003 0.73791013046543E-004 0.27792415474123E-003 0.82620018940995E-001 0.98104448048703E-003 0.90773220215486E-001 0.10904205686652E-003 0.29127357828736E-004 0.22761518473682E-005 0.10335412883807E-002 0.64236894486597E-002 0.42570388028707E-001 0.44110516397378E-001 0.57910160102346E-004 0.10679018972627E-002 0.23391344998865E-005 0.10746185624985E-002 0.22838968846679E-004 0.24236862955108E-003 0.12199071151703E-010 0.29711577227886E-006 0.72756722035224E+000 0.38739595111688E-040 0.16026512917455E+004 0.41909795435389E-001 -.10086963004302E+003 0.52553827797940E-001 0.10132500000000E+006 0.20386783554353E-003 0.26810555515802E+002 0.10000000000000E+001 0.00000000000000E+000 0.10000000000000E+001 0.16026512917455E+004 0.42322239992079E+004
 171 0.35350478719933E-001 0.96039416592957E-003 0.75513699330174E-004 0.28781384588236E-003 0.81747291781418E-001 0.10108721939555E-002 0.91183542743939E-001 0.10691367412703E-003 0.29813323156562E-004 0.23277696707276E-005 0.10230853582558E-002 0.62249922667319E-002 0.42751163677464E-001 0.44559052828244E-001 0.58504267589914E-004 0.10596029003426E-002 0.22488505626930E-005 0.10622610612387E-002 0.21968706550081E-004 0.22874961700442E-003 0.13160632585470E-010 0.30008985102549E-006 0.72760358716560E+000 0.35929786097587E-040 0.16082590562791E+004 0.41909795435389E-001 -.10172162469605E+003 0.52553827797940E-001 0.10132500000000E+006 0.20313799772989E-003 0.26808050674483E+002 0.10000000000000E+001 0.00000000000000E+000 0.10000000000000E+001 0.16082590562791E+004 0.42614067892073E+004
 172 0.35527578076422E-001 0.96074612086978E-003 0.77250829291150E-004 0.29800490786927E-003 0.80881293538160E-001 0.10412737346998E-002 0.91588227250746E-001 0.10478516608356E-003 0.30481095337418E-004 0.23778675339828E-005 0.10119231943327E-002 0.60297855551953E-002 0.42926080129671E-001 0.45009619205495E-001 0.59060132215922E-004 0.10509184694139E-002 0.21605622524557E-005 0.10493892778189E-002 0.21105819577861E-004 0.21564589371383E-003 0.14187424293062E-010 0.30308956408192E-006 0.72763956814597E+000 0.33257981167771E-040 0.16137939246073E+004 0.41909795435389E-001 -.10260954056063E+003 0.52553827797940E-001 0.10132500000000E+006 0.20242300943749E-003 0.26805629840566E+002 0.10000000000000E+001 0.00000000000000E+000 0.10000000000000E+001 0.16137939246073E+004 0.42881638677251E+004
 173 0.35704996699168E-001 0.96098152484589E-003 0.79002592432323E-004 0.30850929105661E-003 0.80021703214906E-001 0.10722629829389E-002 0.91987422786126E-001 0.10265714389817E-003 0.31128941925005E-004 0.24263136683359E-005 0.10000709554903E-002 0.58379983533475E-002 0.43095111763223E-001 0.45462441313383E-001 0.59576694772319E-004 0.10418440883971E-002 0.20742575873989E-005 0.10360128961738E-002 0.20251441529959E-004 0.20304909137590E-003 0.15283433571221E-010 0.30611701508924E-006 0.72767516822062E+000 0.30715725243349E-040 0.16192582188898E+004 0.41909795435389E-001 -.10353326593232E+003 0.52553827797940E-001 0.10132500000000E+006 0.20172232758240E-003 0.26803292355115E+002 0.10000000000000E+001 0.00000000000000E+000 0.10000000000000E+001 0.16192582188898E+004 0.43124305877304E+004
 174 0.35882846743556E-001 0.96110025714391E-003 0.80769217147452E-004 0.31933968947667E-003 0.79168196811351E-001 0.11038549364156E-002 0.92381275798670E-001 0.10053014973858E-003 0.31755105201278E-004 0.24729749175479E-005 0.98754466130027E-003 0.56495612124896E-002 0.43258225435321E-001 0.45917756191524E-001 0.60052868976567E-004 0.10323747849199E-002 0.19899233772253E-005 0.10221413978751E-002 0.19406643493106E-004 0.19095039437742E-003 0.16452907578665E-010 0.30917442915253E-006 0.72771039235540E+000 0.28309180500461E-040 0.16246542263659E+004 0.41909795435389E-001 -.10449275191005E+003 0.52553827797940E-001 0.10132500000000E+006 0.20103542925754E-003 0.26801037655855E+002 0.10000000000000E+001 0.00000000000000E+000 0.10000000000000E+001 0.16246542263659E+004 0.43341402354911E+004
 175 0.36061242537301E-001 0.96110204135540E-003 0.82550951948710E-004 0.33050946931477E-003 0.78320456439529E-001 0.11360654188088E-002 0.92769925771331E-001 0.98404684537020E-004 0.32357793884633E-004 0.25177161306879E-005 0.97436032064970E-003 0.54644083223436E-002 0.43415378092145E-001 0.46375807883757E-001 0.60487531385807E-004 0.10225052256900E-002 0.19075462966517E-005 0.10077842112136E-002 0.18572445734702E-004 0.17934073375603E-003 0.17700360981730E-010 0.31226412906159E-006 0.72774524511836E+000 0.26014414766652E-040 0.16299841414250E+004 0.41909795435389E-001 -.10548800343077E+003 0.52553827797940E-001 0.10132500000000E+006 0.20036181824768E-003 0.26798865307579E+002 0.10000000000000E+001 0.00000000000000E+000 0.10000000000000E+001 0.16299841414250E+004 0.43532235539872E+004
 176 0.36240300382531E-001 0.96098644373130E-003 0.84348059670643E-004 0.34203266822359E-003 0.77478172580863E-001 0.11689110059901E-002 0.93153504123672E-001 0.96281219165621E-004 0.32935180717297E-004 0.25604000004926E-005 0.96053399940085E-003 0.52824780353674E-002 0.43566515864071E-001 0.46836846632190E-001 0.60879516876297E-004 0.10122297581776E-002 0.18271132119139E-005 0.99295077880289E-003 0.17749822324435E-004 0.16821085987277E-003 0.19030590755058E-010 0.31538853450391E-006 0.72777973053011E+000 0.23848624812549E-040 0.16352500522500E+004 0.41909795435389E-001 -.10651907621157E+003 0.52553827797940E-001 0.10132500000000E+006 0.19970102571177E-003 0.26796775011879E+002 0.10000000000000E+001 0.00000000000000E+000 0.10000000000000E+001 0.16352500522500E+004 0.43696085510104E+004
 177 0.36420140486446E-001 0.96075286995070E-003 0.86160832847229E-004 0.35392413174923E-003 0.76641036430966E-001 0.12024093396563E-002 0.93532137615262E-001 0.94160180466224E-004 0.33485407047477E-004 0.26008874188924E-005 0.94608172996049E-003 0.51037112522659E-002 0.43711574901768E-001 0.47301133540770E-001 0.61227618884705E-004 0.10015423334635E-002 0.17486105517960E-005 0.97765045347000E-003 0.16939695887780E-004 0.15755127906155E-003 0.20448707994775E-010 0.31855019882007E-006 0.72781385231790E+000 0.21800059511555E-040 0.16404539893037E+004 0.41909795435389E-001 -.10758608595216E+003 0.52553827797940E-001 0.10132500000000E+006 0.19905260317748E-003 0.26794766592741E+002 0.10000000000000E+001 0.00000000000000E+000 0.10000000000000E+001 0.16404539893037E+004 0.43832205071862E+004
 178 0.36600889281501E-001 0.96040055465540E-003 0.87989613183534E-004 0.36619969334166E-003 0.75808731045369E-001 0.12365795377626E-002 0.93905952131462E-001 0.92041933572360E-004 0.34006587029104E-004 0.26390377937065E-005 0.93101936593846E-003 0.49280496690098E-002 0.43850482084483E-001 0.47768946295781E-001 0.61530587931803E-004 0.99043638955911E-003 0.16720236384496E-005 0.96189234461822E-003 0.16142931477519E-004 0.14735219259562E-003 0.21960178815248E-010 0.32175185437206E-006 0.72784761420698E+000 0.19878320393940E-040 0.16455979794824E+004 0.41909795435389E-001 -.10868922155265E+003 0.52553827797940E-001 0.10132500000000E+006 0.19841611514726E-003 0.26792839983665E+002 0.10000000000000E+001 0.00000000000000E+000 0.10000000000000E+001 0.16455979794824E+004 0.43939818591293E+004
 179 0.36782680371562E-001 0.95992854736199E-003 0.89834797047331E-004 0.37887627857637E-003 0.74980929452798E-001 0.12714423655340E-002 0.94275073185630E-001 0.89926781569041E-004 0.34496806046822E-004 0.26747089322197E-005 0.91536253550276E-003 0.47554356058938E-002 0.43983154221324E-001 0.48240581362773E-001 0.61787125325483E-004 0.97890480531141E-003 0.15973367283745E-005 0.94568527398312E-003 0.15360337562748E-004 0.13760353622910E-003 0.23570860331820E-010 0.32499643537480E-006 0.72788101991586E+000 0.18078248428513E-040 0.16506840555494E+004 0.41909795435389E-001 -.10982875139098E+003 0.52553827797940E-001 0.10132500000000E+006 0.19779113750238E-003 0.26790995235254E+002 0.10000000000000E+001 0.00000000000000E+000 0.10000000000000E+001 0.16506840555494E+004 0.44018118455120E+004
 180 0.36965654352184E-001 0.95933570034571E-003 0.91696828998754E-004 0.39197193397394E-003 0.74157298167782E-001 0.13070201863411E-002 0.94639623977671E-001 0.87814979110169E-004 0.34954115592116E-004 0.27077566658565E-005 0.89912670390394E-003 0.45858129793511E-002 0.44109496269098E-001 0.48716353231175E-001 0.61995874800304E-004 0.96693992965050E-003 0.15245335423608E-005 0.92903784157386E-003 0.14592672239118E-004 0.12829507957387E-003 0.25287029900762E-010 0.32828708145261E-006 0.72791407292624E+000 0.16407008936370E-040 0.16557142321210E+004 0.41909795435389E-001 -.11100502250653E+003 0.52553827797940E-001 0.10132500000000E+006 0.19717726005582E-003 0.26789232536080E+002 0.10000000000000E+001 0.00000000000000E+000 0.10000000000000E+001 0.16557142321210E+004 0.44066260778823E+004
 181 0.37149958229354E-001 0.95862066072972E-003 0.93576190486841E-004 0.40550581883339E-003 0.73337502495491E-001 0.13433368131535E-002 0.94999722710050E-001 0.85706751035394E-004 0.35376527882308E-004 0.27380344639029E-005 0.88232730018014E-003 0.44191285905167E-002 0.44229399335107E-001 0.49196592542916E-001 0.62155414886866E-004 0.95453365378514E-003 0.14535979051171E-005 0.91195854968697E-003 0.13840650815385E-004 0.11941652926193E-003 0.27115410902911E-010 0.33162713406112E-006 0.72794677617856E+000 0.14850414581743E-040 0.16606904714225E+004 0.41909795435389E-001 -.11221845619411E+003 0.52553827797940E-001 0.10132500000000E+006 0.19657409025411E-003 0.26787552236351E+002 0.10000000000000E+001 0.00000000000000E+000 0.10000000000000E+001 0.16606904714225E+004 0.44083361780580E+004
 182 0.37335744041435E-001 0.95778187065142E-003 0.95473379652630E-004 0.41949812320354E-003 0.72521215194666E-001 0.13804171727133E-002 0.95355478527383E-001 0.83602320032562E-004 0.35762010372869E-004 0.27653930531558E-005 0.86497995040058E-003 0.42553340062313E-002 0.44342738356833E-001 0.49681642054684E-001 0.62264252848593E-004 0.94167756072097E-003 0.13845145983081E-005 0.89445602611596E-003 0.13104955829592E-004 0.11095764622858E-003 0.29063188889431E-010 0.33502011814856E-006 0.72797913163460E+000 0.13420073184806E-040 0.16656146299035E+004 0.41909795435389E-001 -.11346953689982E+003 0.52553827797940E-001 0.10132500000000E+006 0.19598125904474E-003 0.26785954876178E+002 0.10000000000000E+001 0.00000000000000E+000 0.10000000000000E+001 0.16656146299035E+004 0.44068495517554E+004
 183 0.37523166305606E-001 0.95681758123002E-003 0.97388878401591E-004 0.43396986997709E-003 0.71708129803167E-001 0.14182866909625E-002 0.95706985607091E-001 0.81501946714846E-004 0.36108481195638E-004 0.27896801277714E-005 0.84710086174119E-003 0.40943882198568E-002 0.44449369498332E-001 0.50171849416359E-001 0.62320821994251E-004 0.92836319060174E-003 0.13172704837121E-005 0.87653938831782E-003 0.12386250039690E-004 0.10290837953504E-003 0.31138009877795E-010 0.33846970125644E-006 0.72801113966303E+000 0.12118850873997E-040 0.16704883788807E+004 0.41909795435389E-001 -.11475879103438E+003 0.52553827797940E-001 0.10132500000000E+006 0.19539842962265E-003 0.26784441218393E+002 0.10000000000000E+001 0.00000000000000E+000 0.10000000000000E+001 0.16704883788807E+004 0.44020694266976E+004
 184 0.37712380438669E-001 0.95572587243590E-003 0.99323128907004E-004 0.44894275527435E-003 0.70897968978000E-001 0.14569708228854E-002 0.96054319650870E-001 0.79405957041632E-004 0.36413811256347E-004 0.28107405610202E-005 0.82870715371770E-003 0.39362591229332E-002 0.44549128724562E-001 0.50667562374332E-001 0.62323484808477E-004 0.91458227810451E-003 0.12518550569481E-005 0.85821854356834E-003 0.11685183262065E-004 0.95258914288239E-004 0.33347980407347E-010 0.34197966885052E-006 0.72804279863512E+000 0.10946461036472E-040 0.16753131578631E+004 0.41909795435389E-001 -.11608676995267E+003 0.52553827797940E-001 0.10132500000000E+006 0.19482530197755E-003 0.26783012265826E+002 0.10000000000000E+001 0.00000000000000E+000 0.10000000000000E+001 0.16753131578631E+004 0.43938952099066E+004
 185 0.37903546159406E-001 0.95450464769786E-003 0.10127656078042E-003 0.46443936651587E-003 0.70090471373227E-001 0.14964955781948E-002 0.96397543642429E-001 0.77314713994747E-004 0.36675837023235E-004 0.28284173709363E-005 0.80981671442226E-003 0.37809207267901E-002 0.44641833163302E-001 0.51169136963438E-001 0.62270538607720E-004 0.90032664635884E-003 0.11882592131019E-005 0.83950401445225E-003 0.11002379676077E-004 0.87999507183524E-004 0.35701722632662E-010 0.34555399200056E-006 0.72807410535963E+000 0.99010406887456E-041 0.16800902565055E+004 0.41909795435389E-001 -.11745406720715E+003 0.52553827797940E-001 0.10132500000000E+006 0.19426160214954E-003 0.26781669239355E+002 0.10000000000000E+001 0.00000000000000E+000 0.10000000000000E+001 0.16800902565055E+004 0.43822227839786E+004
 186 0.38096835758577E-001 0.95315158281277E-003 0.10324966750250E-003 0.48048383441702E-003 0.69285359551982E-001 0.15368890965642E-002 0.96736721268612E-001 0.75228539668193E-004 0.36892375519751E-004 0.28425527831304E-005 0.79044753935476E-003 0.36283470278968E-002 0.44727283733426E-001 0.51676958511839E-001 0.62160213808179E-004 0.88558770757316E-003 0.11264727141234E-005 0.82040626546283E-003 0.10338410679682E-004 0.81120198713175E-004 0.38208504877993E-010 0.34919699044071E-006 0.72810505621347E+000 0.89974936986958E-041 0.16848210046577E+004 0.41909795435389E-001 -.11886137380226E+003 0.52553827797940E-001 0.10132500000000E+006 0.19370705929422E-003 0.26780413535793E+002 0.10000000000000E+001 0.00000000000000E+000 0.10000000000000E+001 0.16848210046577E+004 0.43669441402488E+004
 187 0.38292440479093E-001 0.95166406284560E-003 0.10524306216651E-003 0.49710240348894E-003 0.68482318601845E-001 0.15781829016012E-002 0.97071925134154E-001 0.73147665103872E-004 0.37061227457530E-004 0.28529884016742E-005 0.77061721912437E-003 0.34785084126873E-002 0.44805264979226E-001 0.52191457734019E-001 0.61990661613061E-004 0.87035605359659E-003 0.10664828236918E-005 0.80093519401341E-003 0.96937800866964E-005 0.74610692310155E-004 0.40878377708002E-010 0.35291346753712E-006 0.72813564778909E+000 0.82216327305547E-041 0.16895068924179E+004 0.41909795435389E-001 -.12030952467185E+003 0.52553827797940E-001 0.10132500000000E+006 0.19316139179163E-003 0.26779246722354E+002 0.10000000000000E+001 0.00000000000000E+000 0.10000000000000E+001 0.16895068924179E+004 0.43479464567603E+004
 188 0.38490568860651E-001 0.95003916882953E-003 0.10725744932191E-003 0.51432335309134E-003 0.67681009494446E-001 0.16204114714190E-002 0.97403230110294E-001 0.71072270899699E-004 0.37180168509513E-004 0.28595645771682E-005 0.75034325580425E-003 0.33313747910750E-002 0.44875540576177E-001 0.52713105603116E-001 0.61759943205199E-004 0.85462166337625E-003 0.10082756907030E-005 0.78110043783247E-003 0.90689390376403E-005 0.68460542761958E-004 0.43722219020826E-010 0.35670869740086E-006 0.72816587616812E+000 0.75763239127602E-041 0.16941494840990E+004 0.41909795435389E-001 -.12179948724764E+003 0.52553827797940E-001 0.10132500000000E+006 0.19262431768887E-003 0.26778170592657E+002 0.10000000000000E+001 0.00000000000000E+000 0.10000000000000E+001 0.16941494840990E+004 0.43251116378541E+004
 189 0.38691437410719E-001 0.94827374551552E-003 0.10929351755691E-003 0.53217618742444E-003 0.66881112377873E-001 0.16636100801390E-002 0.97730694724397E-001 0.69002606016480E-004 0.37246943956164E-004 0.28621201368233E-005 0.72964423374420E-003 0.31869238802411E-002 0.44937847083677E-001 0.53242387772802E-001 0.61466037095464E-004 0.83837479210305E-003 0.95183964513705E-006 0.76091250230178E-003 0.84643214722252E-005 0.62659514335259E-004 0.46751654411125E-010 0.36058826263319E-006 0.72819573508455E+000 0.70789073223617E-041 0.16987501636937E+004 0.41909795435389E-001 -.12333228797280E+003 0.52553827797940E-001 0.10132500000000E+006 0.19209558406913E-003 0.26777187252567E+002 0.10000000000000E+001 0.00000000000000E+000 0.10000000000000E+001 0.16987501636937E+004 0.42983173167099E+004
 190 0.38895259953689E-001 0.94636452000243E-003 0.11135181926914E-003 0.55069056743683E-003 0.66082371631485E-001 0.17078121978144E-002 0.98054342854232E-001 0.66939110778647E-004 0.37259281865604E-004 0.28604935440188E-005 0.70854119611870E-003 0.30451490156096E-002 0.44991889966359E-001 0.53779775227505E-001 0.61106869244845E-004 0.82160708880670E-003 0.89716805643941E-006 0.74038406723438E-003 0.78803743070518E-005 0.57197838161702E-004 0.49978912781680E-010 0.36455785812853E-006 0.72822521410433E+000 0.67111830437783E-041 0.17033098813280E+004 0.41909795435389E-001 -.12490892091448E+003 0.52553827797940E-001 0.10132500000000E+006 0.19157499518932E-003 0.26776299180720E+002 0.10000000000000E+001 0.00000000000000E+000 0.10000000000000E+001 0.17033098813280E+004 0.42674393138713E+004
 191 0.39102246421901E-001 0.94430816505454E-003 0.11343274744447E-003 0.56989597202100E-003 0.65284600701843E-001 0.17530488142783E-002 0.98374162619550E-001 0.64882434651898E-004 0.37214924849530E-004 0.28545253378066E-005 0.68705806116510E-003 0.29060591444413E-002 0.45037344556054E-001 0.54325719636115E-001 0.60680345479935E-004 0.80431203317682E-003 0.84425897090185E-006 0.71953035076966E-003 0.73175521667752E-005 0.52066111067619E-004 0.53416786913570E-010 0.36862327109742E-006 0.72825429836887E+000 0.64833258329648E-041 0.17078291388941E+004 0.41909795435389E-001 -.12653032363078E+003 0.52553827797940E-001 0.10132500000000E+006 0.19106241249082E-003 0.26775509219957E+002 0.10000000000000E+001 0.00000000000000E+000 0.10000000000000E+001 0.17078291388941E+004 0.42323538193259E+004
 192 0.39312617728819E-001 0.94210119703438E-003 0.11553667367157E-003 0.58982285033069E-003 0.64487625885683E-001 0.17993512788624E-002 0.98690129538818E-001 0.62833296065585E-004 0.37111658605274E-004 0.28440601042523E-005 0.66522033780205E-003 0.27696683239127E-002 0.45073860033029E-001 0.54880691056134E-001 0.60184350076315E-004 0.78648402802426E-003 0.79311080512824E-006 0.69836783465696E-003 0.67762697032750E-005 0.47254834359788E-004 0.57078864151312E-010 0.37279067989793E-006 0.72828297053456E+000 0.64110993963296E-041 0.17123083196815E+004 0.41909795435389E-001 -.12819748051598E+003 0.52553827797940E-001 0.10132500000000E+006 0.19055771597297E-003 0.26774820515053E+002 0.10000000000000E+001 0.00000000000000E+000 0.10000000000000E+001 0.17123083196815E+004 0.41929368113573E+004
 193 0.39526628274779E-001 0.93973974332885E-003 0.11766415677356E-003 0.61050465296217E-003 0.63691207775620E-001 0.18467559326572E-002 0.99002236911995E-001 0.60792287041206E-004 0.36947313663106E-004 0.28289463103610E-005 0.64305304178181E-003 0.26359825609054E-002 0.45101060332612E-001 0.55445235663995E-001 0.59616701248297E-004 0.76811675727632E-003 0.74371738192698E-006 0.67691223644076E-003 0.62568479821316E-005 0.42753968590076E-004 0.60979961271133E-010 0.37706712159539E-006 0.72831121332333E+000 0.65039619577178E-041 0.17167481276626E+004 0.41909795435389E-001 -.12991159496274E+003 0.52553827797940E-001 0.10132500000000E+006 0.19006075485096E-003 0.26774236478682E+002 0.10000000000000E+001 0.00000000000000E+000 0.10000000000000E+001 0.17167481276626E+004 0.41490605480421E+004
 194 0.39744580416955E-001 0.93721934125175E-003 0.11981606176540E-003 0.63197927160000E-003 0.62895001103117E-001 0.18953070477598E-002 0.99310509154098E-001 0.58759780856047E-004 0.36719744437432E-004 0.28090345335716E-005 0.62057952547270E-003 0.25049944822392E-002 0.45118538479088E-001 0.56020011936870E-001 0.58975097820384E-004 0.74920216457408E-003 0.69606623457524E-006 0.65517737530481E-003 0.57594971648232E-005 0.38552859177021E-004 0.65136508609132E-010 0.38146082173890E-006 0.72833901045068E+000 0.67687922253803E-041 0.17211497938619E+004 0.41909795435389E-001 -.13167420483332E+003 0.52553827797940E-001 0.10132500000000E+006 0.18957132601035E-003 0.26773760845121E+002 0.10000000000000E+001 0.00000000000000E+000 0.10000000000000E+001 0.17211497938619E+004 0.41005899322710E+004
 195 0.39966825973348E-001 0.93453486580442E-003 0.12199354178764E-003 0.65428925960655E-003 0.62098567097064E-001 0.19450568263768E-002 0.99614993786521E-001 0.56735977964968E-004 0.36426809942209E-004 0.27841760040372E-005 0.59782178695665E-003 0.23766872711618E-002 0.45125846847860E-001 0.56605792050762E-001 0.58257092729237E-004 0.72973059395692E-003 0.65014040655150E-006 0.63317545893090E-003 0.52843368711820E-005 0.34640485046005E-004 0.69566741058308E-010 0.38598127740349E-006 0.72836634554340E+000 0.72047303607857E-041 0.17255149841704E+004 0.41909795435389E-001 -.13348719360931E+003 0.52553827797940E-001 0.10132500000000E+006 0.18908918627363E-003 0.26773397788042E+002 0.10000000000000E+001 0.00000000000000E+000 0.10000000000000E+001 0.17255149841704E+004 0.40473811375471E+004
 196 0.40193762136708E-001 0.93168054301415E-003 0.12419795977137E-003 0.67748140329599E-003 0.61301406606495E-001 0.19960639775332E-002 0.99915745690570E-001 0.54721006607398E-004 0.36066370711771E-004 0.27542224585125E-005 0.57480148373140E-003 0.22510416949264E-002 0.45122487390999E-001 0.57203447863761E-001 0.57460095133320E-004 0.70969154740093E-003 0.60592121578611E-006 0.61091803482813E-003 0.48314262405212E-005 0.31005753437756E-004 0.74290773863042E-010 0.39063923017381E-006 0.72839320029435E+000 0.78109165254028E-041 0.17298455974794E+004 0.41909795435389E-001 -.13535275022846E+003 0.52553827797940E-001 0.10132500000000E+006 0.18861407630002E-003 0.26773152046507E+002 0.10000000000000E+001 0.00000000000000E+000 0.10000000000000E+001 0.17298455974794E+004 0.39892822682087E+004
 197 0.40425829381838E-001 0.92864996964171E-003 0.12643082579600E-003 0.70160634850957E-003 0.60502985361269E-001 0.20483925323267E-002 0.10021281496092E+000 0.52715003966147E-004 0.35636299696743E-004 0.27190270299991E-005 0.55154084276284E-003 0.21280413338403E-002 0.45107903158657E-001 0.57813941443028E-001 0.56581384569088E-004 0.68907442022240E-003 0.56339016098440E-006 0.58841682947089E-003 0.44007840931449E-005 0.27637678626231E-004 0.79330691147670E-010 0.39544667989621E-006 0.72841955287940E+000 0.86015380549991E-041 0.17341436150619E+004 0.41909795435389E-001 -.13727333800110E+003 0.52553827797940E-001 0.10132500000000E+006 0.18814573809721E-003 0.26773029035169E+002 0.10000000000000E+001 0.00000000000000E+000 0.10000000000000E+001 0.17341436150619E+004 0.39261347124035E+004
 198 0.40663511392717E-001 0.92543613391773E-003 0.12869374951526E-003 0.72671828965407E-003 0.59702752188284E-001 0.21021109037152E-002 0.10050623783769E+000 0.50718179969711E-004 0.35134505419585E-004 0.26784460342616E-005 0.52806345354552E-003 0.20076762899496E-002 0.45081470605890E-001 0.58438320119671E-001 0.55618135313250E-004 0.66786920777075E-003 0.52253012100660E-006 0.56568446906146E-003 0.39924007776140E-005 0.24525473101421E-004 0.84710652898349E-010 0.40041694249416E-006 0.72844537657894E+000 0.95743020468244E-041 0.17384109949176E+004 0.41909795435389E-001 -.13925167376244E+003 0.52553827797940E-001 0.10132500000000E+006 0.18768392710583E-003 0.26773034945578E+002 0.10000000000000E+001 0.00000000000000E+000 0.10000000000000E+001 0.17384109949176E+004 0.38577750774547E+004
 199 0.40907335242779E-001 0.92203145852244E-003 0.13098838980756E-003 0.75287452942279E-003 0.58900156907306E-001 0.21572907796838E-002 0.10079602808873E+000 0.48730880587091E-004 0.34558970238876E-004 0.26323418805155E-005 0.50439511390310E-003 0.18899464959803E-002 0.45042492503345E-001 0.59077711305783E-001 0.54567457499887E-004 0.64606734390614E-003 0.48332626887666E-006 0.54273525178077E-003 0.36062460242384E-005 0.21658595766354E-004 0.90456982997212E-010 0.40556471740793E-006 0.72847063835838E+000 0.10757009946726E-040 0.17426495740023E+004 0.41909795435389E-001 -.14129070296410E+003 0.52553827797940E-001 0.10132500000000E+006 0.18722842307179E-003 0.26773176844020E+002 0.10000000000000E+001 0.00000000000000E+000 0.10000000000000E+001 0.17426495740023E+004 0.37840381807845E+004
 200 0.41157878548868E-001 0.91842777037622E-003 0.13331646345597E-003 0.78013561914732E-003 0.58094646641481E-001 0.22140073477835E-002 0.10108217635974E+000 0.46753598176342E-004 0.33907787114042E-004 0.25805857743195E-005 0.48056407988167E-003 0.17748616070094E-002 0.44990189998014E-001 0.59733334516813E-001 0.53426425875113E-004 0.62366207923419E-003 0.44576573270392E-006 0.51958534712503E-003 0.32422634675520E-005 0.19026696729316E-004 0.96598398959512E-010 0.41090630940614E-006 0.72849529804417E+000 0.12142926352876E-040 0.17468610896094E+004 0.41909795435389E-001 -.14339362692801E+003 0.52553827797940E-001 0.10132500000000E+006 0.18677902792207E-003 0.26773462775284E+002 0.10000000000000E+001 0.00000000000000E+000 0.10000000000000E+001 0.17468610896094E+004 0.37047590604859E+004
 201 0.41415791459504E-001 0.91461606463262E-003 0.13567987786840E-003 0.80856698610579E-003 0.57285619979162E-001 0.22723425870832E-002 0.10136466372034E+000 0.44786882301338E-004 0.33179162956728E-004 0.25230577475258E-005 0.45660008835416E-003 0.16624352230571E-002 0.44923689443619E-001 0.60406550613013E-001 0.52192049548928E-004 0.60064771973945E-003 0.40983544576398E-006 0.49625180287059E-003 0.29003478624242E-005 0.16619449083602E-004 0.10316662358971E-009 0.41646018591512E-006 0.72851930854586E+000 0.13763148758824E-040 0.17510474184284E+004 0.41909795435389E-001 -.14556404895530E+003 0.52553827797940E-001 0.10132500000000E+006 0.18633554088753E-003 0.26773901914016E+002 0.10000000000000E+001 0.00000000000000E+000 0.10000000000000E+001 0.17510474184284E+004 0.36197709161259E+004
 202 0.41681826243004E-001 0.91058614513026E-003 0.13808090679205E-003 0.83824130985206E-003 0.56472369314971E-001 0.23323898657470E-002 0.10164347714046E+000 0.42831232054913E-004 0.32371394005857E-004 0.24596445515469E-005 0.43253307148523E-003 0.15526786734794E-002 0.44842001568494E-001 0.61098928293211E-001 0.50861203314190E-004 0.57701845650439E-003 0.37552008126545E-006 0.47275123351099E-003 0.25803250331302E-005 0.14426424900463E-004 0.11019727207411E-009 0.42224773644162E-006 0.72854261591848E+000 0.15596754426974E-040 0.17552108630493E+004 0.41909795435389E-001 -.14780617733049E+003 0.52553827797940E-001 0.10132500000000E+006 0.18589772992427E-003 0.26774504802204E+002 0.10000000000000E+001 0.00000000000000E+000 0.10000000000000E+001 0.17552108630493E+004 0.35289006199286E+004
 203 0.41956862536939E-001 0.90632632990003E-003 0.14052229113081E-003 0.86924023998706E-003 0.55654051422473E-001 0.23942569426077E-002 0.10191861267566E+000 0.40887069844841E-004 0.31482852836773E-004 0.23902385394963E-005 0.40839281818165E-003 0.14455999584880E-002 0.44743995279529E-001 0.61812295674906E-001 0.49430585437426E-004 0.55276798613416E-003 0.34280180152643E-006 0.44909940146812E-003 0.22819506643403E-005 0.12437116297844E-004 0.11773071754118E-009 0.42829398669842E-006 0.72856515795239E+000 0.17686448671051E-040 0.17593542793754E+004 0.41909795435389E-001 -.15012497946047E+003 0.52553827797940E-001 0.10132500000000E+006 0.18546532126556E-003 0.26775283664113E+002 0.10000000000000E+001 0.00000000000000E+000 0.10000000000000E+001 0.17593542793754E+004 0.34319662668234E+004
 204 0.42241929761182E-001 0.90182323462735E-003 0.14300727612734E-003 0.90165542748517E-003 0.54829680376806E-001 0.24580674918116E-002 0.10219006918258E+000 0.38954780575752E-004 0.30512001729583E-004 0.23147386129604E-005 0.38420946292887E-003 0.13412064091437E-002 0.44628367511122E-001 0.62548780040648E-001 0.47896716503543E-004 0.52788992265357E-003 0.31166115415324E-006 0.42531158143828E-003 0.20049198327849E-005 0.10641025045587E-004 0.12581292479468E-009 0.43462829986819E-006 0.72858686148507E+000 0.20014891414006E-040 0.17634810854972E+004 0.41909795435389E-001 -.15252629296487E+003 0.52553827797940E-001 0.10132500000000E+006 0.18503800216304E-003 0.26776252784726E+002 0.10000000000000E+001 0.00000000000000E+000 0.10000000000000E+001 0.17634810854972E+004 0.33287776019069E+004
 205 0.42538232092494E-001 0.89706158220239E-003 0.14553962780464E-003 0.93558927468302E-003 0.53998127039312E-001 0.25239621129947E-002 0.10245783834210E+000 0.37034777488285E-004 0.29457431283826E-004 0.22330530802375E-005 0.36001436121641E-003 0.12395085717621E-002 0.44493608329941E-001 0.63310848612892E-001 0.46255971302017E-004 0.50237866630728E-003 0.28207820878001E-006 0.40140328753893E-003 0.17488776506534E-005 0.90277475957362E-005 0.13449635765611E-009 0.44128518853957E-006 0.72860763883495E+000 0.22606301441138E-040 0.17675952399734E+004 0.41909795435389E-001 -.15501693238537E+003 0.52553827797940E-001 0.10132500000000E+006 0.18461542726858E-003 0.26777428959649E+002 0.10000000000000E+001 0.00000000000000E+000 0.10000000000000E+001 0.17675952399734E+004 0.32191386586273E+004
 206 0.42847172236221E-001 0.89202413071685E-003 0.14812358806743E-003 0.97115474038520E-003 0.53158137483062E-001 0.25920976776750E-002 0.10272188717548E+000 0.35127622784412E-004 0.28317952400619E-004 0.21451065494085E-005 0.33584171892811E-003 0.11405265779659E-002 0.44337963567939E-001 0.64101339091081E-001 0.44504684521542E-004 0.47623121605184E-003 0.25403421250643E-006 0.37739174084700E-003 0.15134325173573E-005 0.75870635019591E-005 0.14384081046161E-009 0.44830516316249E-006 0.72862738294631E+000 0.25453083512088E-040 0.17717011346223E+004 0.41909795435389E-001 -.15760475203772E+003 0.52553827797940E-001 0.10132500000000E+006 0.18419723416585E-003 0.26778832002722E+002 0.10000000000000E+001 0.00000000000000E+000 0.10000000000000E+001 0.17717011346223E+004 0.31028552282155E+004
 207 0.43170367837386E-001 0.88669186703794E-003 0.15076371326930E-003 0.10084731807539E-002 0.52308386283260E-001 0.26626433451915E-002 0.10298212898666E+000 0.33234234226653E-004 0.27092784409027E-004 0.20508540596928E-005 0.31173138464462E-003 0.10443001668621E-002 0.44159400569206E-001 0.64923462652413E-001 0.42639392557315E-004 0.44945056833727E-003 0.22751393172804E-006 0.35329852178799E-003 0.12981717713405E-005 0.63090227117409E-005 0.15391389186532E-009 0.45573548141432E-006 0.72864596089752E+000 0.28528582632383E-040 0.17758033374085E+004 0.41909795435389E-001 -.16029860516990E+003 0.52553827797940E-001 0.10132500000000E+006 0.18378307411760E-003 0.26780485264503E+002 0.10000000000000E+001 0.00000000000000E+000 0.10000000000000E+001 0.17758033374085E+004 0.29797510788464E+004
 208 0.43509666403612E-001 0.88104442455530E-003 0.15346464615862E-003 0.10476705472821E-002 0.51447545827108E-001 0.27357742760966E-002 0.10323839015150E+000 0.31356125603726E-004 0.25781836853853E-004 0.19503021385774E-005 0.28773213420241E-003 0.95089914291648E-003 0.43955578063783E-001 0.65780792963022E-001 0.40657207031183E-004 0.42205024509787E-003 0.20250760832103E-006 0.32915280371215E-003 0.11026692951730E-005 0.51839691600723E-005 0.16479121567200E-009 0.46363093160173E-006 0.72866320636115E+000 0.31777912442437E-040 0.17799062956491E+004 0.41909795435389E-001 -.16310824105630E+003 0.52553827797940E-001 0.10132500000000E+006 0.18337264614367E-003 0.26782416153945E+002 0.10000000000000E+001 0.00000000000000E+000 0.10000000000000E+001 0.17799062956491E+004 0.28496923173091E+004
 209 0.43867185909733E-001 0.87506032021236E-003 0.15623102548623E-003 0.10888747030682E-002 0.50574305500558E-001 0.28116684686624E-002 0.10349039266427E+000 0.29495532534566E-004 0.24385988361025E-004 0.18435293370288E-005 0.26390349135132E-003 0.86042685380081E-003 0.43723805252655E-001 0.66677307003940E-001 0.38556182060318E-004 0.39405785914431E-003 0.17901058153598E-006 0.30499324798782E-003 0.92647060936160E-006 0.42024308115438E-005 0.17655708614366E-009 0.47205530107493E-006 0.72867891223271E+000 0.35206661892704E-040 0.17840143240771E+004 0.41909795435389E-001 -.16604435389914E+003 0.52553827797940E-001 0.10132500000000E+006 0.18296570208456E-003 0.26784656815955E+002 0.10000000000000E+001 0.00000000000000E+000 0.10000000000000E+001 0.17840143240771E+004 0.27126106515686E+004
 210 0.44245424974543E-001 0.86871632707280E-003 0.15906780874241E-003 0.11322183258175E-002 0.49687257018835E-001 0.28905147367827E-002 0.10373777218977E+000 0.27655266381416E-004 0.22907194939153E-004 0.17306935659262E-005 0.24031399024773E-003 0.77301019387675E-003 0.43460953950515E-001 0.67617579600591E-001 0.36335438578097E-004 0.36551494109472E-003 0.15701934886943E-006 0.28086638159471E-003 0.76905171349396E-006 0.33548842335960E-005 0.18930718329425E-009 0.48108465163095E-006 0.72869282371234E+000 0.38805802678604E-040 0.17881322528790E+004 0.41909795435389E-001 -.16911911258312E+003 0.52553827797940E-001 0.10132500000000E+006 0.18256198792773E-003 0.26787245353743E+002 0.10000000000000E+001 0.00000000000000E+000 0.10000000000000E+001 0.17881322528790E+004 0.25685103335757E+004
 211 0.44647468993539E-001 0.86198566631605E-003 0.16198105622213E-003 0.11778490888423E-002 0.48784637437041E-001 0.29725342316190E-002 0.10398012351712E+000 0.25838336995864E-004 0.21348362239051E-004 0.16120215328163E-005 0.21703639308164E-003 0.68878020641120E-003 0.43163287263151E-001 0.68607179030112E-001 0.33994958705140E-004 0.33647283774777E-003 0.13652583113488E-006 0.25682177489230E-003 0.62977271812267E-006 0.26315349884863E-005 0.20315431692941E-009 0.49081322813249E-006 0.72870462896805E+000 0.42552119159790E-040 0.17922667306711E+004 0.41909795435389E-001 -.17234731005088E+003 0.52553827797940E-001 0.10132500000000E+006 0.18216112697535E-003 0.26790228038660E+002 0.10000000000000E+001 0.00000000000000E+000 0.10000000000000E+001 0.17922667306711E+004 0.24174537885242E+004
 212 0.45077264137509E-001 0.85483579659766E-003 0.16497875908230E-003 0.12259412894824E-002 0.47864062051693E-001 0.30580047048912E-002 0.10421702607161E+000 0.24047680489289E-004 0.19713207249990E-004 0.14877976227321E-005 0.19414429477867E-003 0.60786032952326E-003 0.42826208332293E-001 0.69653165577084E-001 0.31535384193113E-004 0.30698955469718E-003 0.11751436487050E-006 0.23290837012589E-003 0.50786094125755E-006 0.20222924445465E-005 0.21823629991006E-009 0.50136159657727E-006 0.72871394155100E+000 0.46382843123473E-040 0.17964275528253E+004 0.41909795435389E-001 -.17574777850563E+003 0.52553827797940E-001 0.10132500000000E+006 0.18176251108229E-003 0.26793662592936E+002 0.10000000000000E+001 0.00000000000000E+000 0.10000000000000E+001 0.17964275528253E+004 0.22595479625182E+004
 213 0.45539919897969E-001 0.84722698551983E-003 0.16807123237578E-003 0.12767005361585E-002 0.46922384995299E-001 0.31472737326965E-002 0.10444800936313E+000 0.22286286057017E-004 0.18006444614842E-004 0.13583775024290E-005 0.17171402845396E-003 0.53037452185427E-003 0.42443961374667E-001 0.70764562246364E-001 0.28958313426663E-004 0.27713303673668E-003 0.99963732682240E-007 0.20917608419447E-003 0.40243136862777E-006 0.15169391007070E-005 0.23472406491614E-009 0.51288631486340E-006 0.72872026998571E+000 0.50105943964313E-040 0.18006284482334E+004 0.41909795435389E-001 -.17934459945446E+003 0.52553827797940E-001 0.10132500000000E+006 0.18136525567797E-003 0.26797622350764E+002 0.10000000000000E+001 0.00000000000000E+000 0.10000000000000E+001 0.18006284482334E+004 0.20949625861479E+004
 214 0.46042068385495E-001 0.83911194606660E-003 0.17127106171365E-003 0.13303592647173E-002 0.45955669652827E-001 0.32407596217978E-002 0.10467246540370E+000 0.20557659312182E-004 0.16234399962722E-004 0.12242338125951E-005 0.14983109272568E-003 0.45646969082223E-003 0.42009283102387E-001 0.71952821805050E-001 0.26267264450567E-004 0.24699136116533E-003 0.83851875281333E-007 0.18568223591213E-003 0.31251783073166E-006 0.11053236722278E-005 0.25282998653543E-009 0.52559211721905E-006 0.72872297266525E+000 0.53473644878852E-040 0.18048875386924E+004 0.41909795435389E-001 -.18316813381930E+003 0.52553827797940E-001 0.10132500000000E+006 0.18096819648492E-003 0.26802201472091E+002 0.10000000000000E+001 0.00000000000000E+000 0.10000000000000E+001 0.18048875386924E+004 0.19239894363030E+004
 215 0.46592386999131E-001 0.83043593590527E-003 0.17459293341471E-003 0.13871663823514E-002 0.44959140553428E-001 0.33389492388848E-002 0.10488953676271E+000 0.18866367689785E-004 0.14405925082273E-004 0.10860242160681E-005 0.12859778374578E-003 0.38633952280412E-003 0.41512939855978E-001 0.73232468896009E-001 0.23469159815798E-004 0.21668677400454E-003 0.69159783668161E-007 0.16249969741488E-003 0.23708853425419E-006 0.77744683108513E-006 0.27281877402647E-009 0.53974980905269E-006 0.72872119446876E+000 0.56090706755504E-040 0.18092282058777E+004 0.41909795435389E-001 -.18725636796335E+003 0.52553827797940E-001 0.10132500000000E+006 0.18056985980663E-003 0.26807522139932E+002 0.10000000000000E+001 0.00000000000000E+000 0.10000000000000E+001 0.18092282058777E+004 0.17471314007456E+004
 216 0.47202454991018E-001 0.82113661303643E-003 0.17805364008333E-003 0.14473741260525E-002 0.43926987333541E-001 0.34424027329129E-002 0.10509799235932E+000 0.17218488255745E-004 0.12533475415189E-004 0.94467130847110E-006 0.10813975736158E-003 0.32024236246368E-003 0.40943028219905E-001 0.74622169422582E-001 0.20576187567630E-004 0.18639112009726E-003 0.55873063036775E-007 0.13972460401824E-003 0.17504065100604E-006 0.52343672424116E-006 0.29502488075753E-009 0.55572530636654E-006 0.72871377451531E+000 0.57522911135926E-040 0.18136811461232E+004 0.41909795435389E-001 -.19165722821820E+003 0.52553827797940E-001 0.10132500000000E+006 0.18016834214008E-003 0.26813745523185E+002 0.10000000000000E+001 0.00000000000000E+000 0.10000000000000E+001 0.18136811461232E+004 0.15652098840323E+004
 217 0.47888156476386E-001 0.81114415082172E-003 0.18167203748061E-003 0.15112159407395E-002 0.42852006711779E-001 0.35517624296106E-002 0.10529605761981E+000 0.15622051061123E-004 0.10634484472620E-004 0.80146481687477E-006 0.88612878614676E-004 0.25851842435002E-003 0.40283902561398E-001 0.76146429445791E-001 0.17608332308772E-004 0.15634510159752E-003 0.43982599502986E-007 0.11748538779877E-003 0.12518736396311E-006 0.33349481890447E-006 0.31988002624918E-009 0.57402743465928E-006 0.72869910396545E+000 0.57171380483017E-040 0.18182880564926E+004 0.41909795435389E-001 -.19643220237091E+003 0.52553827797940E-001 0.10132500000000E+006 0.17976107498815E-003 0.26821088878434E+002 0.10000000000000E+001 0.00000000000000E+000 0.10000000000000E+001 0.18182880564926E+004 0.13795056107896E+004
 218 0.48671839986461E-001 0.80038536011627E-003 0.18546757263092E-003 0.15788468034071E-002 0.41725313283702E-001 0.36677325463545E-002 0.10548110788969E+000 0.14087910782079E-004 0.87336845100455E-005 0.65823530199497E-006 0.70215904830069E-004 0.20162356572255E-003 0.39514694693241E-001 0.77837865497565E-001 0.14597738061635E-004 0.12689139592340E-003 0.33487653285051E-007 0.95960324160752E-004 0.86253865656369E-007 0.19788127533574E-006 0.34795032808842E-009 0.59538378393909E-006 0.72867490423947E+000 0.55133419857244E-040 0.18231067701907E+004 0.41909795435389E-001 -.20166053759746E+003 0.52553827797940E-001 0.10132500000000E+006 0.17934451114753E-003 0.26829850710990E+002 0.10000000000000E+001 0.00000000000000E+000 0.10000000000000E+001 0.18231067701907E+004 0.11919981687880E+004
 219 0.49585438813291E-001 0.78880028666152E-003 0.18945442657689E-003 0.16501873561294E-002 0.40536606533253E-001 0.37909579489693E-002 0.10564911693736E+000 0.12631478715246E-004 0.68672450616429E-005 0.51766535464978E-006 0.53213764663416E-004 0.15019140557047E-003 0.38607646034724E-001 0.79739556943376E-001 0.11596595734039E-004 0.98533611993508E-004 0.24402868022319E-007 0.75412163081643E-004 0.56883300181860E-007 0.10692494618036E-006 0.37997553752460E-009 0.62085643768668E-006 0.72863790015525E+000 0.51982111639766E-040 0.18282173693852E+004 0.41909795435389E-001 -.20744160424754E+003 0.52553827797940E-001 0.10132500000000E+006 0.17891378356698E-003 0.26840443858714E+002 0.10000000000000E+001 0.00000000000000E+000 0.10000000000000E+001 0.18282173693852E+004 0.10057941232748E+004
 220 0.50674641234575E-001 0.77638621642238E-003 0.19362592297758E-003 0.17245779846769E-002 0.39275798104893E-001 0.39216824955161E-002 0.10579381620445E+000 0.11275206930827E-004 0.50889374781118E-005 0.38375513793514E-006 0.37967699884797E-004 0.10510760310980E-003 0.37527082315168E-001 0.81906092103656E-001 0.86894306361927E-005 0.72021485836332E-004 0.16765988808747E-007 0.56242424496972E-004 0.35643337643164E-007 0.51017426428377E-007 0.41689035494235E-009 0.65201028041894E-006 0.72858340625480E+000 0.47420524924417E-040 0.18337285528470E+004 0.41909795435389E-001 -.21388990316671E+003 0.52553827797940E-001 0.10132500000000E+006 0.17846236879731E-003 0.26853429823495E+002 0.10000000000000E+001 0.00000000000000E+000 0.10000000000000E+001 0.18337285528470E+004 0.82577149858717E+003
 221 0.52003448690007E-001 0.76329094685628E-003 0.19792018444828E-003 0.18001278272904E-002 0.37937327512995E-001 0.40590135284042E-002 0.10590577962656E+000 0.10050396506623E-004 0.34759703727982E-005 0.26226812284796E-006 0.24948985789358E-004 0.67523458259507E-004 0.36231396245925E-001 0.84399646335106E-001 0.60064223605577E-005 0.48423885627818E-004 0.10636491695322E-007 0.39048501245575E-004 0.21037863788696E-007 0.20657932704246E-007 0.45978098055094E-009 0.69113001057119E-006 0.72850501398205E+000 0.39947381635422E-040 0.18397816707122E+004 0.41909795435389E-001 -.22111052557358E+003 0.52553827797940E-001 0.10132500000000E+006 0.17798183430685E-003 0.26869527462284E+002 0.10000000000000E+001 0.00000000000000E+000 0.10000000000000E+001 0.18397816707122E+004 0.65920719618525E+003
 222 0.53656687114497E-001 0.74996122858820E-003 0.20215880798026E-003 0.18727935302429E-002 0.36528158139616E-001 0.41997337848603E-002 0.10597245554257E+000 0.89939521599861E-005 0.21253690856513E-005 0.16047513968513E-006 0.14673581401792E-004 0.38631718320088E-004 0.34682678050553E-001 0.87274334103430E-001 0.37217011528063E-005 0.29054023513039E-004 0.60648113537175E-008 0.24612356731004E-004 0.11555442798358E-007 0.68002292977183E-008 0.50971126961266E-009 0.74142946980703E-006 0.72839498727499E+000 0.27082907448303E-040 0.18465466938910E+004 0.41909795435389E-001 -.22913659695689E+003 0.52553827797940E-001 0.10132500000000E+006 0.17746178923447E-003 0.26889530094108E+002 0.10000000000000E+001 0.00000000000000E+000 0.10000000000000E+001 0.18465466938910E+004 0.51544426452268E+003
 223 0.55736368156549E-001 0.73725918251031E-003 0.20597183543453E-003 0.19358141816112E-002 0.35076771950522E-001 0.43372411332211E-002 0.10598146345543E+000 0.81338644852645E-005 0.11249700480634E-005 0.84996834782054E-007 0.74786623863698E-005 0.19010600728558E-004 0.32868083378478E-001 0.90543556186318E-001 0.20050725902004E-005 0.15025702079481E-004 0.30138708787978E-008 0.13684909831031E-004 0.57889511826894E-008 0.17707915880768E-008 0.56743319310063E-009 0.80712548963661E-006 0.72824647165096E+000 0.61530045304962E-041 0.18542028011553E+004 0.41909795435389E-001 -.23782406654094E+003 0.52553827797940E-001 0.10132500000000E+006 0.17689014289768E-003 0.26914042154952E+002 0.10000000000000E+001 0.00000000000000E+000 0.10000000000000E+001 0.18542028011553E+004 0.40294008924816E+003
 224 0.58349155104769E-001 0.72630427547143E-003 0.20877159898365E-003 0.19808179302011E-002 0.33634510960343E-001 0.44620896594432E-002 0.10592913504263E+000 0.74672289508520E-005 0.49997207448805E-006 0.37786044847272E-007 0.32086833624800E-005 0.77933119509437E-005 0.30827407655139E-001 0.94138981870127E-001 0.92221896665598E-006 0.64927345979770E-005 0.12690973323597E-008 0.65386304716898E-005 0.25689694274272E-008 0.37492428829325E-009 0.63319710827114E-009 0.89323687279333E-006 0.72805812235818E+000 -.22457835988055E-040 0.18628968761380E+004 0.41909795435389E-001 -.24675394499356E+003 0.52553827797940E-001 0.10132500000000E+006 0.17625428638495E-003 0.26943038065104E+002 0.10000000000000E+001 0.00000000000000E+000 0.10000000000000E+001 0.18628968761380E+004 0.32387982878261E+003
 225 0.61588232370217E-001 0.71785649225684E-003 0.20986395012805E-003 0.20010333136410E-002 0.32261900989883E-001 0.45650077333089E-002 0.10583114041696E+000 0.69539875876218E-005 0.18319657057339E-006 0.13838967344003E-007 0.11395313488190E-005 0.26091128048189E-005 0.28665647971342E-001 0.97891332712565E-001 0.37050018229672E-006 0.23031137164671E-005 0.44509692391586E-009 0.26419987282230E-005 0.98129421429912E-009 0.73062257420381E-010 0.70687721720856E-009 0.10051037736832E-005 0.72783899382991E+000 -.52000454861769E-040 0.18726824998128E+004 0.41909795435389E-001 -.25525044113976E+003 0.52553827797940E-001 0.10132500000000E+006 0.17554450035899E-003 0.26975496241479E+002 0.10000000000000E+001 0.00000000000000E+000 0.10000000000000E+001 0.18726824998128E+004 0.27157544398688E+003
 226 0.65519582239979E-001 0.71160028815004E-003 0.20869159819909E-003 0.19942873622123E-002 0.31006596565638E-001 0.46405051531455E-002 0.10572539939849E+000 0.65399214964251E-005 0.55276688799232E-007 0.41700996658378E-008 0.33490950574536E-006 0.71129816289376E-006 0.26530205967246E-001 0.10156345641673E+000 0.14586280435105E-006 0.67103857078914E-006 0.12983439839914E-009 0.90105507806416E-006 0.31779559497862E-009 0.15272371943914E-010 0.78820109682206E-009 0.11478605048406E-005 0.72760874460617E+000 -.72500581820312E-040 0.18834742573182E+004 0.41909795435389E-001 -.26257252623077E+003 0.52553827797940E-001 0.10132500000000E+006 0.17475873874450E-003 0.27009506752776E+002 0.10000000000000E+001 0.00000000000000E+000 0.10000000000000E+001 0.18834742573182E+004 0.23514278520995E+003
 227 0.70181805434019E-001 0.70609416476304E-003 0.20504132650137E-003 0.19630583369271E-002 0.29889628492958E-001 0.46880277210248E-002 0.10566070659747E+000 0.61837399650605E-005 0.13918104570388E-007 0.10478464013562E-008 0.82581269304122E-007 0.15968003087712E-006 0.24561952336062E-001 0.10492617597595E+000 0.70316566026799E-007 0.16309036393811E-006 0.31891284672340E-010 0.26185060879462E-006 0.87385781067022E-010 0.34207549155650E-011 0.87674838852489E-009 0.13261985437308E-005 0.72739105162560E+000 -.79191128739337E-040 0.18950674609374E+004 0.41909795435389E-001 -.26816780808995E+003 0.52553827797940E-001 0.10132500000000E+006 0.17390448693516E-003 0.27042916351491E+002 0.10000000000000E+001 0.00000000000000E+000 0.10000000000000E+001 0.18950674609374E+004 0.20630251708537E+003
 228 0.75597617724728E-001 0.69951593372371E-003 0.19906274480289E-003 0.19122217603357E-002 0.28907384274202E-001 0.47103454415579E-002 0.10567817382484E+000 0.58633385746166E-005 0.29874701008540E-008 0.22437925014099E-009 0.17452905228377E-007 0.30072372991145E-007 0.22853826800395E-001 0.10782693565255E+000 0.46795253482892E-007 0.33866394420516E-007 0.67312498602219E-011 0.65807392165121E-007 0.20643403757848E-010 0.73791585071611E-012 0.97185285187707E-009 0.15445054103873E-005 0.72720492751747E+000 -.74921743818233E-040 0.19072131759819E+004 0.41909795435389E-001 -.27181086115297E+003 0.52553827797940E-001 0.10132500000000E+006 0.17299597048647E-003 0.27074053858491E+002 0.10000000000000E+001 0.00000000000000E+000 0.10000000000000E+001 0.19072131759819E+004 0.18133415031110E+003
 229 0.81784777618533E-001 0.69049024248871E-003 0.19114580250918E-003 0.18469285099844E-002 0.28042292437557E-001 0.47112926570551E-002 0.10579877770796E+000 0.55683980555149E-005 0.56025172658961E-009 0.41977462769467E-010 0.32392159424892E-008 0.48546722133053E-008 0.21438436489361E-001 0.11021326258169E+000 0.38004482393276E-007 0.62056274357138E-008 0.12498175528678E-011 0.14531763687965E-007 0.42547637168453E-011 0.14412255406326E-012 0.10726081812239E-008 0.18070533441644E-005 0.72705992960375E+000 -.64763468102185E-040 0.19196819509631E+004 0.41909795435389E-001 -.27358206229714E+003 0.52553827797940E-001 0.10132500000000E+006 0.17205020307202E-003 0.27102074445054E+002 0.10000000000000E+001 0.00000000000000E+000 0.10000000000000E+001 0.19196819509631E+004 0.15922560081601E+003
 230 0.88758023793063E-001 0.67843786685853E-003 0.18178907116253E-003 0.17716714361634E-002 0.27272555977279E-001 0.46944490672082E-002 0.10602200343614E+000 0.52935147587255E-005 0.94166769997801E-010 0.70397092526912E-011 0.54133009041538E-009 0.68779040121077E-009 0.20299169232256E-001 0.11211606534396E+000 0.33007418580900E-007 0.10726130495744E-008 0.20921146220878E-012 0.28641789893475E-008 0.77764138753312E-012 0.25231827319471E-013 0.11779117141626E-008 0.21178959944350E-005 0.72695640770475E+000 -.52430374127455E-040 0.19322828618386E+004 0.41909795435389E-001 -.27376806605391E+003 0.52553827797940E-001 0.10132500000000E+006 0.17108471633625E-003 0.27126888276094E+002 0.10000000000000E+001 0.00000000000000E+000 0.10000000000000E+001 0.19322828618386E+004 0.13979070164953E+003
 231 0.96526402875602E-001 0.66347760282103E-003 0.17150945387527E-003 0.16901566814669E-002 0.26577334560797E-001 0.46628351535908E-002 0.10633186450744E+000 0.50352189778523E-005 0.14539275303668E-010 0.10846460130148E-011 0.83429226317143E-010 0.87756013512290E-010 0.19389789434875E-001 0.11361698585995E+000 0.29166691987832E-007 0.21996294989273E-009 0.32362872805061E-013 0.51161567972436E-009 0.12808815085387E-012 0.39990990104097E-014 0.12865119820131E-008 0.24805787700492E-005 0.72688849957568E+000 -.40629233590799E-040 0.19448586935452E+004 0.41909795435389E-001 -.27275590724158E+003 0.52553827797940E-001 0.10132500000000E+006 0.17011634367717E-003 0.27148894824106E+002 0.10000000000000E+001 0.00000000000000E+000 0.10000000000000E+001 0.19448586935452E+004 0.12288039402316E+003
 232 0.10509386336798E+000 0.64614055988893E-003 0.16078014568720E-003 0.16053905182952E-002 0.25938692821726E-001 0.46190312046980E-002 0.10670512626580E+000 0.47910515014093E-005 0.21064202688114E-011 0.15680854423675E-012 0.12101689900056E-010 0.10366629352945E-010 0.18653115769832E-001 0.11481637489175E+000 0.25890131840556E-007 0.86915385805126E-010 0.47576488248778E-014 0.84005564827365E-010 0.19304680236377E-013 0.58207205570871E-015 0.13970960814090E-008 0.28980013840576E-005 0.72684763128653E+000 -.30987720832106E-040 0.19572816353998E+004 0.41909795435389E-001 -.27094432098694E+003 0.52553827797940E-001 0.10132500000000E+006 0.16915994958539E-003 0.27168704549393E+002 0.10000000000000E+001 0.00000000000000E+000 0.10000000000000E+001 0.19572816353998E+004 0.10823625020201E+003
 233 0.11446335247005E+000 0.62709668054957E-003 0.14999005562954E-003 0.15197494037865E-002 0.25342296551112E-001 0.45653016707175E-002 0.10711818982561E+000 0.45592871071094E-005 0.29091069312718E-012 0.21605194169989E-013 0.16768717123523E-011 0.11659702816925E-011 0.18034871507535E-001 0.11580929391201E+000 0.23012963913840E-007 0.64362346948181E-010 0.70729360740189E-015 0.12837394251286E-010 0.26981039717353E-014 0.78862270973572E-016 0.15083814623058E-008 0.33724979692744E-005 0.72682525400626E+000 -.23941057454671E-040 0.19694518925108E+004 0.41909795435389E-001 -.26868134335089E+003 0.52553827797940E-001 0.10132500000000E+006 0.16822739493571E-003 0.27186929392774E+002 0.10000000000000E+001 0.00000000000000E+000 0.10000000000000E+001 0.19694518925108E+004 0.95541922248235E+002
 234 0.12464019865778E+000 0.60698020698572E-003 0.13942851740536E-003 0.14350381797764E-002 0.24777605865389E-001 0.45036371349759E-002 0.10755107932651E+000 0.43388082636513E-005 0.38686107331778E-013 0.28650602458558E-014 0.22401996694747E-012 0.12809940787035E-012 0.17491304860191E-001 0.11667230871079E+000 0.20460483092178E-007 0.57913660372799E-010 0.13461381881431E-015 0.18448431631640E-011 0.35367501215232E-015 0.10060472599394E-016 0.16191615424499E-008 0.39059543321973E-005 0.72681435029558E+000 -.19020774765318E-040 0.19812945260883E+004 0.41909795435389E-001 -.26623404575436E+003 0.52553827797940E-001 0.10132500000000E+006 0.16732726525280E-003 0.27204065729420E+002 0.10000000000000E+001 0.00000000000000E+000 0.10000000000000E+001 0.19812945260883E+004 0.84490703288778E+002
 235 0.13563318492354E+000 0.58631384057110E-003 0.12929126288045E-003 0.13525628132741E-002 0.24237597195064E-001 0.44357601142239E-002 0.10798877033426E+000 0.41289747905178E-005 0.49870594613716E-014 0.36798650407825E-015 0.29013491374093E-013 0.14021932628828E-013 0.16991295984881E-001 0.11745988938944E+000 0.18185842909709E-007 0.53905363519275E-010 0.51412553667617E-016 0.25146522650461E-012 0.43890488030706E-016 0.12198276886935E-017 0.17283138867016E-008 0.44998553749942E-005 0.72680987026688E+000 -.15466775502315E-040 0.19927547373091E+004 0.41909795435389E-001 -.26378582000025E+003 0.52553827797940E-001 0.10132500000000E+006 0.16646522318892E-003 0.27220458134281E+002 0.10000000000000E+001 0.00000000000000E+000 0.10000000000000E+001 0.19927547373091E+004 0.74821764642893E+002
 236 0.14745405298327E+000 0.56549582559948E-003 0.11969759230879E-003 0.12732169087037E-002 0.23718105637684E-001 0.43631355626470E-002 0.10842090208000E+000 0.39294696082271E-005 0.63204294906700E-015 0.46296021618390E-016 0.36724527373015E-014 0.15494589906874E-014 0.16515031640042E-001 0.11820677471647E+000 0.16156119097851E-007 0.50421902612451E-010 0.35286633903493E-016 0.32743779656202E-013 0.51969727417461E-017 0.14165770718382E-018 0.18348006689582E-008 0.51552684076213E-005 0.72680853725715E+000 -.12618990286412E-040 0.20037934845677E+004 0.41909795435389E-001 -.26144958706002E+003 0.52553827797940E-001 0.10132500000000E+006 0.16564460613305E-003 0.27236313310602E+002 0.10000000000000E+001 0.00000000000000E+000 0.10000000000000E+001 0.20037934845677E+004 0.66327341999800E+002
 237 0.16011616956327E+000 0.54481643330712E-003 0.11071024015367E-003 0.11975717953879E-002 0.23217026041943E-001 0.42869981592414E-002 0.10884081954452E+000 0.37401540971842E-005 0.85830315348393E-016 0.60956724823357E-017 0.47503208102794E-015 0.17707426692742E-015 0.16051304208810E-001 0.11893270892675E+000 0.14346354031038E-007 0.47183300223046E-010 0.28755093400341E-016 0.40977903379887E-014 0.59106203139338E-018 0.15856953128042E-019 0.19376749871732E-008 0.58727852712050E-005 0.72680841537930E+000 -.10092354761976E-040 0.20143839826094E+004 0.41909795435389E-001 -.25928625436858E+003 0.52553827797940E-001 0.10132500000000E+006 0.16486703322175E-003 0.27251734242362E+002 0.10000000000000E+001 0.00000000000000E+000 0.10000000000000E+001 0.20143839826094E+004 0.58844995482125E+002
 238 0.17363278087492E+000 0.52448293968695E-003 0.10235306480402E-003 0.11259592832199E-002 0.22733578401407E-001 0.42083907270437E-002 0.10924452240863E+000 0.35609591116312E-005 0.18852986597491E-016 0.11914209367938E-017 0.81388742836779E-016 0.24532516699924E-016 0.15594750426735E-001 0.11964726324752E+000 0.12735974113503E-007 0.44138507389177E-010 0.24152222166049E-016 0.49552419496734E-015 0.64946467563290E-019 0.17204058382123E-020 0.20360936752245E-008 0.66524426792080E-005 0.72680847128296E+000 -.78690989326923E-041 0.20245089797981E+004 0.41909795435389E-001 -.25732197029619E+003 0.52553827797940E-001 0.10132500000000E+006 0.16413292027213E-003 0.27266755679860E+002 0.10000000000000E+001 0.00000000000000E+000 0.10000000000000E+001 0.20245089797981E+004 0.52245918804863E+002
 239 0.18801502011559E+000 0.50464303762834E-003 0.94624766957228E-004 0.10585404794112E-002 0.22267741034253E-001 0.41282042306198E-002 0.10962977984684E+000 0.33918177107774E-005 0.10426995009629E-016 0.58432976865661E-018 0.32816775400506E-016 0.72749728317468E-017 0.15143621436004E-001 0.12035371970946E+000 0.11306750173029E-007 0.41273026104115E-010 0.20395191807189E-016 0.58184545285818E-016 0.69316380594711E-020 0.18181620789646E-021 0.21293319363948E-008 0.74936316725764E-005 0.72680822653209E+000 -.59975170627398E-041 0.20341585772211E+004 0.41909795435389E-001 -.25556156109379E+003 0.52553827797940E-001 0.10132500000000E+006 0.16344187948949E-003 0.27281372580658E+002 0.10000000000000E+001 0.00000000000000E+000 0.10000000000000E+001 0.20341585772211E+004 0.46424711648454E+002
 240 0.20326928497854E+000 0.48540368622136E-003 0.87508805815456E-004 0.99536035588894E-003 0.21819877411446E-001 0.40472147396432E-002 0.10999547049439E+000 0.32326358429760E-005 0.89708241642986E-017 0.48738678630337E-018 0.25729153552028E-016 0.51347188779370E-017 0.14698223510396E-001 0.12105178395550E+000 0.10041847667296E-007 0.38580591283325E-010 0.17256732184195E-016 0.66656182231633E-017 0.72227420952876E-021 0.18805702602544E-022 0.22167933975476E-008 0.83949793633381E-005 0.72680751712827E+000 -.45468261538938E-041 0.20433282227156E+004 0.41909795435389E-001 -.25399788779823E+003 0.52553827797940E-001 0.10132500000000E+006 0.16279302845756E-003 0.27295559368975E+002 0.10000000000000E+001 0.00000000000000E+000 0.10000000000000E+001 0.20433282227156E+004 0.41292267437628E+002
 241 0.21939333415814E+000 0.46684551848289E-003 0.80980321899311E-004 0.93639014960655E-003 0.21390530076441E-001 0.39661168217098E-002 0.11034112220923E+000 0.30832907741222E-005 0.83387768242111E-017 0.45085608687535E-018 0.23640417840557E-016 0.47111783609965E-017 0.14259947189961E-001 0.12173927767422E+000 0.89255269427029E-008 0.36057652829467E-010 0.14628993361307E-016 0.74864374712393E-018 0.73862317692686E-022 0.19129827430028E-023 0.22980130906307E-008 0.93541764584346E-005 0.72680634131162E+000 -.34028109879037E-041 0.20520167202154E+004 0.41909795435389E-001 -.25261783227377E+003 0.52553827797940E-001 0.10132500000000E+006 0.16218523284585E-003 0.27309281022387E+002 0.10000000000000E+001 0.00000000000000E+000 0.10000000000000E+001 0.20520167202154E+004 0.36771468898888E+002
 242 0.23637203569469E+000 0.44903221504161E-003 0.75010361960020E-004 0.88155515030844E-003 0.20980298868306E-001 0.38855469880819E-002 0.11066663133641E+000 0.29436336179885E-005 0.78187971324111E-017 0.42259801160188E-018 0.22251984434660E-016 0.45035995214276E-017 0.13830692441462E-001 0.12241314257282E+000 0.79430673988451E-008 0.33701585484524E-010 0.12430347064871E-016 0.82857573736378E-019 0.74537265172697E-023 0.19236301790625E-024 0.23726610955534E-008 0.10367821244243E-004 0.72680476826133E+000 -.25650416455038E-041 0.20602249945817E+004 0.41909795435389E-001 -.25140574808335E+003 0.52553827797940E-001 0.10132500000000E+006 0.16161724869848E-003 0.27322499309859E+002 0.10000000000000E+001 0.00000000000000E+000 0.10000000000000E+001 0.20602249945817E+004 0.32794445521929E+002
 243 0.25417677958635E+000 0.43201268108907E-003 0.69567248839666E-004 0.83074196966773E-003 0.20589694652281E-001 0.38060817365946E-002 0.11097216257913E+000 0.28134665091833E-005 0.73315061991869E-017 0.39663041932870E-018 0.21048926338280E-016 0.43397235627301E-017 0.13412462153992E-001 0.12307013596376E+000 0.70806029488434E-008 0.31509441810106E-010 0.10592239018817E-016 0.90832257943075E-020 0.74633131983752E-024 0.19220342738324E-025 0.24405576999600E-008 0.11431515561068E-004 0.72680288647990E+000 -.23628362842095E-041 0.20679569142997E+004 0.41909795435389E-001 -.25034513621270E+003 0.52553827797940E-001 0.10132500000000E+006 0.16108769546764E-003 0.27335178691074E+002 0.10000000000000E+001 0.00000000000000E+000 0.10000000000000E+001 0.20679569142997E+004 0.29300191318973E+002
 244 0.27277162446707E+000 0.41581707606827E-003 0.64616080372302E-004 0.78379070069734E-003 0.20218951432122E-001 0.37282081900835E-002 0.11125817396061E+000 0.26924973286848E-005 0.68692931687061E-017 0.37223185904520E-018 0.19955404090318E-016 0.41960542739220E-017 0.13007007815226E-001 0.12370741328200E+000 0.63248907153552E-008 0.29476740551943E-010 0.90558616842897E-017 0.99083718905415E-021 0.74512546464866E-025 0.19170757167979E-026 0.25016915365975E-008 0.12540357560041E-004 0.72680077975188E+000 -.30885400046873E-041 0.20752217963689E+004 0.41909795435389E-001 -.24941938107958E+003 0.52553827797940E-001 0.10132500000000E+006 0.16059490655130E-003 0.27347293392522E+002 0.10000000000000E+001 0.00000000000000E+000 0.10000000000000E+001 0.20752217963689E+004 0.26232513649282E+002
 245 0.29212216104316E+000 0.40045361160626E-003 0.60118742662527E-004 0.74049243899749E-003 0.19867913256017E-001 0.36522964950399E-002 0.11152543112837E+000 0.25803168042539E-005 0.64321198849973E-017 0.34927792142881E-018 0.18949004718351E-016 0.40665259278072E-017 0.12615599517138E-001 0.12432289619016E+000 0.56632855834605E-008 0.27596865637631E-010 0.77706702395065E-017 0.10794907568224E-021 0.74466326840384E-026 0.19157804323976E-027 0.25562141458807E-008 0.13689555847954E-004 0.72679852050026E+000 -.44682942346952E-041 0.20820358503725E+004 0.41909795435389E-001 -.24861229739577E+003 0.52553827797940E-001 0.10132500000000E+006 0.16013685233779E-003 0.27358832072095E+002 0.10000000000000E+001 0.00000000000000E+000 0.10000000000000E+001 0.20820358503725E+004 0.23539182697796E+002
 246 0.31220000511408E+000 0.38591135053040E-003 0.56035619617145E-004 0.70060381231072E-003 0.19536076042125E-001 0.35786018849249E-002 0.11177492989955E+000 0.24764243525001E-005 0.60202896148500E-017 0.32771175944537E-018 0.18016378674275E-016 0.39478097132737E-017 0.12239001832774E-001 0.12491531104666E+000 0.50839852229300E-008 0.25861437606816E-010 0.66937043854033E-017 0.11779749249264E-022 0.74718088100531E-027 0.19235836805867E-028 0.26044033057892E-008 0.14874750477708E-004 0.72679616962243E+000 -.56845358373205E-041 0.20884208604639E+004 0.41909795435389E-001 -.24790871976272E+003 0.52553827797940E-001 0.10132500000000E+006 0.15971124367451E-003 0.27369797033442E+002 0.10000000000000E+001 0.00000000000000E+000 0.10000000000000E+001 0.20884208604639E+004 0.21172356613141E+002
 247 0.33298177207349E+000 0.37216676136882E-003 0.52327889570358E-004 0.66386894162939E-003 0.19222716268590E-001 0.35072897510282E-002 0.11200777425478E+000 0.23802773709067E-005 0.56337413019240E-017 0.30748382737510E-018 0.17147690116971E-016 0.38375429834507E-017 0.11877585120432E-001 0.12548401469744E+000 0.45763071460443E-008 0.24261162880056E-010 0.57890234103290E-017 0.12918442531068E-023 0.75528267992134E-028 0.19475920513634E-029 0.26466163125904E-008 0.16091997323216E-004 0.72679377679328E+000 -.60456680204966E-041 0.20944014461530E+004 0.41909795435389E-001 -.24729494210363E+003 0.52553827797940E-001 0.10132500000000E+006 0.15931571796074E-003 0.27380200044303E+002 0.10000000000000E+001 0.00000000000000E+000 0.10000000000000E+001 0.20944014461530E+004 0.19089278669259E+002
 248 0.35444637084703E+000 0.35918946460043E-003 0.48959082075559E-004 0.63003592143531E-003 0.18927003959791E-001 0.34384618230308E-002 0.11222508287813E+000 0.22913301461615E-005 0.52720768453961E-017 0.28854495249808E-018 0.16335466823404E-016 0.37339959485281E-017 0.11531448492123E-001 0.12602880172138E+000 0.41308063393156E-008 0.22786536979128E-010 0.50269111870073E-017 0.14419227926112E-024 0.77892669930610E-029 0.20197249263303E-030 0.26832532315571E-008 0.17337649459698E-004 0.72679138084098E+000 -.55074090998579E-041 0.21000028511865E+004 0.41909795435389E-001 -.24675887412741E+003 0.52553827797940E-001 0.10132500000000E+006 0.15894797915366E-003 0.27390058371681E+002 0.10000000000000E+001 0.00000000000000E+000 0.10000000000000E+001 0.21000028511865E+004 0.17252475806246E+002
 249 0.37657331388951E+000 0.34694562293075E-003 0.45895699299696E-004 0.59886501933410E-003 0.18648067281887E-001 0.33721736710610E-002 0.11242794162162E+000 0.22090539051883E-005 0.49346345659481E-017 0.27084470660924E-018 0.15573976247168E-016 0.36359122162603E-017 0.11200502243897E-001 0.12654977415060E+000 0.37392396421196E-008 0.21428232153753E-010 0.43829364991939E-017 0.17859928370475E-025 0.89325061884878E-030 0.23933924461076E-031 0.27147333286109E-008 0.18608288626699E-004 0.72678901087145E+000 -.45527017171915E-041 0.21052497913690E+004 0.41909795435389E-001 -.24628998668203E+003 0.52553827797940E-001 0.10132500000000E+006 0.15860586246297E-003 0.27399392362232E+002 0.10000000000000E+001 0.00000000000000E+000 0.10000000000000E+001 0.21052497913690E+004 0.15629450093335E+002
 250 0.39934217068809E+000 0.33539972612546E-003 0.43107304188169E-004 0.57013180578048E-003 0.18385024660144E-001 0.33084454253764E-002 0.11261738418317E+000 0.21329451393066E-005 0.46205473524554E-017 0.25433042914957E-018 0.14858741478373E-016 0.35423896039578E-017 0.10884517849237E-001 0.12704726133251E+000 0.33944580664887E-008 0.20177281137722E-010 0.38370465240455E-017 0.37426889365988E-026 0.17355006804873E-030 0.52658408716194E-032 0.27414799797104E-008 0.19900711551365E-004 0.72678668790066E+000 -.37050442316808E-041 0.21101659727599E+004 0.41909795435389E-001 -.24587916731963E+003 0.52553827797940E-001 0.10132500000000E+006 0.15828735380349E-003 0.27408224128904E+002 0.10000000000000E+001 0.00000000000000E+000 0.10000000000000E+001 0.21101659727599E+004 0.14192146614683E+002
 251 0.42273252100280E+000 0.32451565082073E-003 0.40566401197251E-004 0.54362810654496E-003 0.18137002611474E-001 0.32472692925327E-002 0.11279438459188E+000 0.20625289934498E-005 0.43287930304525E-017 0.23894692491789E-018 0.14186172982614E-016 0.34527872864020E-017 0.10583162380551E-001 0.12752176412596E+000 0.30902817861406E-008 0.19025169635436E-010 0.33727797378792E-017 0.20401329839059E-026 0.88018223673021E-031 0.29941308359683E-032 0.27639102717336E-008 0.21211935384437E-004 0.72678442650144E+000 -.31303854798807E-041 0.21147738915308E+004 0.41909795435389E-001 -.24551855627856E+003 0.52553827797940E-001 0.10132500000000E+006 0.15799059137957E-003 0.27416576744715E+002 0.10000000000000E+001 0.00000000000000E+000 0.10000000000000E+001 0.21147738915308E+004 0.12916390806802E+002
 252 0.44672403226262E+000 0.31425739224904E-003 0.38248246289758E-004 0.51916203982959E-003 0.17903147395574E-001 0.31886155596435E-002 0.11295985444341E+000 0.19973606333827E-005 0.40582406212046E-017 0.22463678012953E-018 0.13553301406363E-016 0.33666546904944E-017 0.10296025426543E-001 0.12797391107809E+000 0.28213788364819E-008 0.17963886606163E-010 0.29766098775541E-017 0.17305705306204E-026 0.69733336900437E-031 0.24674285689881E-032 0.27824276279694E-008 0.22539202992029E-004 0.72678223623298E+000 -.25736400308175E-041 0.21190947462349E+004 0.41909795435389E-001 -.24520138827972E+003 0.52553827797940E-001 0.10132500000000E+006 0.15771386100480E-003 0.27424473667884E+002 0.10000000000000E+001 0.00000000000000E+000 0.10000000000000E+001 0.21190947462349E+004 0.11781366049767E+002
 253 0.47129654851136E+000 0.30458959668137E-003 0.36130632069704E-004 0.49655757757223E-003 0.17682633085514E-001 0.31324375945091E-002 0.11311464258630E+000 0.19370255305214E-005 0.38076917056759E-017 0.21134105372316E-018 0.12957589446761E-016 0.32836777827640E-017 0.10022641038845E-001 0.12840442266369E+000 0.25831537034795E-008 0.16985948895902E-010 0.26374067384410E-017 0.15874036807658E-026 0.59897621465246E-031 0.21631692607415E-032 0.27974167153474E-008 0.23879983479034E-004 0.72678012281825E+000 -.17274156095258E-041 0.21231484080219E+004 0.41909795435389E-001 -.24492184745092E+003 0.52553827797940E-001 0.10132500000000E+006 0.15745558881752E-003 0.27431938309218E+002 0.10000000000000E+001 0.00000000000000E+000 0.10000000000000E+001 0.21231484080219E+004 0.10769148020048E+002
 254 0.49643016878507E+000 0.29547794523911E-003 0.34193666550568E-004 0.47565382181959E-003 0.17474667067424E-001 0.30786760121160E-002 0.11325953634343E+000 0.18811390342255E-005 0.35759157639244E-017 0.19900012200946E-018 0.12396802228807E-016 0.32036389057733E-017 0.97625056405991E-002 0.12881408209577E+000 0.23716474217201E-008 0.16084407509994E-010 0.23459955230267E-017 0.14722957102838E-026 0.52143491704780E-031 0.19161245948301E-032 0.28092401427287E-008 0.25231967935839E-004 0.72677808910311E+000 -.73000291313461E-042 0.21269534278466E+004 0.41909795435389E-001 -.24467493742789E+003 0.52553827797940E-001 0.10132500000000E+006 0.15721433273904E-003 0.27438993707479E+002 0.10000000000000E+001 0.00000000000000E+000 0.10000000000000E+001 0.21269534278466E+004 0.98642964591977E+001
 255 0.52210530802582E+000 0.28688942249185E-003 0.32419555977066E-004 0.45630411670746E-003 0.17278493661806E-001 0.30272621268764E-002 0.11339526367475E+000 0.18293454666171E-005 0.33616791200475E-017 0.18755452958207E-018 0.11868919851155E-016 0.31263870400749E-017 0.95150925684006E-002 0.12920371159021E+000 0.21834493469075E-008 0.15252840611686E-010 0.20947978916006E-017 0.13688275758746E-026 0.45605339662279E-031 0.17038273503359E-032 0.28182365370581E-008 0.26593060645394E-004 0.72677613585973E+000 -.19862270074687E-042 0.21305270672230E+004 0.41909795435389E-001 -.24445636718325E+003 0.52553827797940E-001 0.10132500000000E+006 0.15698877348403E-003 0.27445662290005E+002 0.10000000000000E+001 0.00000000000000E+000 0.10000000000000E+001 0.21305270672230E+004 0.90535009947938E+001
 256 0.54830269031163E+000 0.27879250849961E-003 0.30792400481692E-004 0.43837510751468E-003 0.17093396715549E-001 0.29781208746901E-002 0.11352249564841E+000 0.17813169863181E-005 0.31637680401466E-017 0.17694577785731E-018 0.11372080497078E-016 0.30518161378130E-017 0.92798642117190E-002 0.12957415248887E+000 0.20156203366985E-008 0.14485338415298E-010 0.18775404540523E-017 0.12744074839542E-026 0.40030497617790E-031 0.15197014119158E-032 0.28247196377192E-008 0.27961363347669E-004 0.72677426250911E+000 -.65963945998402E-042 0.21338853372608E+004 0.41909795435389E-001 -.24426245261016E+003 0.52553827797940E-001 0.10132500000000E+006 0.15677770601254E-003 0.27451965690560E+002 0.10000000000000E+001 0.00000000000000E+000 0.10000000000000E+001 0.21338853372608E+004 0.83252773995333E+001
 257 0.57500308350421E+000 0.27115735554457E-003 0.29298013284180E-004 0.42174588468055E-003 0.16918702377086E-001 0.29311735535388E-002 0.11364184840147E+000 0.17367525548673E-005 0.29810075098667E-017 0.16711706012319E-018 0.10904547525080E-016 0.29798500451010E-017 0.90562833960180E-002 0.12992624666623E+000 0.18656271056751E-008 0.13776486500668E-010 0.16890191227573E-017 0.11880744098824E-026 0.35259088069697E-031 0.13595685266410E-032 0.28289781712899E-008 0.29335144778826E-004 0.72677246774643E+000 -.19114210552394E-041 0.21370430246902E+004 0.41909795435389E-001 -.24409003286233E+003 0.52553827797940E-001 0.10132500000000E+006 0.15658003263222E-003 0.27457924577901E+002 0.10000000000000E+001 0.00000000000000E+000 0.10000000000000E+001 0.21370430246902E+004 0.76697114847073E+001
 258 0.60218650258488E+000 0.26395599805901E-003 0.27923768879631E-004 0.40630729528805E-003 0.16753782597993E-001 0.28863406775625E-002 0.11375388426702E+000 0.16953771910824E-005 0.28122770257169E-017 0.15801396240563E-018 0.10464696000636E-016 0.29104330190749E-017 0.88438251697919E-002 0.13026081766134E+000 0.17312868608367E-008 0.13121351703138E-010 0.15249090711847E-017 0.11091082058818E-026 0.31163840003486E-031 0.12200655621417E-032 0.28312765079927E-008 0.30712789114168E-004 0.72677074982208E+000 -.30746392817635E-041 0.21400136955644E+004 0.41909795435389E-001 -.24393639781210E+003 0.52553827797940E-001 0.10132500000000E+006 0.15639475812392E-003 0.27463558458976E+002 0.10000000000000E+001 0.00000000000000E+000 0.10000000000000E+001 0.21400136955644E+004 0.70782446757466E+001
 259 0.62983111845652E+000 0.25716249970382E-003 0.26658458120429E-004 0.39196119513476E-003 0.16598056677884E-001 0.28435443510569E-002 0.11385911392499E+000 0.16569408868368E-005 0.26565214247323E-017 0.14958498489431E-018 0.10051007216468E-016 0.28435237843654E-017 0.86419859874489E-002 0.13057865653762E+000 0.16107188144395E-008 0.12515461553831E-010 0.13816089511527E-017 0.10368681198505E-026 0.27639589312244E-031 0.10982946537261E-032 0.28318561674923E-008 0.32092744174940E-004 0.72676910622789E+000 -.32761281109482E-041 0.21428097252427E+004 0.41909795435389E-001 -.24379922062489E+003 0.52553827797940E-001 0.10132500000000E+006 0.15622098368627E-003 0.27468885533205E+002 0.10000000000000E+001 0.00000000000000E+000 0.10000000000000E+001 0.21428097252427E+004 0.65434851716589E+001
 260 0.65791315991274E+000 0.25075277626541E-003 0.25492103811687E-004 0.37861912748996E-003 0.16450985538461E-001 0.28027084893465E-002 0.11395800314774E+000 0.16212158502052E-005 0.25127515684187E-017 0.14178156982271E-018 0.96620510419875E-017 0.27790892762643E-017 0.84502829095592E-002 0.13088052362705E+000 0.15022976454687E-008 0.11954756497687E-010 0.12561083291267E-017 0.97076929195631E-027 0.24598746470772E-031 0.99168836458637E-033 0.28309377008046E-008 0.33473526890620E-004 0.72676753319234E+000 -.23571040273337E-041 0.21454424509959E+004 0.41909795435389E-001 -.24367649267675E+003 0.52553827797940E-001 0.10132500000000E+006 0.15605789381239E-003 0.27473922800017E+002 0.10000000000000E+001 0.00000000000000E+000 0.10000000000000E+001 0.21454424509959E+004 0.60590251134124E+001
 261 0.68640886041338E+000 0.24470404031474E-003 0.24415735310451E-004 0.36620040227357E-003 0.16312058779813E-001 0.27637564383159E-002 0.11405098396935E+000 0.15879920813357E-005 0.23800352231031E-017 0.13455762395899E-018 0.92964500247210E-017 0.27170960558539E-017 0.82682416038689E-002 0.13116716711620E+000 0.14046088684515E-008 0.11435515172733E-010 0.11458747598846E-017 0.91027253711863E-027 0.21967962441284E-031 0.89796952055356E-033 0.28287219552582E-008 0.34853812613972E-004 0.72676602586510E+000 -.99612293859416E-042 0.21479224470091E+004 0.41909795435389E-001 -.24356646656766E+003 0.52553827797940E-001 0.10132500000000E+006 0.15590473641565E-003 0.27478686460667E+002 0.10000000000000E+001 0.00000000000000E+000 0.10000000000000E+001 0.21479224470091E+004 0.56192661456776E+001
 262 0.71529716856209E+000 0.23899429958361E-003 0.23421201857545E-004 0.35463048309072E-003 0.16180784116851E-001 0.27266086594393E-002 0.11413846366841E+000 0.15570737169546E-005 0.22574888736594E-017 0.12786910177205E-018 0.89528499127708E-017 0.26575028857505E-017 0.80953854425622E-002 0.13143933914805E+000 0.13164128848337E-008 0.10954291643089E-010 0.10487649573282E-017 0.85487755807035E-027 0.19685599851470E-031 0.81523370060516E-033 0.28253904782666E-008 0.36232534441630E-004 0.72676457921923E+000 -.74232726541760E-043 0.21502597491981E+004 0.41909795435389E-001 -.24346761525741E+003 0.52553827797940E-001 0.10132500000000E+006 0.15576080687590E-003 0.27483192283779E+002 0.10000000000000E+001 0.00000000000000E+000 0.10000000000000E+001 0.21502597491981E+004 0.52192809532485E+001
 263 0.74456085963098E+000 0.23360231680539E-003 0.22501085432016E-004 0.34384041748335E-003 0.16056686955825E-001 0.26911831809540E-002 0.11422082646736E+000 0.15282780539327E-005 0.21442789793891E-017 0.12167411213424E-018 0.86299201365543E-017 0.26002588082971E-017 0.79312372065396E-002 0.13169779235879E+000 0.12366215239612E-008 0.10507894978202E-010 0.96296047995056E-018 0.80412122312586E-027 0.17699871519073E-031 0.74203737162069E-033 0.28211059675991E-008 0.37608898460142E-004 0.72676318876606E+000 0.26225075206838E-043 0.21524638914197E+004 0.41909795435389E-001 -.24337860602770E+003 0.52553827797940E-001 0.10132500000000E+006 0.15562544411454E-003 0.27487455621292E+002 0.10000000000000E+001 0.00000000000000E+000 0.10000000000000E+001 0.21524638914197E+004 0.48547244660744E+001
 264 0.77418569893561E+000 0.22850789368379E-003 0.21648675935384E-004 0.33376693648745E-003 0.15939316492282E-001 0.26573981127873E-002 0.11429843071990E+000 0.15014362330869E-005 0.20396286937117E-017 0.11593333528619E-018 0.83263748293373E-017 0.25453057487972E-017 0.77753297710563E-002 0.13194326301047E+000 0.11642821957965E-008 0.10093395075421E-010 0.88691917145939E-018 0.75757857023735E-027 0.15967280388182E-031 0.67725704396428E-033 0.28160134510117E-008 0.38982319784501E-004 0.72676185064099E+000 -.42103426752836E-042 0.21545438209030E+004 0.41909795435389E-001 -.24329828020982E+003 0.52553827797940E-001 0.10132500000000E+006 0.15549803415607E-003 0.27491491175175E+002 0.10000000000000E+001 0.00000000000000E+000 0.10000000000000E+001 0.21545438209030E+004 0.45217750390431E+001
 265 0.80415909201252E+000 0.22369211444944E-003 0.20857942331478E-004 0.32435247843989E-003 0.15828250698639E-001 0.26251739400988E-002 0.11437160688497E+000 0.14763936267483E-005 0.19428221273475E-017 0.11061031405984E-018 0.80409915752638E-017 0.24925817381454E-017 0.76272156419316E-002 0.13217645624621E+000 0.10985633154856E-008 0.97081239382741E-011 0.81933362135957E-018 0.71486292680450E-027 0.14451268251158E-031 0.61994288504108E-033 0.28102419503220E-008 0.40352348099160E-004 0.72676056139269E+000 -.94252633680532E-042 0.21565078317905E+004 0.41909795435389E-001 -.24322563261220E+003 0.52553827797940E-001 0.10132500000000E+006 0.15537801261839E-003 0.27495312791743E+002 0.10000000000000E+001 0.00000000000000E+000 0.10000000000000E+001 0.21565078317905E+004 0.42170806652715E+001
 266 0.83446923038573E+000 0.21913740877857E-003 0.20123478846516E-004 0.31554488700200E-003 0.15723097477563E-001 0.25944346363075E-002 0.11444065803514E+000 0.14530092959667E-005 0.18532038182412E-017 0.10567148411036E-018 0.77726190055059E-017 0.24420227927514E-017 0.74864712320730E-002 0.13239803953899E+000 0.10387392636372E-008 0.93496625747229E-011 0.75909398505328E-018 0.67562412732127E-027 0.13121024860224E-031 0.56918724388158E-033 0.28039061514259E-008 0.41718621405498E-004 0.72675931782260E+000 -.13192789199680E-041 0.21583635654181E+004 0.41909795435389E-001 -.24315979071750E+003 0.52553827797940E-001 0.10132500000000E+006 0.15526486326665E-003 0.27498933393689E+002 0.10000000000000E+001 0.00000000000000E+000 0.10000000000000E+001 0.21583635654181E+004 0.39377028495235E+001
 267 0.86510475101026E+000 0.21482749639447E-003 0.19440439234134E-004 0.30729692605774E-003 0.15623493352835E-001 0.25651079438624E-002 0.11450586186354E+000 0.14311549110528E-005 0.17701753157470E-017 0.10108604238152E-018 0.75201768100253E-017 0.23935637175930E-017 0.73526974546960E-002 0.13260864180629E+000 0.98417600312719E-009 0.90158198169878E-011 0.70525571304896E-018 0.63954567204485E-027 0.11950541190513E-031 0.52415466817035E-033 0.27971078935104E-008 0.43080844088680E-004 0.72675811692779E+000 -.15798099949737E-041 0.21601180519797E+004 0.41909795435389E-001 -.24309999560730E+003 0.52553827797940E-001 0.10132500000000E+006 0.15515811424129E-003 0.27502365005378E+002 0.10000000000000E+001 0.00000000000000E+000 0.10000000000000E+001 0.21601180519797E+004 0.36810621499776E+001
 268 0.89605462914285E+000 0.21074729306212E-003 0.18804472636937E-004 0.29956577015927E-003 0.15529101359193E-001 0.25371253248188E-002 0.11456747304425E+000 0.14107135639683E-005 0.16931908490111E-017 0.96825759831335E-019 0.72826529172831E-017 0.23471385055470E-017 0.72255188565548E-002 0.13280885476862E+000 0.93431832406015E-009 0.87046098449153E-011 0.65701247973689E-018 0.60634166517183E-027 0.10917827274991E-031 0.48411992612639E-033 0.27899374876981E-008 0.44438775787818E-004 0.72675695588839E+000 -.17494847984977E-041 0.21617777636696E+004 0.41909795435389E-001 -.24304558552796E+003 0.52553827797940E-001 0.10132500000000E+006 0.15505733377839E-003 0.27505618811101E+002 0.10000000000000E+001 0.00000000000000E+000 0.10000000000000E+001 0.21617777636696E+004 0.34448893530307E+001
 269 0.92730814093620E+000 0.20688281333972E-003 0.18211666034044E-004 0.29231253449981E-003 0.15439608870851E-001 0.25104218172589E-002 0.11462572547480E+000 0.13915786492730E-005 0.16217529458364E-017 0.92864785661101E-019 0.70590999973908E-017 0.23026806525935E-017 0.71045823550113E-002 0.13299923492235E+000 0.88867890106582E-009 0.84142311995293E-011 0.61367380083479E-018 0.57575388603823E-027 0.10004235336763E-031 0.44844111598934E-033 0.27824748996334E-008 0.45792223880538E-004 0.72675583206376E+000 -.16735323948932E-041 0.21633486664126E+004 0.41909795435389E-001 -.24299598201501E+003 0.52553827797940E-001 0.10132500000000E+006 0.15496212617955E-003 0.27508705218514E+002 0.10000000000000E+001 0.00000000000000E+000 0.10000000000000E+001 0.21633486664126E+004 0.32271833143835E+001
 270 0.95885484263270E+000 0.20322107943378E-003 0.17658493776466E-004 0.28550185633278E-003 0.15354725569730E-001 0.24849358683190E-002 0.11468083429816E+000 0.13736528520930E-005 0.15554082596075E-017 0.89179457457956E-019 0.68486318990564E-017 0.22601234658585E-017 0.69895559119390E-002 0.13318030561473E+000 0.84682898637403E-009 0.81430478769192E-011 0.57464656892181E-018 0.54754908584352E-027 0.91938754403670E-032 0.41648681975582E-033 0.27747908150608E-008 0.47141037306656E-004 0.72675474298766E+000 -.12004778962168E-041 0.21648362670245E+004 0.41909795435389E-001 -.24295067819240E+003 0.52553827797940E-001 0.10132500000000E+006 0.15487212819559E-003 0.27511633919300E+002 0.10000000000000E+001 0.00000000000000E+000 0.10000000000000E+001 0.21648362670245E+004 0.30261749695299E+001
 271 0.99068455263682E+000 0.19975003767878E-003 0.17141773525663E-004 0.27910152498705E-003 0.15274181585457E-001 0.24606091625073E-002 0.11473299770781E+000 0.13568472413510E-005 0.14937436707356E-017 0.85748121340882E-019 0.66504201600074E-017 0.22194003679614E-017 0.68801272347229E-002 0.13335255908173E+000 0.80839049714068E-009 0.78895724459924E-011 0.53941979152971E-018 0.52151652657936E-027 0.84731654789803E-032 0.38763294789122E-033 0.27669476005249E-008 0.48485101164080E-004 0.72675368635995E+000 -.47319780509825E-042 0.21662456555953E+004 0.41909795435389E-001 -.24290922886750E+003 0.52553827797940E-001 0.10132500000000E+006 0.15478700581379E-003 0.27514413945390E+002 0.10000000000000E+001 0.00000000000000E+000 0.10000000000000E+001 0.21662456555953E+004 0.28402966498954E+001
 272 0.10227873396853E+001 0.19645848179571E-003 0.16658627676065E-004 0.27308215393443E-003 0.15197725787174E-001 0.24373864469321E-002 0.11478239856678E+000 0.13410804556891E-005 0.14363826664881E-017 0.82550962806627E-019 0.64636905890080E-017 0.21804451806492E-017 0.67760025118178E-002 0.13351645843657E+000 0.77302926974012E-009 0.76524509587582E-011 0.50755193274842E-018 0.49746575143949E-027 0.78305218099029E-032 0.36137694229289E-033 0.27590001673226E-008 0.49824332173659E-004 0.72675266003501E+000 0.73372888010389E-043 0.21675815437340E+004 0.41909795435389E-001 -.24287124210722E+003 0.52553827797940E-001 0.10132500000000E+006 0.15470645139108E-003 0.27517053721131E+002 0.10000000000000E+001 0.00000000000000E+000 0.10000000000000E+001 0.21675815437340E+004 0.26681558506250E+001
 273 0.10551535288784E+001 0.19333598156044E-003 0.16206449401297E-004 0.26741688829955E-003 0.15125124200513E-001 0.24152153504215E-002 0.11482920587191E+000 0.13262779686455E-005 0.13829819847093E-017 0.79569847959533E-019 0.62877198874106E-017 0.21431923686700E-017 0.66769051695475E-002 0.13367243962510E+000 0.74044928757062E-009 0.74304494063499E-011 0.47866037370681E-018 0.47522456082489E-027 0.72561157312795E-032 0.33745838940967E-033 0.27509967433652E-008 0.51158675287348E-004 0.72675166201111E+000 0.67497324712682E-043 0.21688482993841E+004 0.41909795435389E-001 -.24283637205873E+003 0.52553827797940E-001 0.10132500000000E+006 0.15463018107634E-003 0.27519561112245E+002 0.10000000000000E+001 0.00000000000000E+000 0.10000000000000E+001 0.21688482993841E+004 0.25085127244471E+001
 274 0.10877737239406E+001 0.19037281709728E-003 0.15782872802473E-004 0.26208114471172E-003 0.15056158558228E-001 0.23940462036368E-002 0.11487357606848E+000 0.13123714280810E-005 0.13332285278240E-017 0.76788175962335E-019 0.61218323657217E-017 0.21075772468624E-017 0.65825746795757E-002 0.13382091329811E+000 0.71038773710928E-009 0.72224416032271E-011 0.45241261604538E-018 0.45463717365004E-027 0.67416040993011E-032 0.31583061731648E-033 0.27429795611131E-008 0.52488101136290E-004 0.72675069042420E+000 -.48423239958419E-042 0.21700499782603E+004 0.41909795435389E-001 -.24280431284133E+003 0.52553827797940E-001 0.10132500000000E+006 0.15455793250655E-003 0.27521943471255E+002 0.10000000000000E+001 0.00000000000000E+000 0.10000000000000E+001 0.21700499782603E+004 0.23602607647033E+001
 275 0.11206388227383E+001 0.18755992040545E-003 0.15385746899055E-004 0.25705238314438E-003 0.14990625015881E-001 0.23738318764671E-002 0.11491565420395E+000 0.12992980710497E-005 0.12868365689358E-017 0.74190744399833E-019 0.59653968817956E-017 0.20735361740525E-017 0.64927654812295E-002 0.13396226650271E+000 0.68261078282861E-009 0.70273984798166E-011 0.42851893428103E-018 0.43556256853386E-027 0.62798220196389E-032 0.29648455313600E-033 0.27349854767064E-008 0.53812603423077E-004 0.72674974354320E+000 -.11640780650554E-041 0.21711903515130E+004 0.41909795435389E-001 -.24277479335444E+003 0.52553827797940E-001 0.10132500000000E+006 0.15448946278931E-003 0.27524207678017E+002 0.10000000000000E+001 0.00000000000000E+000 0.10000000000000E+001 0.21711903515130E+004 0.22224102660155E+001
 276 0.11537400112051E+001 0.18488882416410E-003 0.15013113033019E-004 0.25230990788610E-003 0.14928333027265E-001 0.23545276377048E-002 0.11495557493285E+000 0.12870002081807E-005 0.12435452394028E-017 0.71763627413481E-019 0.58178240334549E-017 0.20410067419837E-017 0.64072460330620E-002 0.13409686417446E+000 0.65690995405955E-009 0.68443786611942E-011 0.40672622424111E-018 0.41787299912771E-027 0.58645079623044E-032 0.27926419270916E-033 0.27270465325294E-008 0.55132195855306E-004 0.72674881976271E+000 -.15124559766829E-041 0.21722729298434E+004 0.41909795435389E-001 -.24274757284363E+003 0.52553827797940E-001 0.10132500000000E+006 0.15442454674778E-003 0.27526360175217E+002 0.10000000000000E+001 0.00000000000000E+000 0.10000000000000E+001 0.21722729298434E+004 0.20940741494587E+001
 277 0.11870687460119E+001 0.18235161580124E-003 0.14663185042258E-004 0.24783469169225E-003 0.14869104334473E-001 0.23360910268180E-002 0.11499346340950E+000 0.12754247635027E-005 0.12031162530265E-017 0.69494064495538E-019 0.56785635217758E-017 0.20099279431104E-017 0.63257979464620E-002 0.13422505050393E+000 0.63309903629248E-009 0.66725200907639E-011 0.38681282690726E-018 0.40145266846666E-027 0.54901287089302E-032 0.26381514992625E-033 0.27191904664379E-008 0.56446909065928E-004 0.72674791759349E+000 -.13079577126383E-041 0.21733009849802E+004 0.41909795435389E-001 -.24272243708648E+003 0.52553827797940E-001 0.10132500000000E+006 0.15436297536559E-003 0.27528407000298E+002 0.10000000000000E+001 0.00000000000000E+000 0.10000000000000E+001 0.21733009849802E+004 0.19744557367201E+001
 278 0.12206167403770E+001 0.17994089517231E-003 0.14334331684891E-004 0.24360921832406E-003 0.14812772038008E-001 0.23184817292624E-002 0.11502943609676E+000 0.12645228585491E-005 0.11653318301637E-017 0.67370358228279E-019 0.55471016197595E-017 0.19802403040123E-017 0.62482151627282E-002 0.13434715023512E+000 0.61101138056118E-009 0.65110325047109E-011 0.36858415206296E-018 0.38619654620639E-027 0.51518188681631E-032 0.24970210128445E-033 0.27114411688722E-008 0.57756787981128E-004 0.72674703565313E+000 -.71939823791436E-042 0.21742775692212E+004 0.41909795435389E-001 -.24269919509825E+003 0.52553827797940E-001 0.10132500000000E+006 0.15430455438374E-003 0.27530353815041E+002 0.10000000000000E+001 0.00000000000000E+000 0.10000000000000E+001 0.21742775692212E+004 0.18628381395693E+001
 279 0.12543759560419E+001 0.17764973544930E-003 0.14025061020639E-004 0.23961734119194E-003 0.14759179738453E-001 0.23016614550725E-002 0.11506360150041E+000 0.12542494358222E-005 0.11299928059606E-017 0.65381780380513E-019 0.54229587470293E-017 0.19518859857803E-017 0.61743031698322E-002 0.13446346990094E+000 0.59049756903461E-009 0.63591906596492E-011 0.35186896758530E-018 0.37200931067077E-027 0.48453740358897E-032 0.23658881254037E-033 0.27038190921773E-008 0.59061889668525E-004 0.72674617265785E+000 -.16781182003939E-042 0.21752055332665E+004 0.41909795435389E-001 -.24267767628427E+003 0.52553827797940E-001 0.10132500000000E+006 0.15424910303097E-003 0.27532205933049E+002 0.10000000000000E+001 0.00000000000000E+000 0.10000000000000E+001 0.21752055332665E+004 0.17585750260905E+001
 280 0.12883385983989E+001 0.17547164723967E-003 0.13734006545580E-004 0.23584415674828E-003 0.14708180749493E-001 0.22855938231638E-002 0.11509606083298E+000 0.12445629188366E-005 0.10969169130415E-017 0.63518486084656E-019 0.53056871704266E-017 0.19248088580152E-017 0.61038782664699E-002 0.13457429898387E+000 0.57142338789208E-009 0.62163282510794E-011 0.33651624683944E-018 0.35880439659051E-027 0.45672266610245E-032 0.22435828146571E-033 0.26963416178090E-008 0.60362281516506E-004 0.72674532741507E+000 -.38692733911728E-044 0.21760875424108E+004 0.41909795435389E-001 -.24265772797687E+003 0.52553827797940E-001 0.10132500000000E+006 0.15419645287919E-003 0.27533968345090E+002 0.10000000000000E+001 0.00000000000000E+000 0.10000000000000E+001 0.21760875424108E+004 0.16610825771284E+001
 281 0.13224971124757E+001 0.17340054581184E-003 0.13459914884588E-004 0.23227589120494E-003 0.14659637379186E-001 0.22702442525414E-002 0.11512690861248E+000 0.12354249056117E-005 0.10659372264685E-017 0.61771435645623E-019 0.51948688393206E-017 0.18989545514356E-017 0.60367668762305E-002 0.13467991099770E+000 0.55366806476763E-009 0.60818324577484E-011 0.32239248433248E-018 0.34650313044262E-027 0.43143555714264E-032 0.21308124504303E-033 0.26890233863427E-008 0.61658039640219E-004 0.72674449881664E+000 -.27457510435138E-042 0.21769260912043E+004 0.41909795435389E-001 -.24263921330171E+003 0.52553827797940E-001 0.10132500000000E+006 0.15414644681337E-003 0.27535645742336E+002 0.10000000000000E+001 0.00000000000000E+000 0.10000000000000E+001 0.21769260912043E+004 0.15698324707160E+001
 282 0.13568441790504E+001 0.17143072117608E-003 0.13201634853563E-004 0.22889979909483E-003 0.14613420273822E-001 0.22555798604466E-002 0.11515623320255E+000 0.12267998922241E-005 0.10369007570436E-017 0.60132323404944E-019 0.50901133546220E-017 0.18742704922392E-017 0.59728049101488E-002 0.13478056449315E+000 0.53712273340990E-009 0.59551390453551E-011 0.30937940442594E-018 0.33503394405243E-027 0.40841454500883E-032 0.20287185076478E-033 0.26818765942665E-008 0.62949247469513E-004 0.72674368583244E+000 -.71767856085161E-042 0.21777235167326E+004 0.41909795435389E-001 -.24262200932582E+003 0.52553827797940E-001 0.10132500000000E+006 0.15409893810399E-003 0.27537242537658E+002 0.10000000000000E+001 0.00000000000000E+000 0.10000000000000E+001 0.21777235167326E+004 0.14843457520575E+001
 283 0.13913727107541E+001 0.16955681075085E-003 0.12958107723217E-004 0.22570407231098E-003 0.14569407818438E-001 0.22415693670984E-002 0.11518411730050E+000 0.12186550232281E-005 0.10096671792591E-017 0.58593513068960E-019 0.49910560669529E-017 0.18507059205921E-017 0.59118371745002E-002 0.13487650399217E+000 0.52168909356786E-009 0.58357279679470E-011 0.29737200060961E-018 0.32433166468579E-027 0.38742489630534E-032 0.19372902422308E-033 0.26749112609583E-008 0.64235994495776E-004 0.72674288750455E+000 -.99612293859416E-042 0.21784820106565E+004 0.41909795435389E-001 -.24260600544718E+003 0.52553827797940E-001 0.10132500000000E+006 0.15405378957054E-003 0.27538762885148E+002 0.10000000000000E+001 0.00000000000000E+000 0.10000000000000E+001 0.21784820106565E+004 0.14041874664324E+001
 284 0.14260758480914E+001 0.16777377436392E-003 0.12728358537797E-004 0.22267775841647E-003 0.14527485588560E-001 0.22281830066199E-002 0.11521063837883E+000 0.12109598660884E-005 0.98410768114001E-018 0.57147978938449E-019 0.48973562984406E-017 0.18282118953954E-017 0.58537168205613E-002 0.13496796085612E+000 0.50727823892203E-009 0.57231194120777E-011 0.28627685347709E-018 0.31433688396281E-027 0.36825144778287E-032 0.18548459214399E-033 0.26681354688452E-008 0.65518375158838E-004 0.72674210294183E+000 -.91501150380143E-042 0.21792036301473E+004 0.41909795435389E-001 -.24259110199237E+003 0.52553827797940E-001 0.10132500000000E+006 0.15401087282588E-003 0.27540210698040E+002 0.10000000000000E+001 0.00000000000000E+000 0.10000000000000E+001 0.21792036301473E+004 0.13289619504956E+001
 285 0.14609469552930E+001 0.16607687135838E-003 0.12511488361118E-004 0.21981068716377E-003 0.14487545848274E-001 0.22153924437154E-002 0.11523586908506E+000 0.12036862070836E-005 0.96010392421043E-018 0.55789252511076E-019 0.48086956819440E-017 0.18067412871823E-017 0.57983048330906E-002 0.13505515409289E+000 0.49380962994014E-009 0.56168702349490E-011 0.27601068427065E-018 0.30499540274380E-027 0.35069937880551E-032 0.17788996223739E-033 0.26615555793812E-008 0.66796487856402E-004 0.72674133131504E+000 -.61306487286805E-042 0.21798903078284E+004 0.41909795435389E-001 -.24257720899480E+003 0.52553827797940E-001 0.10132500000000E+006 0.15397006759279E-003 0.27541589665172E+002 0.10000000000000E+001 0.00000000000000E+000 0.10000000000000E+001 0.21798903078284E+004 0.12583086928764E+001
 286 0.14959796159255E+001 0.16446163958557E-003 0.12306667337767E-004 0.21709340427832E-003 0.14449487090277E-001 0.22031706956007E-002 0.11525987760426E+000 0.11968078663924E-005 0.93754710268645E-018 0.54511373958313E-019 0.47247766107288E-017 0.17862487606626E-017 0.57454695541803E-002 0.13513829110822E+000 0.48121019190299E-009 0.55165707528150E-011 0.26649910798928E-018 0.29625774014915E-027 0.33459856002852E-032 0.17075796734709E-033 0.26551764270845E-008 0.68070434060249E-004 0.72674057185243E+000 -.32860162540590E-042 0.21805438608301E+004 0.41909795435389E-001 -.24256424513236E+003 0.52553827797940E-001 0.10132500000000E+006 0.15393126108477E-003 0.27542903266165E+002 0.10000000000000E+001 0.00000000000000E+000 0.10000000000000E+001 0.21805438608301E+004 0.11918986881208E+001
 287 0.15311676282229E+001 0.16292387606455E-003 0.12113128469358E-004 0.21451711164762E-003 0.14413213614006E-001 0.21914920585552E-002 0.11528272798753E+000 0.11903005302717E-005 0.91633709166464E-018 0.53308847999306E-019 0.46453207902496E-017 0.17666907478378E-017 0.56950862387401E-002 0.13521756840700E+000 0.46941352110605E-009 0.54218418397226E-011 0.25767555586230E-018 0.28807869034556E-027 0.31980508881058E-032 0.16404419692431E-033 0.26490014933931E-008 0.69340317525048E-004 0.72673982383609E+000 -.25780825298963E-042 0.21811659990473E+004 0.41909795435389E-001 -.24255213681037E+003 0.52553827797940E-001 0.10132500000000E+006 0.15389434744447E-003 0.27544154785454E+002 0.10000000000000E+001 0.00000000000000E+000 0.10000000000000E+001 0.21811659990473E+004 0.11294312186238E+001
 288 0.15665050000925E+001 0.16145961906402E-003 0.11930162013721E-004 0.21207361310492E-003 0.14378635138580E-001 0.21803320382107E-002 0.11530448044908E+000 0.11841415983534E-005 0.89638167442605E-018 0.52176603698983E-019 0.45700678813043E-017 0.17480254116802E-017 0.56470366370080E-002 0.13529317225163E+000 0.45835918445045E-009 0.53323322988657E-011 0.24948034169147E-018 0.28041691432988E-027 0.30619666386859E-032 0.15780557438595E-033 0.26430330613848E-008 0.70606243572735E-004 0.72673908659940E+000 -.38391790425748E-042 0.21817583326819E+004 0.41909795435389E-001 -.24254081738749E+003 0.52553827797940E-001 0.10132500000000E+006 0.15385922723415E-003 0.27545347325406E+002 0.10000000000000E+001 0.00000000000000E+000 0.10000000000000E+001 0.21817583326819E+004 0.10706310087708E+001
 289 0.16019859434622E+001 0.16006513129371E-003 0.11757110417159E-004 0.20975526498689E-003 0.14345666448209E-001 0.21696672821688E-002 0.11532519163251E+000 0.11783100440971E-005 0.87759583872958E-018 0.51109957689524E-019 0.44987742191247E-017 0.17302125986568E-017 0.56012085976184E-002 0.13536527928744E+000 0.44799209926056E-009 0.52477164684543E-011 0.24185985027285E-018 0.27323456415596E-027 0.29366479929125E-032 0.15209394668411E-033 0.26372723512032E-008 0.71868318420238E-004 0.72673835952638E+000 -.52120545643317E-042 0.21823223791402E+004 0.41909795435389E-001 -.24253022656240E+003 0.52553827797940E-001 0.10132500000000E+006 0.15382580697400E-003 0.27546483818792E+002 0.10000000000000E+001 0.00000000000000E+000 0.10000000000000E+001 0.21823223791402E+004 0.10152457031647E+001
 290 0.16376048667481E+001 0.15873688372620E-003 0.11593363681068E-004 0.20755493051194E-003 0.14314227069248E-001 0.21594755124026E-002 0.11534491484398E+000 0.11727862861910E-005 0.85990113042063E-018 0.50104580212209E-019 0.44312115828273E-017 0.17132137749017E-017 0.55574956804727E-002 0.13543405715126E+000 0.43826198097361E-009 0.51676920182893E-011 0.23476582876188E-018 0.26649694241166E-027 0.28210926809512E-032 0.14688610426387E-033 0.26317196337103E-008 0.73126648483447E-004 0.72673764205479E+000 -.57164931694031E-042 0.21828595693364E+004 0.41909795435389E-001 -.24252030998008E+003 0.52553827797940E-001 0.10132500000000E+006 0.15379399872664E-003 0.27547567041111E+002 0.10000000000000E+001 0.00000000000000E+000 0.10000000000000E+001 0.21828595693364E+004 0.96304362772754E+000
 291 0.16733563629146E+001 0.15747153915877E-003 0.11438355029308E-004 0.20546593658915E-003 0.14284240979957E-001 0.21497354521565E-002 0.11536370024409E+000 0.11675520678187E-005 0.84322504797165E-018 0.49156463092249E-019 0.43671659660211E-017 0.16969919331047E-017 0.55157967579556E-002 0.13549966509612E+000 0.42912284557803E-009 0.50919778745682E-011 0.22815476298198E-018 0.26017219532561E-027 0.27143740183022E-032 0.14209762114622E-033 0.26263743149722E-008 0.74381339545012E-004 0.72673693368675E+000 -.54427779035831E-042 0.21833712534526E+004 0.41909795435389E-001 -.24251101920219E+003 0.52553827797940E-001 0.10132500000000E+006 0.15376371972918E-003 0.27548599623752E+002 0.10000000000000E+001 0.00000000000000E+000 0.10000000000000E+001 0.21833712534526E+004 0.91381179597857E+000
 292 0.17092351913741E+001 0.15626593361222E-003 0.11291556645284E-004 0.20348203048462E-003 0.14255636356435E-001 0.21404267353097E-002 0.11538159497893E+000 0.11625903382459E-005 0.82750044920940E-018 0.48261888031390E-019 0.43064362426054E-017 0.16815114390567E-017 0.54760155565288E-002 0.13556225470481E+000 0.42053254945640E-009 0.50203121605910E-011 0.22198731901981E-018 0.25423102608536E-027 0.26156630581509E-032 0.13765133409358E-033 0.26212349728742E-008 0.75632495636480E-004 0.72673623401447E+000 -.51977239221422E-042 0.21838587062186E+004 0.41909795435389E-001 -.24250231238335E+003 0.52553827797940E-001 0.10132500000000E+006 0.15373489207947E-003 0.27549584070096E+002 0.10000000000000E+001 0.00000000000000E+000 0.10000000000000E+001 0.21838587062186E+004 0.86735412137080E+000
 293 0.17452362576507E+001 0.15511705138078E-003 0.11152475023975E-004 0.20159733111090E-003 0.14228345367189E-001 0.21315297711393E-002 0.11539864320464E+000 0.11578851257599E-005 0.81266491355362E-018 0.47417391968684E-019 0.42488324961541E-017 0.16667377465409E-017 0.54380600341533E-002 0.13562197084832E+000 0.41245233864001E-009 0.49524499296430E-011 0.21622782390049E-018 0.24864640027684E-027 0.25242373636434E-032 0.13351614886332E-033 0.26162993006498E-008 0.76880217205122E-004 0.72673554278101E+000 -.52908730963741E-042 0.21843231317569E+004 0.41909795435389E-001 -.24249415646062E+003 0.52553827797940E-001 0.10132500000000E+006 0.15370744249889E-003 0.27550522779211E+002 0.10000000000000E+001 0.00000000000000E+000 0.10000000000000E+001 0.21843231317569E+004 0.82348979726389E+000
 294 0.17813545765160E+001 0.15402198538045E-003 0.11020645093361E-004 0.19980626527231E-003 0.14202304074649E-001 0.21230255111506E-002 0.11541488589173E+000 0.11534213828156E-005 0.79865995342101E-018 0.46619723344648E-019 0.41941735537142E-017 0.16526368338544E-017 0.54018413994476E-002 0.13567895316621E+000 0.40484636149259E-009 0.48881602766995E-011 0.21084374698235E-018 0.24339320202084E-027 0.24394586380656E-032 0.12968680780989E-033 0.26115638555626E-008 0.78124596031427E-004 0.72673486002236E+000 -.56047141603248E-042 0.21847656675746E+004 0.41909795435389E-001 -.24248653272686E+003 0.52553827797940E-001 0.10132500000000E+006 0.15368130225222E-003 0.27551418086421E+002 0.10000000000000E+001 0.00000000000000E+000 0.10000000000000E+001 0.21847656675746E+004 0.78205185858540E+000
 295 0.18175850171841E+001 0.15297786835286E-003 0.10895621730715E-004 0.19810347367104E-003 0.14177452633822E-001 0.21148950287960E-002 0.11543036015047E+000 0.11491847760554E-005 0.78542989781822E-018 0.45865778928657E-019 0.41422829278621E-017 0.16391740971684E-017 0.53672724693847E-002 0.13573333849036E+000 0.39768107633963E-009 0.48272221618157E-011 0.20580512790423E-018 0.23844778419571E-027 0.23607417058868E-032 0.12614870730332E-033 0.26070234093175E-008 0.79365696778596E-004 0.72673418637233E+000 -.56405407657986E-042 0.21851873856850E+004 0.41909795435389E-001 -.24247944985262E+003 0.52553827797940E-001 0.10132500000000E+006 0.15365640745869E-003 0.27552272337356E+002 0.10000000000000E+001 0.00000000000000E+000 0.10000000000000E+001 0.21851873856850E+004 0.74288610841189E+000
 296 0.18539211166072E+001 0.15198174697247E-003 0.10776965980124E-004 0.19648365593037E-003 0.14153736072255E-001 0.21071187344207E-002 0.11544509768169E+000 0.11451613636810E-005 0.77292010944234E-018 0.45152501425993E-019 0.40929816421503E-017 0.16263121984174E-017 0.53342647390359E-002 0.13578526515674E+000 0.39092442071715E-009 0.47694176309717E-011 0.20108385140377E-018 0.23378730128625E-027 0.22875343246312E-032 0.12286592585711E-033 0.26026695163723E-008 0.80603503806713E-004 0.72673352358344E+000 -.53840222706061E-042 0.21855892882323E+004 0.41909795435389E-001 -.24247297251048E+003 0.52553827797940E-001 0.10132500000000E+006 0.15363270015417E-003 0.27553088027123E+002 0.10000000000000E+001 0.00000000000000E+000 0.10000000000000E+001 0.21855892882323E+004 0.70585063363951E+000
 297 0.18903521165995E+001 0.15103031714702E-003 0.10664217307640E-004 0.19494124486606E-003 0.14131105206230E-001 0.20996746461359E-002 0.11545912242889E+000 0.11413369194025E-005 0.76107355731096E-018 0.44476681351175E-019 0.40460737771592E-017 0.16140066219012E-017 0.53027219835721E-002 0.13583488266957E+000 0.38454429195714E-009 0.47145182821384E-011 0.19665244991301E-018 0.22938848542048E-027 0.22193049269677E-032 0.11979698161839E-033 0.25984874814271E-008 0.81837825533452E-004 0.72673287513609E+000 -.48666860875641E-042 0.21859723085437E+004 0.41909795435389E-001 -.24246728036352E+003 0.52553827797940E-001 0.10132500000000E+006 0.15361012977445E-003 0.27553868083346E+002 0.10000000000000E+001 0.00000000000000E+000 0.10000000000000E+001 0.21859723085437E+004 0.67081506264318E+000
 298 0.19268595372105E+001 0.15011928629558E-003 0.10556825629749E-004 0.19346955610442E-003 0.14109513917103E-001 0.20925339268910E-002 0.11547245031519E+000 0.11376950780854E-005 0.74982307075961E-018 0.43834510056387E-019 0.40013139078316E-017 0.16021960133642E-017 0.52725238798576E-002 0.13588237686060E+000 0.37850497396073E-009 0.46622529588236E-011 0.19248149185726E-018 0.22522496440149E-027 0.21555077064966E-032 0.11690524202503E-033 0.25944499365888E-008 0.83068229849702E-004 0.72673224652978E+000 -.43694128035874E-042 0.21863373862709E+004 0.41909795435389E-001 -.24246277479138E+003 0.52553827797940E-001 0.10132500000000E+006 0.15358865125918E-003 0.27554616476591E+002 0.10000000000000E+001 0.00000000000000E+000 0.10000000000000E+001 0.21863373862709E+004 0.63765557272863E+000
 299 0.19634177711972E+001 0.14924189054479E-003 0.10453986069391E-004 0.19205858321385E-003 0.14088898182858E-001 0.20856496723302E-002 0.11548510469761E+000 0.11342122745642E-005 0.73907440019810E-018 0.43220609542492E-019 0.39583384469440E-017 0.15907835053228E-017 0.52434861395545E-002 0.13592803090404E+000 0.37275858705547E-009 0.46122326220396E-011 0.18853360770149E-018 0.22126160628904E-027 0.20954938537510E-032 0.11415262108600E-033 0.25905046724748E-008 0.84294198454058E-004 0.72673164456517E+000 -.37474629325618E-042 0.21866858671291E+004 0.41909795435389E-001 -.24246018751716E+003 0.52553827797940E-001 0.10132500000000E+006 0.15356820353214E-003 0.27555339398637E+002 0.10000000000000E+001 0.00000000000000E+000 0.10000000000000E+001 0.21866858671291E+004 0.60623533087699E+000
 300 0.20000000000000E+001 0.14838592689389E-003 0.10354268815608E-004 0.19068960151927E-003 0.14069075493361E-001 0.20789311256828E-002 0.11549720437601E+000 0.11308443505816E-005 0.72867401496052E-018 0.42626220886843E-019 0.39165462880980E-017 0.15796112506278E-017 0.52152675825172E-002 0.13597236765271E+000 0.36722556951668E-009 0.45637895272841E-011 0.18475047083352E-018 0.21744323541234E-027 0.20383231819178E-032 0.11147778895481E-033 0.25865612693308E-008 0.85515871786774E-004 0.72673107429800E+000 -.37474629325618E-042 0.21870212333695E+004 0.41909795435389E-001 -.24246018751716E+003 0.52553827797940E-001 0.10132500000000E+006 0.15354859699547E-003 0.27556046871711E+002 0.10000000000000E+001 0.00000000000000E+000 0.10000000000000E+001 0.21870212333695E+004 0.57638438372780E+000
