[CHEM1D_DATAFILE_VERSION]
 4

[NUMBER_OF_GRIDPOINTS]
         300
[MOLE_OR_MASS_FRACTIONS]
 MASS
[NUMBER_OF_SPECIES]
          23
[NUMBER_OF_VARIABLES]
          35

[TIME]
0.000000000000000E+00
[INLET]
Phi =  0.95, Tinlet =  300.00 K, Pinlet =  101325.00 Pa.
[COMMENT]
Adiabatic flame, Stationary solution, Mixture averaged diffusion, Detailed chemistry,  No radiation model.
 No heat exchanger model.
[USER_COMMENT]
-                                                      

[FILE_STRUCTURE_COLUMNS_CONTAINING]
 i x(i) H2               H                O                O2               OH               H2O              HO2              CH2              CH2(S)           CH3              CH4              CO               CO2              HCO              CH2O             CH3O             C2H4             C2H5             C2H6             N                NO               N2               AR               Temp             Massflow         Enthalpy         MixFrac          Press            Density          MeanMass         Surface          Stretch          Porosity         Tsolid           HeatRel         
   1 -.50000000000000E+000 0.00000000000000E+000 0.00000000000000E+000 0.00000000000000E+000 0.22067680466931E+000 0.00000000000000E+000 0.40138878930914E-033 0.00000000000000E+000 0.00000000000000E+000 0.00000000000000E+000 0.00000000000000E+000 0.52553827797940E-001 0.00000000000000E+000 0.00000000000000E+000 0.00000000000000E+000 0.00000000000000E+000 0.00000000000000E+000 0.00000000000000E+000 0.00000000000000E+000 0.00000000000000E+000 0.00000000000000E+000 0.00000000000000E+000 0.72676936753275E+000 0.00000000000000E+000 0.30000000000000E+003 0.41909794878858E-001 -.24234924949860E+003 0.52553827797940E-001 0.10132500000000E+006 0.11247681546612E-002 0.27688684910207E+002 0.10000000000000E+001 0.00000000000000E+000 0.10000000000000E+001 0.30000000000000E+003 -.56677293158455E-032
   2 -.44474770282236E+000 0.18431805665063E-012 -.17212183866123E-040 0.74464398474805E-032 0.22067680466870E+000 0.45934672878653E-035 0.62528807385517E-033 0.10229170706007E-035 -.55805313235692E-040 -.55404141333990E-040 0.21853872596684E-033 0.52553827797780E-001 0.39848138672213E-039 0.40638943068302E-046 -.55645508513071E-040 0.54994487700421E-037 -.47408213699757E-040 0.46952235762409E-040 -.48642198546387E-040 -.55646740186853E-036 -.72374597083520E-041 0.15504723630202E-040 0.72676936753334E+000 0.52134810085523E-046 0.29999999999965E+003 0.41909794878858E-001 -.24234924949823E+003 0.52553827797940E-001 0.10132500000000E+006 0.11247681546599E-002 0.27688684910143E+002 0.10000000000000E+001 0.00000000000000E+000 0.10000000000000E+001 0.29999999999965E+003 0.25663041130056E-030
   3 -.38949602445964E+000 0.26099489306847E-011 -.17579712707196E-040 0.70166846155809E-029 0.22067680466057E+000 0.43283795689764E-032 0.11460914432827E-030 0.20431550866025E-035 -.54600569349932E-040 -.55368451539713E-040 0.20516954972400E-030 0.52553827795674E-001 0.41423889301946E-038 0.51131325434750E-045 -.54975391087973E-040 0.51638446619299E-034 -.54545517161308E-040 0.53033528446368E-040 -.54946678023602E-040 -.15723162659391E-035 -.14466233324978E-040 0.35963952813473E-040 0.72676936754115E+000 0.64914409514179E-045 0.29999999999501E+003 0.41909794878858E-001 -.24234924949337E+003 0.52553827797940E-001 0.10132500000000E+006 0.11247681546432E-002 0.27688684909302E+002 0.10000000000000E+001 0.00000000000000E+000 0.10000000000000E+001 0.29999999999501E+003 0.24715448134444E-027
   4 -.33425151953764E+000 0.34519839683746E-010 0.36653287148800E-041 0.65966415895244E-026 0.22067680455385E+000 0.40693264785036E-029 0.11566082510710E-027 0.72032284677195E-035 -.33829927434783E-040 -.54449425597177E-040 0.19277592330777E-027 0.52553827768010E-001 0.52346401362757E-037 0.65875211355139E-044 -.43317095452645E-040 0.48489996843249E-031 -.56128265305370E-040 0.55071863145186E-040 -.57077610331392E-040 -.72242745489179E-035 0.70724498966155E-038 0.86251148878443E-038 0.72676936764362E+000 0.83600103340636E-044 0.29999999993398E+003 0.41909794878858E-001 -.24234924942953E+003 0.52553827797940E-001 0.10132500000000E+006 0.11247681544227E-002 0.27688684898241E+002 0.10000000000000E+001 0.00000000000000E+000 0.10000000000000E+001 0.29999999993398E+003 0.23236830326393E-024
   5 -.27906616018188E+000 0.45306391855306E-009 0.16227073981251E-036 0.61386704560082E-023 0.22067680317037E+000 0.37872169719538E-026 0.16134609812446E-024 0.48970510264976E-031 0.72429968548349E-041 -.38391864148160E-040 0.17878137376860E-024 0.52553827408640E-001 0.37680692003808E-034 0.36025862649519E-039 0.40553978256093E-041 0.44807594021158E-028 -.53920997014621E-040 0.17347467574479E-039 -.17878859086835E-039 -.43416444651204E-032 0.33475440247367E-034 0.40514854361755E-034 0.72676936896792E+000 0.10742039057045E-042 0.29999999913862E+003 0.41909794878858E-001 -.24234924860295E+003 0.52553827797940E-001 0.10132500000000E+006 0.11247681515106E-002 0.27688684753146E+002 0.10000000000000E+001 0.00000000000000E+000 0.10000000000000E+001 0.29999999913862E+003 0.21626418784944E-021
   6 -.22422181180081E+000 0.58503587619461E-008 0.17222438780337E-032 0.53872085365749E-020 0.22067678614936E+000 0.33283217506180E-023 0.12882612070525E-019 0.28950952275398E-027 0.93585910618009E-040 0.36639062082403E-041 0.15476543063345E-021 0.52553822959457E-001 -.11264319786568E-025 -.13392636539058E-030 0.52408583030264E-040 0.38183482249462E-025 0.60363344837758E-038 -.89387592755847E-032 -.13816970839618E-036 -.37603627132407E-029 0.14606622897457E-030 0.13114798259202E-030 0.72676938504082E+000 0.13132966609499E-041 0.29999998920754E+003 0.41909794878858E-001 -.24234923845452E+003 0.52553827797940E-001 0.10132500000000E+006 0.11247681126983E-002 0.27688682881098E+002 0.10000000000000E+001 0.00000000000000E+000 0.10000000000000E+001 0.29999998920754E+003 0.19012463893165E-018
   7 -.17076003239346E+000 0.70832585791803E-007 0.14013787984777E-028 0.37466249392688E-017 0.22067660671798E+000 0.24012358842428E-020 0.13536410538045E-014 0.87068846305295E-020 0.16450446845089E-037 0.81373065045885E-039 0.12953414313280E-018 0.52553775509030E-001 0.39193137051850E-018 0.40345700347544E-023 0.93473036005159E-038 0.30603398709086E-022 0.57268327798073E-030 0.27063877842721E-024 -.16387097944680E-033 0.41690506767495E-025 0.46541003480338E-027 0.11447620606234E-023 0.72676954694040E+000 0.13882562917668E-040 0.29999988178030E+003 0.41909794878858E-001 -.24234913166528E+003 0.52553827797940E-001 0.10132500000000E+006 0.11247675983449E-002 0.27688660304082E+002 0.10000000000000E+001 0.00000000000000E+000 0.10000000000000E+001 0.29999988178030E+003 0.13841880173728E-015
   8 -.12126332475998E+000 0.71345678644502E-006 0.78555589319935E-025 0.13921374305855E-014 0.22067524609964E+000 0.18194651768987E-017 0.23515691870203E-010 0.47688960707019E-014 0.11181443273753E-030 0.47569940960452E-032 0.10538565240396E-014 0.52553410227984E-001 0.23923898861710E-012 -.11398107244618E-016 0.63378328756052E-031 -.63728587840406E-018 -.20685634800813E-022 -.76478146912977E-018 -.82828632839504E-027 -.13898380567961E-018 0.64822724103994E-024 0.10882009415232E-017 0.72677063019182E+000 0.10757560450938E-039 0.29999904055194E+003 0.41909794878858E-001 -.24234832171785E+003 0.52553827797940E-001 0.10132500000000E+006 0.11247616537727E-002 0.27688436323952E+002 0.10000000000000E+001 0.00000000000000E+000 0.10000000000000E+001 0.29999904055194E+003 0.11879084222658E-012
   9 -.79818309266662E-001 0.49550818435662E-005 0.43140813067722E-021 0.16656224527864E-012 0.22066930917276E+000 0.29587328059971E-014 0.33055112387154E-007 0.30993929312658E-010 0.33836208891849E-024 0.16253877397332E-025 0.22185608375105E-011 0.52551579277155E-001 0.16094460675067E-008 0.41039408717304E-011 0.26652618100943E-024 0.31435614586231E-012 0.47455999196049E-016 0.27527507430498E-012 0.21366138138278E-020 0.53957866219093E-013 0.21420575495451E-021 0.83123253942532E-014 0.72677412176555E+000 0.41281267905508E-039 0.29999514118297E+003 0.41909794878858E-001 -.24234434474460E+003 0.52553827797940E-001 0.10132500000000E+006 0.11247161418005E-002 0.27686956070482E+002 0.10000000000000E+001 0.00000000000000E+000 0.10000000000000E+001 0.29999514118297E+003 0.21489874920058E-009
  10 -.49928982436126E-001 0.20199506964849E-004 0.79462942350994E-018 0.48110101827220E-011 0.22066072429929E+000 0.15393695108416E-011 0.39438944868557E-005 0.76272867450329E-008 0.24403552436490E-019 0.12394858152699E-020 0.32571791982415E-009 0.52538804684011E-001 0.40204432790281E-006 0.13008630091704E-007 0.41129284975967E-019 0.11213020904985E-008 0.11659909069661E-011 0.69318904522628E-009 0.16428144542767E-015 0.46242552033082E-009 0.12443963778865E-019 0.21915570726609E-011 0.72677590232266E+000 -.12855021395845E-038 0.30001726474810E+003 0.41909794878858E-001 -.24231501130158E+003 0.52553827797940E-001 0.10132500000000E+006 0.11244217271494E-002 0.27681749791621E+002 0.10000000000000E+001 0.00000000000000E+000 0.10000000000000E+001 0.30001726474810E+003 0.17288468178351E-006
  11 -.31787244504145E-001 0.47706052124038E-004 0.17058121462706E-015 0.37020554357057E-010 0.22067613270196E+000 0.12734566330419E-009 0.65792509156134E-004 0.18286456532052E-006 0.35721926753132E-016 0.18409812430529E-017 0.58597188929156E-008 0.52441031987119E-001 0.97164336833817E-005 0.90697335124277E-006 0.15621599753389E-015 0.81081471521130E-007 0.36916980350981E-009 0.44555362123204E-007 0.10872854036778E-012 0.44354391095892E-007 0.14621689005949E-018 0.54354102481789E-010 0.72675835403910E+000 -.61359265020363E-038 0.30064445806378E+003 0.41909794878858E-001 -.24206089559756E+003 0.52553827797940E-001 0.10132500000000E+006 0.11217281443106E-002 0.27673168143689E+002 0.10000000000000E+001 0.00000000000000E+000 0.10000000000000E+001 0.30064445806378E+003 0.31494942778413E-004
  12 -.22246268328622E-001 0.75239004980108E-004 0.46699413617576E-014 0.11325102621530E-009 0.22069300796941E+000 0.15607666144055E-008 0.28969472724716E-003 0.96708183743743E-006 0.19042991439084E-014 0.99343055974794E-016 0.25865109693893E-007 0.52170722318975E-001 0.51726609509276E-004 0.80615386297202E-005 0.15757707836605E-013 0.72557169106266E-006 0.80485903347240E-008 0.38141260166763E-006 0.45438063181673E-011 0.45601859953572E-006 0.53987264156105E-018 0.29312224310968E-009 0.72670898186111E+000 0.50038548836563E-039 0.30317900778764E+003 0.41909794878858E-001 -.24131546949860E+003 0.52553827797940E-001 0.10132500000000E+006 0.11120509518206E-002 0.27665713563379E+002 0.10000000000000E+001 0.00000000000000E+000 0.10000000000000E+001 0.30317900778764E+003 0.65266417863348E-003
  13 -.17421686610473E-001 0.94943575861956E-004 0.28051099839775E-013 0.21040276188726E-009 0.22065385177823E+000 0.52057140225461E-008 0.61278158744021E-003 0.22431105003544E-005 0.13221425309229E-013 0.70027342908164E-015 0.54805701252277E-007 0.51837437501823E-001 0.12068016291348E-003 0.24364518868061E-004 0.15437762026603E-012 0.21853240475313E-005 0.38462644552746E-007 0.11313395240096E-005 0.32476906966291E-010 0.14829180644125E-005 0.10465619567325E-017 0.68831255139597E-009 0.72664879877728E+000 0.30645941530564E-038 0.30703481383449E+003 0.41909794878858E-001 -.24037608696660E+003 0.52553827797940E-001 0.10132500000000E+006 0.10978867798678E-002 0.27660704684672E+002 0.10000000000000E+001 0.00000000000000E+000 0.10000000000000E+001 0.30703481383449E+003 0.31631898908417E-002
  14 -.14697407898725E-001 0.10840788178837E-003 0.79704063505832E-013 0.30789618072471E-009 0.22057272675537E+000 0.98942081729265E-008 0.93232879958243E-003 0.35936975566217E-005 0.38116869128919E-013 0.20488019800275E-014 0.84559441670108E-007 0.51539377028696E-001 0.19421570718558E-003 0.45357078384477E-004 0.53783419262297E-012 0.40494745096078E-005 0.91310096449460E-007 0.20842261859404E-005 0.96182707704007E-010 0.28778172430935E-005 0.15197150357368E-017 0.11117214340230E-008 0.72659479425329E+000 0.32354276331792E-038 0.31096530113188E+003 0.41909794878858E-001 -.23953065118802E+003 0.52553827797940E-001 0.10132500000000E+006 0.10838700577900E-002 0.27657136485046E+002 0.10000000000000E+001 0.00000000000000E+000 0.10000000000000E+001 0.31096530113188E+003 0.77100541544686E-002
  15 -.12855412703075E-001 0.11866816413924E-003 0.16427611537636E-012 0.40533795222555E-009 0.22046875955545E+000 0.15058411408770E-007 0.12346753440847E-002 0.49266741798132E-005 0.77174407101626E-013 0.42056769091277E-014 0.11429403195042E-006 0.51276175691427E-001 0.26722837409410E-003 0.68792257229106E-004 0.12284199892802E-011 0.61148184413633E-005 0.16184262303817E-006 0.31393707039943E-005 0.19717540670423E-009 0.44891039928999E-005 0.19543182041382E-017 0.15332913459863E-008 0.72654673731391E+000 0.65435830639900E-038 0.31475727084417E+003 0.41909794878858E-001 -.23878264778024E+003 0.52553827797940E-001 0.10132500000000E+006 0.10706984842437E-002 0.27654195044278E+002 0.10000000000000E+001 0.00000000000000E+000 0.10000000000000E+001 0.31475727084417E+003 0.14036807886587E-001
  16 -.11430707341991E-001 0.12733364198895E-003 0.29103317990170E-012 0.50749780564311E-009 0.22034682812432E+000 0.20707878675251E-007 0.15307899311075E-002 0.62725209856373E-005 0.13282481687698E-012 0.73352599260760E-014 0.14525977981626E-006 0.51031676167361E-001 0.34131828810808E-003 0.94645857599633E-004 0.23049119736368E-011 0.83774801069293E-005 0.25001341399664E-006 0.42968301989273E-005 0.34077450652855E-009 0.63114030323449E-005 0.23729347854244E-017 0.19619048866622E-008 0.72650173096121E+000 0.86467186791004E-038 0.31852510609615E+003 0.41909794878858E-001 -.23808703826909E+003 0.52553827797940E-001 0.10132500000000E+006 0.10579298015658E-002 0.27651492850190E+002 0.10000000000000E+001 0.00000000000000E+000 0.10000000000000E+001 0.31852510609615E+003 0.22256562340991E-001
  17 -.10242842509177E-001 0.13509748909491E-003 0.47382167245376E-012 0.61798741065571E-009 0.22020790148580E+000 0.26924547816254E-007 0.18278382534146E-002 0.76559676399115E-005 0.20895345126434E-012 0.11691805791322E-013 0.17844405272588E-006 0.50796973968566E-001 0.41782081762631E-003 0.12316122923998E-003 0.38725186995748E-011 0.10856528493735E-004 0.35722644313433E-006 0.55679173200586E-005 0.53533261750557E-009 0.83618681593996E-005 0.27889386331184E-017 0.24051282241003E-008 0.72645819831659E+000 0.90783118975936E-038 0.32234985243668E+003 0.41909794878858E-001 -.23741850519314E+003 0.52553827797940E-001 0.10132500000000E+006 0.10452778824633E-002 0.27648864457996E+002 0.10000000000000E+001 0.00000000000000E+000 0.10000000000000E+001 0.32234985243668E+003 0.32627012026461E-001
  18 -.92091608282843E-002 0.14228828562676E-003 0.73102314276332E-012 0.73949917530255E-009 0.22005227098210E+000 0.33782106361327E-007 0.21293576752694E-002 0.90897596079848E-005 0.31048287497226E-012 0.17601354179634E-013 0.21456106494738E-006 0.50567731726990E-001 0.49743483028471E-003 0.15451910866835E-003 0.60586934037726E-011 0.13565003671529E-004 0.48504197699970E-006 0.69607860511407E-005 0.79086979665467E-009 0.10655385080028E-004 0.32093017438425E-017 0.28669302002321E-008 0.72641538866708E+000 0.88409310859879E-038 0.32627222643331E+003 0.41909794878858E-001 -.23676447015578E+003 0.52553827797940E-001 0.10132500000000E+006 0.10326134467501E-002 0.27646231820755E+002 0.10000000000000E+001 0.00000000000000E+000 0.10000000000000E+001 0.32627222643331E+003 0.45449061307935E-001
  19 -.82855147870113E-002 0.14908273062620E-003 0.10865092996966E-011 0.87433545460001E-009 0.21988014753159E+000 0.41345544622828E-007 0.24370300304038E-002 0.10579979439741E-004 0.44336797716020E-012 0.25465504459469E-013 0.25419336911079E-006 0.50341753282979E-001 0.58049987681873E-003 0.18883556122559E-003 0.90127632381135E-011 0.16510001531286E-004 0.63492198421593E-006 0.84805728711325E-005 0.11187617815741E-008 0.13203128179686E-004 0.36379212073432E-017 0.33492334994088E-008 0.72637294149054E+000 0.83279866966120E-038 0.33031156689783E+003 0.41909794878858E-001 -.23611835003906E+003 0.52553827797940E-001 0.10132500000000E+006 0.10198869424847E-002 0.27643553934231E+002 0.10000000000000E+001 0.00000000000000E+000 0.10000000000000E+001 0.33031156689783E+003 0.61047257593672E-001
  20 -.74455425124268E-002 0.15558532073090E-003 0.15712349996980E-011 0.10246656628822E-008 0.21969179460740E+000 0.49674699395029E-007 0.27515641640913E-002 0.12129044460575E-004 0.61468994647083E-012 0.35770953963731E-013 0.29786178818114E-006 0.50117902868203E-001 0.66715459193118E-003 0.22617783155449E-003 0.12906694705364E-010 0.19694225535005E-004 0.80815499010597E-006 0.10130204889133E-004 0.15316827305242E-008 0.16013077090142E-004 0.40771483107586E-017 0.38528115784223E-008 0.72633069194835E+000 0.76860220010299E-038 0.33447572106463E+003 0.41909794878858E-001 -.23547653692153E+003 0.52553827797940E-001 0.10132500000000E+006 0.10070895126503E-002 0.27640808036432E+002 0.10000000000000E+001 0.00000000000000E+000 0.10000000000000E+001 0.33447572106463E+003 0.79764947374693E-001
  21 -.66719632282723E-002 0.16186392454667E-003 0.22259041219303E-011 0.11926979499409E-008 0.21948750195826E+000 0.58828979882698E-007 0.30732115930923E-002 0.13737671155680E-004 0.83284488128493E-012 0.49105170761273E-013 0.34607117230061E-006 0.49895547442926E-001 0.75744230964922E-003 0.26658666264402E-003 0.17937629448923E-010 0.23118012221766E-004 0.10058780001443E-005 0.11911434409228E-004 0.20437659051740E-008 0.19091360255532E-004 0.45286274828032E-017 0.43778924860835E-008 0.72628856921728E+000 0.69870602351843E-038 0.33876710196266E+003 0.41909794878858E-001 -.23483683678162E+003 0.52553827797940E-001 0.10132500000000E+006 0.99423035541804E-003 0.27637980768679E+002 0.10000000000000E+001 0.00000000000000E+000 0.10000000000000E+001 0.33876710196266E+003 0.10196934569622E+000
  22 -.59526092330216E-002 0.16796631521157E-003 0.31053474334468E-011 0.13807904667591E-008 0.21926754664266E+000 0.68870672189954E-007 0.34020292036865E-002 0.15405928006127E-004 0.11077899376577E-011 0.66176451847629E-013 0.39933754078490E-006 0.49674289173734E-001 0.85136822564594E-003 0.31009169360212E-003 0.24331532545965E-010 0.26780695429008E-004 0.12291128006354E-005 0.13825537062817E-004 0.26708614349805E-008 0.22443280581786E-004 0.49937209853921E-017 0.49244869601542E-008 0.72624654697862E+000 0.62766664307528E-038 0.34318584447353E+003 0.41909794878858E-001 -.23419772138327E+003 0.52553827797940E-001 0.10132500000000E+006 0.98132540820704E-003 0.27635063850088E+002 0.10000000000000E+001 0.00000000000000E+000 0.10000000000000E+001 0.34318584447353E+003 0.12805968423648E+000
  23 -.52784812448584E-002 0.17392805402206E-003 0.42856942750346E-011 0.15915207755717E-008 0.21903217844715E+000 0.79866585164804E-007 0.37379907255123E-002 0.17133678382393E-004 0.14513235843131E-011 0.87837186571388E-013 0.45820200112874E-006 0.49453849556424E-001 0.94892351811209E-003 0.35671835374089E-003 0.32347319771059E-010 0.30681208644688E-004 0.14787844599285E-005 0.15873621555209E-004 0.34308138790468E-008 0.26073790927179E-004 0.54737005997690E-017 0.54925268405665E-008 0.72620462163945E+000 0.55860220075032E-038 0.34773114069349E+003 0.41909794878858E-001 -.23355800585620E+003 0.52553827797940E-001 0.10132500000000E+006 0.96839266112284E-003 0.27632051994464E+002 0.10000000000000E+001 0.00000000000000E+000 0.10000000000000E+001 0.34773114069349E+003 0.15847553216772E+000
  24 -.46426924189879E-002 0.17977660457590E-003 0.58760574317608E-011 0.18277362848482E-008 0.21878161963569E+000 0.91888917478018E-007 0.40810316526794E-002 0.18920747196012E-004 0.18774033917824E-011 0.11511067791509E-012 0.52323824760307E-006 0.49234018221077E-001 0.10500944282328E-002 0.40649031991572E-003 0.42281404599936E-010 0.34818296437031E-004 0.17557263266997E-005 0.18056739121571E-004 0.43437537149683E-008 0.29987665320520E-004 0.59698372585282E-017 0.60819169658143E-008 0.72616280253270E+000 0.49368293985583E-038 0.35240176419973E+003 0.41909794878858E-001 -.23291670738761E+003 0.52553827797940E-001 0.10132500000000E+006 0.95545033209135E-003 0.27628941847968E+002 0.10000000000000E+001 0.00000000000000E+000 0.10000000000000E+001 0.35240176419973E+003 0.19370604683000E+000
  25 -.40398376711835E-002 0.18553372225175E-003 0.80371488370750E-011 0.20925987983339E-008 0.21851606932532E+000 0.10501591865658E-006 0.44310682379495E-002 0.20766980895861E-004 0.24025121378040E-011 0.14922235729298E-012 0.59505740158460E-006 0.49014627849092E-001 0.11548655743438E-002 0.45943023326670E-003 0.54472798291287E-010 0.39190574220208E-004 0.20606787141865E-005 0.20375914694799E-004 0.54324131628927E-008 0.34189547242283E-004 0.64834500642081E-017 0.66925539341651E-008 0.72612110700606E+000 0.43444519401158E-038 0.35719628085268E+003 0.41909794878858E-001 -.23227297655503E+003 0.52553827797940E-001 0.10132500000000E+006 0.94251613525193E-003 0.27625731392684E+002 0.10000000000000E+001 0.00000000000000E+000 0.10000000000000E+001 0.35719628085268E+003 0.23430142104891E+000
  26 -.34655897931307E-002 0.19121696429432E-003 0.11009941746959E-010 0.23896289993885E-008 0.21823570856434E+000 0.11933258094952E-006 0.47880061837966E-002 0.22672265938717E-004 0.30460837097915E-011 0.19163632809562E-012 0.67431174523589E-006 0.48795540393339E-001 0.12632211008030E-002 0.51555979071907E-003 0.69308918095707E-010 0.43796534322276E-004 0.23942848649520E-005 0.22832149943762E-004 0.67224744285397E-008 0.38683952335340E-004 0.70159387450427E-017 0.73243324680733E-008 0.72607955765099E+000 0.38199784988163E-038 0.36211313805915E+003 0.41909794878858E-001 -.23162605980084E+003 0.52553827797940E-001 0.10132500000000E+006 0.92960697394346E-003 0.27622419581610E+002 0.10000000000000E+001 0.00000000000000E+000 0.10000000000000E+001 0.36211313805915E+003 0.28088745579519E+000
  27 -.29164274696762E-002 0.19684070522185E-003 0.15158097393331E-010 0.27227537208048E-008 0.21794070478156E+000 0.13493145747962E-006 0.51517450833066E-002 0.24636530085483E-004 0.38310014626270E-011 0.24409830481259E-012 0.76169799854037E-006 0.48576638672594E-001 0.13751450395935E-002 0.57489965019445E-003 0.87232274616326E-010 0.48634536462668E-004 0.27570858565954E-005 0.25426417832456E-004 0.82429562723248E-008 0.43475256824801E-004 0.75688092976329E-017 0.79771473110565E-008 0.72603818056169E+000 0.33713244845649E-038 0.36715070637247E+003 0.41909794878858E-001 -.23097527652001E+003 0.52553827797940E-001 0.10132500000000E+006 0.91673880497250E-003 0.27619006098691E+002 0.10000000000000E+001 0.00000000000000E+000 0.10000000000000E+001 0.36715070637247E+003 0.33418382786709E+000
  28 -.23894437257360E-002 0.20241686675286E-003 0.21028274649452E-010 0.30963587779546E-008 0.21763121439647E+000 0.15191369362491E-006 0.55221820720470E-002 0.26659741073112E-004 0.47841864511005E-011 0.30868639170971E-012 0.85796070721204E-006 0.48357820183895E-001 0.14906217409046E-002 0.63746949610663E-003 0.10874829591957E-009 0.53702811388602E-004 0.31495163417727E-005 0.28159663990424E-004 0.10026648687381E-007 0.48567698598097E-004 0.81436986939034E-017 0.86508956023399E-008 0.72599700402925E+000 0.30036443911051E-038 0.37230731696537E+003 0.41909794878858E-001 -.23032000187625E+003 0.52553827797940E-001 0.10132500000000E+006 0.90392654036434E-003 0.27615491181573E+002 0.10000000000000E+001 0.00000000000000E+000 0.10000000000000E+001 0.37230731696537E+003 0.39502639450584E+000
  29 -.18821945900269E-002 0.20795560178205E-003 0.29432759492133E-010 0.35153602055770E-008 0.21730737533663E+000 0.17039077800510E-006 0.58992250157382E-002 0.28741957759556E-004 0.59373271987507E-011 0.38787358351959E-012 0.96389875070366E-006 0.48138986652834E-001 0.16096395634981E-002 0.70329001909349E-003 0.13443526906302E-009 0.58999617853738E-004 0.35719126298530E-005 0.31032891452925E-004 0.12110659258009E-007 0.53965535773406E-004 0.87424159348853E-017 0.93454983302422E-008 0.72595605646371E+000 0.27195309727747E-038 0.37758143776704E+003 0.41909794878858E-001 -.22965963593495E+003 0.52553827797940E-001 0.10132500000000E+006 0.89118364188536E-003 0.27611875388643E+002 0.10000000000000E+001 0.00000000000000E+000 0.10000000000000E+001 0.37758143776704E+003 0.46439519018997E+000
  30 -.13925096901247E-002 0.21346672278605E-003 0.41560938092672E-010 0.39853712972625E-008 0.21696924101430E+000 0.19049011326071E-006 0.62828683343235E-002 0.30883734352965E-004 0.73280236916994E-011 0.48462164430611E-012 0.10803933496140E-005 0.47919999552210E-001 0.17322150996710E-002 0.77239685568030E-003 0.16496207177506E-009 0.64524346508409E-004 0.40246012113785E-005 0.34047766647353E-004 0.14537490439289E-007 0.59674203203594E-004 0.93670905378147E-017 0.10061041732876E-007 0.72591535808741E+000 0.25194311398682E-038 0.38297273935076E+003 0.41909794878858E-001 -.22899346723250E+003 0.52553827797940E-001 0.10132500000000E+006 0.87851973110588E-003 0.27608158774754E+002 0.10000000000000E+001 0.00000000000000E+000 0.10000000000000E+001 0.38297273935076E+003 0.54346050024762E+000
  31 -.91807841228243E-003 0.21896414683365E-003 0.59139148543287E-010 0.45132658865439E-008 0.21661649285523E+000 0.21237584405165E-006 0.66735000873160E-002 0.33087859098222E-004 0.90024870404858E-011 0.60258952107352E-012 0.12085263802166E-005 0.47700510993806E-001 0.18584943443057E-002 0.84490057424359E-003 0.20113725501041E-009 0.70282224738100E-004 0.45083062010915E-005 0.37209231150538E-004 0.17358381179704E-007 0.65705358591711E-004 0.10020736753886E-016 0.10798368196420E-007 0.72587489017637E+000 0.24026409623205E-038 0.38848646122775E+003 0.41909794878858E-001 -.22832014486423E+003 0.52553827797940E-001 0.10132500000000E+006 0.86593118832057E-003 0.27604337771004E+002 0.10000000000000E+001 0.00000000000000E+000 0.10000000000000E+001 0.38848646122775E+003 0.63369904407439E+000
  32 -.45562205526224E-003 0.22447616003373E-003 0.84703433986746E-010 0.51087595437191E-008 0.21624768465237E+000 0.23630618428526E-006 0.70726702403593E-002 0.35363839176258E-004 0.11022609746817E-010 0.74666796472123E-012 0.13499201737907E-005 0.47479555671598E-001 0.19890122228205E-002 0.92114577581378E-003 0.24404502207729E-009 0.76296622679417E-004 0.50252678417698E-005 0.40532427479027E-004 0.20642823232220E-007 0.72090449249839E-004 0.10708729802451E-016 0.11560592657620E-007 0.72583452279152E+000 0.23696043622988E-038 0.39414443415787E+003 0.41909794878858E-001 -.22763637822875E+003 0.52553827797940E-001 0.10132500000000E+006 0.85337884688432E-003 0.27600397348052E+002 0.10000000000000E+001 0.00000000000000E+000 0.10000000000000E+001 0.39414443415787E+003 0.73719544995670E+000
  33 0.00000000000000E+000 0.23005814095106E-003 0.12212629525685E-009 0.57873059227652E-008 0.21585915350164E+000 0.26273029297633E-006 0.74841149530252E-002 0.37734130408917E-004 0.13480200306544E-010 0.92407374854994E-012 0.15073261086002E-005 0.47255036370191E-001 0.21250537717844E-002 0.10019454323033E-002 0.29531489320015E-009 0.82626713960127E-004 0.55809547360402E-005 0.44052892750041E-004 0.24497006715682E-007 0.78901136481534E-004 0.11441055827432E-016 0.12355214081608E-007 0.72579392887399E+000 0.24264549750873E-038 0.40000000000000E+003 0.41909794878858E-001 -.22693522771589E+003 0.52553827797940E-001 0.10132500000000E+006 0.84076148327307E-003 0.27596300266874E+002 0.10000000000000E+001 0.00000000000000E+000 0.10000000000000E+001 0.40000000000000E+003 0.85720385749350E+000
  34 0.42817605441386E-003 0.23544375676840E-003 0.17370692896046E-009 0.65225770375849E-008 0.21547031755817E+000 0.29048813663024E-006 0.78875646350244E-002 0.40081561890735E-004 0.16315480904294E-010 0.11310899453801E-011 0.16738066281615E-005 0.47037800802695E-001 0.22598917533758E-002 0.10832881087602E-002 0.35337401364050E-009 0.88955748689320E-004 0.61471428040122E-005 0.47596014486532E-004 0.28786484137436E-007 0.85800166954300E-004 0.12184127220274E-016 0.13142925728058E-007 0.72575509945910E+000 0.25045381415003E-038 0.40576363655970E+003 0.41909794878858E-001 -.22625055908965E+003 0.52553827797940E-001 0.10132500000000E+006 0.82869731959974E-003 0.27592250296288E+002 0.10000000000000E+001 0.00000000000000E+000 0.10000000000000E+001 0.40576363655970E+003 0.98962483026223E+000
  35 0.85153485648797E-003 0.24090452060301E-003 0.24716445672355E-009 0.73580582332051E-008 0.21506242368632E+000 0.32108506670986E-006 0.83027639320532E-002 0.42520411082711E-004 0.19737281125141E-010 0.13837042964412E-011 0.18583201413659E-005 0.46817014690292E-001 0.24000981766042E-002 0.11691198220927E-002 0.42213700239763E-009 0.95588406590706E-004 0.67505597779226E-005 0.51333852385716E-004 0.33780685269721E-007 0.93122960965397E-004 0.12976901759826E-016 0.13962107911240E-007 0.72571612378475E+000 0.25419126885934E-038 0.41171640644973E+003 0.41909794878858E-001 -.22554816196426E+003 0.52553827797940E-001 0.10132500000000E+006 0.81659137107451E-003 0.27588051155890E+002 0.10000000000000E+001 0.00000000000000E+000 0.10000000000000E+001 0.41171640644973E+003 0.11428942691357E+001
  36 0.12670421075830E-002 0.24639750017582E-003 0.34999221136581E-009 0.83003479030429E-008 0.21463865355239E+000 0.35456027477880E-006 0.87262770310596E-002 0.45031069745171E-004 0.23831888621474E-010 0.16892465358825E-011 0.20610255854213E-005 0.46594474754445E-001 0.25445729224754E-002 0.12588230915741E-002 0.50283538924567E-009 0.10247184816420E-003 0.73863383826281E-005 0.55239633960185E-004 0.39541602772122E-007 0.10081998885200E-003 0.13817474937758E-016 0.14806327679751E-007 0.72567737315629E+000 0.25485931374084E-038 0.41780928266187E+003 0.41909794878858E-001 -.22483335121078E+003 0.52553827797940E-001 0.10132500000000E+006 0.80455727868882E-003 0.27583737775436E+002 0.10000000000000E+001 0.00000000000000E+000 0.10000000000000E+001 0.41780928266187E+003 0.13190681144428E+001
  37 0.16736692857062E-002 0.25190311676365E-003 0.49163123146258E-009 0.93591400808382E-008 0.21420073158404E+000 0.39105617143145E-006 0.91563324491591E-002 0.47602896894949E-004 0.28706841180271E-010 0.20568092727561E-011 0.22826200010527E-005 0.46371030562614E-001 0.26927447109072E-002 0.13520752310042E-002 0.59702744244976E-009 0.10957689862586E-003 0.80513878448169E-005 0.59299442760321E-004 0.46149342060174E-007 0.10886583134581E-003 0.14706946374862E-016 0.15672239699314E-007 0.72563903991173E+000 0.25391764622625E-038 0.42401658511326E+003 0.41909794878858E-001 -.22410858206027E+003 0.52553827797940E-001 0.10132500000000E+006 0.79265242026508E-003 0.27579329070514E+002 0.10000000000000E+001 0.00000000000000E+000 0.10000000000000E+001 0.42401658511326E+003 0.15208121492750E+001
  38 0.20715383742073E-002 0.25741640686027E-003 0.68387538269536E-009 0.10547293627841E-007 0.21374935453472E+000 0.43080588095834E-006 0.95922604863517E-002 0.50231230797932E-004 0.34495348996789E-010 0.24976363049981E-011 0.25242743057144E-005 0.46146929826148E-001 0.28444036024129E-002 0.14487650746500E-002 0.70665305445830E-009 0.11689098661993E-003 0.87439085557316E-005 0.63508573690502E-004 0.53703608718564E-007 0.11725268760399E-003 0.15648761508714E-016 0.16558609535500E-007 0.72560120536437E+000 0.25246643546845E-038 0.43032826147218E+003 0.41909794878858E-001 -.22337444847587E+003 0.52553827797940E-001 0.10132500000000E+006 0.78089916928001E-003 0.27574833099582E+002 0.10000000000000E+001 0.00000000000000E+000 0.10000000000000E+001 0.43032826147218E+003 0.17514111876251E+001
  39 0.24611476852783E-002 0.26293778982867E-003 0.94118614014478E-009 0.11880150397410E-007 0.21328480106348E+000 0.47409727201204E-006 0.10033825066545E-001 0.52913560383114E-004 0.41357038055084E-010 0.30252441063895E-011 0.27874186351192E-005 0.45922190386439E-001 0.29994841206233E-002 0.15488677921710E-002 0.83401448855079E-009 0.12440820245965E-003 0.94625432656650E-005 0.67866073849431E-004 0.62319852260863E-007 0.12597993790158E-003 0.16647655610463E-016 0.17465047199871E-007 0.72556390846251E+000 0.25098680441491E-038 0.43674043782369E+003 0.41909794878858E-001 -.22263082709788E+003 0.52553827797940E-001 0.10132500000000E+006 0.76930630774808E-003 0.27570253617652E+002 0.10000000000000E+001 0.00000000000000E+000 0.10000000000000E+001 0.43674043782369E+003 0.20146199139646E+001
  40 0.28430363692187E-002 0.26846876826517E-003 0.12809667234453E-008 0.13375169315018E-007 0.21280724459883E+000 0.52125161479910E-006 0.10480898493459E-001 0.55647595659499E-004 0.49479453217949E-010 0.36555988473113E-011 0.30736127739246E-005 0.45696775352721E-001 0.31579567070832E-002 0.16523796054215E-002 0.98177333975155E-009 0.13212421306740E-003 0.10205918612795E-004 0.72371896486953E-004 0.72126573349705E-007 0.13504860078192E-003 0.17709116886839E-016 0.18391373075019E-007 0.72552717717624E+000 0.24953349837566E-038 0.44325077521378E+003 0.41909794878858E-001 -.22187742847559E+003 0.52553827797940E-001 0.10132500000000E+006 0.75787883390189E-003 0.27565593326654E+002 0.10000000000000E+001 0.00000000000000E+000 0.10000000000000E+001 0.44325077521378E+003 0.23145497295108E+001
  41 0.32177001101856E-002 0.27401074414582E-003 0.17238285527813E-008 0.15051947712292E-007 0.21231684705673E+000 0.57261633501331E-006 0.10933367489689E-001 0.58430679576396E-004 0.59081219162936E-010 0.44074223370030E-011 0.33845030845329E-005 0.45470642517682E-001 0.33197957344004E-002 0.17592980327030E-002 0.11529780881968E-008 0.14003474859159E-003 0.10972502419428E-004 0.77026038407430E-004 0.83264580485344E-007 0.14445962712735E-003 0.18839261406132E-016 0.19337431042177E-007 0.72549103711485E+000 0.24799410121517E-038 0.44985712062250E+003 0.41909794878858E-001 -.22111395518599E+003 0.52553827797940E-001 0.10132500000000E+006 0.74662069140673E-003 0.27560854819273E+002 0.10000000000000E+001 0.00000000000000E+000 0.10000000000000E+001 0.44985712062250E+003 0.26556136923611E+001
  42 0.35855821596753E-002 0.27956482489585E-003 0.22938429458462E-008 0.16932414579101E-007 0.21181377769021E+000 0.62856279422218E-006 0.11391115179589E-001 0.61259655682515E-004 0.70416212764799E-010 0.53025826928930E-011 0.37218124197698E-005 0.45243753532433E-001 0.34849731997589E-002 0.18696178764241E-002 0.13511074112392E-008 0.14813530712029E-003 0.11760573275308E-004 0.81828363015356E-004 0.95887007942236E-007 0.15421353740082E-003 0.20044857765674E-016 0.20303051657490E-007 0.72545551304184E+000 0.24622559006677E-038 0.45655724767315E+003 0.41909794878858E-001 -.22034013171962E+003 0.52553827797940E-001 0.10132500000000E+006 0.73553528971058E-003 0.27556040754618E+002 0.10000000000000E+001 0.00000000000000E+000 0.10000000000000E+001 0.45655724767315E+003 0.30424945958434E+001
  43 0.39470813255761E-002 0.28513187607778E-003 0.30187714055291E-008 0.19041102744482E-007 0.21129821127194E+000 0.68948535826537E-006 0.11854022955701E-001 0.64130865925750E-004 0.83778427838041E-010 0.63665476994989E-011 0.40873405990953E-005 0.45016072894479E-001 0.36534593471447E-002 0.19833316326246E-002 0.15801221111070E-008 0.15642119472817E-003 0.12568223038378E-004 0.86778615974629E-004 0.11015953364240E-006 0.16431044224904E-003 0.21333401415511E-016 0.21288055824743E-007 0.72542062867643E+000 0.24408953013752E-038 0.46334888543196E+003 0.41909794878858E-001 -.21955570095161E+003 0.52553827797940E-001 0.10132500000000E+006 0.72462548865400E-003 0.27551153829779E+002 0.10000000000000E+001 0.00000000000000E+000 0.10000000000000E+001 0.46334888543196E+003 0.34801210711934E+001
  44 0.43025636970871E-002 0.29071264751646E-003 0.39302782496728E-008 0.21405486829315E-007 0.21077031854182E+000 0.75580099647799E-006 0.12321978965365E-001 0.67040200990782E-004 0.99507541209536E-010 0.76289031770614E-011 0.44829707323546E-005 0.44787563781896E-001 0.38252257713442E-002 0.21004316299390E-002 0.18445250650097E-008 0.16488768962823E-003 0.13393372776416E-004 0.91876516310152E-004 0.12626070479391E-006 0.17475021831376E-003 0.22713217976495E-016 0.22292272980257E-007 0.72538640605197E+000 0.24145554436683E-038 0.47022984516661E+003 0.41909794878858E-001 -.21876040938623E+003 0.52553827797940E-001 0.10132500000000E+006 0.71389344015023E-003 0.27546196681580E+002 0.10000000000000E+001 0.00000000000000E+000 0.10000000000000E+001 0.47022984516661E+003 0.39736507447783E+001
  45 0.46523709031071E-002 0.29630786410544E-003 0.50641235791348E-008 0.24056364606483E-007 0.21023025858365E+000 0.82794855664412E-006 0.12794884272093E-001 0.69983147658522E-004 0.11799508906875E-009 0.91239302053888E-011 0.49106759778887E-005 0.44558185187829E-001 0.40002478171068E-002 0.22209118046071E-002 0.21494271106689E-008 0.17353017387997E-003 0.14233786672457E-004 0.97121831868127E-004 0.14438219688815E-006 0.18553265550695E-003 0.24193576981105E-016 0.23315555161043E-007 0.72535286515570E+000 0.23820915150294E-038 0.47719811438601E+003 0.41909794878858E-001 -.21795399614250E+003 0.52553827797940E-001 0.10132500000000E+006 0.70334051146659E-003 0.27541171812341E+002 0.10000000000000E+001 0.00000000000000E+000 0.10000000000000E+001 0.47719811438601E+003 0.45284565349092E+001
  46 0.49968224573509E-002 0.30191823350328E-003 0.64603256282685E-008 0.27028255684661E-007 0.20967817845346E+000 0.90638695132408E-006 0.13272652362464E-001 0.72954804647483E-004 0.13969107051014E-009 0.10891226711635E-010 0.53725219950280E-005 0.44327892341343E-001 0.41785045955029E-002 0.23447678968057E-002 0.25006156958661E-008 0.18234414781528E-003 0.15087075249101E-004 0.10251438626293E-003 0.16472879391812E-006 0.19665746489447E-003 0.25784802135449E-016 0.24357777143103E-007 0.72532002410275E+000 0.23426188897223E-038 0.48425185337832E+003 0.41909794878858E-001 -.21713619308577E+003 0.52553827797940E-001 0.10132500000000E+006 0.69296737028209E-003 0.27536081586864E+002 0.10000000000000E+001 0.00000000000000E+000 0.10000000000000E+001 0.48425185337832E+003 0.51501105243168E+001
  47 0.53362154411047E-002 0.30754441282345E-003 0.81632869732338E-008 0.30359819576279E-007 0.20911421692805E+000 0.99159240005653E-006 0.13755205218653E-001 0.75949885804610E-004 0.16511093510249E-009 0.12976369331184E-010 0.58706658966040E-005 0.44096638722412E-001 0.43599776906839E-002 0.24719967125639E-002 0.29046258923941E-008 0.19132517865758E-003 0.15950692987576E-004 0.10805402534772E-003 0.18751807297196E-006 0.20812420140689E-003 0.27498383488381E-016 0.25418828922126E-007 0.72528789952960E+000 0.22955293038270E-038 0.49138934046926E+003 0.41909794878858E-001 -.21630673081990E+003 0.52553827797940E-001 0.10132500000000E+006 0.68277413530870E-003 0.27530928267600E+002 0.10000000000000E+001 0.00000000000000E+000 0.10000000000000E+001 0.49138934046926E+003 0.58443654276834E+001
  48 0.56708247737028E-002 0.31318698431958E-003 0.10221888625649E-007 0.34094311142943E-007 0.20853850772631E+000 0.10840552741232E-005 0.14242470120376E-001 0.78962736111228E-004 0.19484303488161E-009 0.15431621297484E-010 0.64073547930275E-005 0.43864377638261E-001 0.45446500714427E-002 0.26025954725416E-002 0.33688154529922E-008 0.20046885822857E-003 0.16821937937686E-004 0.11374058767246E-003 0.21297989913514E-006 0.21993219196677E-003 0.29347103749016E-016 0.26498609390905E-007 0.72525650689097E+000 0.22404334699565E-038 0.49860892718414E+003 0.41909794878858E-001 -.21546534354211E+003 0.52553827797940E-001 0.10132500000000E+006 0.67276049460866E-003 0.27525714043722E+002 0.10000000000000E+001 0.00000000000000E+000 0.10000000000000E+001 0.49860892718414E+003 0.66171370950367E+001
  49 0.60009043610433E-002 0.31884644644196E-003 0.12689555740493E-007 0.38280080708566E-007 0.20795118138382E+000 0.11842767517726E-005 0.14734377782319E-001 0.81987363716391E-004 0.22955657136095E-009 0.18316688090968E-010 0.69849248538969E-005 0.43631063105693E-001 0.47325054574178E-002 0.27365614402753E-002 0.39014447023393E-008 0.20977078263639E-003 0.17697954807632E-004 0.11957388732702E-003 0.24135577419295E-006 0.23208048698471E-003 0.31345183213893E-016 0.27597022675276E-007 0.72522586063521E+000 0.21771074499737E-038 0.50590901257592E+003 0.41909794878858E-001 -.21461177172195E+003 0.52553827797940E-001 0.10132500000000E+006 0.66292578373387E-003 0.27520441047118E+002 0.10000000000000E+001 0.00000000000000E+000 0.10000000000000E+001 0.50590901257592E+003 0.74744892351699E+001
  50 0.63266877093983E-002 0.32452319730066E-003 0.15624288128192E-007 0.42971105733133E-007 0.20735236801081E+000 0.12927650114706E-005 0.15230859877200E-001 0.85017475136837E-004 0.27000990584406E-009 0.21699508824060E-010 0.76057989628301E-005 0.43396650991574E-001 0.49235274156478E-002 0.28738913294177E-002 0.45117596182398E-008 0.21922651838106E-003 0.18575738364799E-004 0.12555368738941E-003 0.27289795266803E-006 0.24456779040878E-003 0.33508438163058E-016 0.28713972894195E-007 0.72519597439360E+000 0.21054835595187E-038 0.51328800802345E+003 0.41909794878858E-001 -.21374576597489E+003 0.52553827797940E-001 0.10132500000000E+006 0.65326906714953E-003 0.27515111375840E+002 0.10000000000000E+001 0.00000000000000E+000 0.10000000000000E+001 0.51328800802345E+003 0.84226173031853E+001
  51 0.66483863149500E-002 0.33021747943283E-003 0.19088629388358E-007 0.48227516972946E-007 0.20674220436646E+000 0.14100302793529E-005 0.15731843171781E-001 0.88046496315829E-004 0.31705885064870E-009 0.25657049386549E-010 0.82724787665307E-005 0.43161101711716E-001 0.51176970979175E-002 0.30145796892889E-002 0.52100730719595E-008 0.22883150119358E-003 0.19452132690425E-004 0.13167962912692E-003 0.30786809675106E-006 0.25739229510682E-003 0.35854439334462E-016 0.29849350972809E-007 0.72516686133354E+000 0.20256969881057E-038 0.52074425117345E+003 0.41909794878858E-001 -.21286709707765E+003 0.52553827797940E-001 0.10132500000000E+006 0.64378927308134E-003 0.27509727154659E+002 0.10000000000000E+001 0.00000000000000E+000 0.10000000000000E+001 0.52074425117345E+003 0.94678241265289E+001
  52 0.69661854998231E-002 0.33592927577895E-003 0.23149534618984E-007 0.54116072795532E-007 0.20612084677635E+000 0.15365781198673E-005 0.16237239247020E-001 0.91067574412188E-004 0.37166438593529E-009 0.30276047054374E-010 0.89875274786484E-005 0.42924384937215E-001 0.53149891513447E-002 0.31586158772336E-002 0.60078373795296E-008 0.23858084523624E-003 0.20323825543607E-004 0.13795109993401E-003 0.34653522408537E-006 0.27055138670328E-003 0.38402657279543E-016 0.31003010773176E-007 0.72513853468401E+000 0.19381456519671E-038 0.52827585331876E+003 0.41909794878858E-001 -.21197557421864E+003 0.52553827797940E-001 0.10132500000000E+006 0.63448538927178E-003 0.27504290643830E+002 0.10000000000000E+001 0.00000000000000E+000 0.10000000000000E+001 0.52827585331876E+003 0.10616479485964E+002
  53 0.72802409326638E-002 0.34165821181332E-003 0.27878130162433E-007 0.60710587708135E-007 0.20548848428273E+000 0.16729017454056E-005 0.16746934553308E-001 0.94073590831601E-004 0.43489966637854E-009 0.35653690124611E-010 0.97535476042370E-005 0.42686484065818E-001 0.55153675949672E-002 0.33059808793044E-002 0.69177081319413E-008 0.24846915257837E-003 0.21187347653903E-004 0.14436709500542E-003 0.38917310815214E-006 0.28404133062640E-003 0.41174606724090E-016 0.32174745023500E-007 0.72511100812118E+000 0.18434657738404E-038 0.53588055078745E+003 0.41909794878858E-001 -.21107106340696E+003 0.52553827797940E-001 0.10132500000000E+006 0.62535662230252E-003 0.27498804344688E+002 0.10000000000000E+001 0.00000000000000E+000 0.10000000000000E+001 0.53588055078745E+003 0.11874968073598E+002
  54 0.75906812219650E-002 0.34740356591487E-003 0.33349445317706E-007 0.68092421653975E-007 0.20484534038471E+000 0.18194760418731E-005 0.17260789999319E-001 0.97057239304165E-004 0.50795725515818E-009 0.41898308135947E-010 0.10573168088999E-004 0.42447396218966E-001 0.57187853285337E-002 0.34566467131696E-002 0.79536142897137E-008 0.25849050442294E-003 0.22039093307777E-004 0.15092619184786E-003 0.43605795961962E-006 0.29785719477021E-003 0.44194040232584E-016 0.33364282482992E-007 0.72508429555402E+000 0.17423676867460E-038 0.54355569813933E+003 0.41909794878858E-001 -.21015348960376E+003 0.52553827797940E-001 0.10132500000000E+006 0.61640236651552E-003 0.27493271002483E+002 0.10000000000000E+001 0.00000000000000E+000 0.10000000000000E+001 0.54355569813933E+003 0.13249649437885E+002
  55 0.78976182058558E-002 0.35316443006574E-003 0.39642244442980E-007 0.76351166146777E-007 0.20419165735674E+000 0.19767558397492E-005 0.17778654224813E-001 0.10001118607556E-003 0.59215814039036E-009 0.49130204968884E-010 0.11449053846082E-004 0.42207125950098E-001 0.59251891180944E-002 0.36105799314192E-002 0.91308562827802E-008 0.26863872281065E-003 0.22875367114437E-004 0.15762670369804E-003 0.48746731236910E-006 0.31199315137176E-003 0.47487243425771E-016 0.34571317131092E-007 0.72505841024383E+000 0.16354382061463E-038 0.55129846645900E+003 0.41909794878858E-001 -.20922281437243E+003 0.52553827797940E-001 0.10132500000000E+006 0.60762194687411E-003 0.27487693461211E+002 0.10000000000000E+001 0.00000000000000E+000 0.10000000000000E+001 0.55129846645900E+003 0.14746854884170E+002
  56 0.82011603826554E-002 0.35893994732796E-003 0.46839028414924E-007 0.85585568385167E-007 0.20352767011465E+000 0.21451783510016E-005 0.18300384339759E-001 0.10292826491754E-003 0.68896342555060E-009 0.57482714372742E-010 0.12383936019818E-004 0.41965675638151E-001 0.61345278095221E-002 0.37677477203110E-002 0.10466242392589E-007 0.27890778763568E-003 0.23692442455783E-004 0.16446694615570E-003 0.54368029031510E-006 0.32644302304319E-003 0.51083439528719E-016 0.35795556235348E-007 0.72503336373857E+000 0.15230492092274E-038 0.55910615486054E+003 0.41909794878858E-001 -.20827899916593E+003 0.52553827797940E-001 0.10132500000000E+006 0.59901428001087E-003 0.27482074437633E+002 0.10000000000000E+001 0.00000000000000E+000 0.10000000000000E+001 0.55910615486054E+003 0.16372923301072E+002
  57 0.85014225390776E-002 0.36472949621188E-003 0.55026149010201E-007 0.95904592805779E-007 0.20285358417657E+000 0.23251670090799E-005 0.18825862488877E-001 0.10580163286457E-003 0.79998811805576E-009 0.67103431545360E-010 0.13380647116180E-004 0.41723037943552E-001 0.63467591819127E-002 0.39281232118174E-002 0.11978252950103E-007 0.28929217990361E-003 0.24486609580470E-004 0.17144546958767E-003 0.60497849262896E-006 0.34120076120327E-003 0.55015259922942E-016 0.37036760472218E-007 0.72500916524246E+000 0.14053945479815E-038 0.56697644099398E+003 0.41909794878858E-001 -.20732197477433E+003 0.52553827797940E-001 0.10132500000000E+006 0.59057765671870E-003 0.27476416340640E+002 0.10000000000000E+001 0.00000000000000E+000 0.10000000000000E+001 0.56697644099398E+003 0.18134250999074E+002
  58 0.87985274117944E-002 0.37053273248867E-003 0.64293887886090E-007 0.10742843939826E-006 0.20216956899993E+000 0.25171333206677E-005 0.19354999852851E-001 0.10862484104805E-003 0.92701530201852E-009 0.78155472045590E-010 0.14442142430139E-004 0.41479194107392E-001 0.65618519313863E-002 0.40916872679444E-002 0.13687207949891E-007 0.29978697914289E-003 0.25254200612231E-004 0.17856113789883E-003 0.67164635807888E-006 0.35626060089864E-003 0.59319218872652E-016 0.38294755577698E-007 0.72498582171684E+000 0.12826119130427E-038 0.57490744391421E+003 0.41909794878858E-001 -.20635163260256E+003 0.52553827797940E-001 0.10132500000000E+006 0.58230975700084E-003 0.27470721226971E+002 0.10000000000000E+001 0.00000000000000E+000 0.10000000000000E+001 0.57490744391421E+003 0.20037321554720E+002
  59 0.90926012649211E-002 0.37634951153215E-003 0.74736401118474E-007 0.12028941990456E-006 0.20147576541734E+000 0.27214757698284E-005 0.19887729766055E-001 0.11139183831253E-003 0.10720095576892E-008 0.90818654397190E-010 0.15571502884930E-004 0.41234117218940E-001 0.67797832388589E-002 0.42584269138271E-002 0.15615423678785E-007 0.31038774050191E-003 0.25991597776243E-004 0.18581306142548E-003 0.74397055727785E-006 0.37161690481106E-003 0.64036172196653E-016 0.39569418176096E-007 0.72496333846791E+000 0.11548930307314E-038 0.58289762330516E+003 0.41909794878858E-001 -.20536783570929E+003 0.52553827797940E-001 0.10132500000000E+006 0.57420783200290E-003 0.27464990875148E+002 0.10000000000000E+001 0.00000000000000E+000 0.10000000000000E+001 0.58289762330516E+003 0.22088703192259E+002
  60 0.93837687231206E-002 0.38217978836228E-003 0.86451568386324E-007 0.13463275442966E-006 0.20077229653534E+000 0.29385777769479E-005 0.20423998578157E-001 0.11409696144114E-003 0.12371302570736E-008 0.10529065534148E-009 0.16771930420406E-004 0.40987776440588E-001 0.70005352883540E-002 0.44283328760929E-002 0.17787368106489E-007 0.32109031919184E-003 0.26695241114618E-004 0.19320049095847E-003 0.82223899371517E-006 0.38726392185170E-003 0.69211800619489E-016 0.40860655471472E-007 0.72494171973659E+000 0.10225184698453E-038 0.59094564389739E+003 0.41909794878858E-001 -.20437043449675E+003 0.52553827797940E-001 0.10132500000000E+006 0.56626889573059E-003 0.27459226884266E+002 0.10000000000000E+001 0.00000000000000E+000 0.10000000000000E+001 0.59094564389739E+003 0.24295031055024E+002
  61 0.96721499632046E-002 0.38802355776809E-003 0.99540834665156E-007 0.15061739099334E-006 0.20005927459871E+000 0.31688068161944E-005 0.20963759994530E-001 0.11673494340188E-003 0.14247460668315E-008 0.12178825056893E-009 0.18046747283558E-004 0.40740139574050E-001 0.72240930828795E-002 0.46013980226585E-002 0.20229832583745E-007 0.33189075736022E-003 0.27361644668463E-004 0.20072275105753E-003 0.90674014045794E-006 0.40319562677466E-003 0.74897167395308E-016 0.42168392527583E-007 0.72492096904892E+000 0.88584089606199E-039 0.59905029130406E+003 0.41909794878858E-001 -.20335927653049E+003 0.52553827797940E-001 0.10132500000000E+006 0.55848984103319E-003 0.27453430735545E+002 0.10000000000000E+001 0.00000000000000E+000 0.10000000000000E+001 0.59905029130406E+003 0.26662995089323E+002
  62 0.99578599862527E-002 0.39388083308538E-003 0.11410908046667E-006 0.16841687883862E-006 0.19933680356676E+000 0.34125151624534E-005 0.21506972889002E-001 0.11930093702384E-003 0.16374513909199E-008 0.14054870382578E-009 0.19399401539817E-004 0.40491174004440E-001 0.74504436212469E-002 0.47776168007458E-002 0.22972127910645E-007 0.34278523551395E-003 0.27987420071692E-004 0.20837921679502E-003 0.99776293178899E-006 0.41940565066201E-003 0.81149370421864E-016 0.43492567508915E-007 0.72490108937637E+000 0.74526437316651E-039 0.60721043956055E+003 0.41909794878858E-001 -.20233421022397E+003 0.52553827797940E-001 0.10132500000000E+006 0.55086749162995E-003 0.27447603816609E+002 0.10000000000000E+001 0.00000000000000E+000 0.10000000000000E+001 0.60721043956055E+003 0.29199339395530E+002
  63 0.10241008757889E-001 0.39975164196826E-003 0.13026451233534E-006 0.18822027394374E-006 0.19860497973073E+000 0.36700418637038E-005 0.22053600677556E-001 0.12179054221887E-003 0.18780849501686E-008 0.16183132084763E-009 0.20833476413656E-004 0.40240846918540E-001 0.76795756955076E-002 0.49569851372431E-002 0.26046305159096E-007 0.35377005166345E-003 0.28569303955557E-004 0.21616931054248E-003 0.10955971128583E-005 0.43588725323435E-003 0.88032291601830E-016 0.44833130554629E-007 0.72488208321731E+000 0.60123397216012E-039 0.61542504190055E+003 0.41909794878858E-001 -.20129508572990E+003 0.52553827797940E-001 0.10132500000000E+006 0.54339862633641E-003 0.27441747429084E+002 0.10000000000000E+001 0.00000000000000E+000 0.10000000000000E+001 0.61542504190055E+003 0.31910870179677E+002
  64 0.10521701539069E-001 0.40563602634111E-003 0.14811856111720E-006 0.21023305246079E-006 0.19786389183025E+000 0.39417155995494E-005 0.22603611098066E-001 0.12419983022142E-003 0.21497506782013E-008 0.18591918265955E-009 0.22352701505190E-004 0.39989125333354E-001 0.79114798486102E-002 0.51395004581018E-002 0.29487401133186E-007 0.36484160556909E-003 0.29104187146405E-004 0.22409250381475E-003 0.12005339491803E-005 0.45263330536911E-003 0.95617448054235E-016 0.46190043593596E-007 0.72486395265737E+000 0.45422734727873E-039 0.62369312750540E+003 0.41909794878858E-001 -.20024175511659E+003 0.52553827797940E-001 0.10132500000000E+006 0.53607999514435E-003 0.27435862791910E+002 0.10000000000000E+001 0.00000000000000E+000 0.10000000000000E+001 0.62369312750540E+003 0.34804469820917E+002
  65 0.10800039213940E-001 0.41153404272587E-003 0.16778578379682E-006 0.23467801834191E-006 0.19711362111529E+000 0.42278583069825E-005 0.23156976048004E-001 0.12652536312122E-003 0.24558412681441E-008 0.21312108616267E-009 0.23960965181933E-004 0.39735976096267E-001 0.81461483515269E-002 0.53251617203632E-002 0.33333709976802E-007 0.37599638132044E-003 0.29589144945521E-004 0.23214831950532E-003 0.13128672623013E-005 0.46963627196860E-003 0.10398495588938E-015 0.47563280277925E-007 0.72484669942446E+000 0.30473912148342E-039 0.63201379902214E+003 0.41909794878858E-001 -.19917407246745E+003 0.52553827797940E-001 0.10132500000000E+006 0.52890833282262E-003 0.27429951044114E+002 0.10000000000000E+001 0.00000000000000E+000 0.10000000000000E+001 0.63201379902214E+003 0.37887116708970E+002
  66 0.11076118585142E-001 0.41744576230054E-003 0.18938376937829E-006 0.26179619670269E-006 0.19635424143228E+000 0.45287895442361E-005 0.23713671419041E-001 0.12876420859918E-003 0.28000648176145E-008 0.24377372976879E-009 0.25662327961807E-004 0.39481365885596E-001 0.83835751748654E-002 0.55139694377905E-002 0.37627083347163E-007 0.38723092723403E-003 0.30021468154585E-004 0.24033633365286E-003 0.14328947826053E-005 0.48688819336448E-003 0.11322462116432E-015 0.48952825889372E-007 0.72483032494112E+000 0.15325596656757E-039 0.64038622994349E+003 0.41909794878858E-001 -.19809189402008E+003 0.52553827797940E-001 0.10132500000000E+006 0.52188037107562E-003 0.27424013247662E+002 0.10000000000000E+001 0.00000000000000E+000 0.10000000000000E+001 0.64038622994348E+003 0.41165911435709E+002
  67 0.11350032636090E-001 0.42337127062499E-003 0.21303305072432E-006 0.29184770571189E-006 0.19558581934434E+000 0.48448315766846E-005 0.24273676920592E-001 0.13091395009353E-003 0.31864750918340E-008 0.27824418809579E-009 0.27461036792815E-004 0.39225261215773E-001 0.86237559516526E-002 0.57059256975898E-002 0.42413261859429E-007 0.39854183320385E-003 0.30398694514281E-004 0.24865617660153E-003 0.15609198085033E-005 0.50438066496972E-003 0.12343717515675E-015 0.50358677199830E-007 0.72481483037445E+000 0.22835957428409E-042 0.64880966173967E+003 0.41909794878858E-001 -.19699507836462E+003 0.52553827797940E-001 0.10132500000000E+006 0.51499284946944E-003 0.27418050390456E+002 0.10000000000000E+001 0.00000000000000E+000 0.10000000000000E+001 0.64880966173967E+003 0.44648110072352E+002
  68 0.11621870755672E-001 0.42931066688009E-003 0.23885702421257E-006 0.32511259925861E-006 0.19480841430779E+000 0.51763151561276E-005 0.24836975875803E-001 0.13297269262200E-003 0.36195059771851E-008 0.31693272414288E-009 0.29361540077052E-004 0.38967628455322E-001 0.88666879241114E-002 0.59010341624905E-002 0.47742240478637E-007 0.40992570555924E-003 0.30718640147961E-004 0.25710753328428E-003 0.16972531495017E-005 0.52210481460575E-003 0.13473567320218E-015 0.51780842244461E-007 0.72480021668386E+000 -.15395368843982E-039 0.65728340050228E+003 0.41909794878858E-001 -.19588348673985E+003 0.52553827797940E-001 0.10132500000000E+006 0.50824252541179E-003 0.27412063389642E+002 0.10000000000000E+001 0.00000000000000E+000 0.10000000000000E+001 0.65728340050228E+003 0.48341165100227E+002
  69 0.11891718858754E-001 0.43526406108319E-003 0.26698187233681E-006 0.36189166335140E-006 0.19402207911197E+000 0.55235858733726E-005 0.25403554841360E-001 0.13493906406765E-003 0.41040106341267E-008 0.36027598127472E-009 0.31368502766080E-004 0.38708433926178E-001 0.91123698095188E-002 0.60993000055355E-002 0.53668669036049E-007 0.42137913691017E-003 0.30979430483897E-004 0.26569014033461E-003 0.18422152851291E-005 0.54005127271537E-003 0.14724707571113E-015 0.53219339627927E-007 0.72478648467009E+000 -.30896197477835E-039 0.66580681087183E+003 0.41909794878858E-001 -.19475698373231E+003 0.52553827797940E-001 0.10132500000000E+006 0.50162618495062E-003 0.27406053096764E+002 0.10000000000000E+001 0.00000000000000E+000 0.10000000000000E+001 0.66580681087183E+003 0.52252773455158E+002
  70 0.12159659029721E-001 0.44123156078467E-003 0.29753644285303E-006 0.40250709197879E-006 0.19322686173526E+000 0.58870104937054E-005 0.25973402233141E-001 0.13681220980642E-003 0.46453051405072E-008 0.40875053229867E-009 0.33486818073841E-004 0.38447644459569E-001 0.93608012248899E-002 0.63007294829737E-002 0.60252279612721E-007 0.43289865502940E-003 0.31179529985189E-004 0.27440376728809E-003 0.19961384598504E-005 0.55821010908364E-003 0.16111401309843E-015 0.54674195253886E-007 0.72477363504110E+000 -.46450502723368E-039 0.67437929495142E+003 0.41909794878858E-001 -.19361544004982E+003 0.52553827797940E-001 0.10132500000000E+006 0.49514066333082E-003 0.27400020313397E+002 0.10000000000000E+001 0.00000000000000E+000 0.10000000000000E+001 0.67437929495142E+003 0.56390925564913E+002
  71 0.12425767586709E-001 0.44721322167223E-003 0.33065191062204E-006 0.44730278429990E-006 0.19242281215262E+000 0.62669813897897E-005 0.26546503479802E-001 0.13859177470941E-003 0.52492139033125E-008 0.46287653609959E-009 0.35721604462543E-004 0.38185229545925E-001 0.96119805657803E-002 0.65053282322810E-002 0.67558301776748E-007 0.44448060145254E-003 0.31317770359319E-004 0.28324814249680E-003 0.21593678407029E-005 0.57657065542403E-003 0.17649667472916E-015 0.56145430003406E-007 0.72476166853326E+000 -.62027305045923E-039 0.68300021894864E+003 0.41909794878858E-001 -.19245874250593E+003 0.52553827797940E-001 0.10132500000000E+006 0.48878290061387E-003 0.27393965843208E+002 0.10000000000000E+001 0.00000000000000E+000 0.10000000000000E+001 0.68300021894864E+003 0.60763933594992E+002
  72 0.12690110329227E-001 0.45320893169832E-003 0.36646092179631E-006 0.49664378984937E-006 0.19160999851474E+000 0.66639162836627E-005 0.27122829700811E-001 0.14027786848879E-003 0.59221109090183E-008 0.52322096239246E-009 0.38078170299215E-004 0.37921166465225E-001 0.98658999573559E-002 0.67130971232243E-002 0.75657788765898E-007 0.45612088040494E-003 0.31393378985615E-004 0.29222277345802E-003 0.23322603756996E-005 0.59512111406805E-003 0.19357468287526E-015 0.57633030251351E-007 0.72475058610372E+000 -.77589484144543E-039 0.69166874243886E+003 0.41909794878858E-001 -.19128681772795E+003 0.52553827797940E-001 0.10132500000000E+006 0.48255005806330E-003 0.27387890611499E+002 0.10000000000000E+001 0.00000000000000E+000 0.10000000000000E+001 0.69166874243886E+003 0.65380404605402E+002
  73 0.12952736971496E-001 0.45921827096327E-003 0.40509626919264E-006 0.55091484660771E-006 0.19078852741278E+000 0.70782548598429E-005 0.27702323848091E-001 0.14187103260580E-003 0.66709560934729E-008 0.59040031334873E-009 0.40561953383358E-004 0.37655446613723E-001 0.10122538925336E-001 0.69240269470648E-002 0.84627841829079E-007 0.46781465988442E-003 0.31406011500367E-004 0.30132671766520E-003 0.25151817961240E-005 0.61384807716693E-003 0.21254894162344E-015 0.59136910843559E-007 0.72474038905596E+000 -.93097319122670E-039 0.70038360967537E+003 0.41909794878858E-001 -.19009966218125E+003 0.52553827797940E-001 0.10132500000000E+006 0.47643964308740E-003 0.27381795809639E+002 0.10000000000000E+001 0.00000000000000E+000 0.10000000000000E+001 0.70038360967537E+003 0.70249172881790E+002
  74 0.13213682037813E-001 0.46524051518867E-003 0.44669017053853E-006 0.61051942687010E-006 0.18995854516630E+000 0.75104637915181E-005 0.28284900528253E-001 0.14337225116448E-003 0.75033465514860E-008 0.66508461223091E-009 0.43178503936497E-004 0.37388075600687E-001 0.10381863987576E-001 0.71380978732892E-002 0.94551962531508E-007 0.47955635442867E-003 0.31355786838454E-004 0.31055856003591E-003 0.27085067858980E-005 0.63273648689824E-003 0.23364395739940E-015 0.60656912720466E-007 0.72473107882792E+000 -.10851991272085E-038 0.70914314697896E+003 0.41909794878858E-001 -.18889734517099E+003 0.52553827797940E-001 0.10132500000000E+006 0.47044947537872E-003 0.27375682893850E+002 0.10000000000000E+001 0.00000000000000E+000 0.10000000000000E+001 0.70914314697896E+003 0.75379326214477E+002
  75 0.13472976350795E-001 0.47127488837455E-003 0.49137541288014E-006 0.67588123597857E-006 0.18912020426849E+000 0.79610608024970E-005 0.28870470076855E-001 0.14478301283200E-003 0.84276115676593E-008 0.74800526367908E-009 0.45933579886494E-004 0.37119062222754E-001 0.10643839127042E-001 0.73552879467112E-002 0.10552086364819E-006 0.49134010175468E-003 0.31243310170491E-004 0.31991677986723E-003 0.29126274659367E-005 0.65177039493251E-003 0.25711136436288E-015 0.62192864327003E-007 0.72472265645607E+000 -.12384189638247E-038 0.71794562491159E+003 0.41909794878858E-001 -.18767996128918E+003 0.52553827797940E-001 0.10132500000000E+006 0.46457741569302E-003 0.27369553330097E+002 0.10000000000000E+001 0.00000000000000E+000 0.10000000000000E+001 0.71794562491159E+003 0.80780460784591E+002
  76 0.13730660386990E-001 0.47732087306075E-003 0.53928772671465E-006 0.74744759210708E-006 0.18827362002187E+000 0.84306477267676E-005 0.29458968723081E-001 0.14610535682689E-003 0.94529471249540E-008 0.83996638386940E-009 0.48833300815745E-004 0.36848404580779E-001 0.10908439338106E-001 0.75755843763009E-002 0.11763366430824E-006 0.50316036288483E-003 0.31069671268124E-004 0.32940023595708E-003 0.31279662654522E-005 0.67093393817605E-003 0.28323457688601E-015 0.63744661142736E-007 0.72471512220033E+000 -.13905623024985E-038 0.72678971154712E+003 0.41909794878858E-001 -.18644756792296E+003 0.52553827797940E-001 0.10132500000000E+006 0.45882107376894E-003 0.27363408278971E+002 0.10000000000000E+001 0.00000000000000E+000 0.10000000000000E+001 0.72678971154712E+003 0.86463057561383E+002
  77 0.13986788209562E-001 0.48337831180478E-003 0.59056740398927E-006 0.82569193208502E-006 0.18741885472300E+000 0.89199322891293E-005 0.30050368897976E-001 0.14734184701729E-003 0.10589553547638E-007 0.94185630990665E-009 0.51884237882960E-004 0.36576085244648E-001 0.11175655579821E-001 0.77989879076244E-002 0.13099902099087E-006 0.51501212162046E-003 0.30836426288025E-004 0.33900835148015E-003 0.33549839689576E-005 0.69021167356617E-003 0.31233370562608E-015 0.65312294949811E-007 0.72470847565895E+000 -.15415288977306E-038 0.73567462654359E+003 0.41909794878858E-001 -.18520016215802E+003 0.52553827797940E-001 0.10132500000000E+006 0.45317774607643E-003 0.27357248491938E+002 0.10000000000000E+001 0.00000000000000E+000 0.10000000000000E+001 0.73567462654359E+003 0.92438737047244E+002
  78 0.14241422747718E-001 0.48944730535757E-003 0.64535952006296E-006 0.91111429920717E-006 0.18655593024350E+000 0.94297349833239E-005 0.30644669779924E-001 0.14849549917394E-003 0.11848760057505E-007 0.10546578089642E-008 0.55093411920191E-004 0.36302075481727E-001 0.11445490863891E-001 0.80255098340557E-002 0.14573599486790E-006 0.52689068894767E-003 0.30545578190839E-004 0.34874098124258E-003 0.35941806856109E-005 0.70958825923883E-003 0.34477036876581E-015 0.66895831157206E-007 0.72470271614810E+000 -.16911487328616E-038 0.74459999784592E+003 0.41909794878858E-001 -.18393769901405E+003 0.52553827797940E-001 0.10132500000000E+006 0.44764454628246E-003 0.27351074414486E+002 0.10000000000000E+001 0.00000000000000E+000 0.10000000000000E+001 0.74459999784592E+003 0.98720336284624E+002
  79 0.14494629993914E-001 0.49552807890401E-003 0.70381366379867E-006 0.10042409438673E-005 0.18568484589294E+000 0.99609917786163E-005 0.31241884518259E-001 0.14956971130928E-003 0.13243152173261E-007 0.11794584036598E-008 0.58468261577844E-004 0.36026341037431E-001 0.11717954691512E-001 0.82551675269270E-002 0.16197483510177E-006 0.53879144690933E-003 0.30199559077760E-004 0.35859821575522E-003 0.38460942259706E-005 0.72904801553855E-003 0.38095282896050E-015 0.68495376422605E-007 0.72469784301042E+000 -.18392090242046E-038 0.75356566854956E+003 0.41909794878858E-001 -.18266011780270E+003 0.52553827797940E-001 0.10132500000000E+006 0.44221854897210E-003 0.27344886322319E+002 0.10000000000000E+001 0.00000000000000E+000 0.10000000000000E+001 0.75356566854956E+003 0.10532192852641E+003
  80 0.14746475898734E-001 0.50162090712927E-003 0.76608395307694E-006 0.11056241768935E-005 0.18480558862718E+000 0.10514760053322E-004 0.31842033031366E-001 0.15056821358515E-003 0.14786719583207E-007 0.13174623802299E-008 0.62016627276717E-004 0.35748845377806E-001 0.11993059879923E-001 0.84879818760264E-002 0.17985786942522E-006 0.55070971155982E-003 0.29801209524763E-004 0.36858026806218E-003 0.41112992558857E-005 0.74857466111264E-003 0.42134193948485E-015 0.70111060272323E-007 0.72469385576890E+000 -.19854919429503E-038 0.76257158768374E+003 0.41909794878858E-001 -.18136735771948E+003 0.52553827797940E-001 0.10132500000000E+006 0.43689686531551E-003 0.27338684397972E+002 0.10000000000000E+001 0.00000000000000E+000 0.10000000000000E+001 0.76257158768374E+003 0.11225887403716E+003
  81 0.14997025333761E-001 0.50772608636972E-003 0.83232941158713E-006 0.12158426532828E-005 0.18391813685621E+000 0.11092227783772E-004 0.32445139342262E-001 0.15149502979980E-003 0.16495029216189E-007 0.14700048801977E-008 0.65746752470551E-004 0.35469550857634E-001 0.12270821388093E-001 0.87239763681341E-002 0.19954053589103E-006 0.56264069349909E-003 0.29353751604863E-004 0.37868743119352E-003 0.43904073165107E-005 0.76815119403924E-003 0.46645807283870E-015 0.71743028451405E-007 0.72469075419292E+000 -.21297949067675E-038 0.77161776923557E+003 0.41909794878858E-001 -.18005936434519E+003 0.52553827797940E-001 0.10132500000000E+006 0.43167666962405E-003 0.27332468759537E+002 0.10000000000000E+001 0.00000000000000E+000 0.10000000000000E+001 0.77161776923557E+003 0.11954790335983E+003
  82 0.15246341641351E-001 0.51384392004627E-003 0.90271449428670E-006 0.13355018006962E-005 0.18302246246075E+000 0.11694723640373E-004 0.33051230194846E-001 0.15235444140647E-003 0.18385421471449E-007 0.16385678653164E-008 0.69667288139375E-004 0.35188419307480E-001 0.12551255701354E-001 0.89631766215106E-002 0.22119250865811E-006 0.57457949024624E-003 0.28860755586590E-004 0.38892005522968E-003 0.46840666227800E-005 0.78775981320872E-003 0.51688904344803E-015 0.73391439565716E-007 0.72468853833570E+000 -.22719383854164E-038 0.78070427043790E+003 0.41909794878858E-001 -.17873609372738E+003 0.52553827797940E-001 0.10132500000000E+006 0.42655521146025E-003 0.27326239475730E+002 0.10000000000000E+001 0.00000000000000E+000 0.10000000000000E+001 0.78070427043790E+003 0.12720720382100E+003
  83 0.15494485857323E-001 0.51997469547611E-003 0.97740954025990E-006 0.14652340377478E-005 0.18211853415696E+000 0.12323725972960E-004 0.33660332798761E-001 0.15315095012608E-003 0.20477226033708E-007 0.18247976082557E-008 0.73787287561869E-004 0.34905413035343E-001 0.12834379792247E-001 0.92056095471113E-002 0.24499885275638E-006 0.58652106764550E-003 0.28326101797489E-004 0.39927850844083E-003 0.49929606255421E-005 0.80738181110627E-003 0.57329900037713E-015 0.75056459244441E-007 0.72468720855992E+000 -.24117585974250E-038 0.78983115703879E+003 0.41909794878858E-001 -.17739751866101E+003 0.52553827797940E-001 0.10132500000000E+006 0.42152983299020E-003 0.27319996589609E+002 0.10000000000000E+001 0.00000000000000E+000 0.10000000000000E+001 0.78983115703879E+003 0.13525648238939E+003
  84 0.15741515340991E-001 0.52611864509120E-003 0.10565910112102E-005 0.16056985078143E-005 0.18120632330753E+000 0.12980869582668E-004 0.34272470990694E-001 0.15388923883771E-003 0.22791994198356E-007 0.20305234092189E-008 0.78116183794570E-004 0.34620496580672E-001 0.13120209311865E-001 0.94513018295935E-002 0.27116114927881E-006 0.59846021683399E-003 0.27753939077370E-004 0.40976310957089E-003 0.53178047214500E-005 0.82699741737457E-003 0.63643827901350E-015 0.76738249778676E-007 0.72468676554333E+000 -.25490932773702E-038 0.79899844495823E+003 0.41909794878858E-001 -.17604363883465E+003 0.52553827797940E-001 0.10132500000000E+006 0.41659799627477E-003 0.27313740157997E+002 0.10000000000000E+001 0.00000000000000E+000 0.10000000000000E+001 0.79899844495823E+003 0.14371698859666E+003
  85 0.15987482457712E-001 0.53227590765318E-003 0.11404416395301E-005 0.17575805000056E-005 0.18028580994964E+000 0.13667951404163E-004 0.34887661341548E-001 0.15457413310834E-003 0.25353751241300E-007 0.22577778306351E-008 0.82663757003219E-004 0.34333638517863E-001 0.13408756708029E-001 0.97002783129883E-002 0.29989860801415E-006 0.61039151730656E-003 0.27148639220044E-004 0.42037405647350E-003 0.56593416013125E-005 0.84658564586878E-003 0.70715438249140E-015 0.78436959316287E-007 0.72468721025106E+000 -.26837751679590E-038 0.80820604134207E+003 0.41909794878858E-001 -.17467449156967E+003 0.52553827797940E-001 0.10132500000000E+006 0.41175730682306E-003 0.27307470290760E+002 0.10000000000000E+001 0.00000000000000E+000 0.10000000000000E+001 0.80820604134207E+003 0.15261150993519E+003
  86 0.16232434672007E-001 0.53844652393181E-003 0.12291509699126E-005 0.19215914419171E-005 0.17935698383124E+000 0.14386938941447E-004 0.35505912667509E-001 0.15521056627077E-003 0.28189284983854E-007 0.25088198573387E-008 0.87440117529043E-004 0.34044811694675E-001 0.13700030903242E-001 0.99525617068973E-002 0.33144932247247E-006 0.62230937235292E-003 0.26514744135139E-004 0.43111141141352E-003 0.60183371461970E-005 0.86612425723501E-003 0.78640463461336E-015 0.80152720226470E-007 0.72468854388492E+000 -.28156470349103E-038 0.81745373676852E+003 0.41909794878858E-001 -.17329015536265E+003 0.52553827797940E-001 0.10132500000000E+006 0.40700550749321E-003 0.27301187154806E+002 0.10000000000000E+001 0.00000000000000E+000 0.10000000000000E+001 0.81745373676852E+003 0.16196438887671E+003
  87 0.16476416776022E-001 0.54463048688001E-003 0.13229167709601E-005 0.20984704863008E-005 0.17841983716228E+000 0.15139984947044E-004 0.36127231027370E-001 0.15580354776240E-003 0.31328492135230E-007 0.27861628476394E-008 0.92455728909137E-004 0.33753990909905E-001 0.13994039570187E-001 0.10208174553048E-001 0.36607186970042E-006 0.63420815309636E-003 0.25856903271857E-004 0.44197518244344E-003 0.63955786738852E-005 0.88558989841224E-003 0.87527125852443E-015 0.81885662785926E-007 0.72469076785337E+000 -.29445865760952E-038 0.82674127952894E+003 0.41909794878858E-001 -.17189074118048E+003 0.52553827797940E-001 0.10132500000000E+006 0.40234043184525E-003 0.27294890922458E+002 0.10000000000000E+001 0.00000000000000E+000 0.10000000000000E+001 0.82674127952894E+003 0.17180160821421E+003
  88 0.16719473984324E-001 0.55082781609180E-003 0.14219471285917E-005 0.22889875715391E-005 0.17747435331872E+000 0.15929446522442E-004 0.36751627263744E-001 0.15635813001027E-003 0.34804787609796E-007 0.30926076603355E-008 0.97721459180750E-004 0.33461149375225E-001 0.14290792682357E-001 0.10467142355303E-001 0.40404725855552E-006 0.64608238890942E-003 0.25179804916312E-004 0.45296545332294E-003 0.67918746510917E-005 0.90495831665139E-003 0.97497924764441E-015 0.83635936456179E-007 0.72469388379910E+000 -.30704998272870E-038 0.83606848765078E+003 0.41909794878858E-001 -.17047637769345E+003 0.52553827797940E-001 0.10132500000000E+006 0.39775994481392E-003 0.27288581695031E+002 0.10000000000000E+001 0.00000000000000E+000 0.10000000000000E+001 0.83606848765078E+003 0.18215092257340E+003
  89 0.16961653029515E-001 0.55703858357904E-003 0.15264621343724E-005 0.24939459999989E-005 0.17652050257133E+000 0.16757900104725E-004 0.37379119753945E-001 0.15687936826150E-003 0.38655548346561E-007 0.34312783676870E-008 0.10324860251080E-003 0.33166257391209E-001 0.14590303866593E-001 0.10729494854326E-001 0.44568085712368E-006 0.65792686153622E-003 0.24488111497584E-004 0.46408243348298E-003 0.72080514970040E-005 0.92420441452645E-003 0.10869164554509E-014 0.85403718296105E-007 0.72469789365607E+000 -.31932755864810E-038 0.84543528897905E+003 0.41909794878858E-001 -.16904720701768E+003 0.52553827797940E-001 0.10132500000000E+006 0.39326192506673E-003 0.27282259475934E+002 0.10000000000000E+001 0.00000000000000E+000 0.10000000000000E+001 0.84543528897905E+003 0.19304192375835E+003
  90 0.17202999462788E-001 0.56326284219750E-003 0.16366940252310E-005 0.27141821365056E-005 0.17555825273422E+000 0.17628143803442E-004 0.38009727338287E-001 0.15737227271843E-003 0.42922546959074E-007 0.38056565891853E-008 0.10904881267965E-003 0.32869285639165E-001 0.14892587070041E-001 0.10995263206053E-001 0.49130377938290E-006 0.66973651164017E-003 0.23786407387038E-004 0.47532633396515E-003 0.76449430509325E-005 0.94330200242523E-003 0.12126547883993E-014 0.87189193763386E-007 0.72470279964503E+000 -.33127349062290E-038 0.85484161459025E+003 0.41909794878858E-001 -.16760340298398E+003 0.52553827797940E-001 0.10132500000000E+006 0.38884431776392E-003 0.27275924242827E+002 0.10000000000000E+001 0.00000000000000E+000 0.10000000000000E+001 0.85484161459025E+003 0.20450592489435E+003
  91 0.17443552623636E-001 0.56950049100965E-003 0.17528858081563E-005 0.29505619130768E-005 0.17458759007101E+000 0.18543187747549E-004 0.38643455722278E-001 0.15784175863518E-003 0.47652359851322E-007 0.42196131309858E-008 0.11513395314460E-003 0.32570211599686E-001 0.15197649991996E-001 0.11264474239631E-001 0.54127356666674E-006 0.68150622797639E-003 0.23079157260229E-004 0.48669712083289E-003 0.81033730471689E-005 0.96222337489978E-003 0.13539721409379E-014 0.88992518335748E-007 0.72470860414507E+000 -.34286266172517E-038 0.86428719544378E+003 0.41909794878858E-001 -.16614520512661E+003 0.52553827797940E-001 0.10132500000000E+006 0.38450522443198E-003 0.27269576083861E+002 0.10000000000000E+001 0.00000000000000E+000 0.10000000000000E+001 0.86428719544378E+003 0.21657566997051E+003
  92 0.17683342735533E-001 0.57575119205939E-003 0.18752901774569E-005 0.32039775617537E-005 0.17360853291944E+000 0.19506246520224E-004 0.39280288903796E-001 0.15829260278110E-003 0.52896807088023E-007 0.46774420006825E-008 0.12151595997174E-003 0.32269023679081E-001 0.15505489785803E-001 0.11537146605460E-001 0.59597478121915E-006 0.69323073816644E-003 0.22370662132464E-004 0.49819435029300E-003 0.85841378855705E-005 0.98093907637231E-003 0.15128768873231E-014 0.90813792402887E-007 0.72471530950967E+000 -.35407068143949E-038 0.87377143486857E+003 0.41909794878858E-001 -.16467294201565E+003 0.52553827797940E-001 0.10132500000000E+006 0.38024294724637E-003 0.27263215281486E+002 0.10000000000000E+001 0.00000000000000E+000 0.10000000000000E+001 0.87377143486857E+003 0.22928505626380E+003
  93 0.17922394789688E-001 0.58201446337456E-003 0.20041715988582E-005 0.34753508024504E-005 0.17262111793274E+000 0.20520755857793E-004 0.39920198492228E-001 0.15872941235095E-003 0.58713557997813E-007 0.51839084533108E-008 0.12820686594740E-003 0.31965716906588E-001 0.15816097362603E-001 0.11813294503792E-001 0.65582086178035E-006 0.70490482914919E-003 0.21664998859963E-004 0.50981732404900E-003 0.90880009484580E-005 0.99941821850622E-003 0.16916393335343E-014 0.92653086985258E-007 0.72472291803918E+000 -.36488620862531E-038 0.88329354797032E+003 0.41909794878858E-001 -.16318701343762E+003 0.52553827797940E-001 0.10132500000000E+006 0.37605591085756E-003 0.27256842216951E+002 0.10000000000000E+001 0.00000000000000E+000 0.10000000000000E+001 0.88329354797032E+003 0.24266916673807E+003
  94 0.18160737870104E-001 0.58828991895865E-003 0.21398121266208E-005 0.37656445287276E-005 0.17162536233640E+000 0.21590418191186E-004 0.40563168271794E-001 0.15915660203627E-003 0.65166982249278E-007 0.57443177654772E-008 0.13521901068133E-003 0.31660281330594E-001 0.16129469254194E-001 0.12092938259757E-001 0.72125788501577E-006 0.71652382737423E-003 0.20965948562864E-004 0.52156552997376E-003 0.96157003792369E-005 0.10176292117948E-002 0.18928333557803E-014 0.94510514413941E-007 0.72473143224295E+000 -.37531533074485E-038 0.89285292705622E+003 0.41909794878858E-001 -.16168783630167E+003 0.52553827797940E-001 0.10132500000000E+006 0.37194249716511E-003 0.27250457125370E+002 0.10000000000000E+001 0.00000000000000E+000 0.10000000000000E+001 0.89285292705622E+003 0.25676467380512E+003
  95 0.18398411639782E-001 0.59457744059782E-003 0.22825171563420E-005 0.40758755630688E-005 0.17062123561110E+000 0.22719248100378E-004 0.41209212175003E-001 0.15957836622197E-003 0.72329128061444E-007 0.63645941185540E-008 0.14256523661853E-003 0.31352693401699E-001 0.16445616536681E-001 0.12376112502188E-001 0.79276878997953E-006 0.72808392872819E-003 0.20276941764197E-004 0.53343897658556E-003 0.10167955220178E-004 0.10355402388623E-002 0.21193855348123E-014 0.96386282005490E-007 0.72474085519911E+000 -.38537267938569E-038 0.90244940735052E+003 0.41909794878858E-001 -.16017580469195E+003 0.52553827797940E-001 0.10132500000000E+006 0.36790094216708E-003 0.27244059920304E+002 0.10000000000000E+001 0.00000000000000E+000 0.10000000000000E+001 0.90244940735052E+003 0.27161022701589E+003
  96 0.18635466505499E-001 0.60087718554432E-003 0.24326184540328E-005 0.44071224926364E-005 0.16960865654059E+000 0.23911597551381E-004 0.41858375641391E-001 0.15999864357595E-003 0.80280703111538E-007 0.70513586713695E-008 0.15025893501759E-003 0.31042915174281E-001 0.16764565782806E-001 0.12662867350522E-001 0.87087668866145E-006 0.73958220719868E-003 0.19601032378280E-004 0.54543822975974E-003 0.10745459641726E-004 0.10531192092769E-002 0.23746285788685E-014 0.98280698786251E-007 0.72475119078007E+000 -.39507143767384E-038 0.91208328470820E+003 0.41909794878858E-001 -.15865128840934E+003 0.52553827797940E-001 0.10132500000000E+006 0.36392934726707E-003 0.27237650185292E+002 0.10000000000000E+001 0.00000000000000E+000 0.10000000000000E+001 0.91208328470820E+003 0.28724655302839E+003
  97 0.18871962572001E-001 0.60718956109602E-003 0.25904766274179E-005 0.47605327849705E-005 0.16858749552847E+000 0.25172178242965E-004 0.42510733592273E-001 0.16042108436166E-003 0.89112147556438E-007 0.78120145806504E-008 0.15831405560427E-003 0.30730895115349E-001 0.17086358350947E-001 0.12953268130078E-001 0.95614810095845E-006 0.75101655331919E-003 0.18940885184355E-004 0.55756438550538E-003 0.11348873833006E-004 0.10703336058643E-002 0.26623624622878E-014 0.10019417249200E-006 0.72476244382402E+000 -.40442061379410E-038 0.92175528291628E+003 0.41909794878858E-001 -.15711463992203E+003 0.52553827797940E-001 0.10132500000000E+006 0.36002571002652E-003 0.27231227198894E+002 0.10000000000000E+001 0.00000000000000E+000 0.10000000000000E+001 0.92175528291628E+003 0.30371649309404E+003
  98 0.19107969803623E-001 0.61351523000311E-003 0.27564845066039E-005 0.51373323804779E-005 0.16755757196996E+000 0.26506092936808E-004 0.43166391593581E-001 0.16084902438769E-003 0.98924890137672E-007 0.86548467058481E-008 0.16674515395549E-003 0.30416567393641E-001 0.17411051225341E-001 0.13247396496605E-001 0.10491968606303E-005 0.76238566062770E-003 0.18298769133142E-004 0.56981909925059E-003 0.11978817108858E-004 0.10871504048916E-002 0.29869272036649E-014 0.10212721593066E-006 0.72477462034787E+000 -.41342476316489E-038 0.93146656822233E+003 0.41909794878858E-001 -.15556619441634E+003 0.52553827797940E-001 0.10132500000000E+006 0.35618793329757E-003 0.27224789928155E+002 0.10000000000000E+001 0.00000000000000E+000 0.10000000000000E+001 0.93146656822233E+003 0.32106513002914E+003
  99 0.19343567067179E-001 0.61985508489765E-003 0.29310699875677E-005 0.55388345784667E-005 0.16651865659860E+000 0.27918864522356E-004 0.43825483844245E-001 0.16128546096903E-003 0.10983273019546E-006 0.95891308816245E-008 0.17556740062493E-003 0.30099852686477E-001 0.17738716281563E-001 0.13545350162668E-001 0.11506879472921E-005 0.77368894814893E-003 0.17676562225102E-004 0.58220455373345E-003 0.12635857514453E-004 0.11035358980225E-002 0.33532867210760E-014 0.10408044415921E-006 0.72478772770097E+000 -.42208347662056E-038 0.94121871666588E+003 0.41909794878858E-001 -.15400627796916E+003 0.52553827797940E-001 0.10132500000000E+006 0.35241385185492E-003 0.27218337053288E+002 0.10000000000000E+001 0.00000000000000E+000 0.10000000000000E+001 0.94121871666588E+003 0.33933985244142E+003
 100 0.19578839818760E-001 0.62621018444496E-003 0.31146978744625E-005 0.59664469819861E-005 0.16547048022936E+000 0.29416458961590E-004 0.44488167167256E-001 0.16173302958611E-003 0.12196331867188E-006 0.10625250353995E-007 0.18479652792099E-003 0.29780660927366E-001 0.18069437522816E-001 0.13847240775806E-001 0.12613408556470E-005 0.78492641005233E-003 0.17075766875583E-004 0.59472334730269E-003 0.13320496188121E-004 0.11194554143260E-002 0.37671242103470E-014 0.10605455969831E-006 0.72480177461289E+000 -.43039250706190E-038 0.95101362239451E+003 0.41909794878858E-001 -.15243522599237E+003 0.52553827797940E-001 0.10132500000000E+006 0.34870127841284E-003 0.27211867031001E+002 0.10000000000000E+001 0.00000000000000E+000 0.10000000000000E+001 0.95101362239451E+003 0.35859030413681E+003
 101 0.19813878315389E-001 0.63258170141044E-003 0.33078719045697E-005 0.64216790904503E-005 0.16441274081512E+000 0.31005311451851E-004 0.45154616179787E-001 0.16219398366365E-003 0.13545981254438E-006 0.11774825683323E-007 0.19444877360441E-003 0.29458893525834E-001 0.18403308832166E-001 0.14153192237764E-001 0.13819330608237E-005 0.79609848511787E-003 0.16497529066391E-004 0.60737839807747E-003 0.14033151010366E-004 0.11348730873456E-002 0.42349531372450E-014 0.10805034090095E-006 0.72481677121955E+000 -.43834729619873E-038 0.96085342382798E+003 0.41909794878858E-001 -.15085339976781E+003 0.52553827797940E-001 0.10132500000000E+006 0.34504803787405E-003 0.27205378145394E+002 0.10000000000000E+001 0.00000000000000E+000 0.10000000000000E+001 0.96085342382798E+003 0.37886833853408E+003
 102 0.20048777021573E-001 0.63897090138669E-003 0.35111376528966E-005 0.69061522490444E-005 0.16334510558021E+000 0.32692361641851E-004 0.45825021639587E-001 0.16267017822766E-003 0.15048277366766E-006 0.13050863999829E-007 0.20454085418117E-003 0.29134444084283E-001 0.18740433263532E-001 0.14463340421831E-001 0.15133040090260E-005 0.80720597826702E-003 0.15942658745147E-004 0.62017290265374E-003 0.14774142021538E-004 0.11497517092659E-002 0.47642484130180E-014 0.11006863963251E-006 0.72483272912798E+000 -.44594736297671E-038 0.97074047702876E+003 0.41909794878858E-001 -.14926119626460E+003 0.52553827797940E-001 0.10132500000000E+006 0.34145198064942E-003 0.27198868527331E+002 0.10000000000000E+001 0.00000000000000E+000 0.10000000000000E+001 0.97074047702876E+003 0.40022804810522E+003
 103 0.20283634567033E-001 0.64537913540196E-003 0.37250860575945E-005 0.74216114940887E-005 0.16226721082076E+000 0.34485096175291E-004 0.46499590272185E-001 0.16316305605188E-003 0.16721233222854E-006 0.14467929083195E-007 0.21508995148147E-003 0.28807198411108E-001 0.19080923056434E-001 0.14777833575259E-001 0.16563595317610E-005 0.81825000303024E-003 0.15411652577010E-004 0.63311031841575E-003 0.15543677416459E-004 0.11640526202026E-002 0.53636011880644E-014 0.11211038347893E-006 0.72484966150576E+000 -.45319695458119E-038 0.98067735097820E+003 0.41909794878858E-001 -.14765905524130E+003 0.52553827797940E-001 0.10132500000000E+006 0.33791098673274E-003 0.27192336159316E+002 0.10000000000000E+001 0.00000000000000E+000 0.10000000000000E+001 0.98067735097820E+003 0.42272583865226E+003
 104 0.20518554125442E-001 0.65180784312236E-003 0.39503576281844E-005 0.79699395526356E-005 0.16117865980835E+000 0.36391599492042E-004 0.47178545770352E-001 0.16367363590240E-003 0.18585065901987E-006 0.16042335754032E-007 0.22611371206579E-003 0.28477033969163E-001 0.19424900236972E-001 0.15096833301443E-001 0.18120767566630E-005 0.82923193862761E-003 0.14904718716302E-004 0.64619436381383E-003 0.16341840097470E-004 0.11777356180303E-002 0.60429021583638E-014 0.11417658172930E-006 0.72486758320033E+000 -.46009596415998E-038 0.99066684005195E+003 0.41909794878858E-001 -.14604746443446E+003 0.52553827797940E-001 0.10132500000000E+006 0.33442296338455E-003 0.27185778869141E+002 0.10000000000000E+001 0.00000000000000E+000 0.10000000000000E+001 0.99066684005195E+003 0.44642055104293E+003
 105 0.20753644879805E-001 0.65825857288044E-003 0.41876481283080E-005 0.85531752111635E-005 0.16007901576203E+000 0.38420620671179E-004 0.47862132786718E-001 0.16420250459735E-003 0.20662486956688E-006 0.17792378629454E-007 0.23763029599382E-003 0.28143817618807E-001 0.19772498838408E-001 0.15420517171441E-001 0.19815101770814E-005 0.84015343277231E-003 0.14421801647028E-004 0.65942907531147E-003 0.17168577498051E-004 0.11907589184104E-002 0.68135620566566E-014 0.11626834151830E-006 0.72488651100370E+000 -.46657789588808E-038 0.10007119843274E+004 0.41909794878858E-001 -.14442701215847E+003 0.52553827797940E-001 0.10132500000000E+006 0.33098584030709E-003 0.27179194304665E+002 0.10000000000000E+001 0.00000000000000E+000 0.10000000000000E+001 0.10007119843274E+004 0.47137377121235E+003
 106 0.20989023093934E-001 0.66473305643119E-003 0.44377150825975E-005 0.91735337381430E-005 0.15896779517246E+000 0.40581648532757E-004 0.48550620795393E-001 0.16474980772944E-003 0.22979034081036E-006 0.19738593800507E-007 0.24965842136128E-003 0.27807404719961E-001 0.20123866594992E-001 0.15749080590654E-001 0.21657982044661E-005 0.85101637683386E-003 0.13962609558422E-004 0.67281883892170E-003 0.18023689968992E-004 0.12030790596167E-002 0.76887740425865E-014 0.11838688082754E-006 0.72490646365474E+000 -.47270503786557E-038 0.10108162824908E+004 0.41909794878858E-001 -.14279897782482E+003 0.52553827797940E-001 0.10132500000000E+006 0.32759750241332E-003 0.27172579858455E+002 0.10000000000000E+001 0.00000000000000E+000 0.10000000000000E+001 0.10108162824908E+004 0.49764974876142E+003
 107 0.21224809856353E-001 0.67123303744953E-003 0.47013802937583E-005 0.98334199491607E-005 0.15784447967945E+000 0.42884962455087E-004 0.49244295990826E-001 0.16531523655899E-003 0.25563413406573E-006 0.21904025796961E-007 0.26221721238847E-003 0.27467641045501E-001 0.20479161676489E-001 0.16082734902669E-001 0.23661674150615E-005 0.86182272836542E-003 0.13526649431779E-004 0.68636822486487E-003 0.18906806211472E-004 0.12146506344083E-002 0.86838124141672E-014 0.12053351305124E-006 0.72492746217359E+000 -.47837626514449E-038 0.10209832780379E+004 0.41909794878858E-001 -.14116446499984E+003 0.52553827797940E-001 0.10132500000000E+006 0.32425593256904E-003 0.27165932828058E+002 0.10000000000000E+001 0.00000000000000E+000 0.10000000000000E+001 0.10209832780379E+004 0.52531580392165E+003
 108 0.21461127772906E-001 0.67776024352743E-003 0.49795319670119E-005 0.10535438662390E-004 0.15670853039506E+000 0.45341674791778E-004 0.49943452304148E-001 0.16589800687772E-003 0.28447862391043E-006 0.24314510537438E-007 0.27532596667233E-003 0.27124368643826E-001 0.20838547564522E-001 0.16421702808419E-001 0.25839352862172E-005 0.87257428152203E-003 0.13113260861074E-004 0.70008174320627E-003 0.19817352210877E-004 0.12254260059552E-002 0.98163777369213E-014 0.12270961932907E-006 0.72494952933972E+000 -.48358486737247E-038 0.10312166464522E+004 0.41909794878858E-001 -.13952382976700E+003 0.52553827797940E-001 0.10132500000000E+006 0.32095918030976E-003 0.27159250446867E+002 0.10000000000000E+001 0.00000000000000E+000 0.10000000000000E+001 0.10312166464522E+004 0.55444178202322E+003
 109 0.21698101047755E-001 0.68431635669192E-003 0.52731297549286E-005 0.11282414128971E-004 0.15555938845593E+000 0.47963805172406E-004 0.50648390759906E-001 0.16649684701328E-003 0.31668583491186E-006 0.26999014538074E-007 0.28900404736417E-003 0.26777425841138E-001 0.21202192813282E-001 0.16766218841895E-001 0.28205149644328E-005 0.88327259572168E-003 0.12721641844422E-004 0.71396377533939E-003 0.20754530744690E-004 0.12353552440425E-002 0.11107016232863E-013 0.12491665122115E-006 0.72497268978355E+000 -.48833253006335E-038 0.10415201340274E+004 0.41909794878858E-001 -.13787748839167E+003 0.52553827797940E-001 0.10132500000000E+006 0.31770537922552E-003 0.27152529906958E+002 0.10000000000000E+001 0.00000000000000E+000 0.10000000000000E+001 0.10415201340274E+004 0.58510007731512E+003
 110 0.21935858371050E-001 0.69090307752458E-003 0.55832140583261E-005 0.12077421120799E-004 0.15439646151425E+000 0.50764396543314E-004 0.51359427448308E-001 0.16710999251192E-003 0.35266273991905E-006 0.29990051489027E-007 0.30327092753200E-003 0.26426643341196E-001 0.21570275130066E-001 0.17116533942915E-001 0.30774230511336E-005 0.89391904614112E-003 0.12350868968271E-004 0.72801865971110E-003 0.21717311805494E-004 0.12443861775825E-002 0.12579636183663E-013 0.12715616005063E-006 0.72499697029775E+000 -.49262150658207E-038 0.10518976726855E+004 0.41909794878858E-001 -.13622590627102E+003 0.52553827797940E-001 0.10132500000000E+006 0.31449270846662E-003 0.27145768287056E+002 0.10000000000000E+001 0.00000000000000E+000 0.10000000000000E+001 0.10518976726855E+004 0.61736602062993E+003
 111 0.22174535445411E-001 0.69752217809333E-003 0.59109164187708E-005 0.12923820342503E-004 0.15321911139750E+000 0.53757647815329E-004 0.52076900598944E-001 0.16773518027135E-003 0.39286736260737E-006 0.33324162117329E-007 0.31814622615057E-003 0.26071840726381E-001 0.21942985057922E-001 0.17472919840107E-001 0.33562882505250E-005 0.90451484852389E-003 0.11999917916467E-004 0.74225074984040E-003 0.22704422468682E-004 0.12524643841979E-002 0.14262131238357E-013 0.12942982477507E-006 0.72502240017750E+000 -.49644953458260E-038 0.10623534807379E+004 0.41909794878858E-001 -.13456959029870E+003 0.52553827797940E-001 0.10132500000000E+006 0.31131936281944E-003 0.27138962490648E+002 0.10000000000000E+001 0.00000000000000E+000 0.10000000000000E+001 0.10623534807379E+004 0.65131830913990E+003
 112 0.22414274840889E-001 0.70417547878817E-003 0.62574676385791E-005 0.13825289618383E-004 0.15202665461770E+000 0.56959033009342E-004 0.52801169687459E-001 0.16836963519105E-003 0.43781535109708E-006 0.37042429177447E-007 0.33364957555542E-003 0.25712826877402E-001 0.22320525553412E-001 0.17835669685318E-001 0.36588578522640E-005 0.91506095675424E-003 0.11667686691824E-004 0.75666430044340E-003 0.23714325798074E-004 0.12595330565385E-002 0.16187115295419E-013 0.13173945580396E-006 0.72504901131758E+000 -.49980936222382E-038 0.10728920468733E+004 0.41909794878858E-001 -.13290910103083E+003 0.52553827797940E-001 0.10132500000000E+006 0.30818356070946E-003 0.27132109260939E+002 0.10000000000000E+001 0.00000000000000E+000 0.10000000000000E+001 0.10728920468733E+004 0.68703911834846E+003
 113 0.22655224266445E-001 0.71086477840238E-003 0.66242041082671E-005 0.14785851971822E-004 0.15081837105049E+000 0.60385410103422E-004 0.53532609581201E-001 0.16901005129308E-003 0.48808703718307E-006 0.41191028778264E-007 0.34980034655830E-003 0.25349402884141E-001 0.22703108929936E-001 0.18205096251213E-001 0.39870018728701E-005 0.92555788681183E-003 0.11353018298514E-004 0.77126323525765E-003 0.24745191863461E-004 0.12655328513615E-002 0.18392790385419E-013 0.13408698345267E-006 0.72507683811005E+000 -.50269086607902E-038 0.10835180422425E+004 0.41909794878858E-001 -.13124507715431E+003 0.52553827797940E-001 0.10132500000000E+006 0.30508357220711E-003 0.27125205243083E+002 0.10000000000000E+001 0.00000000000000E+000 0.10000000000000E+001 0.10835180422425E+004 0.72461394488230E+003
 114 0.22897537658181E-001 0.71759185938067E-003 0.70125786938119E-005 0.15809917404151E-004 0.14959349891696E+000 0.64055178954000E-004 0.54271613005525E-001 0.16965257909791E-003 0.54433587246748E-006 0.45821891504280E-007 0.36661750977874E-003 0.24981360868061E-001 0.23090958083219E-001 0.18581534347041E-001 0.43427201945100E-005 0.93600566010559E-003 0.11054716759311E-004 0.78605105812128E-003 0.25794879604813E-004 0.12704018606506E-002 0.20924013476824E-013 0.13647447342563E-006 0.72510591762819E+000 -.50508461554575E-038 0.10942363540035E+004 0.41909794878858E-001 -.12957824179216E+003 0.52553827797940E-001 0.10132500000000E+006 0.30201770949805E-003 0.27118246968134E+002 0.10000000000000E+001 0.00000000000000E+000 0.10000000000000E+001 0.10942363540035E+004 0.76413182773008E+003
 115 0.23141379636997E-001 0.72435858328666E-003 0.74241787493398E-005 0.16902346043796E-004 0.14835121246929E+000 0.67988516796297E-004 0.55018603291918E-001 0.17029282076103E-003 0.60729893687050E-006 0.50993529385715E-007 0.38411971408158E-003 0.24608477670856E-001 0.23484313131628E-001 0.18965348728181E-001 0.47281554921357E-005 0.94640387994252E-003 0.10771557362224E-004 0.80103094656604E-003 0.26860933227589E-004 0.12740756259029E-002 0.23833633455381E-013 0.13890417705600E-006 0.72513629025325E+000 -.50698371487473E-038 0.11050522673679E+004 0.41909794878858E-001 -.12790938746983E+003 0.52553827797940E-001 0.10132500000000E+006 0.29898427723306E-003 0.27111230741803E+002 0.10000000000000E+001 0.00000000000000E+000 0.10000000000000E+001 0.11050522673679E+004 0.80568617847320E+003
 116 0.23386927533720E-001 0.73116691436871E-003 0.78607430002993E-005 0.18068511733582E-004 0.14709061139893E+000 0.72207617162393E-004 0.55774039793579E-001 0.17092581650343E-003 0.67780864501641E-006 0.56771955208621E-007 0.40232519393297E-003 0.24230512153729E-001 0.23883434267705E-001 0.19356938683878E-001 0.51456045779692E-005 0.95675168423363E-003 0.10502298738238E-004 0.81620567168790E-003 0.27940567816247E-004 0.12764870314719E-002 0.27184110891322E-013 0.14137856024423E-006 0.72516800008777E+000 -.50838153520970E-038 0.11159715399413E+004 0.41909794878858E-001 -.12623938047213E+003 0.52553827797940E-001 0.10132500000000E+006 0.29598155807661E-003 0.27104152604689E+002 0.10000000000000E+001 0.00000000000000E+000 0.10000000000000E+001 0.11159715399413E+004 0.84937534468200E+003
 117 0.23634369206051E-001 0.73801882115710E-003 0.83241727485611E-005 0.19314354081607E-004 0.14581073192499E+000 0.76736887550753E-004 0.56538410187768E-001 0.17154601736877E-003 0.75680489266317E-006 0.63231631770006E-007 0.42125131802537E-003 0.23847209074254E-001 0.24288597651246E-001 0.19756736079486E-001 0.55975230054220E-005 0.96704750601819E-003 0.10245697250965E-004 0.83157721966195E-003 0.29030634955333E-004 0.12775661591852E-002 0.31049442650338E-013 0.14390029111720E-006 0.72520109483439E+000 -.50926949278942E-038 0.11270002862283E+004 0.41909794878858E-001 -.12456919651140E+003 0.52553827797940E-001 0.10132500000000E+006 0.29300785098467E-003 0.27097008416954E+002 0.10000000000000E+001 0.00000000000000E+000 0.10000000000000E+001 0.11270002862283E+004 0.89530244694525E+003
 118 0.23883903825630E-001 0.74491625476697E-003 0.88165492034187E-005 0.20646450898226E-004 0.14451054320671E+000 0.81603219783787E-004 0.57312231565930E-001 0.17214726352008E-003 0.84534952711912E-006 0.70456605557166E-007 0.44091427352787E-003 0.23458298630427E-001 0.24700095840249E-001 0.20165208063886E-001 0.60865334790949E-005 0.97728894799095E-003 0.10000515304523E-004 0.84714654807737E-003 0.30127599700694E-004 0.12772402478773E-002 0.35517553520529E-013 0.14647225749609E-006 0.72523562601024E+000 -.50963886464213E-038 0.11381449898823E+004 0.41909794878858E-001 -.12289993857105E+003 0.52553827797940E-001 0.10132500000000E+006 0.29006147203339E-003 0.27089793861659E+002 0.10000000000000E+001 0.00000000000000E+000 0.10000000000000E+001 0.11381449898823E+004 0.94357566902622E+003
 119 0.24135749636333E-001 0.75186131253778E-003 0.93401675643505E-005 0.22072141490371E-004 0.14318890726190E+000 0.86836445760998E-004 0.58096073006674E-001 0.17272277560175E-003 0.94464565554990E-006 0.78542028059406E-007 0.46132925129008E-003 0.23063485206472E-001 0.25118249636687E-001 0.20582871560136E-001 0.66154490902924E-005 0.98747291789254E-003 0.97655213996552E-005 0.86291372721384E-003 0.31227546483969E-004 0.12754336171781E-002 0.40693392041467E-013 0.14909765856577E-006 0.72527165016925E+000 -.50948390898962E-038 0.11494128245171E+004 0.41909794878858E-001 -.12123281191688E+003 0.52553827797940E-001 0.10132500000000E+006 0.28714067623470E-003 0.27082504250556E+002 0.10000000000000E+001 0.00000000000000E+000 0.10000000000000E+001 0.11494128245171E+004 0.99430997089799E+003
 120 0.24390146023853E-001 0.75885623406714E-003 0.98975651842556E-005 0.23599641471232E-004 0.14184456782042E+000 0.92469763060931E-004 0.58890560479208E-001 0.17326512503232E-003 0.10560584244957E-005 0.87595786631970E-007 0.48251015549756E-003 0.22662444949913E-001 0.25543410596404E-001 0.21010299205805E-001 0.71872890620013E-005 0.99759548940193E-003 0.95394951619276E-005 0.87887766752762E-003 0.32326156608655E-004 0.12720674757001E-002 0.46702711793445E-013 0.15178004247826E-006 0.72530922945618E+000 -.50880087997289E-038 0.11608117177244E+004 0.41909794878858E-001 -.11956914309666E+003 0.52553827797940E-001 0.10132500000000E+006 0.28424365345431E-003 0.27075134499011E+002 0.10000000000000E+001 0.00000000000000E+000 0.10000000000000E+001 0.11608117177244E+004 0.10476279091261E+004
 121 0.24647315943117E-001 0.76590230150973E-003 0.10491459674141E-004 0.25237916776417E-004 0.14047635096582E+000 0.98539263623092E-004 0.59696256989349E-001 0.17376612383874E-003 0.11811188472720E-005 0.97738749694835E-007 0.50446579066415E-003 0.22254886556231E-001 0.25975896398479E-001 0.21448057739796E-001 0.78051971232337E-005 0.10076501909544E-002 0.93212635225427E-005 0.89503327612371E-003 0.33418514318378E-004 0.12670606263170E-002 0.53695657611147E-013 0.15452292123702E-006 0.72534842604531E+000 -.50757967690541E-038 0.11723486296899E+004 0.41909794878858E-001 -.11791065855697E+003 0.52553827797940E-001 0.10132500000000E+006 0.28136896613379E-003 0.27067680257151E+002 0.10000000000000E+001 0.00000000000000E+000 0.10000000000000E+001 0.11723486296899E+004 0.11036517019455E+004
 122 0.24907345241170E-001 0.77299649363558E-003 0.11124453233764E-004 0.26995906028411E-004 0.13908382079868E+000 0.10508100234766E-003 0.60513278696852E-001 0.17421662705495E-003 0.13214709623540E-005 0.10910042895667E-006 0.52718811452920E-003 0.21840746844169E-001 0.26415782548605E-001 0.21896497164979E-001 0.84721011832081E-005 0.10176232791675E-002 0.91097936115956E-005 0.91136331484906E-003 0.34498591497888E-004 0.12603341538577E-002 0.61847731557893E-013 0.15732845683573E-006 0.72538928221581E+000 -.50579233452046E-038 0.11840240837404E+004 0.41909794878858E-001 -.11626026749746E+003 0.52553827797940E-001 0.10132500000000E+006 0.27851684288407E-003 0.27060141459361E+002 0.10000000000000E+001 0.00000000000000E+000 0.10000000000000E+001 0.11840240837404E+004 0.11624741734416E+004
 123 0.25169990921119E-001 0.78012631967240E-003 0.11798450557395E-004 0.28880911303370E-004 0.13766834386606E+000 0.11212486093815E-003 0.61340681097150E-001 0.17460644564222E-003 0.14787295720585E-005 0.12180746900993E-006 0.55063267353715E-003 0.21420505578887E-001 0.26862566020424E-001 0.22355398339232E-001 0.91900417442996E-005 0.10274869663291E-002 0.89043201759457E-005 0.92782588471915E-003 0.35558554485673E-004 0.12518236466015E-002 0.71355296857473E-013 0.16019527523495E-006 0.72543178529016E+000 -.50340953797428E-038 0.11958234912037E+004 0.41909794878858E-001 -.11462319538497E+003 0.52553827797940E-001 0.10132500000000E+006 0.27569107750475E-003 0.27052527929834E+002 0.10000000000000E+001 0.00000000000000E+000 0.10000000000000E+001 0.11958234912037E+004 0.12241064240082E+004
 124 0.25434575450046E-001 0.78726720019822E-003 0.12514136681648E-004 0.30897089765316E-004 0.13623372112368E+000 0.11968864079577E-003 0.62176111029484E-001 0.17492477216150E-003 0.16543080590291E-005 0.13596984757350E-006 0.57470527667618E-003 0.20995368277389E-001 0.27314967597932E-001 0.22823746685679E-001 0.99595350577596E-005 0.10371968965483E-002 0.87043893093097E-005 0.94434778442795E-003 0.36588635926921E-004 0.12414958519148E-002 0.82427632577536E-013 0.16311708323083E-006 0.72547584168130E+000 -.50052648071390E-038 0.12077123710003E+004 0.41909794878858E-001 -.11300741990452E+003 0.52553827797940E-001 0.10132500000000E+006 0.27289978866290E-003 0.27044862451597E+002 0.10000000000000E+001 0.00000000000000E+000 0.10000000000000E+001 0.12077123710003E+004 0.12884367503326E+004
 125 0.25700165022436E-001 0.79438766642010E-003 0.13271154660521E-004 0.33045864693593E-004 0.13478528015967E+000 0.12777929287975E-003 0.63016359443025E-001 0.17516119645728E-003 0.18493856288103E-005 0.15167843820927E-006 0.59927519778193E-003 0.20566990648699E-001 0.27771221726160E-001 0.23300002511964E-001 0.10779693114466E-004 0.10467005582539E-002 0.85097032369951E-005 0.96083634521152E-003 0.37578287010566E-004 0.12293559734011E-002 0.95285648082530E-013 0.16608438381189E-006 0.72552129742882E+000 -.49723877976843E-038 0.12196444170991E+004 0.41909794878858E-001 -.11142227570302E+003 0.52553827797940E-001 0.10132500000000E+006 0.27015314378321E-003 0.27037175535791E+002 0.10000000000000E+001 0.00000000000000E+000 0.10000000000000E+001 0.12196444170991E+004 0.13552567924540E+004
 126 0.25965954932318E-001 0.80145997958144E-003 0.14069042653857E-004 0.35328524200964E-004 0.13332778649007E+000 0.13640251146153E-003 0.63858583755858E-001 0.17530662090487E-003 0.20650910901790E-005 0.16901998285312E-006 0.62421091246628E-003 0.20136856765534E-001 0.28229737462935E-001 0.23782774147757E-001 0.11649216047002E-004 0.10559521569029E-002 0.83198594259100E-005 0.97720437844706E-003 0.38517990428596E-004 0.12154359894820E-002 0.11017490172778E-012 0.16908867782968E-006 0.72556800099598E+000 -.49351831641068E-038 0.12315789450974E+004 0.41909794878858E-001 -.10987595268822E+003 0.52553827797940E-001 0.10132500000000E+006 0.26745923614792E-003 0.27029494164544E+002 0.10000000000000E+001 0.00000000000000E+000 0.10000000000000E+001 0.12315789450974E+004 0.14243520013460E+004
 127 0.26231518742970E-001 0.80846672998352E-003 0.14908079174165E-004 0.37748671214874E-004 0.13186403535636E+000 0.14557199170845E-003 0.64701111136263E-001 0.17535337904054E-003 0.23027292313401E-005 0.18809530857813E-006 0.64940642882107E-003 0.19705864912852E-001 0.28689541316651E-001 0.24271293118801E-001 0.12567337855857E-004 0.10649207686823E-002 0.81342235628480E-005 0.99338598311770E-003 0.39400200377905E-004 0.11997753218963E-002 0.12738517330122E-012 0.17212540353392E-006 0.72561585209356E+000 -.48933499114276E-038 0.12434921909756E+004 0.41909794878858E-001 -.10837409434621E+003 0.52553827797940E-001 0.10132500000000E+006 0.26482178303715E-003 0.27021834535297E+002 0.10000000000000E+001 0.00000000000000E+000 0.10000000000000E+001 0.12434921909756E+004 0.14955750944148E+004
 128 0.26496746846060E-001 0.81539893688650E-003 0.15789332911422E-004 0.40312475267556E-004 0.13039513090915E+000 0.15531047419050E-003 0.65543256795126E-001 0.17529478737549E-003 0.25638335310490E-005 0.20902343869853E-006 0.67477873910262E-003 0.19274414905457E-001 0.29150186474977E-001 0.24765342476926E-001 0.13533913729092E-004 0.10735867469836E-002 0.79520171868411E-005 0.10093324029534E-002 0.40218935533755E-004 0.11824125801594E-002 0.14726206034624E-012 0.17519346573271E-006 0.72566479904550E+000 -.48468166103358E-038 0.12553745749277E+004 0.41909794878858E-001 -.10692036366085E+003 0.52553827797940E-001 0.10132500000000E+006 0.26224111429193E-003 0.27014203862532E+002 0.10000000000000E+001 0.00000000000000E+000 0.10000000000000E+001 0.12553745749277E+004 0.15688448294647E+004
 129 0.26761590657400E-001 0.82224912623031E-003 0.16713987481005E-004 0.43026808967992E-004 0.12892186703988E+000 0.16564269494695E-003 0.66384517898757E-001 0.17512485421289E-003 0.28499955848217E-005 0.23192779520082E-006 0.70024511686262E-003 0.18842817618086E-001 0.29611316894394E-001 0.25264807999818E-001 0.14548692307358E-004 0.10819322250519E-002 0.77725121601235E-005 0.10249960962519E-002 0.40968811439615E-004 0.11633943865244E-002 0.17020311870978E-012 0.17829243410656E-006 0.72571479702064E+000 -.47957432762028E-038 0.12672192149466E+004 0.41909794878858E-001 -.10551801613529E+003 0.52553827797940E-001 0.10132500000000E+006 0.25971690873660E-003 0.27006607788382E+002 0.10000000000000E+001 0.00000000000000E+000 0.10000000000000E+001 0.12672192149466E+004 0.16440852672719E+004
 130 0.27025744961646E-001 0.82900319849003E-003 0.17682188981919E-004 0.45895867342001E-004 0.12744649621177E+000 0.17658242346725E-003 0.67223566130134E-001 0.17483864027719E-003 0.31624840378672E-005 0.25690569217532E-006 0.72569312863494E-003 0.18411811877329E-001 0.30072114515419E-001 0.25769075075575E-001 0.15610052792953E-004 0.10899314227817E-002 0.75952437603243E-005 0.10403124277318E-002 0.41644256580290E-004 0.11427990559267E-002 0.19663320429183E-012 0.18141880266293E-006 0.72576574747427E+000 -.47404907612345E-038 0.12790077595391E+004 0.41909794878858E-001 -.10417152485411E+003 0.52553827797940E-001 0.10132500000000E+006 0.25725119051072E-003 0.26999059455391E+002 0.10000000000000E+001 0.00000000000000E+000 0.10000000000000E+001 0.12790077595391E+004 0.17211343299578E+004
 131 0.27288389239034E-001 0.83563439203832E-003 0.18691784652512E-004 0.48917255858260E-004 0.12597420565832E+000 0.18811737401491E-003 0.68057430471180E-001 0.17443337804197E-003 0.35017333130486E-005 0.28398766851505E-006 0.75095671728245E-003 0.17982986919924E-001 0.30530845637062E-001 0.26276496398543E-001 0.16713648699483E-004 0.10975451019563E-002 0.74201752761676E-005 0.10551873023300E-002 0.42239401355165E-004 0.11207662533910E-002 0.22695790476104E-012 0.18456270199984E-006 0.72581744184616E+000 -.46816713718141E-038 0.12906990606770E+004 0.41909794878858E-001 -.10288752470441E+003 0.52553827797940E-001 0.10132500000000E+006 0.25485042258235E-003 0.26991586665315E+002 0.10000000000000E+001 0.00000000000000E+000 0.10000000000000E+001 0.12906990606770E+004 0.17996563573199E+004
 132 0.27548239802836E-001 0.84210558397923E-003 0.19738038967901E-004 0.52080782231402E-004 0.12451286068909E+000 0.20020447313956E-003 0.68881676573124E-001 0.17390967223147E-003 0.38670804997920E-005 0.31311689018672E-006 0.77582441500894E-003 0.17558692942327E-001 0.30984954668934E-001 0.26784436144724E-001 0.17852185274636E-004 0.11047258075091E-002 0.72476600969353E-005 0.10695050269048E-002 0.42749057745626E-004 0.10975051798743E-002 0.26152347441707E-012 0.18770818370482E-006 0.72586956319300E+000 -.46201147504327E-038 0.13022319078669E+004 0.41909794878858E-001 -.10167395157099E+003 0.52553827797940E-001 0.10132500000000E+006 0.25252456639656E-003 0.26984229954981E+002 0.10000000000000E+001 0.00000000000000E+000 0.10000000000000E+001 0.13022319078669E+004 0.18791416853839E+004
 133 0.27804014723280E-001 0.84838170040655E-003 0.20815166698843E-004 0.55372714477511E-004 0.12307039375352E+000 0.21278620207650E-003 0.69691902340094E-001 0.17327144210130E-003 0.42571569770653E-005 0.34418079120462E-006 0.80008906389101E-003 0.17141270865434E-001 0.31431888591785E-001 0.27290144463456E-001 0.19017226157068E-004 0.11114336313030E-002 0.70781393321256E-005 0.10831588108873E-002 0.43170267002388E-004 0.10732578661455E-002 0.30063028698406E-012 0.19083863034681E-006 0.72592177557854E+000 -.45566316045927E-038 0.13135460715001E+004 0.41909794878858E-001 -.10053740369097E+003 0.52553827797940E-001 0.10132500000000E+006 0.25028265085512E-003 0.26977028995598E+002 0.10000000000000E+001 0.00000000000000E+000 0.10000000000000E+001 0.13135460715001E+004 0.19590419529036E+004
 134 0.28054920733119E-001 0.85444167146117E-003 0.21918491005761E-004 0.58782239021482E-004 0.12165201744604E+000 0.22581552320882E-003 0.70485294723253E-001 0.17252437435765E-003 0.46706494331447E-005 0.37707181362927E-006 0.82359826641286E-003 0.16732245913073E-001 0.31869963034028E-001 0.27791740973108E-001 0.20201640031161E-004 0.11176486504799E-002 0.69118254796173E-005 0.10960780709952E-002 0.43502953443196E-004 0.10482436800661E-002 0.34459469801214E-012 0.19394282124480E-006 0.72597382886012E+000 -.44917877866664E-038 0.13246039326367E+004 0.41909794878858E-001 -.99481045589718E+002 0.52553827797940E-001 0.10132500000000E+006 0.24812869129412E-003 0.26970008774276E+002 0.10000000000000E+001 0.00000000000000E+000 0.10000000000000E+001 0.13246039326367E+004 0.20389326731120E+004
 135 0.28300742758165E-001 0.86027978679824E-003 0.23045311269677E-004 0.62304309704237E-004 0.12025966131736E+000 0.23926699412249E-003 0.71260911093047E-001 0.17167433269708E-003 0.51067234330731E-005 0.41172090208531E-006 0.84626344009018E-003 0.16332177087538E-001 0.32298526799190E-001 0.28288454614879E-001 0.21400556473656E-004 0.11233698583187E-002 0.67486388644532E-005 0.11082300766701E-002 0.43749212161033E-004 0.10226329460561E-002 0.39379815157544E-012 0.19701639324009E-006 0.72602558816364E+000 -.44259087404208E-038 0.13353941420609E+004 0.41909794878858E-001 -.98504780168381E+002 0.52553827797940E-001 0.10132500000000E+006 0.24606142746983E-003 0.26963177371213E+002 0.10000000000000E+001 0.00000000000000E+000 0.10000000000000E+001 0.13353941420609E+004 0.21185623216872E+004
 136 0.28541621491800E-001 0.86589945349703E-003 0.24194369346516E-004 0.65938259433393E-004 0.11889319335896E+000 0.25313155627310E-003 0.72018965137080E-001 0.17072677014183E-003 0.55649388903096E-005 0.44809048380237E-006 0.86803725370635E-003 0.15941022058495E-001 0.32717573046975E-001 0.28780231503925E-001 0.22610757638679E-004 0.11286063379666E-002 0.65883413265825E-005 0.11196046076413E-002 0.43912193650924E-004 0.99655572291218E-003 0.44869253351545E-012 0.20005940196616E-006 0.72607699618180E+000 -.43592156464229E-038 0.13459214492727E+004 0.41909794878858E-001 -.97606735854684E+002 0.52553827797940E-001 0.10132500000000E+006 0.24407665940792E-003 0.26956532549700E+002 0.10000000000000E+001 0.00000000000000E+000 0.10000000000000E+001 0.13459214492727E+004 0.21977973086805E+004
 137 0.28777822483051E-001 0.87130720054931E-003 0.25365027286212E-004 0.69685400118380E-004 0.11755171728045E+000 0.26740737423688E-003 0.72760088305894E-001 0.16968683356949E-003 0.60449989628080E-005 0.48615433110583E-006 0.88889045384355E-003 0.15558517208592E-001 0.33127332787165E-001 0.29267293895015E-001 0.23829767139473E-004 0.11333700332892E-002 0.64306737235382E-005 0.11302000404344E-002 0.43995401326955E-004 0.97011986287012E-003 0.50978334666556E-012 0.20307359105228E-006 0.72612802822711E+000 -.42919170181750E-038 0.13561963225228E+004 0.41909794878858E-001 -.96784494078104E+002 0.52553827797940E-001 0.10132500000000E+006 0.24216938945210E-003 0.26950068410913E+002 0.10000000000000E+001 0.00000000000000E+000 0.10000000000000E+001 0.13561963225228E+004 0.22765540113349E+004
 138 0.29009620829957E-001 0.87650980179904E-003 0.26556790879938E-004 0.73547581257712E-004 0.11623422898387E+000 0.28209432301948E-003 0.73484961105483E-001 0.16855956007217E-003 0.65465844584349E-005 0.52588434890461E-006 0.90880031926828E-003 0.15184368110980E-001 0.33528070812886E-001 0.29749910957031E-001 0.25055331520724E-004 0.11376726228626E-002 0.62754191921688E-005 0.11400169158182E-002 0.44002429831089E-004 0.94342215977966E-003 0.57761561168675E-012 0.20606097582100E-006 0.72617866824409E+000 -.42242240810047E-038 0.13662298008769E+004 0.41909794878858E-001 -.96035628013161E+002 0.52553827797940E-001 0.10132500000000E+006 0.24033481393146E-003 0.26943778672145E+002 0.10000000000000E+001 0.00000000000000E+000 0.10000000000000E+001 0.13662298008769E+004 0.23547620347406E+004
 139 0.29237269301470E-001 0.88151351309545E-003 0.27769155223344E-004 0.77526705457114E-004 0.11493980334524E+000 0.29719213741642E-003 0.74194210180060E-001 0.16734995202226E-003 0.70692955708383E-005 0.56724594616723E-006 0.92774731339556E-003 0.14818303138071E-001 0.33920028150549E-001 0.30228331441238E-001 0.26285256560074E-004 0.11415248190414E-002 0.61224138167528E-005 0.11490562962699E-002 0.43936900291128E-004 0.91655227429822E-003 0.65276847452503E-012 0.20902342906918E-006 0.72622890144236E+000 -.41563406896189E-038 0.13760320702703E+004 0.41909794878858E-001 -.95357831001133E+002 0.52553827797940E-001 0.10132500000000E+006 0.23856856005166E-003 0.26937657563844E+002 0.10000000000000E+001 0.00000000000000E+000 0.10000000000000E+001 0.13760320702703E+004 0.24323527815527E+004
 140 0.29461001645379E-001 0.88632415006739E-003 0.29001610859519E-004 0.81624744195834E-004 0.11366758091728E+000 0.31270047252767E-003 0.74888416821190E-001 0.16606294187911E-003 0.76126554421879E-005 0.61019832674005E-006 0.94571503365570E-003 0.14460069536440E-001 0.34303426163260E-001 0.30702787640415E-001 0.27517414299775E-004 0.11449364947025E-002 0.59715359655565E-005 0.11573198848423E-002 0.43802439339303E-004 0.88959298686514E-003 0.73585657650299E-012 0.21196270767741E-006 0.72627871439500E+000 -.40884525932817E-038 0.13856125896835E+004 0.41909794878858E-001 -.94748902517401E+002 0.52553827797940E-001 0.10132500000000E+006 0.23686662966904E-003 0.26931699745625E+002 0.10000000000000E+001 0.00000000000000E+000 0.10000000000000E+001 0.13856125896835E+004 0.25092595172267E+004
 141 0.29681043757071E-001 0.89094732538903E-003 0.30253698090911E-004 0.85843918513469E-004 0.11241670919036E+000 0.32861958488124E-003 0.75568149873625E-001 0.16470330818901E-003 0.81761362173028E-005 0.65469655766489E-006 0.96269076048633E-003 0.14109416862597E-001 0.34678484183156E-001 0.31173516764080E-001 0.28749796115793E-004 0.11479168891397E-002 0.58226918897481E-005 0.11648103755422E-002 0.43602651241842E-004 0.86261941046108E-003 0.82753521927564E-012 0.21488058698121E-006 0.72632809700205E+000 -.40207216408564E-038 0.13949805520127E+004 0.41909794878858E-001 -.94206717946021E+002 0.52553827797940E-001 0.10132500000000E+006 0.23522529027779E-003 0.26925900017478E+002 0.10000000000000E+001 0.00000000000000E+000 0.10000000000000E+001 0.13949805520127E+004 0.25854203314204E+004
 142 0.29897618889970E-001 0.89538853635221E-003 0.31525037045028E-004 0.90186811678667E-004 0.11118631731137E+000 0.34495074398479E-003 0.76233979724281E-001 0.16327561320346E-003 0.87591767935573E-005 0.70069297382899E-006 0.97866540266903E-003 0.13766090167524E-001 0.35045426663439E-001 0.31640770743899E-001 0.29980536732802E-004 0.11504746432364E-002 0.56758065662908E-005 0.11715314510583E-002 0.43341084592315E-004 0.83569882020489E-003 0.92850555528764E-012 0.21777892368584E-006 0.72637704325255E+000 -.39532861086991E-038 0.14041450810270E+004 0.41909794878858E-001 -.93729225631741E+002 0.52553827797940E-001 0.10132500000000E+006 0.23364102066167E-003 0.26920253201388E+002 0.10000000000000E+001 0.00000000000000E+000 0.10000000000000E+001 0.14041450810270E+004 0.26607792349664E+004
 143 0.30110945327739E-001 0.89965309030475E-003 0.32815316125455E-004 0.94656346906206E-004 0.10997553341881E+000 0.36169612625780E-003 0.76886468986344E-001 0.16178419142082E-003 0.93611820864451E-005 0.74813712162138E-006 0.99363283798982E-003 0.13429835193363E-001 0.35404477447817E-001 0.32104810183321E-001 0.31207895126360E-004 0.11526177165614E-002 0.55308207399007E-005 0.11774874944573E-002 0.43021208847203E-004 0.80889141964950E-003 0.10395175732925E-011 0.22065962059831E-006 0.72642555032610E+000 -.38862627315199E-038 0.14131151069431E+004 0.41909794878858E-001 -.93314463743656E+002 0.52553827797940E-001 0.10132500000000E+006 0.23211051565079E-003 0.26914754224047E+002 0.10000000000000E+001 0.00000000000000E+000 0.10000000000000E+001 0.14131151069431E+004 0.27352846770150E+004
 144 0.30321231527783E-001 0.90374599096461E-003 0.34124261087985E-004 0.99255695205915E-004 0.10878351599532E+000 0.37885844610671E-003 0.77526155870793E-001 0.16023317129900E-003 0.99815119447862E-005 0.79697489183653E-006 0.10075891615177E-002 0.13100407304608E-001 0.35755850059122E-001 0.32565892527067E-001 0.32430217884015E-004 0.11543533155196E-002 0.53876906485935E-005 0.11826832947876E-002 0.42646405870689E-004 0.78225147480109E-003 0.11613712207675E-011 0.22352455529556E-006 0.72647361710485E+000 -.38197491952001E-038 0.14218991428080E+004 0.41909794878858E-001 -.92960575601723E+002 0.52553827797940E-001 0.10132500000000E+006 0.23063070745072E-003 0.26909398258462E+002 0.10000000000000E+001 0.00000000000000E+000 0.10000000000000E+001 0.14218991428080E+004 0.28088871564590E+004
 145 0.30528671906468E-001 0.90767185490513E-003 0.35451602409767E-004 0.10398816932374E-003 0.10760948105586E+000 0.39644054091473E-003 0.78153540166895E-001 0.15862650946732E-003 0.10619467506941E-004 0.84714745997052E-006 0.10205321194100E-002 0.12777579015619E-001 0.36099739533135E-001 0.33024261204368E-001 0.33645903838323E-004 0.11556878839370E-002 0.52463880973988E-005 0.11871238759780E-002 0.42219973094629E-004 0.75582839095971E-003 0.12949163980626E-011 0.22637551441287E-006 0.72652124282001E+000 -.37538251725153E-038 0.14305050981672E+004 0.41909794878858E-001 -.92665814822045E+002 0.52553827797940E-001 0.10132500000000E+006 0.22919877960175E-003 0.26904180838834E+002 0.10000000000000E+001 0.00000000000000E+000 0.10000000000000E+001 0.14305050981672E+004 0.28815370691144E+004
 146 0.30733443797996E-001 0.91143486634101E-003 0.36797045574282E-004 0.10885711883157E-003 0.10645272205928E+000 0.41444496983747E-003 0.78769073425049E-001 0.15696802876218E-003 0.11274277585260E-004 0.89859023855681E-006 0.10324607588974E-002 0.12461145284542E-001 0.36436316700147E-001 0.33480137045638E-001 0.34853374736660E-004 0.11566271523131E-002 0.51069003281501E-005 0.11908144524208E-002 0.41745134048184E-004 0.72966762155025E-003 0.14410519767717E-011 0.22921414154446E-006 0.72656842597829E+000 -.36885539145158E-038 0.14389401512023E+004 0.41909794878858E-001 -.92428541033165E+002 0.52553827797940E-001 0.10132500000000E+006 0.22781217080090E-003 0.26899097935947E+002 0.10000000000000E+001 0.00000000000000E+000 0.10000000000000E+001 0.14389401512023E+004 0.29531830330232E+004
 147 0.30935706643508E-001 0.91503878483543E-003 0.38160253182532E-004 0.11386585920011E-003 0.10531261657382E+000 0.43287374942666E-003 0.79373156390801E-001 0.15526144582696E-003 0.11945090033846E-004 0.95123223035981E-006 0.10433753260760E-002 0.12150925009393E-001 0.36765726579910E-001 0.33933714511893E-001 0.36051059661276E-004 0.11571762341460E-002 0.49692288032812E-005 0.11937605025331E-002 0.41225049662707E-004 0.70381124241979E-003 0.16007247743580E-011 0.23204191458271E-006 0.72661516383263E+000 -.36239855452204E-038 0.14472107203789E+004 0.41909794878858E-001 -.92247207697486E+002 0.52553827797940E-001 0.10132500000000E+006 0.22646856282403E-003 0.26894145969336E+002 0.10000000000000E+001 0.00000000000000E+000 0.10000000000000E+001 0.14472107203789E+004 0.30237711024381E+004
 148 0.31135604254940E-001 0.91848701169000E-003 0.39540847659524E-004 0.11901767138988E-003 0.10418861510275E+000 0.45172835704874E-003 0.79966145905385E-001 0.15351037387501E-003 0.12630973266833E-004 0.10049961844707E-005 0.10532773865728E-002 0.11846757612216E-001 0.37088092042582E-001 0.34385164914931E-001 0.37237399295236E-004 0.11573397405848E-002 0.48333862119720E-005 0.11959679151465E-002 0.40662822737812E-004 0.67829806935411E-003 0.17749300623711E-011 0.23486016628195E-006 0.72666145260918E+000 -.35601614857701E-038 0.14553225651157E+004 0.41909794878858E-001 -.92120345931013E+002 0.52553827797940E-001 0.10132500000000E+006 0.22516584910125E-003 0.26889321740998E+002 0.10000000000000E+001 0.00000000000000E+000 0.10000000000000E+001 0.14553225651157E+004 0.30932451749921E+004
 149 0.31333268353802E-001 0.92178267289344E-003 0.40938425354687E-004 0.12431584468457E-003 0.10308022249505E+000 0.47100989412440E-003 0.80548365529399E-001 0.15171830970959E-003 0.13330924107953E-004 0.10597992502696E-005 0.10621699898229E-002 0.11548497695829E-001 0.37403519514988E-001 0.34834642854136E-001 0.38410859644938E-004 0.11571218754308E-002 0.46993928642366E-005 0.11974431190809E-002 0.40061495556981E-004 0.65316355666743E-003 0.19647135023322E-011 0.23767012484445E-006 0.72670728807932E+000 -.34971165604768E-038 0.14632809362736E+004 0.41909794878858E-001 -.92046550608940E+002 0.52553827797940E-001 0.10132500000000E+006 0.22390209790980E-003 0.26884622340913E+002 0.10000000000000E+001 0.00000000000000E+000 0.10000000000000E+001 0.14632809362736E+004 0.31615479356728E+004
 150 0.31528821250102E-001 0.92492867897434E-003 0.42352567831230E-004 0.12976371262376E-003 0.10198698411067E+000 0.49071922148396E-003 0.81120113422067E-001 0.14988862286838E-003 0.14043875003474E-004 0.11155535804443E-005 0.10700577430591E-002 0.11256011108662E-001 0.37712103171091E-001 0.35282291080749E-001 0.39569942047357E-004 0.11565265000280E-002 0.45672738956692E-005 0.11981931536150E-002 0.39424045947253E-004 0.62843976783193E-003 0.21711731940080E-011 0.24047294479382E-006 0.72675266597285E+000 -.34348810060543E-038 0.14710906880482E+004 0.41909794878858E-001 -.92024471208531E+002 0.52553827797940E-001 0.10132500000000E+006 0.22267552431008E-003 0.26880045077870E+002 0.10000000000000E+001 0.00000000000000E+000 0.10000000000000E+001 0.14710906880482E+004 0.32286215591736E+004
 151 0.31722378598430E-001 0.92792777878075E-003 0.43782856271754E-004 0.13536470469845E-003 0.10090847154149E+000 0.51085714820816E-003 0.81681670253735E-001 0.14802454000000E-003 0.14768703368453E-004 0.11721670991884E-005 0.10769468434172E-002 0.10969170998451E-001 0.38013929103577E-001 0.35728245839047E-001 0.40713194425356E-004 0.11555571722654E-002 0.44370566255337E-005 0.11982256949077E-002 0.38753380091439E-004 0.60415531405202E-003 0.23954627217341E-011 0.24326974097582E-006 0.72679758243736E+000 -.33734829110635E-038 0.14787563895410E+004 0.41909794878858E-001 -.92052806179114E+002 0.52553827797940E-001 0.10132500000000E+006 0.22148446416199E-003 0.26875587412675E+002 0.10000000000000E+001 0.00000000000000E+000 0.10000000000000E+001 0.14787563895410E+004 0.32944084684343E+004
 152 0.31914054572009E-001 0.93078264043948E-003 0.45228906819636E-004 0.14112248724148E-003 0.99844255021027E-001 0.53142493208905E-003 0.82233313798363E-001 0.14612910134782E-003 0.15504252016853E-004 0.12295451311975E-005 0.10828451241969E-002 0.10687850478281E-001 0.38309082995263E-001 0.36172648115529E-001 0.41839236956712E-004 0.11542171384363E-002 0.43087664984175E-005 0.11975490201321E-002 0.38052313552378E-004 0.58033498545939E-003 0.26387986790138E-011 0.24606165994517E-006 0.72684203507692E+000 -.33129518428966E-038 0.14862825268137E+004 0.41909794878858E-001 -.92130302281988E+002 0.52553827797940E-001 0.10132500000000E+006 0.22032733611013E-003 0.26871246841954E+002 0.10000000000000E+001 0.00000000000000E+000 0.10000000000000E+001 0.14862825268137E+004 0.33588528997703E+004
 153 0.32103968008235E-001 0.93349592841515E-003 0.46690418017633E-004 0.14704116818248E-003 0.98793870971410E-001 0.55242498590085E-003 0.82775335636454E-001 0.14420510075515E-003 0.16249356061965E-004 0.12875925236590E-005 0.10877619923206E-002 0.10411914281436E-001 0.38597658704644E-001 0.36615657628762E-001 0.42946792385514E-004 0.11525092570392E-002 0.41824226412464E-005 0.11961718567849E-002 0.37323543710934E-004 0.55699928925125E-003 0.29024730398792E-011 0.24884996935566E-006 0.72688602422043E+000 -.32533170961759E-038 0.14936737329824E+004 0.41909794878858E-001 -.92255762092977E+002 0.52553827797940E-001 0.10132500000000E+006 0.21920260178340E-003 0.26867020771676E+002 0.10000000000000E+001 0.00000000000000E+000 0.10000000000000E+001 0.14936737329824E+004 0.34219026905111E+004
 154 0.32292244583946E-001 0.93607030566695E-003 0.48167191878078E-004 0.15312541360982E-003 0.97756812164728E-001 0.57386124200432E-003 0.83308045799150E-001 0.14225506083677E-003 0.17002856102383E-004 0.13462146860061E-005 0.10917081258457E-002 0.10141216629429E-001 0.38879760176427E-001 0.37057457986825E-001 0.44034691059003E-004 0.11504358981404E-002 0.40580363554992E-005 0.11941031533231E-002 0.36569633908777E-004 0.53416452154202E-003 0.31878643472251E-011 0.25163609270366E-006 0.72692955325920E+000 -.31946028687842E-038 0.15009348534515E+004 0.41909794878858E-001 -.92428056111749E+002 0.52553827797940E-001 0.10132500000000E+006 0.21810875316213E-003 0.26862906491001E+002 0.10000000000000E+001 0.00000000000000E+000 0.10000000000000E+001 0.15009348534515E+004 0.34835095912228E+004
 155 0.32479013709223E-001 0.93850836075358E-003 0.49659113610232E-004 0.15938040162506E-003 0.96732547160022E-001 0.59573892869354E-003 0.83831762320470E-001 0.14028126464771E-003 0.17763589429901E-004 0.14053169146050E-005 0.10946950492021E-002 0.98756067829583E-002 0.39155495275151E-001 0.37498249496117E-001 0.45101843897127E-004 0.11479988915282E-002 0.39356132948369E-005 0.11913518971093E-002 0.35793020440207E-004 0.51184349648417E-003 0.34964427301585E-011 0.25442156656509E-006 0.72697262775259E+000 -.31368265720378E-038 0.15080708056492E+004 0.41909794878858E-001 -.92646130560597E+002 0.52553827797940E-001 0.10132500000000E+006 0.21704433121103E-003 0.26858901263745E+002 0.10000000000000E+001 0.00000000000000E+000 0.10000000000000E+001 0.15080708056492E+004 0.35436277701774E+004
 156 0.32664403624022E-001 0.94081252514970E-003 0.51166113269698E-004 0.16581169281488E-003 0.95720549133469E-001 0.61806406180790E-003 0.84346796277710E-001 0.13828581332242E-003 0.18530371151920E-004 0.14648029403969E-005 0.10967348028674E-002 0.96149368188982E-002 0.39424967391295E-001 0.37938237417394E-001 0.46147205414229E-004 0.11451995431351E-002 0.38151568513454E-005 0.11879270492044E-002 0.34996032557505E-004 0.49004645404467E-003 0.38297702358349E-011 0.25720796862373E-006 0.72701525412490E+000 -.30800011191741E-038 0.15150863778143E+004 0.41909794878858E-001 -.92909006935146E+002 0.52553827797940E-001 0.10132500000000E+006 0.21600795242030E-003 0.26855002449704E+002 0.10000000000000E+001 0.00000000000000E+000 0.10000000000000E+001 0.15150863778143E+004 0.36022118048442E+004
 157 0.32848537417783E-001 0.94298502039047E-003 0.52688130545872E-004 0.17242509952557E-003 0.94720318929091E-001 0.64084295079607E-003 0.84853440151526E-001 0.13627068054849E-003 0.19301976551557E-004 0.15245735843463E-005 0.10978397837501E-002 0.93590676357119E-002 0.39688269034316E-001 0.38377622038147E-001 0.47169743718514E-004 0.11420386975214E-002 0.36966708672939E-005 0.11838375789147E-002 0.34180913772065E-004 0.46878179315270E-003 0.41894994538959E-011 0.25999685640082E-006 0.72705743859652E+000 -.30241407110159E-038 0.15219860733526E+004 0.41909794878858E-001 -.93215775223736E+002 0.52553827797940E-001 0.10132500000000E+006 0.21499832726739E-003 0.26851207594501E+002 0.10000000000000E+001 0.00000000000000E+000 0.10000000000000E+001 0.15219860733526E+004 0.36592151157593E+004
 158 0.33031530418227E-001 0.94502783628599E-003 0.54225087721898E-004 0.17922657630979E-003 0.93731399977279E-001 0.66408179779012E-003 0.85351960601960E-001 0.13423775607976E-003 0.20077127760187E-004 0.15845257583771E-005 0.10980227244336E-002 0.91078726466225E-002 0.39945477956710E-001 0.38816591746691E-001 0.48168420400133E-004 0.11385168254411E-002 0.35801613620636E-005 0.11790925610564E-002 0.33349840186364E-004 0.44805657815754E-003 0.45773715192181E-011 0.26278972426731E-006 0.72709918645769E+000 -.29692623400416E-038 0.15287740153664E+004 0.41909794878858E-001 -.93565583558950E+002 0.52553827797940E-001 0.10132500000000E+006 0.21401426906484E-003 0.26847514481139E+002 0.10000000000000E+001 0.00000000000000E+000 0.10000000000000E+001 0.15287740153664E+004 0.37145889877173E+004
 159 0.33213489449968E-001 0.94694273950021E-003 0.55776876683851E-004 0.18622216121211E-003 0.92753382582020E-001 0.68778648751854E-003 0.85842596782339E-001 0.13218886984040E-003 0.20854488032547E-004 0.16445520630955E-005 0.10972967583799E-002 0.88612386227872E-002 0.40196656313641E-001 0.39255320459158E-001 0.49142182801311E-004 0.11346341062330E-002 0.34656369768934E-005 0.11737012826106E-002 0.32504931355758E-004 0.42787677625001E-003 0.49952155128567E-011 0.26558798756294E-006 0.72714050179761E+000 -.29153826161530E-038 0.15354539263877E+004 0.41909794878858E-001 -.93957628019834E+002 0.52553827797940E-001 0.10132500000000E+006 0.21305469168360E-003 0.26843921137180E+002 0.10000000000000E+001 0.00000000000000E+000 0.10000000000000E+001 0.15354539263877E+004 0.37682822965735E+004
 160 0.33394513955812E-001 0.94873130411946E-003 0.57343361786759E-004 0.19341798326192E-003 0.91785897959142E-001 0.71196261055839E-003 0.86325563824982E-001 0.13012579410725E-003 0.21632664519948E-004 0.17045410454732E-005 0.10956755026600E-002 0.86190639118576E-002 0.40441852544918E-001 0.39693969552717E-001 0.50089967627121E-004 0.11303904781052E-002 0.33531082106982E-005 0.11676733082548E-002 0.31648251802535E-004 0.40824725518088E-003 0.54449510770743E-011 0.26839299521378E-006 0.72718138767670E+000 -.28625133345365E-038 0.15420291782023E+004 0.41909794878858E-001 -.94391145903224E+002 0.52553827797940E-001 0.10132500000000E+006 0.21211859757806E-003 0.26840425803213E+002 0.10000000000000E+001 0.00000000000000E+000 0.10000000000000E+001 0.15420291782023E+004 0.38202418615802E+004
 161 0.33574697268491E-001 0.95039494044379E-003 0.58924385107064E-004 0.20082028164666E-003 0.90828611503713E-001 0.73661552603109E-003 0.86801056627375E-001 0.12805024180582E-003 0.22410212580770E-004 0.17643775739575E-005 0.10931731184141E-002 0.83812565116209E-002 0.40681103385710E-001 0.40132690280214E-001 0.51010705716973E-004 0.11257856742126E-002 0.32425865875773E-005 0.11610185215575E-002 0.30781810276578E-004 0.38917175565511E-003 0.59285918509928E-011 0.27120604552240E-006 0.72722184634178E+000 -.28106594993499E-038 0.15485028454409E+004 0.41909794878858E-001 -.94865410940053E+002 0.52553827797940E-001 0.10132500000000E+006 0.21120506601393E-003 0.26837026900346E+002 0.10000000000000E+001 0.00000000000000E+000 0.10000000000000E+001 0.15485028454409E+004 0.38704128478080E+004
 162 0.33754128078336E-001 0.95193492150514E-003 0.60519774550687E-004 0.20843544045188E-003 0.89881215116718E-001 0.76175047392268E-003 0.87269254007694E-001 0.12596386056038E-003 0.23185641716482E-004 0.18239433361112E-005 0.10898043407661E-002 0.81477319714306E-002 0.40914436015687E-001 0.40571626781868E-001 0.51903327829015E-004 0.11208192405309E-002 0.31340837449206E-005 0.11537471352160E-002 0.29907556704606E-004 0.37065284159484E-003 0.64482502454653E-011 0.27402840596656E-006 0.72726187948932E+000 -.27598238235269E-038 0.15548777639487E+004 0.41909794878858E-001 -.95379730828759E+002 0.52553827797940E-001 0.10132500000000E+006 0.21031324132347E-003 0.26833722996577E+002 0.10000000000000E+001 0.00000000000000E+000 0.10000000000000E+001 0.15548777639487E+004 0.39187392089847E+004
 163 0.33932894284773E-001 0.95335242287946E-003 0.62129374710615E-004 0.21627013887835E-003 0.88943407234851E-001 0.78737305877191E-003 0.87730328779413E-001 0.12386819694726E-003 0.23957432392075E-004 0.18831181658870E-005 0.10855844133601E-002 0.79184083732747E-002 0.41141873038826E-001 0.41010925089232E-001 0.52766781392444E-004 0.11154904646325E-002 0.30276091703247E-005 0.11458695648551E-002 0.29027366213115E-004 0.35269161977689E-003 0.70061511655309E-011 0.27686137196819E-006 0.72730148905388E+000 -.27100106500637E-038 0.15611566695909E+004 0.41909794878858E-001 -.95933454399646E+002 0.52553827797940E-001 0.10132500000000E+006 0.20944231071592E-003 0.26830512734080E+002 0.10000000000000E+001 0.00000000000000E+000 0.10000000000000E+001 0.15611566695909E+004 0.39651647011760E+004
 164 0.34111087594149E-001 0.95464855331039E-003 0.63753087126299E-004 0.22433156621918E-003 0.88014869702921E-001 0.81348991586416E-003 0.88184459061158E-001 0.12176464946407E-003 0.24724056126397E-004 0.19417816065161E-005 0.10805288987261E-002 0.76932007778957E-002 0.41363437770553E-001 0.41450744239490E-001 0.53600047775486E-004 0.11097982334167E-002 0.29231677109009E-005 0.11373961898203E-002 0.28143018161315E-004 0.33528743774972E-003 0.76046533659918E-011 0.27970634037594E-006 0.72734067813096E+000 -.26612230440155E-038 0.15673423539089E+004 0.41909794878858E-001 -.96525986492913E+002 0.52553827797940E-001 0.10132500000000E+006 0.20859148094002E-003 0.26827394753594E+002 0.10000000000000E+001 0.00000000000000E+000 0.10000000000000E+001 0.15673423539089E+004 0.40096338784922E+004
 165 0.34288804305415E-001 0.95582434384187E-003 0.65390877887602E-004 0.23262749521039E-003 0.87095265279752E-001 0.84010888544266E-003 0.88631829209817E-001 0.11965446517392E-003 0.25483978432813E-004 0.19998131461358E-005 0.10746535063023E-002 0.74720208922006E-002 0.41579154153021E-001 0.41891258206998E-001 0.54402138284915E-004 0.11037409684945E-002 0.28207595389320E-005 0.11283372276873E-002 0.27256193797061E-004 0.31843800638032E-003 0.82462637893176E-011 0.28256482473083E-006 0.72737945102552E+000 -.26134581299096E-038 0.15734376786141E+004 0.41909794878858E-001 -.97156794772391E+002 0.52553827797940E-001 0.10132500000000E+006 0.20775997530077E-003 0.26824367695324E+002 0.10000000000000E+001 0.00000000000000E+000 0.10000000000000E+001 0.15734376786141E+004 0.40520919100794E+004
 166 0.34466142055499E-001 0.95688071164904E-003 0.67042747430376E-004 0.24116616558623E-003 0.86184256039897E-001 0.86723857258562E-003 0.89072620617332E-001 0.11753878523486E-003 0.26235643753089E-004 0.20570910780889E-005 0.10679740770543E-002 0.72547817367172E-002 0.41789041782870E-001 0.42332647784919E-001 0.55172071820635E-004 0.10973167048727E-002 0.27203824531013E-005 0.11187028304977E-002 0.26368494988069E-004 0.30213989370639E-003 0.89336380478150E-011 0.28543840546895E-006 0.72741781241822E+000 -.25667066460907E-038 0.15794454520346E+004 0.41909794878858E-001 -.97825401414297E+002 0.52553827797940E-001 0.10132500000000E+006 0.20694704943663E-003 0.26821430267943E+002 0.10000000000000E+001 0.00000000000000E+000 0.10000000000000E+001 0.15794454520346E+004 0.40924834261378E+004
 167 0.34643196943388E-001 0.95781843925027E-003 0.68708701628810E-004 0.24995615815148E-003 0.85281519137284E-001 0.89488789948705E-003 0.89507004052903E-001 0.11541868747750E-003 0.26977462174411E-004 0.21134915094876E-005 0.10605066569496E-002 0.70414014693498E-002 0.41993111952395E-001 0.42775093199419E-001 0.55908857321035E-004 0.10905231996124E-002 0.26220337792180E-005 0.11085032344286E-002 0.25481461918350E-004 0.28638891910720E-003 0.96695781862982E-011 0.28832868407668E-006 0.72745576664750E+000 -.25209571301365E-038 0.15853683264245E+004 0.41909794878858E-001 -.98531371623085E+002 0.52553827797940E-001 0.10132500000000E+006 0.20615200356973E-003 0.26818581302212E+002 0.10000000000000E+001 0.00000000000000E+000 0.10000000000000E+001 0.15853683264245E+004 0.41307516529710E+004
 168 0.34820064010549E-001 0.95863818027582E-003 0.70388753157101E-004 0.25900641602490E-003 0.84386744956923E-001 0.92306613874305E-003 0.89935140656953E-001 0.11329518925391E-003 0.27707810792594E-004 0.21688884919999E-005 0.10522674960063E-002 0.68318029010119E-002 0.42191367958369E-001 0.43218774985068E-001 0.56611492673341E-004 0.10833579412837E-002 0.25257102669558E-005 0.10977487636511E-002 0.24596574036213E-004 0.27118020129337E-003 0.10457041221214E-010 0.29123729062541E-006 0.72749331773798E+000 -.24762019494044E-038 0.15912088130112E+004 0.41909794878858E-001 -.99274312620310E+002 0.52553827797940E-001 0.10132500000000E+006 0.20537417858937E-003 0.26815819744433E+002 0.10000000000000E+001 0.00000000000000E+000 0.10000000000000E+001 0.15912088130112E+004 0.41668384295483E+004
 169 0.34996839365121E-001 0.95934047004581E-003 0.72082938872087E-004 0.26832635635064E-003 0.83499627117158E-001 0.95178322136818E-003 0.90357186770423E-001 0.11116923007657E-003 0.28425041776201E-004 0.22231546572034E-005 0.10432729569633E-002 0.66259111458988E-002 0.42383807116722E-001 0.43663879034833E-001 0.57278969609180E-004 0.10758180849362E-002 0.24314071312606E-005 0.10864497230207E-002 0.23715242598930E-004 0.25650806919095E-003 0.11299156552715E-010 0.29416591903317E-006 0.72753046977115E+000 -.24324391715541E-038 0.15969693493612E+004 0.41909794878858E-001 -.10005388049481E+003 0.52553827797940E-001 0.10132500000000E+006 0.20461294546421E-003 0.26813144626354E+002 0.10000000000000E+001 0.00000000000000E+000 0.10000000000000E+001 0.15969693493612E+004 0.42006845187266E+004
 170 0.35173621154213E-001 0.95992572500104E-003 0.73791326944477E-004 0.27792593685445E-003 0.82619858674641E-001 0.98104988758416E-003 0.90773295670877E-001 0.10904166776573E-003 0.29127485068025E-004 0.22761614380229E-005 0.10335394461632E-002 0.64236528172498E-002 0.42570421189029E-001 0.44110598846280E-001 0.57910272438448E-004 0.10679004164292E-002 0.23391178160377E-005 0.10746163370923E-002 0.22838809078572E-004 0.24236609066453E-003 0.12199241511316E-010 0.29711634464546E-006 0.72756722699304E+000 -.23896708482020E-038 0.16026523246671E+004 0.41909794878858E-001 -.10086978404075E+003 0.52553827797940E-001 0.10132500000000E+006 0.20386770066377E-003 0.26810555057439E+002 0.10000000000000E+001 0.00000000000000E+000 0.10000000000000E+001 0.16026523246671E+004 0.42322295779617E+004
 171 0.35350509853815E-001 0.96039423742891E-003 0.75514017532586E-004 0.28781569179293E-003 0.81747131923673E-001 0.10108777341374E-002 0.91183617552846E-001 0.10691328286547E-003 0.29813447892513E-004 0.23277790455331E-005 0.10230833749640E-002 0.62249560876034E-002 0.42751195938551E-001 0.44559136073133E-001 0.58504373586883E-004 0.10596013412188E-002 0.22488341575560E-005 0.10622587290386E-002 0.21968547181434E-004 0.22874716013567E-003 0.13160815509720E-010 0.30009043110059E-006 0.72760359376962E+000 -.23479023006976E-038 0.16082600811324E+004 0.41909794878858E-001 -.10172178611642E+003 0.52553827797940E-001 0.10132500000000E+006 0.20313786490729E-003 0.26808050229187E+002 0.10000000000000E+001 0.00000000000000E+000 0.10000000000000E+001 0.16082600811324E+004 0.42614119569896E+004
 172 0.35527609413760E-001 0.96074617123305E-003 0.77251151712863E-004 0.29800681943588E-003 0.80881134114973E-001 0.10412794089948E-002 0.91588301396430E-001 0.10478477295670E-003 0.30481217163952E-004 0.23778766617986E-005 0.10119210725240E-002 0.60297498380247E-002 0.42926111461725E-001 0.45009703253453E-001 0.59060231562420E-004 0.10509168311945E-002 0.21605461350975E-005 0.10493868407086E-002 0.21105660908404E-004 0.21564351943428E-003 0.14187620532832E-010 0.30309015204394E-006 0.72763957471043E+000 -.23071415173197E-038 0.16137949412235E+004 0.41909794878858E-001 -.10260970937319E+003 0.52553827797940E-001 0.10132500000000E+006 0.20242287865813E-003 0.26805629408570E+002 0.10000000000000E+001 0.00000000000000E+000 0.10000000000000E+001 0.16137949412235E+004 0.42881686060000E+004
 173 0.35705028248288E-001 0.96098155384337E-003 0.79002919012189E-004 0.30851127034725E-003 0.80021544239436E-001 0.10722687928247E-002 0.91987496257678E-001 0.10265674916571E-003 0.31129060438915E-004 0.24263225183609E-005 0.10000686977765E-002 0.58379631048665E-002 0.43095142138404E-001 0.45462526178748E-001 0.59576787165014E-004 0.10418423701734E-002 0.20742417651460E-005 0.10360103559981E-002 0.20251283839042E-004 0.20304679987801E-003 0.15283643930322E-010 0.30611761117196E-006 0.72767517474323E+000 -.22673974283080E-038 0.16192592271796E+004 0.41909794878858E-001 -.10353344211957E+003 0.52553827797940E-001 0.10132500000000E+006 0.20172219882316E-003 0.26803291936621E+002 0.10000000000000E+001 0.00000000000000E+000 0.10000000000000E+001 0.16192592271796E+004 0.43124348783083E+004
 174 0.35882878514479E-001 0.96110026454266E-003 0.80769547836694E-004 0.31934173871198E-003 0.79168038290366E-001 0.11038608836305E-002 0.92381348587905E-001 0.10052975363981E-003 0.31755219997327E-004 0.24729834589519E-005 0.98754227039502E-003 0.56495264380152E-002 0.43258254826202E-001 0.45917841892845E-001 0.60052954114486E-004 0.10323729857274E-002 0.19899078563778E-005 0.10221387565092E-002 0.19406487045804E-004 0.19094818559692E-003 0.16453132911441E-010 0.30917503362597E-006 0.72771039883412E+000 -.22286785803323E-038 0.16246552262773E+004 0.41909794878858E-001 -.10449293546274E+003 0.52553827797940E-001 0.10132500000000E+006 0.20103530249172E-003 0.26801037251054E+002 0.10000000000000E+001 0.00000000000000E+000 0.10000000000000E+001 0.16246552262773E+004 0.43341440602411E+004
 175 0.36061274540902E-001 0.96110202691576E-003 0.82551286702467E-004 0.33051159082415E-003 0.78320298377780E-001 0.11360715052092E-002 0.92769997870699E-001 0.98404287301825E-004 0.32357904552574E-004 0.25177243323922E-005 0.97435779941575E-003 0.54643740267932E-002 0.43415406470720E-001 0.46375894441651E-001 0.60487608966972E-004 0.10225033445507E-002 0.19075310829525E-005 0.10077814706221E-002 0.18572290785945E-004 0.17933860745064E-003 0.17700602191139E-010 0.31226474221853E-006 0.72774525155120E+000 -.21909923509971E-038 0.16299851329150E+004 0.41909794878858E-001 -.10548819434409E+003 0.52553827797940E-001 0.10132500000000E+006 0.20036169344861E-003 0.26798864916666E+002 0.10000000000000E+001 0.00000000000000E+000 0.10000000000000E+001 0.16299851329150E+004 0.43532268946774E+004
 176 0.36240332630231E-001 0.96098640720588E-003 0.84348398444537E-004 0.34203486442823E-003 0.77478014982784E-001 0.11689172334923E-002 0.93153575525447E-001 0.96280821019030E-004 0.32935286841174E-004 0.25604078311232E-005 0.96053135087181E-003 0.52824442236487E-002 0.43566543201337E-001 0.46836934068524E-001 0.60879586596511E-004 0.10122277941204E-002 0.18270983107293E-005 0.99294794106584E-003 0.17749669120463E-004 0.16820881565518E-003 0.19030848793176E-010 0.31538915665525E-006 0.72777973691507E+000 -.21543462294535E-038 0.16352510352737E+004 0.41909794878858E-001 -.10651927448354E+003 0.52553827797940E-001 0.10132500000000E+006 0.19970090285417E-003 0.26796774635057E+002 0.10000000000000E+001 0.00000000000000E+000 0.10000000000000E+001 0.16352510352737E+004 0.43696113892585E+004
 177 0.36420172990278E-001 0.96075281108366E-003 0.86161175597559E-004 0.35392640516727E-003 0.76640879300612E-001 0.12024157102433E-002 0.93532208311548E-001 0.94159781628654E-004 0.33485508206279E-004 0.26008948468338E-005 0.94607895733858E-003 0.51036779292736E-002 0.43711601167655E-001 0.47301221878782E-001 0.61227680437390E-004 0.10015402855268E-002 0.17485959681208E-005 0.97764752078222E-003 0.16939544665856E-004 0.15754931640661E-003 0.20448983865829E-010 0.31855083029655E-006 0.72781385865295E+000 -.21187470079322E-038 0.16404549638148E+004 0.41909794878858E-001 -.10758629158393E+003 0.52553827797940E-001 0.10132500000000E+006 0.19905248223737E-003 0.26794766230225E+002 0.10000000000000E+001 0.00000000000000E+000 0.10000000000000E+001 0.16404549638148E+004 0.43832228244593E+004
 178 0.36600922054223E-001 0.96040047318138E-003 0.87989959867979E-004 0.36620204659762E-003 0.75808574386145E-001 0.12365860535005E-002 0.93906022114284E-001 0.92041534259317E-004 0.34006682797531E-004 0.26390447871628E-005 0.93101647258740E-003 0.49280168395862E-002 0.43850507247788E-001 0.47769035560345E-001 0.61530641007815E-004 0.99043425678926E-003 0.16720093768961E-005 0.96188931928312E-003 0.16142782465486E-004 0.14735031084558E-003 0.21960473579494E-010 0.32175249552709E-006 0.72784762049005E+000 -.20842003914928E-038 0.16455989454344E+004 0.41909794878858E-001 -.10868943454927E+003 0.52553827797940E-001 0.10132500000000E+006 0.19841599610173E-003 0.26792839635679E+002 0.10000000000000E+001 0.00000000000000E+000 0.10000000000000E+001 0.16455989454344E+004 0.43939836367399E+004
 179 0.36782713426620E-001 0.95992844300521E-003 0.89835147623988E-004 0.37887871440004E-003 0.74980773267956E-001 0.12714490285588E-002 0.94275142446671E-001 0.89926381992785E-004 0.34496895995581E-004 0.26747154592406E-005 0.91535952495494E-003 0.47554032749513E-002 0.43983178249516E-001 0.48240671580251E-001 0.61787169612628E-004 0.97890258677216E-003 0.15973227932332E-005 0.94568215842149E-003 0.15360190979341E-004 0.13760173460813E-003 0.23571175108423E-010 0.32499708658457E-006 0.72788102614482E+000 -.20507099779139E-038 0.16506850128925E+004 0.41909794878858E-001 -.10982897176113E+003 0.52553827797940E-001 0.10132500000000E+006 0.19779102032995E-003 0.26790994902036E+002 0.10000000000000E+001 0.00000000000000E+000 0.10000000000000E+001 0.16506850128925E+004 0.44018130646033E+004
 180 0.36965687703572E-001 0.95933557281984E-003 0.91697183424090E-004 0.39197445519074E-003 0.74157142461342E-001 0.13070269988228E-002 0.94639692507837E-001 0.87814579482562E-004 0.34954199288135E-004 0.27077626943585E-005 0.89912357987964E-003 0.45857811520761E-002 0.44109519128053E-001 0.48716444428997E-001 0.61995909982948E-004 0.96693762444087E-003 0.15245199376927E-005 0.92903463834416E-003 0.14592528294658E-004 0.12829335720534E-003 0.25287365869660E-010 0.32828774311446E-006 0.72791407909886E+000 -.20182781843867E-038 0.16557151807964E+004 0.41909794878858E-001 -.11100525026149E+003 0.52553827797940E-001 0.10132500000000E+006 0.19717714473710E-003 0.26789232217884E+002 0.10000000000000E+001 0.00000000000000E+000 0.10000000000000E+001 0.16557151807964E+004 0.44066267194239E+004
 181 0.37149991891511E-001 0.95862050973838E-003 0.93576548713942E-004 0.40550842835502E-003 0.73337347272964E-001 0.13433437772635E-002 0.94999790499135E-001 0.85706351570269E-004 0.35376604889347E-004 0.27380399617201E-005 0.88232406660772E-003 0.44190972725172E-002 0.44229420988918E-001 0.49196684749257E-001 0.62155440645949E-004 0.95453126105845E-003 0.14535846348174E-005 0.91195526150529E-003 0.13840509712200E-004 0.11941488518058E-003 0.27115769306628E-010 0.33162780659252E-006 0.72794678229245E+000 -.19869083264238E-038 0.16606914113583E+004 0.41909794878858E-001 -.11221869134681E+003 0.52553827797940E-001 0.10132500000000E+006 0.19657397677226E-003 0.26787551933450E+002 0.10000000000000E+001 0.00000000000000E+000 0.10000000000000E+001 0.16606914113583E+004 0.44083362228649E+004
 182 0.37335778029256E-001 0.95778169588900E-003 0.95473741630473E-004 0.41950082402394E-003 0.72521060463257E-001 0.13804242906090E-002 0.95355545563971E-001 0.83601920946828E-004 0.35762080252716E-004 0.27653979881347E-005 0.86497661143008E-003 0.42553032035681E-002 0.44342758767711E-001 0.49681735298406E-001 0.62264268862104E-004 0.94167507969992E-003 0.13845016661154E-005 0.89445265586843E-003 0.13104817761886E-004 0.11095607938457E-003 0.29063571035519E-010 0.33502080198806E-006 0.72797913768721E+000 -.19566064085553E-038 0.16656155610130E+004 0.41909794878858E-001 -.11346977946437E+003 0.52553827797940E-001 0.10132500000000E+006 0.19598114738548E-003 0.26785954588864E+002 0.10000000000000E+001 0.00000000000000E+000 0.10000000000000E+001 0.16656155610130E+004 0.44068489805321E+004
 183 0.37523200634637E-001 0.95681738238200E-003 0.97389244076178E-004 0.43397266518052E-003 0.71707975571147E-001 0.14182939648062E-002 0.95707051878838E-001 0.81501548227433E-004 0.36108543510005E-004 0.27896844679160E-005 0.84709742174213E-003 0.40943579389002E-002 0.44449388626643E-001 0.50171943727435E-001 0.62320827938106E-004 0.92836062058306E-003 0.13172578931412E-005 0.87653593905679E-003 0.12386115192571E-004 0.10290688878816E-003 0.31138417142926E-010 0.33847039686797E-006 0.72801114565166E+000 -.19273865613610E-038 0.16704893010673E+004 0.41909794878858E-001 -.11475904102684E+003 0.52553827797940E-001 0.10132500000000E+006 0.19539831977375E-003 0.26784440946980E+002 0.10000000000000E+001 0.00000000000000E+000 0.10000000000000E+001 0.16704893010673E+004 0.44020682200982E+004
 184 0.37712415125693E-001 0.95572564917679E-003 0.99323498226452E-004 0.44894564807410E-003 0.70897815252452E-001 0.14569782549428E-002 0.96054385145466E-001 0.79405559368207E-004 0.36413865569502E-004 0.28107442746872E-005 0.82870361723816E-003 0.39362293699064E-002 0.44549146529045E-001 0.50667657785286E-001 0.62323480357428E-004 0.91457961843604E-003 0.12518428110938E-005 0.85821501847031E-003 0.11685051809167E-004 0.95257498387656E-004 0.33348414246143E-010 0.34198037673512E-006 0.72804280455698E+000 -.18992800173723E-038 0.16753140710336E+004 0.41909794878858E-001 -.11608702739451E+003 0.52553827797940E-001 0.10132500000000E+006 0.19482519392705E-003 0.26783012010643E+002 0.10000000000000E+001 0.00000000000000E+000 0.10000000000000E+001 0.16753140710336E+004 0.43938933485808E+004
 185 0.37903581223665E-001 0.95450439968307E-003 0.10127693370644E-003 0.46444236034937E-003 0.70090318155348E-001 0.14965031710689E-002 0.96397608349548E-001 0.77314317336046E-004 0.36675882904892E-004 0.28284204270404E-005 0.80981308608019E-003 0.37808915068837E-002 0.44641849601437E-001 0.51169233512456E-001 0.62270523435266E-004 0.90032389636526E-003 0.11882473142781E-005 0.83950041671073E-003 0.11002251775364E-004 0.87998164732346E-004 0.35702184596397E-010 0.34555471272060E-006 0.72807411121202E+000 -.18723500320431E-038 0.16800911605978E+004 0.41909794878858E-001 -.11745433213374E+003 0.52553827797940E-001 0.10132500000000E+006 0.19426149588250E-003 0.26781669000741E+002 0.10000000000000E+001 0.00000000000000E+000 0.10000000000000E+001 0.16800911605978E+004 0.43822202485288E+004
 186 0.38096871223344E-001 0.95315130966362E-003 0.10325004402532E-003 0.48048693308368E-003 0.69285206831351E-001 0.15368968535191E-002 0.96736785182180E-001 0.75228144195689E-004 0.36892412546685E-004 0.28425551512456E-005 0.79044382368546E-003 0.36283183442750E-002 0.44727298761643E-001 0.51677056246824E-001 0.62160187584270E-004 0.88558486644465E-003 0.11264611634838E-005 0.82040259814115E-003 0.10338286469045E-004 0.81118928137326E-004 0.38208996642899E-010 0.34919772465204E-006 0.72810506199398E+000 -.18466985148430E-038 0.16848218996734E+004 0.41909794878858E-001 -.11886164627484E+003 0.52553827797940E-001 0.10132500000000E+006 0.19370695478903E-003 0.26780413314094E+002 0.10000000000000E+001 0.00000000000000E+000 0.10000000000000E+001 0.16848218996734E+004 0.43669409110376E+004
 187 0.38292476372539E-001 0.95166376413524E-003 0.10524344231213E-003 0.49710561124163E-003 0.68482166354186E-001 0.15781908267454E-002 0.97071988253026E-001 0.73147270954643E-004 0.37061255212545E-004 0.28529900519405E-005 0.77061342049765E-003 0.34784802662404E-002 0.44805278552436E-001 0.52191556714777E-001 0.61990624000168E-004 0.87035312032408E-003 0.10664716211751E-005 0.80093145996807E-003 0.96936596831288E-005 0.74609491868252E-004 0.40878901099926E-010 0.35291421600919E-006 0.72813565349562E+000 -.18224558381340E-038 0.16895077784332E+004 0.41909794878858E-001 -.12030980478495E+003 0.52553827797940E-001 0.10132500000000E+006 0.19316128901897E-003 0.26779246517927E+002 0.10000000000000E+001 0.00000000000000E+000 0.10000000000000E+001 0.16895077784332E+004 0.43479425136517E+004
 188 0.38490605215130E-001 0.95003884408083E-003 0.10725783314286E-003 0.51432667459365E-003 0.67680857686020E-001 0.16204195695507E-002 0.97403292436149E-001 0.71071878188712E-004 0.37180186578832E-004 0.28595654801006E-005 0.75033937851150E-003 0.33313471814130E-002 0.44875552646611E-001 0.52713205899355E-001 0.61759893855655E-004 0.85461863681421E-003 0.10082648354731E-005 0.78109663980181E-003 0.90688225418298E-005 0.68459410606876E-004 0.43722776019945E-010 0.35670946100726E-006 0.72816588179868E+000 -.17997590822505E-038 0.16941503612364E+004 0.41909794878858E-001 -.12179977512471E+003 0.52553827797940E-001 0.10132500000000E+006 0.19262421661515E-003 0.26778170405888E+002 0.10000000000000E+001 0.00000000000000E+000 0.10000000000000E+001 0.16941503612364E+004 0.43251069601057E+004
 189 0.38691474260785E-001 0.94827339421468E-003 0.10929390510991E-003 0.53217962757950E-003 0.66880960974591E-001 0.16636183562959E-002 0.97730756257814E-001 0.69002214861248E-004 0.37246951928352E-004 0.28621202632541E-005 0.72964028223186E-003 0.31868968074502E-002 0.44937857599589E-001 0.53242489458735E-001 0.61465975652961E-004 0.83837167115150E-003 0.95182913628968E-006 0.76090864313350E-003 0.84642089760429E-005 0.62658448594676E-004 0.46752247133529E-010 0.36058904231697E-006 0.72819574063690E+000 -.17787371745412E-038 0.16987510320688E+004 0.41909794878858E-001 -.12333258375101E+003 0.52553827797940E-001 0.10132500000000E+006 0.19209548466276E-003 0.26777187083885E+002 0.10000000000000E+001 0.00000000000000E+000 0.10000000000000E+001 0.16987510320688E+004 0.42983118831776E+004
 190 0.38895297334084E-001 0.94636414162085E-003 0.11135221059265E-003 0.55069413118507E-003 0.66082220607403E-001 0.17078206567871E-002 0.98054403591228E-001 0.66938721322205E-004 0.37259279334320E-004 0.28604928653327E-005 0.70853717523753E-003 0.30451224817361E-002 0.44991898871273E-001 0.53779878376329E-001 0.61106795350201E-004 0.82160387261949E-003 0.89715789355221E-006 0.74038015012431E-003 0.78802658992553E-005 0.57196836991414E-004 0.49979543451162E-010 0.36455865486523E-006 0.72822521957557E+000 -.17595080566069E-038 0.17033107410010E+004 0.41909794878858E-001 -.12490922472777E+003 0.52553827797940E-001 0.10132500000000E+006 0.19157489742608E-003 0.26776299030609E+002 0.10000000000000E+001 0.00000000000000E+000 0.10000000000000E+001 0.17033107410010E+004 0.42674331034768E+004
 191 0.39102284367009E-001 0.94430775906246E-003 0.11343314255126E-003 0.56989966424864E-003 0.65284450041422E-001 0.17530574604192E-002 0.98374222550793E-001 0.64882047069430E-004 0.37214911419340E-004 0.28545238263871E-005 0.68705397627030E-003 0.29060331537572E-002 0.45037351788810E-001 0.54325824318292E-001 0.60680258777442E-004 0.80430872126560E-003 0.84424915408164E-006 0.71952637935433E-003 0.73174479331821E-005 0.52065172648921E-004 0.53417457848951E-010 0.36862408588516E-006 0.72825430375542E+000 -.17421833930264E-038 0.17078299898594E+004 0.41909794878858E-001 -.12653063560325E+003 0.52553827797940E-001 0.10132500000000E+006 0.19106231635486E-003 0.26775509088961E+002 0.10000000000000E+001 0.00000000000000E+000 0.10000000000000E+001 0.17078299898594E+004 0.42323468114951E+004
 192 0.39312656273963E-001 0.94210076289522E-003 0.11553707255987E-003 0.58982667594996E-003 0.64487475579044E-001 0.17993601162994E-002 0.98690188651612E-001 0.62832910552914E-004 0.37111633897116E-004 0.28440577338742E-005 0.66521619465578E-003 0.27696428819837E-002 0.45073865528140E-001 0.54880797342571E-001 0.60184250216196E-004 0.78648062020757E-003 0.79310133461092E-006 0.69836381291631E-003 0.67761697221283E-005 0.47253956856971E-004 0.57079577785038E-010 0.37279151378456E-006 0.72828297583226E+000 -.17267578615762E-038 0.17123091618963E+004 0.41909794878858E-001 -.12819780077006E+003 0.52553827797940E-001 0.10132500000000E+006 0.19055762145341E-003 0.26774820403768E+002 0.10000000000000E+001 0.00000000000000E+000 0.10000000000000E+001 0.17123091618963E+004 0.41929289861414E+004
 193 0.39526667457777E-001 0.93973928048596E-003 0.11766455943990E-003 0.61050861702851E-003 0.63691057813616E-001 0.18467649655699E-002 0.99002295192172E-001 0.60791903803078E-004 0.36947277317377E-004 0.28289430563978E-005 0.64304884643100E-003 0.26359576737495E-002 0.45101064020198E-001 0.55445343629821E-001 0.59616587886183E-004 0.76811325360141E-003 0.74370825774646E-006 0.67690816857943E-003 0.62567523203176E-005 0.42753150122637E-004 0.60980720179382E-010 0.37706797571250E-006 0.72831121852759E+000 -.17130155717652E-038 0.17167489610748E+004 0.41909794878858E-001 -.12991192363008E+003 0.52553827797940E-001 0.10132500000000E+006 0.19006066193868E-003 0.26774236387753E+002 0.10000000000000E+001 0.00000000000000E+000 0.10000000000000E+001 0.17167489610748E+004 0.41490518860497E+004
 194 0.39744620278217E-001 0.93721884912815E-003 0.11981646820228E-003 0.63198337929666E-003 0.62894851478346E-001 0.18953162803335E-002 0.99310566585453E-001 0.58759400109978E-004 0.36719696116814E-004 0.28090303732014E-005 0.62057528428479E-003 0.25049701565607E-002 0.45118540284283E-001 0.56020121661367E-001 0.58974970619268E-004 0.74919856536351E-003 0.69605745664959E-006 0.65517326578675E-003 0.57594058786036E-005 0.38552097833810E-004 0.65137315521142E-010 0.38146169730870E-006 0.72833901555637E+000 -.17008726739586E-038 0.17211506184039E+004 0.41909794878858E-001 -.13167454205442E+003 0.52553827797940E-001 0.10132500000000E+006 0.18957123469879E-003 0.26773760775256E+002 0.10000000000000E+001 0.00000000000000E+000 0.10000000000000E+001 0.17211506184039E+004 0.41005804148207E+004
 195 0.39966866555274E-001 0.93453434381312E-003 0.12199395197368E-003 0.65429351614637E-003 0.62098417807522E-001 0.19450662625786E-002 0.99615050349261E-001 0.56735599951923E-004 0.36426749336465E-004 0.27841709166054E-005 0.59781750673827E-003 0.23766635149865E-002 0.45125846690213E-001 0.56605903615330E-001 0.58256951365000E-004 0.72972689993062E-003 0.65013197490081E-006 0.63317131259350E-003 0.52842500082742E-005 0.34639778908085E-004 0.69567598850215E-010 0.38598217573154E-006 0.72836635054471E+000 -.16904940932057E-038 0.17255157997393E+004 0.41909794878858E-001 -.13348753952676E+003 0.52553827797940E-001 0.10132500000000E+006 0.18908909656102E-003 0.26773397740017E+002 0.10000000000000E+001 0.00000000000000E+000 0.10000000000000E+001 0.17255157997393E+004 0.40473707470719E+004
 196 0.40193803484486E-001 0.93167999055464E-003 0.12419837367500E-003 0.67748581394804E-003 0.61301257654087E-001 0.19960736211825E-002 0.99915801361799E-001 0.54720631589351E-004 0.36066297542509E-004 0.27542164258740E-005 0.57479717170844E-003 0.22510185173516E-002 0.45122485184073E-001 0.57203561353535E-001 0.57459939297786E-004 0.70968775968951E-003 0.60591313041417E-006 0.61091385686210E-003 0.48313438386157E-005 0.31005100569322E-004 0.74291685576121E-010 0.39064015267047E-006 0.72839320518470E+000 -.16820765911515E-038 0.17298464039457E+004 0.41909794878858E-001 -.13535310499106E+003 0.52553827797940E-001 0.10132500000000E+006 0.18861398818836E-003 0.26773152021173E+002 0.10000000000000E+001 0.00000000000000E+000 0.10000000000000E+001 0.17298464039457E+004 0.39892709884539E+004
 197 0.40425871546131E-001 0.92864938607216E-003 0.12643124339643E-003 0.70161091881341E-003 0.60502836744177E-001 0.20484023875733E-002 0.10021286971736E+000 0.52714632208438E-004 0.35636213719037E-004 0.27190200365992E-005 0.55153650638144E-003 0.21280187438610E-002 0.45107898809369E-001 0.57814056953352E-001 0.56581213966538E-004 0.68907054022467E-003 0.56338242144348E-006 0.58841262522736E-003 0.44007061752425E-005 0.27637077041581E-004 0.79331660048408E-010 0.39544762813834E-006 0.72841955765167E+000 -.16758348389419E-038 0.17341444123114E+004 0.41909794878858E-001 -.13727370178323E+003 0.52553827797940E-001 0.10132500000000E+006 0.18814565158772E-003 0.26773029033457E+002 0.10000000000000E+001 0.00000000000000E+000 0.10000000000000E+001 0.17341444123114E+004 0.39261225281539E+004
 198 0.40663554432096E-001 0.92543551852759E-003 0.12869417081928E-003 0.72672302561030E-003 0.59702603895188E-001 0.21021209754420E-002 0.10050629165751E+000 0.50717811728735E-004 0.35134406422516E-004 0.26784380671418E-005 0.52805910032178E-003 0.20076542956844E-002 0.45081464013341E-001 0.58438437761758E-001 0.55617949656612E-004 0.66786523704477E-003 0.52252272612774E-006 0.56568024390594E-003 0.39923273492397E-005 0.24524920750066E-004 0.84711682541095E-010 0.40041791828456E-006 0.72844538122552E+000 -.16719858852773E-038 0.17384117828820E+004 0.41909794878858E-001 -.13925204678133E+003 0.52553827797940E-001 0.10132500000000E+006 0.18768384219573E-003 0.26773034968517E+002 0.10000000000000E+001 0.00000000000000E+000 0.10000000000000E+001 0.17384117828820E+004 0.38577619742663E+004
 199 0.40907379223497E-001 0.92203081054134E-003 0.13098881483936E-003 0.75287943739086E-003 0.58900008921223E-001 0.21573010732778E-002 0.10079608094979E+000 0.48730516122479E-004 0.34558858051900E-004 0.26323329297883E-005 0.50439075155777E-003 0.18899251053906E-002 0.45042483557676E-001 0.59077831205215E-001 0.54567256518339E-004 0.64606328431736E-003 0.48331921701234E-006 0.54273101122276E-003 0.36061770758475E-005 0.21658090558270E-004 0.90458077229526E-010 0.40556572278134E-006 0.72847064287090E+000 -.16707354991458E-038 0.17426503526376E+004 0.41909794878858E-001 -.14129108547438E+003 0.52553827797940E-001 0.10132500000000E+006 0.18722833975682E-003 0.26773176892746E+002 0.10000000000000E+001 0.00000000000000E+000 0.10000000000000E+001 0.17426503526376E+004 0.37840241455308E+004
 200 0.41157923541212E-001 0.91842708903771E-003 0.13331689221454E-003 0.78014070533778E-003 0.58094498954551E-001 0.22140178680916E-002 0.10108222823399E+000 0.46753237789834E-004 0.33907661625290E-004 0.25805758345772E-005 0.48055971680637E-003 0.17748408300936E-002 0.44990178580191E-001 0.59733456802925E-001 0.53426209340974E-004 0.62365793343485E-003 0.44575902242371E-006 0.51958109727104E-003 0.32421989811229E-005 0.19026236587575E-004 0.96599561836316E-010 0.41090734656276E-006 0.72849530241293E+000 -.16722879178628E-038 0.17468618588195E+004 0.41909794878858E-001 -.14339401918636E+003 0.52553827797940E-001 0.10132500000000E+006 0.18677894620474E-003 0.26773462851057E+002 0.10000000000000E+001 0.00000000000000E+000 0.10000000000000E+001 0.17468618588195E+004 0.37047440832157E+004
 201 0.41415837530257E-001 0.91461534930717E-003 0.13568031025061E-003 0.80857225558482E-003 0.57285472618393E-001 0.22723533364482E-002 0.10136471456486E+000 0.44786526400867E-004 0.33179024148888E-004 0.25230468205959E-005 0.45659573440745E-003 0.16624150752922E-002 0.44923675427228E-001 0.60406675398048E-001 0.52191817330636E-004 0.60064349201718E-003 0.40982907687528E-006 0.49624755120434E-003 0.29002878205471E-005 0.16619032008606E-004 0.10316785916523E-009 0.41646125706776E-006 0.72851931275892E+000 -.16768833997729E-038 0.17510481779352E+004 0.41909794878858E-001 -.14556445115095E+003 0.52553827797940E-001 0.10132500000000E+006 0.18633546079077E-003 0.26773902018215E+002 0.10000000000000E+001 0.00000000000000E+000 0.10000000000000E+001 0.17510481779352E+004 0.36197549936428E+004
 202 0.41681873442639E-001 0.91058539555647E-003 0.13808134247245E-003 0.83824676487410E-003 0.56472222381247E-001 0.23324008408315E-002 0.10164352688469E+000 0.42830881247236E-004 0.32371242018175E-004 0.24596326512361E-005 0.43252873917157E-003 0.15526591805349E-002 0.44841984825120E-001 0.61099055637860E-001 0.50860955466961E-004 0.57701415410338E-003 0.37551405611137E-006 0.47274699006145E-003 0.25802694296235E-005 0.14426049036477E-004 0.11019858401099E-009 0.42224884354120E-006 0.72854261996053E+000 -.16848662218135E-038 0.17552116122031E+004 0.41909794878858E-001 -.14780658946994E+003 0.52553827797940E-001 0.10132500000000E+006 0.18589765151093E-003 0.26774504936284E+002 0.10000000000000E+001 0.00000000000000E+000 0.10000000000000E+001 0.17552116122031E+004 0.35288837618143E+004
 203 0.41956910881795E-001 0.90632554651895E-003 0.14052272940641E-003 0.86924587765443E-003 0.55653905139236E-001 0.23942681301142E-002 0.10191866120673E+000 0.40886725044690E-004 0.31482688056995E-004 0.23902256985775E-005 0.40838852407305E-003 0.14455811613599E-002 0.44743975689319E-001 0.61812425541250E-001 0.49430322335296E-004 0.55276362097996E-003 0.34279612623369E-006 0.44909518024262E-003 0.22818995127886E-005 0.12436779976013E-004 0.11773210850965E-009 0.42829513103504E-006 0.72856516180350E+000 -.16967600255589E-038 0.17593550169282E+004 0.41909794878858E-001 -.15012540120934E+003 0.52553827797940E-001 0.10132500000000E+006 0.18546524466092E-003 0.26775283829515E+002 0.10000000000000E+001 0.00000000000000E+000 0.10000000000000E+001 0.17593550169282E+004 0.34319485040633E+004
 204 0.42241979213979E-001 0.90182241897023E-003 0.14300771576345E-003 0.90166123711501E-003 0.54829535135828E-001 0.24580788639457E-002 0.10219011633353E+000 0.38954443098404E-004 0.30511824905451E-004 0.23147248915651E-005 0.38420522890602E-003 0.13411883678088E-002 0.44628344978658E-001 0.62548912241731E-001 0.47896438996124E-004 0.52788551310894E-003 0.31165583923682E-006 0.42530740172154E-003 0.20048731674655E-005 0.10640726770184E-004 0.12581439572752E-009 0.43462948161401E-006 0.72858686511995E+000 -.17133363499232E-038 0.17634818094059E+004 0.41909794878858E-001 -.15252672347740E+003 0.52553827797940E-001 0.10132500000000E+006 0.18503792757333E-003 0.26776252982732E+002 0.10000000000000E+001 0.00000000000000E+000 0.10000000000000E+001 0.17634818094059E+004 0.33287589969191E+004
 205 0.42538282545380E-001 0.89706073725707E-003 0.14554006692208E-003 0.93559523540898E-003 0.53997983430525E-001 0.25239736237191E-002 0.10245788388726E+000 0.37034449093457E-004 0.29457243633539E-004 0.22330385740606E-005 0.36001021509261E-003 0.12394913657552E-002 0.44493582803925E-001 0.63310982770190E-001 0.46255680867171E-004 0.50237423850573E-003 0.28207326869825E-006 0.40139917463721E-003 0.17488355169591E-005 0.90274859639277E-005 0.13449790697599E-009 0.44128640632298E-006 0.72860764222298E+000 -.17346203105552E-038 0.17675959472977E+004 0.41909794878858E-001 -.15501737015987E+003 0.52553827797940E-001 0.10132500000000E+006 0.18461535498885E-003 0.26777429191183E+002 0.10000000000000E+001 0.00000000000000E+000 0.10000000000000E+001 0.17675959472977E+004 0.32191193147511E+004
 206 0.42847223500028E-001 0.89202326119676E-003 0.14812402410276E-003 0.97116081950141E-003 0.53157996299156E-001 0.25921092606630E-002 0.10272193083548E+000 0.35127305651069E-004 0.28317755697599E-004 0.21450913958546E-005 0.33583769415388E-003 0.11405103031137E-002 0.44337935062018E-001 0.64101474609566E-001 0.44504383381778E-004 0.47622680442036E-003 0.25402966408195E-006 0.37738772597616E-003 0.15133949524422E-005 0.75868370724404E-005 0.14384243341247E-009 0.44830641375783E-006 0.72862738605258E+000 -.17597386459952E-038 0.17717018215572E+004 0.41909794878858E-001 -.15760519483170E+003 0.52553827797940E-001 0.10132500000000E+006 0.18419716457341E-003 0.26778832268132E+002 0.10000000000000E+001 0.00000000000000E+000 0.10000000000000E+001 0.17717018215572E+004 0.31028352965698E+004
 207 0.43170419637934E-001 0.88669097951857E-003 0.15076414301187E-003 0.10084793330053E-002 0.52308248499251E-001 0.26626549137320E-002 0.10298217044231E+000 0.33233930862460E-004 0.27092581023981E-004 0.20508384407167E-005 0.31172751910178E-003 0.10442849287731E-002 0.44159369181601E-001 0.64923598715418E-001 0.42639083740470E-004 0.44944621519429E-003 0.22750979177296E-006 0.35329464109871E-003 0.12981387796522E-005 0.63088298596141E-005 0.15391558001770E-009 0.45573675957219E-006 0.72864596368481E+000 -.17880736221275E-038 0.17758039994418E+004 0.41909794878858E-001 -.16029904998432E+003 0.52553827797940E-001 0.10132500000000E+006 0.18378300765272E-003 0.26780485563349E+002 0.10000000000000E+001 0.00000000000000E+000 0.10000000000000E+001 0.17758039994418E+004 0.29797307613715E+004
 208 0.43509718377453E-001 0.88104352758545E-003 0.15346506579926E-003 0.10476767143249E-002 0.51447412577004E-001 0.27357857233444E-002 0.10323842905888E+000 0.31355838741720E-004 0.25781629771145E-004 0.19502862815840E-005 0.28772846873938E-003 0.95088505022662E-003 0.43955543998279E-001 0.65780928527612E-001 0.40656894406049E-004 0.42204599992522E-003 0.20250389142317E-006 0.32914909708413E-003 0.11026408280771E-005 0.51838079755982E-005 0.16479295640764E-009 0.46363222984949E-006 0.72866320879228E+000 -.18191991805329E-038 0.17799069277302E+004 0.41909794878858E-001 -.16310868412690E+003 0.52553827797940E-001 0.10132500000000E+006 0.18337258328931E-003 0.26782416484759E+002 0.10000000000000E+001 0.00000000000000E+000 0.10000000000000E+001 0.17799069277302E+004 0.28496718681087E+004
 209 0.43867237588813E-001 0.87505942456218E-003 0.15623143060024E-003 0.10888808120002E-002 0.50574178075734E-001 0.28116796661562E-002 0.10349042866402E+000 0.29495265069168E-004 0.24385781201824E-004 0.18435135163452E-005 0.26390006873298E-003 0.86041401378814E-003 0.43723768847647E-001 0.66677440771144E-001 0.38555870398004E-004 0.39405377826353E-003 0.17900729871686E-006 0.30498975826688E-003 0.92644655458743E-006 0.42022990704246E-005 0.17655886179111E-009 0.47205660923503E-006 0.72867891427281E+000 -.18525291829100E-038 0.17840149206785E+004 0.41909794878858E-001 -.16604479061197E+003 0.52553827797940E-001 0.10132500000000E+006 0.18296564335694E-003 0.26784657175912E+002 0.10000000000000E+001 0.00000000000000E+000 0.10000000000000E+001 0.17840149206785E+004 0.27125903798829E+004
 210 0.44245475769096E-001 0.86871544594549E-003 0.15906819429246E-003 0.11322242880266E-002 0.49687136860580E-001 0.28905255335404E-002 0.10373780491936E+000 0.27655021280298E-004 0.22906991945307E-004 0.17306781013382E-005 0.24031085371943E-003 0.77299870725692E-003 0.43460915711573E-001 0.67617709985551E-001 0.36335133570348E-004 0.36551108680768E-003 0.15701650625013E-006 0.28086315346803E-003 0.76903188754870E-006 0.33547793930175E-005 0.18930897021878E-009 0.48108595625812E-006 0.72869282533193E+000 -.18873548563949E-038 0.17881328080823E+004 0.41909794878858E-001 -.16911953739798E+003 0.52553827797940E-001 0.10132500000000E+006 0.18256193386420E-003 0.26787245738284E+002 0.10000000000000E+001 0.00000000000000E+000 0.10000000000000E+001 0.17881328080823E+004 0.25684906038780E+004
 211 0.44647518186966E-001 0.86198481526250E-003 0.16198141668535E-003 0.11778548009600E-002 0.48784526091824E-001 0.29725444568683E-002 0.10398015263414E+000 0.25838117126506E-004 0.21348168150636E-004 0.16120067801301E-005 0.21703358377473E-003 0.68877015870351E-003 0.43163247887755E-001 0.68607304167256E-001 0.33994666839518E-004 0.33646927583572E-003 0.13652342805507E-006 0.25681885257525E-003 0.62975685871091E-006 0.26314541914077E-005 0.20315608510493E-009 0.49081451219719E-006 0.72870463014732E+000 -.19231447679315E-038 0.17922672384141E+004 0.41909794878858E-001 -.17234771654900E+003 0.52553827797940E-001 0.10132500000000E+006 0.18216107810655E-003 0.26790228441159E+002 0.10000000000000E+001 0.00000000000000E+000 0.10000000000000E+001 0.17922672384141E+004 0.24174350113979E+004
 212 0.45077310843797E-001 0.85483499392628E-003 0.16497908835112E-003 0.12259466311102E-002 0.47863961198409E-001 0.30580141646742E-002 0.10421705125861E+000 0.24047488582089E-004 0.19713027255845E-004 0.14877839700243E-005 0.19414185082447E-003 0.60785178940894E-003 0.42826168762409E-001 0.69653283240446E-001 0.31535112751496E-004 0.30698635372063E-003 0.11751239403470E-006 0.23290579678942E-003 0.50784871728743E-006 0.20222326183421E-005 0.21823801133029E-009 0.50136283818796E-006 0.72871394228396E+000 -.19599119581688E-038 0.17964280068031E+004 0.41909794878858E-001 -.17574815917257E+003 0.52553827797940E-001 0.10132500000000E+006 0.18176246793781E-003 0.26793663004060E+002 0.10000000000000E+001 0.00000000000000E+000 0.10000000000000E+001 0.17964280068031E+004 0.22595305935743E+004
 213 0.45539962898921E-001 0.84722625446445E-003 0.16807152296934E-003 0.12767053562466E-002 0.46922296681488E-001 0.31472821864162E-002 0.10444803028727E+000 0.22286125020409E-004 0.18006284637623E-004 0.13583653916345E-005 0.17171198852600E-003 0.53036755476405E-003 0.42443922955586E-001 0.70764669497437E-001 0.28958071001841E-004 0.27713027323121E-003 0.99962183791621E-007 0.20917390616175E-003 0.40242241146301E-006 0.15168971464013E-005 0.23472566782718E-009 0.51288748285099E-006 0.72872027028544E+000 -.19980328318423E-038 0.18006288408668E+004 0.41909794878858E-001 -.17934494460337E+003 0.52553827797940E-001 0.10132500000000E+006 0.18136521887770E-003 0.26797622756655E+002 0.10000000000000E+001 0.00000000000000E+000 0.10000000000000E+001 0.18006288408668E+004 0.20949471576921E+004
 214 0.46042105873811E-001 0.83911131793868E-003 0.17127130372101E-003 0.13303633624991E-002 0.45955596605189E-001 0.32407667496907E-002 0.10467248168059E+000 0.20557532546109E-004 0.16234267022118E-004 0.12242237667825E-005 0.14982949933271E-003 0.45646437007192E-003 0.42009247848780E-001 0.71952914462952E-001 0.26267061612024E-004 0.24698912545414E-003 0.83850737592891E-007 0.18568050704336E-003 0.31251175327789E-006 0.11052965684745E-005 0.25283140635861E-009 0.52559316391834E-006 0.72872297257674E+000 -.20373818762693E-038 0.18048878598082E+004 0.41909794878858E-001 -.18316843000192E+003 0.52553827797940E-001 0.10132500000000E+006 0.18096816684802E-003 0.26802201851235E+002 0.10000000000000E+001 0.00000000000000E+000 0.10000000000000E+001 0.18048878598082E+004 0.19239765972962E+004
 215 0.46592416383545E-001 0.83043545117387E-003 0.17459311436170E-003 0.13871695035850E-002 0.44959086210271E-001 0.33389546354472E-002 0.10488954801192E+000 0.18866278734793E-004 0.14405826987818E-004 0.10860168160262E-005 0.12859667778631E-003 0.38633591088417E-003 0.41512910688205E-001 0.73232541233354E-001 0.23469008797829E-004 0.21668516439533E-003 0.69159042012627E-007 0.16249847453069E-003 0.23708491383511E-006 0.77743156660693E-006 0.27281990713685E-009 0.53975066397744E-006 0.72872119409374E+000 -.20764055269332E-038 0.18092284425984E+004 0.41909794878858E-001 -.18725659721256E+003 0.52553827797940E-001 0.10132500000000E+006 0.18056983833670E-003 0.26807522460007E+002 0.10000000000000E+001 0.00000000000000E+000 0.10000000000000E+001 0.18092284425984E+004 0.17471218939942E+004
 216 0.47202472972173E-001 0.82113631673316E-003 0.17805374687467E-003 0.14473759977218E-002 0.43926955281799E-001 0.34424059628312E-002 0.10509799839657E+000 0.17218439406595E-004 0.12533419108306E-004 0.94466706799639E-006 0.10813915968408E-003 0.32024045275916E-003 0.40943008933604E-001 0.74622214575905E-001 0.20576099878273E-004 0.18639021627952E-003 0.55872686957221E-007 0.13972392769863E-003 0.17503899367778E-006 0.52343018468412E-006 0.29502559984556E-009 0.55572587625766E-006 0.72871377404332E+000 -.21116683693766E-038 0.18136812851579E+004 0.41909794878858E-001 -.19165736968249E+003 0.52553827797940E-001 0.10132500000000E+006 0.18016832978833E-003 0.26813745740433E+002 0.10000000000000E+001 0.00000000000000E+000 0.10000000000000E+001 0.18136812851579E+004 0.15652043940721E+004
 217 0.47888159596996E-001 0.81114407977689E-003 0.18167206095827E-003 0.15112163581552E-002 0.42851999405358E-001 0.35517631661812E-002 0.10529605874964E+000 0.15622041167209E-004 0.10634472926635E-004 0.80146395072637E-006 0.88612762514439E-004 0.25851806071546E-003 0.40283897252952E-001 0.76146440941102E-001 0.17608313945169E-004 0.15634491830214E-003 0.43982530813767E-007 0.11748525086553E-003 0.12518709299729E-006 0.33349383252886E-006 0.31988020558137E-009 0.57402761596631E-006 0.72869910369053E+000 -.21378919694664E-038 0.18182880891233E+004 0.41909794878858E-001 -.19643223749984E+003 0.52553827797940E-001 0.10132500000000E+006 0.17976107219385E-003 0.26821088942840E+002 0.10000000000000E+001 0.00000000000000E+000 0.10000000000000E+001 0.18182880891233E+004 0.13795044679329E+004
 218 0.48671825644405E-001 0.80038552448079E-003 0.18546751350524E-003 0.15788457494660E-002 0.41725330432827E-001 0.36677307575133E-002 0.10548110513912E+000 0.14087933397272E-004 0.87337134404041E-005 0.65823748092140E-006 0.70216175382805E-004 0.20162439162399E-003 0.39514706570658E-001 0.77837839706040E-001 0.14597784046166E-004 0.12689183786329E-003 0.33487802306203E-007 0.95960643587684E-004 0.86254374612709E-007 0.19788294156571E-006 0.34794988733776E-009 0.59538348888662E-006 0.72867490453301E+000 -.21483491556238E-038 0.18231066982160E+004 0.41909794878858E-001 -.20166045803695E+003 0.52553827797940E-001 0.10132500000000E+006 0.17934451734407E-003 0.26829850578770E+002 0.10000000000000E+001 0.00000000000000E+000 0.10000000000000E+001 0.18231066982160E+004 0.11920010212022E+004
 219 0.49585406285411E-001 0.78880065560236E-003 0.18945429926023E-003 0.16501850849952E-002 0.40536644160023E-001 0.37909540230152E-002 0.10564911200495E+000 0.12631522316776E-004 0.68673019726433E-005 0.51766963614447E-006 0.53214266390460E-004 0.15019290397710E-003 0.38607676064103E-001 0.79739495276534E-001 0.11596687866722E-004 0.98534467292038E-004 0.24403127141913E-007 0.75412780036081E-004 0.56884065695801E-007 0.10692712224368E-006 0.37997448402679E-009 0.62085562322995E-006 0.72863790138211E+000 -.21355678073773E-038 0.18282172081163E+004 0.41909794878858E-001 -.20744141843158E+003 0.52553827797940E-001 0.10132500000000E+006 0.17891379701121E-003 0.26840443507980E+002 0.10000000000000E+001 0.00000000000000E+000 0.10000000000000E+001 0.18282172081163E+004 0.10057998180961E+004
 220 0.50674592097161E-001 0.77638671853393E-003 0.19362575430112E-003 0.17245750026554E-002 0.39275849073293E-001 0.39216772055694E-002 0.10579381105205E+000 0.11275257811231E-004 0.50890047052019E-005 0.38376019519637E-006 0.37968257950478E-004 0.10510923161095E-003 0.37527128451664E-001 0.81906001553322E-001 0.86895414369712E-005 0.72022478218680E-004 0.16766259303516E-007 0.56243142887647E-004 0.35644022322660E-007 0.51019018036047E-007 0.41688879742484E-009 0.65200896346460E-006 0.72858340865864E+000 -.20926453651596E-038 0.18337283284029E+004 0.41909794878858E-001 -.21388963721139E+003 0.52553827797940E-001 0.10132500000000E+006 0.17846238692955E-003 0.26853429265078E+002 0.10000000000000E+001 0.00000000000000E+000 0.10000000000000E+001 0.18337283284029E+004 0.82577834522694E+003
 221 0.52003386228270E-001 0.76329148885842E-003 0.19792000701358E-003 0.18001247554234E-002 0.37937383529375E-001 0.40590078185240E-002 0.10590577588450E+000 0.10050443089584E-004 0.34760312160966E-005 0.26227270298726E-006 0.24949461595716E-004 0.67524812535690E-004 0.36231453846255E-001 0.84399537687897E-001 0.60065244500481E-005 0.48424767014378E-004 0.10636708934947E-007 0.39049149212675E-004 0.21038338094725E-007 0.20658752020370E-007 0.45977909812306E-009 0.69112825613821E-006 0.72850501759850E+000 -.20161924043133E-038 0.18397814121538E+004 0.41909794878858E-001 -.22111021674493E+003 0.52553827797940E-001 0.10132500000000E+006 0.17798185452413E-003 0.26869526738265E+002 0.10000000000000E+001 0.00000000000000E+000 0.10000000000000E+001 0.18397814121538E+004 0.65921354886370E+003
 222 0.53656614711812E-001 0.74996172549880E-003 0.20215865115026E-003 0.18727909059784E-002 0.36528212352322E-001 0.41997284676820E-002 0.10597245405196E+000 0.89939883197936E-005 0.21254136557078E-005 0.16047849921048E-006 0.14673910337330E-004 0.38632628589711E-004 0.34682741538415E-001 0.87274218322116E-001 0.37217771645557E-005 0.29054655757237E-004 0.60649537861627E-008 0.24612837392528E-004 0.11555719985701E-007 0.68005376734896E-008 0.50970924177456E-009 0.74142734762619E-006 0.72839499193689E+000 -.19109002716863E-038 0.18465464236063E+004 0.41909794878858E-001 -.22913628194195E+003 0.52553827797940E-001 0.10132500000000E+006 0.17746180971393E-003 0.26889529261313E+002 0.10000000000000E+001 0.00000000000000E+000 0.10000000000000E+001 0.18465464236063E+004 0.51544911225019E+003
 223 0.55736288149955E-001 0.73725957826404E-003 0.20597172069565E-003 0.19358123384791E-002 0.35076820156198E-001 0.43372367235497E-002 0.10598146420147E+000 0.81338895616121E-005 0.11249967018893E-005 0.84998846967165E-007 0.74788486898978E-005 0.19011099155783E-004 0.32868147589471E-001 0.90543442167168E-001 0.20051186089816E-005 0.15026070877408E-004 0.30139481573016E-008 0.13685207206661E-004 0.57890936006350E-008 0.17708765930469E-008 0.56743114876436E-009 0.80712303972114E-006 0.72824647703066E+000 -.17890695925441E-038 0.18542025314540E+004 0.41909794878858E-001 -.23782377436760E+003 0.52553827797940E-001 0.10132500000000E+006 0.17689016281781E-003 0.26914041271065E+002 0.10000000000000E+001 0.00000000000000E+000 0.10000000000000E+001 0.18542025314540E+004 0.40294323150192E+003
 224 0.58349070743910E-001 0.72630454470579E-003 0.20877154056871E-003 0.19808169943409E-002 0.33634550418430E-001 0.44620864419879E-002 0.10592913726727E+000 0.74672451106630E-005 0.49998464627549E-006 0.37786995121449E-007 0.32087670560949E-005 0.77935265027739E-005 0.30827466823138E-001 0.94138878800623E-001 0.92224082082437E-006 0.64929033826367E-005 0.12691309819898E-008 0.65387794256539E-005 0.25690324705285E-008 0.37494139644296E-009 0.63319516249438E-009 0.89323416928347E-006 0.72805812785452E+000 -.16547747251100E-038 0.18628966185157E+004 0.41909794878858E-001 -.24675370192775E+003 0.52553827797940E-001 0.10132500000000E+006 0.17625430514102E-003 0.26943037206256E+002 0.10000000000000E+001 0.00000000000000E+000 0.10000000000000E+001 0.18628966185157E+004 0.32388160574059E+003
 225 0.61588151639377E-001 0.71785664524913E-003 0.20986394887669E-003 0.20010331661836E-002 0.32261929489741E-001 0.45650057885980E-002 0.10583114277058E+000 0.69539974268119E-005 0.18320095965704E-006 0.13839299271938E-007 0.11395593767182E-005 0.26091808463349E-005 0.28665694929588E-001 0.97891251951875E-001 0.37050784381224E-006 0.23031706045373E-005 0.44510796606185E-009 0.26420554614040E-005 0.98131641574658E-009 0.73064903771538E-010 0.70687553750750E-009 0.10051010704564E-005 0.72783899849006E+000 -.14893750599051E-038 0.18726822765579E+004 0.41909794878858E-001 -.25525027142082E+003 0.52553827797940E-001 0.10132500000000E+006 0.17554451659420E-003 0.26975495520375E+002 0.10000000000000E+001 0.00000000000000E+000 0.10000000000000E+001 0.18726822765579E+004 0.27157636635061E+003
 226 0.65519516909044E-001 0.71160036727932E-003 0.20869163211175E-003 0.19942876381594E-002 0.31006613715604E-001 0.46405042580475E-002 0.10572540071583E+000 0.65399270018023E-005 0.55277775319151E-007 0.41701817886047E-008 0.33491621046852E-006 0.71131337304444E-006 0.26530235844253E-001 0.10156340549865E+000 0.14586472880188E-006 0.67105212035258E-006 0.12983700820932E-009 0.90107073437693E-006 0.31780136457674E-009 0.15272735250790E-010 0.78819986574255E-009 0.11478582410558E-005 0.72760874762858E+000 -.12745956016098E-038 0.18834740949977E+004 0.41909794878858E-001 -.26257243521914E+003 0.52553827797940E-001 0.10132500000000E+006 0.17475875065809E-003 0.27009506266339E+002 0.10000000000000E+001 0.00000000000000E+000 0.10000000000000E+001 0.18834740949977E+004 0.23514324596123E+003
 227 0.70181763844816E-001 0.70609420756928E-003 0.20504136214718E-003 0.19630586435966E-002 0.29889636558032E-001 0.46880274416730E-002 0.10566070682129E+000 0.61837425500609E-005 0.13918296573640E-007 0.10478608871121E-008 0.82582421917154E-007 0.15968244272194E-006 0.24561966519677E-001 0.10492615201902E+000 0.70316926698504E-007 0.16309266394529E-006 0.31891730512978E-010 0.26185372590529E-006 0.87386861235078E-010 0.34208029428732E-011 0.87674768272962E-009 0.13261970998850E-005 0.72739105299356E+000 -.10237655864898E-038 0.18950673700308E+004 0.41909794878858E-001 -.26816777441980E+003 0.52553827797940E-001 0.10132500000000E+006 0.17390449370132E-003 0.27042916106408E+002 0.10000000000000E+001 0.00000000000000E+000 0.10000000000000E+001 0.18950673700308E+004 0.20630272248803E+003
 228 0.75597600615623E-001 0.69951595037419E-003 0.19906276010591E-003 0.19122218896695E-002 0.28907386610216E-001 0.47103453959621E-002 0.10567817371500E+000 0.58633393370052E-005 0.29874949929219E-008 0.22438112187978E-009 0.17453051384752E-007 0.30072652509656E-007 0.22853830798253E-001 0.10782692901862E+000 0.46795305839403E-007 0.33866680539559E-007 0.67313062740021E-011 0.65807843680142E-007 0.20643548797353E-010 0.73792135248098E-012 0.97185260911091E-009 0.15445049147153E-005 0.72720492781018E+000 -.76910091336341E-039 0.19072131460105E+004 0.41909794878858E-001 -.27181085496715E+003 0.52553827797940E-001 0.10132500000000E+006 0.17299597274488E-003 0.27074053786472E+002 0.10000000000000E+001 0.00000000000000E+000 0.10000000000000E+001 0.19072131460105E+004 0.18133420899783E+003
 229 0.81784782120215E-001 0.69049022804509E-003 0.19114579090224E-003 0.18469284171731E-002 0.28042291586706E-001 0.47112926320738E-002 0.10579877799283E+000 0.55683977396756E-005 0.56025389227402E-009 0.41977624624760E-010 0.32392284087998E-008 0.48546943552634E-008 0.21438435268648E-001 0.11021326472170E+000 0.38004480576883E-007 0.62056512106679E-008 0.12498223727502E-011 0.14531804263004E-007 0.42547752533941E-011 0.14412295213863E-012 0.10726082965853E-008 0.18070537820670E-005 0.72705992939405E+000 -.53367150323673E-039 0.19196819655075E+004 0.41909794878858E-001 -.27358206303823E+003 0.52553827797940E-001 0.10132500000000E+006 0.17205020195107E-003 0.27102074473817E+002 0.10000000000000E+001 0.00000000000000E+000 0.10000000000000E+001 0.19196819655075E+004 0.15922557823479E+003
 230 0.88758048474721E-001 0.67843781351985E-003 0.18178903245030E-003 0.17716711284601E-002 0.27272553254580E-001 0.46944489642017E-002 0.10602200455564E+000 0.52935137513215E-005 0.94166767845896E-010 0.70397089219323E-011 0.54133005742028E-009 0.68779069529189E-009 0.20299165590635E-001 0.11211607146869E+000 0.33007403606770E-007 0.10726129425824E-008 0.20921145240167E-012 0.28641769207568E-008 0.77764059503340E-012 0.25231799018136E-013 0.11779121211469E-008 0.21178974036957E-005 0.72695640732721E+000 -.32482083913541E-039 0.19322829100539E+004 0.41909794878858E-001 -.27376806369338E+003 0.52553827797940E-001 0.10132500000000E+006 0.17108471261212E-003 0.27126888362486E+002 0.10000000000000E+001 0.00000000000000E+000 0.10000000000000E+001 0.19322829100539E+004 0.13979063368686E+003
 231 0.96526449524662E-001 0.66347750212875E-003 0.17150938808784E-003 0.16901561611106E-002 0.26577330460142E-001 0.46628349163680E-002 0.10633186673361E+000 0.50352174244501E-005 0.14539217385756E-010 0.10846416556766E-011 0.83428890980983E-010 0.87755677951485E-010 0.19389784574205E-001 0.11361699391118E+000 0.29166670581521E-007 0.21996230517102E-009 0.32362743603145E-013 0.51161346137870E-009 0.12808752951349E-012 0.39990788466408E-014 0.12865126657115E-008 0.24805813339075E-005 0.72688849918268E+000 -.14230049559408E-039 0.19448587715008E+004 0.41909794878858E-001 -.27275589743893E+003 0.52553827797940E-001 0.10132500000000E+006 0.17011633764746E-003 0.27148894950031E+002 0.10000000000000E+001 0.00000000000000E+000 0.10000000000000E+001 0.19448587715008E+004 0.12288029739230E+003
 232 0.10509393928916E+000 0.64614039753688E-003 0.16078004895730E-003 0.16053897511877E-002 0.25938687263392E-001 0.46190307706437E-002 0.10670512991418E+000 0.47910493609455E-005 0.21064015815896E-011 0.15680714654370E-012 0.12101582323084E-010 0.10366534955139E-010 0.18653109893915E-001 0.11481638448873E+000 0.25890104580448E-007 0.86915154637656E-010 0.47576071361049E-014 0.84004816378610E-010 0.19304493129321E-013 0.58206626239916E-015 0.13970970906364E-008 0.28980055650884E-005 0.72684763093366E+000 0.12478282350008E-040 0.19572817467895E+004 0.41909794878858E-001 -.27094430126116E+003 0.52553827797940E-001 0.10132500000000E+006 0.16915994099429E-003 0.27168704715763E+002 0.10000000000000E+001 0.00000000000000E+000 0.10000000000000E+001 0.19572817467895E+004 0.10823612827912E+003
 233 0.11446347324063E+000 0.62709643061550E-003 0.14998991838995E-003 0.15197483063965E-002 0.25342289021155E-001 0.45653009368385E-002 0.10711819540836E+000 0.45592841845484E-005 0.29090617348990E-012 0.21604857363391E-013 0.16768456839590E-011 0.11659513115688E-011 0.18034864218078E-001 0.11580930565319E+000 0.23012929258594E-007 0.64362249243932E-010 0.70728339772213E-015 0.12837197821195E-010 0.26980595506907E-014 0.78860946824947E-016 0.15083829153691E-008 0.33725046784358E-005 0.72682525371645E+000 0.13421297699969E-039 0.19694520486603E+004 0.41909794878858E-001 -.26868131105927E+003 0.52553827797940E-001 0.10132500000000E+006 0.16822738297419E-003 0.27186929615231E+002 0.10000000000000E+001 0.00000000000000E+000 0.10000000000000E+001 0.19694520486603E+004 0.95541769933829E+002
 234 0.12464038582685E+000 0.60697983917990E-003 0.13942832975001E-003 0.14350366608694E-002 0.24777595754384E-001 0.45036359691043E-002 0.10755108738548E+000 0.43388043403595E-005 0.38685174514569E-013 0.28649909563261E-014 0.22401457835678E-012 0.12809616108309E-012 0.17491295568205E-001 0.11667232349981E+000 0.20460439529297E-007 0.57913582541257E-010 0.13461158073957E-015 0.18447995003273E-011 0.35366604723460E-015 0.10060213671786E-016 0.16191635712300E-008 0.39059648423992E-005 0.72681435008428E+000 0.21893368872769E-039 0.19812947396626E+004 0.41909794878858E-001 -.26623399891727E+003 0.52553827797940E-001 0.10132500000000E+006 0.16732724905359E-003 0.27204066028223E+002 0.10000000000000E+001 0.00000000000000E+000 0.10000000000000E+001 0.19812947396626E+004 0.84490515648304E+002
 235 0.13563345817348E+000 0.58631333767600E-003 0.12929102292905E-003 0.13525608420026E-002 0.24237584213538E-001 0.44357584122168E-002 0.10798878107626E+000 0.41289697908428E-005 0.49868914573985E-014 0.36797406620034E-015 0.29012516437081E-013 0.14021437750850E-013 0.16991284270175E-001 0.11745990788064E+000 0.18185790749232E-007 0.53905275936639E-010 0.51412009077575E-016 0.25145688769276E-012 0.43888932048260E-016 0.12197839128042E-017 0.17283165464004E-008 0.44998709082696E-005 0.72680987013555E+000 0.26693843984195E-039 0.19927550132265E+004 0.41909794878858E-001 -.26378575935761E+003 0.52553827797940E-001 0.10132500000000E+006 0.16646520250816E-003 0.27220458521506E+002 0.10000000000000E+001 0.00000000000000E+000 0.10000000000000E+001 0.19927550132265E+004 0.74821544145287E+002
 236 0.14745442255999E+000 0.56549519475091E-003 0.11969730941493E-003 0.12732145459740E-002 0.23718090020255E-001 0.43631333009095E-002 0.10842091519093E+000 0.39294636713052E-005 0.63201616890841E-015 0.46294046173956E-016 0.36722964882470E-014 0.15493900202849E-014 0.16515017460699E-001 0.11820679699349E+000 0.16156060813798E-007 0.50421801298366E-010 0.35286398084289E-016 0.32742391073533E-013 0.51967373015621E-017 0.14165122551339E-018 0.18348038898387E-008 0.51552896849694E-005 0.72680853718890E+000 0.27642516735824E-039 0.20037938157787E+004 0.41909794878858E-001 -.26144951651410E+003 0.52553827797940E-001 0.10132500000000E+006 0.16564458162488E-003 0.27236313782760E+002 0.10000000000000E+001 0.00000000000000E+000 0.10000000000000E+001 0.20037938157787E+004 0.66327099363668E+002
 237 0.16011663391581E+000 0.54481570308478E-003 0.11070993126273E-003 0.11975691704100E-002 0.23217008454465E-001 0.42869954026262E-002 0.10884083431284E+000 0.37401475229821E-005 0.85826457208148E-016 0.60953891747550E-017 0.47500946422939E-015 0.17706528869361E-015 0.16051287914791E-001 0.11893273447157E+000 0.14346293274751E-007 0.47183188790045E-010 0.28754912083881E-016 0.40975844825985E-014 0.59103032776479E-018 0.15856095680629E-019 0.19376785974884E-008 0.58728123246832E-005 0.72680841534795E+000 0.22890499718073E-039 0.20143843528634E+004 0.41909794878858E-001 -.25928617945189E+003 0.52553827797940E-001 0.10132500000000E+006 0.16486700618194E-003 0.27251734781817E+002 0.10000000000000E+001 0.00000000000000E+000 0.10000000000000E+001 0.20143843528634E+004 0.58844745443062E+002
 238 0.17363332954588E+000 0.52448214839213E-003 0.10235274817422E-003 0.11259565446753E-002 0.22733559687845E-001 0.42083875971591E-002 0.10924453799837E+000 0.35609522490885E-005 0.18852459281391E-016 0.11913826478822E-017 0.81385678764580E-016 0.24531400193903E-016 0.15594732617144E-001 0.11964729114974E+000 0.12735914415375E-007 0.44138391289043E-010 0.24152060606150E-016 0.49549640743987E-015 0.64942581357813E-019 0.17203022246092E-020 0.20360974637385E-008 0.66524749715741E-005 0.72680847126512E+000 0.15955248575628E-039 0.20245093697746E+004 0.41909794878858E-001 -.25732189622210E+003 0.52553827797940E-001 0.10132500000000E+006 0.16413289215932E-003 0.27266756261921E+002 0.10000000000000E+001 0.00000000000000E+000 0.10000000000000E+001 0.20245093697746E+004 0.52245675089175E+002
 239 0.18801563843731E+000 0.50464222224224E-003 0.94624457642127E-004 0.10585377568695E-002 0.22267721992258E-001 0.41282008653452E-002 0.10962979551654E+000 0.33918108683819E-005 0.10426909747073E-016 0.58432391755686E-018 0.32816332554670E-016 0.72748313319719E-017 0.15143602779275E-001 0.12035374893979E+000 0.11306694151056E-007 0.41272910380247E-010 0.20395049092409E-016 0.58181060060227E-016 0.69311953941602E-020 0.18180453788053E-021 0.21293357076470E-008 0.74936683497384E-005 0.72680822651351E+000 0.11274797008463E-039 0.20341589695365E+004 0.41909794878858E-001 -.25556149165111E+003 0.52553827797940E-001 0.10132500000000E+006 0.16344185156225E-003 0.27281373180689E+002 0.10000000000000E+001 0.00000000000000E+000 0.10000000000000E+001 0.20341589695365E+004 0.46424484144866E+002
 240 0.20326995710113E+000 0.48540287728960E-003 0.87508514350588E-004 0.99535774598542E-003 0.21819858694218E-001 0.40472112684788E-002 0.10999548567799E+000 0.32326292557124E-005 0.89707938482111E-017 0.48738497833911E-018 0.25729043610038E-016 0.51346941716902E-017 0.14698204633613E-001 0.12105181353837E+000 0.10041796903584E-007 0.38580479858142E-010 0.17256609622459E-016 0.66652056645959E-017 0.72222659731723E-021 0.18804458192331E-022 0.22167969966263E-008 0.83950194374101E-005 0.72680751710384E+000 0.82737763788939E-040 0.20433286038420E+004 0.41909794878858E-001 -.25399782523850E+003 0.52553827797940E-001 0.10132500000000E+006 0.16279300165336E-003 0.27295559965936E+002 0.10000000000000E+001 0.00000000000000E+000 0.10000000000000E+001 0.20433286038420E+004 0.41292061945258E+002
 241 0.21939404307761E+000 0.46684474051363E-003 0.80980055194241E-004 0.93638772105551E-003 0.21390512203763E-001 0.39661133618526E-002 0.11034113649199E+000 0.30832846139885E-005 0.83387537670241E-017 0.45085481822975E-018 0.23640353458361E-016 0.47111682373519E-017 0.14259928660911E-001 0.12173930672072E+000 0.89254822479605E-008 0.36057548630197E-010 0.14628890852339E-016 0.74859716839231E-018 0.73857428862639E-022 0.19128557767582E-023 0.22980164029733E-008 0.93542188384009E-005 0.72680634128099E+000 0.63463993888701E-040 0.20520170799718E+004 0.41909794878858E-001 -.25261777769101E+003 0.52553827797940E-001 0.10132500000000E+006 0.16218520783479E-003 0.27309281598763E+002 0.10000000000000E+001 0.00000000000000E+000 0.10000000000000E+001 0.20520170799718E+004 0.36771288258795E+002
 242 0.23637276251626E+000 0.44903148785654E-003 0.75010124323713E-004 0.88155295079235E-003 0.20980282247042E-001 0.38855436456324E-002 0.11066664442192E+000 0.29436280081182E-005 0.78187762172615E-017 0.42259688982248E-018 0.22251931443550E-016 0.45035921319816E-017 0.13830674767334E-001 0.12241317029071E+000 0.79430290624923E-008 0.33701490661124E-010 0.12430263396718E-016 0.82852514254540E-019 0.74532429730081E-023 0.19235051573494E-024 0.23726640441140E-008 0.10367864742375E-004 0.72680476822224E+000 0.49874565475966E-040 0.20602253254469E+004 0.41909794878858E-001 -.25140570172531E+003 0.52553827797940E-001 0.10132500000000E+006 0.16161722594407E-003 0.27322499850971E+002 0.10000000000000E+001 0.00000000000000E+000 0.10000000000000E+001 0.20602253254469E+004 0.32794290575393E+002
 243 0.25417750764126E+000 0.43201201659387E-003 0.69567041411217E-004 0.83074001872620E-003 0.20589679498548E-001 0.38060785874873E-002 0.11097217433715E+000 0.28134615032521E-005 0.73314871624904E-017 0.39662941039389E-018 0.21048880487125E-016 0.43397174413127E-017 0.13412445677581E-001 0.12307016182498E+000 0.70805707144651E-008 0.31509357363926E-010 0.10592171968630E-016 0.90826897402030E-020 0.74628460377124E-024 0.19219138758509E-025 0.24405602578477E-008 0.11431559178263E-004 0.72680288642420E+000 0.38591929274423E-040 0.20679572127465E+004 0.41909794878858E-001 -.25034509748610E+003 0.52553827797940E-001 0.10132500000000E+006 0.16108767514644E-003 0.27335179187745E+002 0.10000000000000E+001 0.00000000000000E+000 0.10000000000000E+001 0.20679572127465E+004 0.29300060776830E+002
 244 0.27277234961317E+000 0.41581647177130E-003 0.64615899783531E-004 0.78378897522475E-003 0.20218937640214E-001 0.37282052435708E-002 0.11125818451595E+000 0.26924928725242E-005 0.68692759120244E-017 0.37223095087926E-018 0.19955363887975E-016 0.41960490453215E-017 0.13006992536840E-001 0.12370743729704E+000 0.63248636625732E-008 0.29476665647090E-010 0.90558079687806E-017 0.99078051558224E-021 0.74508035326458E-025 0.19169600827934E-026 0.25016937408323E-008 0.12540401074636E-004 0.72680077966963E+000 0.28796771613898E-040 0.20752220652470E+004 0.41909794878858E-001 -.24941934855358E+003 0.52553827797940E-001 0.10132500000000E+006 0.16059488840741E-003 0.27347293846122E+002 0.10000000000000E+001 0.00000000000000E+000 0.10000000000000E+001 0.20752220652470E+004 0.26232403661550E+002
 245 0.29212289847970E+000 0.40045305022184E-003 0.60118581743792E-004 0.74049087770406E-003 0.19867900410874E-001 0.36522936841763E-002 0.11152544083635E+000 0.25803127459500E-005 0.64321039399725E-017 0.34927708569054E-018 0.18948968372500E-016 0.40665212830074E-017 0.12615585063642E-001 0.12432291894710E+000 0.56632623320895E-008 0.27596797743146E-010 0.77706260985850E-017 0.10794295080773E-021 0.74461866017710E-026 0.19156704072988E-027 0.25562160796778E-008 0.13689600133844E-004 0.72679852038823E+000 0.21310176417728E-040 0.20820360984396E+004 0.41909794878858E-001 -.24861226922147E+003 0.52553827797940E-001 0.10132500000000E+006 0.16013683573381E-003 0.27358832495070E+002 0.10000000000000E+001 0.00000000000000E+000 0.10000000000000E+001 0.20820360984396E+004 0.23539087696409E+002
 246 0.31220078368353E+000 0.38591080922378E-003 0.56035470569525E-004 0.70060234481143E-003 0.19536063632310E-001 0.35785991069966E-002 0.11177493917255E+000 0.24764205158233E-005 0.60202743523724E-017 0.32771096091901E-018 0.18016344311725E-016 0.39478053622609E-017 0.12238987670818E-001 0.12491533337318E+000 0.50839644429276E-008 0.25861373740118E-010 0.66936666044289E-017 0.11779065345905E-022 0.74713538253455E-027 0.19235131992369E-028 0.26044050529603E-008 0.14874797092250E-004 0.72679616948771E+000 0.16893555377396E-040 0.20884210980892E+004 0.41909794878858E-001 -.24790869434907E+003 0.52553827797940E-001 0.10132500000000E+006 0.15971122788977E-003 0.27369797442600E+002 0.10000000000000E+001 0.00000000000000E+000 0.10000000000000E+001 0.20884210980892E+004 0.21172271302282E+002
 247 0.33298261991524E+000 0.37216622323946E-003 0.52327747076080E-004 0.66386751903149E-003 0.19222703932841E-001 0.35072869257228E-002 0.11200778337559E+000 0.23802736338427E-005 0.56337262612330E-017 0.30748304047178E-018 0.17147656399598E-016 0.38375387158886E-017 0.11877570844068E-001 0.12548403721387E+000 0.45762879700557E-008 0.24261100950551E-010 0.57889899641001E-017 0.12917659831852E-023 0.75523699606473E-028 0.19479427398217E-029 0.26466179206276E-008 0.16092047657139E-004 0.72679377665010E+000 0.15472138138215E-040 0.20944016805632E+004 0.41909794878858E-001 -.24729491855281E+003 0.52553827797940E-001 0.10132500000000E+006 0.15931570250350E-003 0.27380200452256E+002 0.10000000000000E+001 0.00000000000000E+000 0.10000000000000E+001 0.20944016805632E+004 0.19089199617019E+002
 248 0.35444730223356E+000 0.35918892485546E-003 0.48958944470940E-004 0.63003452945935E-003 0.18926991610300E-001 0.34384589287188E-002 0.11222509191650E+000 0.22913264755179E-005 0.52720619107127E-017 0.28854417012502E-018 0.16335433265417E-016 0.37339916680657E-017 0.11531433992887E-001 0.12602882458103E+000 0.41307884542875E-008 0.22786476384927E-010 0.50268812144115E-017 0.14418326107445E-024 0.77890037456046E-029 0.20239964843357E-030 0.26832547045265E-008 0.17337704033218E-004 0.72679138070444E+000 0.16264431338811E-040 0.21000030842350E+004 0.41909794878858E-001 -.24675885223657E+003 0.52553827797940E-001 0.10132500000000E+006 0.15894796389599E-003 0.27390058782087E+002 0.10000000000000E+001 0.00000000000000E+000 0.10000000000000E+001 0.21000030842350E+004 0.17252401791626E+002
 249 0.37657432357951E+000 0.34694508818605E-003 0.45895567864304E-004 0.59886367293397E-003 0.18648055077686E-001 0.33721707464921E-002 0.11242795046456E+000 0.22090503434399E-005 0.49346199397490E-017 0.27084393870356E-018 0.15573943134752E-016 0.36359079321807E-017 0.11200487708887E-001 0.12654979704893E+000 0.37392231290661E-008 0.21428173564989E-010 0.43829098714971E-017 0.17858905415236E-025 0.89347510993063E-030 0.35365514718008E-032 0.27147346437677E-008 0.18608346866118E-004 0.72678901075187E+000 0.18178482531131E-040 0.21052500201970E+004 0.41909794878858E-001 -.24628996666063E+003 0.52553827797940E-001 0.10132500000000E+006 0.15860584758473E-003 0.27399392770143E+002 0.10000000000000E+001 0.00000000000000E+000 0.10000000000000E+001 0.21052500201970E+004 0.15629381469218E+002
 250 0.39934323732878E+000 0.33539920904900E-003 0.43107181471929E-004 0.57013053333367E-003 0.18385012883583E-001 0.33084425446029E-002 0.11261739263277E+000 0.21329417638220E-005 0.46205333952257E-017 0.25432969432784E-018 0.14858709521201E-016 0.35423853914174E-017 0.10884503631886E-001 0.12704728371246E+000 0.33944431486301E-008 0.20177225811855E-010 0.38370233468363E-017 0.37425835056853E-026 0.17381876935716E-030 -.28107246312582E-031 0.27414811114248E-008 0.19900772074346E-004 0.72678668780090E+000 0.20179170023891E-040 0.21101661922325E+004 0.41909794878858E-001 -.24587914945043E+003 0.52553827797940E-001 0.10132500000000E+006 0.15828733962617E-003 0.27408224524688E+002 0.10000000000000E+001 0.00000000000000E+000 0.10000000000000E+001 0.21101661922325E+004 0.14192084306383E+002
 251 0.42273361712878E+000 0.32451516354529E-003 0.40566289360207E-004 0.54362693313977E-003 0.18136991525280E-001 0.32472665299093E-002 0.11279439247080E+000 0.20625258728735E-005 0.43287800719578E-017 0.23894624055285E-018 0.14186142893963E-016 0.34527832338372E-017 0.10583148829733E-001 0.12752178544393E+000 0.30902686178421E-008 0.19025118684841E-010 0.33727600010277E-017 0.20401315213061E-026 0.88274463477921E-031 -.27739007851815E-031 0.27639112084972E-008 0.21211996591225E-004 0.72678442641864E+000 0.21589449238744E-040 0.21147740969513E+004 0.41909794878858E-001 -.24551854068997E+003 0.52553827797940E-001 0.10132500000000E+006 0.15799057818991E-003 0.27416577119008E+002 0.10000000000000E+001 0.00000000000000E+000 0.10000000000000E+001 0.21147740969513E+004 0.12916335472276E+002
 252 0.44672513462761E+000 0.31425694204847E-003 0.38248146215442E-004 0.51916097775108E-003 0.17903137155413E-001 0.31886129646651E-002 0.11295986165546E+000 0.19973578026629E-005 0.40582288435197E-017 0.22463615607161E-018 0.13553273621156E-016 0.33666508595929E-017 0.10296012768906E-001 0.12797393098284E+000 0.28213674123585E-008 0.17963840578531E-010 0.29765933389368E-017 0.17305817250500E-026 0.69985150847368E-031 -.24494729220990E-031 0.27824283757404E-008 0.22539263590842E-004 0.72678223616355E+000 0.22260845271390E-040 0.21190949349547E+004 0.41909794878858E-001 -.24520137490006E+003 0.52553827797940E-001 0.10132500000000E+006 0.15771384895501E-003 0.27424474014910E+002 0.10000000000000E+001 0.00000000000000E+000 0.10000000000000E+001 0.21190949349547E+004 0.11781317720846E+002
 253 0.47129764141503E+000 0.30458918595847E-003 0.36130543532390E-004 0.49655662752023E-003 0.17682623746066E-001 0.31324351898939E-002 0.11311464910840E+000 0.19370229940395E-005 0.38076811490418E-017 0.21134049245404E-018 0.12957564107700E-016 0.32836742013378E-017 0.10022629373685E-001 0.12840444099986E+000 0.25831438965116E-008 0.16985907824835E-010 0.26373930081951E-017 0.15874173007776E-026 0.60144254155266E-031 -.21389066136727E-031 0.27974172903679E-008 0.23880042599055E-004 0.72678012276195E+000 0.22461290115338E-040 0.21231485792853E+004 0.41909794878858E-001 -.24492183610260E+003 0.52553827797940E-001 0.10132500000000E+006 0.15745557793965E-003 0.27431938626866E+002 0.10000000000000E+001 0.00000000000000E+000 0.10000000000000E+001 0.21231485792853E+004 0.10769106254093E+002
 254 0.49643123849767E+000 0.29547757468809E-003 0.34193589001648E-004 0.47565298085318E-003 0.17474658649809E-001 0.30786738106641E-002 0.11325954217532E+000 0.18811367864640E-005 0.35759064160437E-017 0.19899962327832E-018 0.12396779376379E-016 0.32036355909957E-017 0.97624950201936E-002 0.12881409877914E+000 0.23716390808853E-008 0.16084371260539E-010 0.23459842157920E-017 0.14723105233213E-026 0.52384174235084E-031 -.18631043706495E-031 0.28092405638034E-008 0.25232024826591E-004 0.72677808906175E+000 0.22488924338674E-040 0.21269535815074E+004 0.41909794878858E-001 -.24467492793540E+003 0.52553827797940E-001 0.10132500000000E+006 0.15721432302824E-003 0.27438993994947E+002 0.10000000000000E+001 0.00000000000000E+000 0.10000000000000E+001 0.21269535815074E+004 0.98642607154070E+001
 255 0.52210633614599E+000 0.28688909352391E-003 0.32419489058802E-004 0.45630338361253E-003 0.17278486197311E-001 0.30272601451856E-002 0.11339526880783E+000 0.18293435058719E-005 0.33616709814462E-017 0.18755409386393E-018 0.11868899575066E-016 0.31263840203526E-017 0.95150830592926E-002 0.12920372651788E+000 0.21834423521764E-008 0.15252809115522E-010 0.20947886993306E-017 0.13688433097573E-026 0.45838839615940E-031 -.16257790659007E-031 0.28182368246673E-008 0.26593114414205E-004 0.72677613583145E+000 0.22328944307337E-040 0.21305272029179E+004 0.41909794878858E-001 -.24445635938498E+003 0.52553827797940E-001 0.10132500000000E+006 0.15698876494950E-003 0.27445662545986E+002 0.10000000000000E+001 0.00000000000000E+000 0.10000000000000E+001 0.21305272029179E+004 0.90534708304483E+001
 256 0.54830365746944E+000 0.27879222185920E-003 0.30792343725902E-004 0.43837447951536E-003 0.17093390208343E-001 0.29781191247983E-002 0.11352250009210E+000 0.17813153057063E-005 0.31637610912309E-017 0.17694540458536E-018 0.11372062852853E-016 0.30518134413075E-017 0.92798558534447E-002 0.12957416560801E+000 0.20156145650124E-008 0.14485311533774E-010 0.18775330936761E-017 0.12744239755186E-026 0.40255922791358E-031 -.14395407691072E-031 0.28247198171549E-008 0.27961413226465E-004 0.72677426248485E+000 0.21703445876613E-040 0.21338854550827E+004 0.41909794878858E-001 -.24426244628145E+003 0.52553827797940E-001 0.10132500000000E+006 0.15677769863386E-003 0.27451965914299E+002 0.10000000000000E+001 0.00000000000000E+000 0.10000000000000E+001 0.21338854550827E+004 0.83252523183867E+001
 257 0.57500398443107E+000 0.27115710750187E-003 0.29297965401429E-004 0.42174534955185E-003 0.16918696725592E-001 0.29311720194263E-002 0.11364185223713E+000 0.17367511217007E-005 0.29810016227907E-017 0.16711674289510E-018 0.10904532296393E-016 0.29798476605914E-017 0.90562760954048E-002 0.12992625813541E+000 0.18656223626358E-008 0.13776463692503E-010 0.16890132479336E-017 0.11880914878906E-026 0.35476034486598E-031 -.13092035959817E-031 0.28289782711127E-008 0.29335190816060E-004 0.72677246771427E+000 0.20461308701269E-040 0.21370431266187E+004 0.41909794878858E-001 -.24409002766447E+003 0.52553827797940E-001 0.10132500000000E+006 0.15658002627146E-003 0.27457924772108E+002 0.10000000000000E+001 0.00000000000000E+000 0.10000000000000E+001 0.21370431266187E+004 0.76696906715491E+001
 258 0.60218735771543E+000 0.26395577899780E-003 0.27923727594054E-004 0.40630682931135E-003 0.16753777577744E-001 0.28863393054582E-002 0.11375388765750E+000 0.16953759421645E-005 0.28122719402412E-017 0.15801368756608E-018 0.10464682605939E-016 0.29104308737184E-017 0.88438186638603E-002 0.13026082789874E+000 0.17312828738519E-008 0.13121331942722E-010 0.15249042700707E-017 0.11091256247788E-026 0.31371682242176E-031 -.12140282615092E-031 0.28312765514864E-008 0.30712832529672E-004 0.72677074977664E+000 0.18849614607470E-040 0.21400137857734E+004 0.41909794878858E-001 -.24393639335905E+003 0.52553827797940E-001 0.10132500000000E+006 0.15639475251054E-003 0.27463558630929E+002 0.10000000000000E+001 0.00000000000000E+000 0.10000000000000E+001 0.21400137857734E+004 0.70782269958426E+001
 259 0.62983196547102E+000 0.25716229796784E-003 0.26658420974776E-004 0.39196077193478E-003 0.16598052035644E-001 0.28435430723909E-002 0.11385911704807E+000 0.16569397524728E-005 0.26565168465669E-017 0.14958473676487E-018 0.10050994940804E-016 0.28435217740444E-017 0.86419799541346E-002 0.13057866604171E+000 0.16107153161217E-008 0.12515443708713E-010 0.13816048508203E-017 0.10368856807755E-026 0.27838488255491E-031 -.11150174036112E-031 0.28318561654015E-008 0.32092786751268E-004 0.72676910617558E+000 0.17351411371837E-040 0.21428098083939E+004 0.41909794878858E-001 -.24379921662947E+003 0.52553827797940E-001 0.10132500000000E+006 0.15622097852615E-003 0.27468885691808E+002 0.10000000000000E+001 0.00000000000000E+000 0.10000000000000E+001 0.21428098083939E+004 0.65434695304905E+001
 260 0.65791402713739E+000 0.25075258456295E-003 0.25492069317104E-004 0.37861873110355E-003 0.16450981129212E-001 0.28027072610739E-002 0.11395800610299E+000 0.16212147888112E-005 0.25127473152641E-017 0.14178133864238E-018 0.96620394295872E-017 0.27790873299272E-017 0.84502771502977E-002 0.13088053269515E+000 0.15022944768277E-008 0.11954739877884E-010 0.12561047097201E-017 0.97078686929106E-027 0.24788987251380E-031 -.98611076255107E-032 0.28309376540463E-008 0.33473569720428E-004 0.72676753314660E+000 0.16294800772743E-040 0.21454425297699E+004 0.41909794878858E-001 -.24367648904640E+003 0.52553827797940E-001 0.10132500000000E+006 0.15605788893935E-003 0.27473922950879E+002 0.10000000000000E+001 0.00000000000000E+000 0.10000000000000E+001 0.21454425297699E+004 0.60590108788263E+001
 261 0.68640974388652E+000 0.24470385908508E-003 0.24415703429045E-004 0.36620003299791E-003 0.16312054627598E-001 0.27637552655499E-002 0.11405098673993E+000 0.15879910943695E-005 0.23800312901057E-017 0.13455740955913E-018 0.92964390879569E-017 0.27170941779252E-017 0.82682361398521E-002 0.13116717570461E+000 0.14046060102732E-008 0.11435499770487E-010 0.11458715746986E-017 0.91029012040530E-027 0.22150169878343E-031 -.83519880167896E-032 0.28287218655150E-008 0.34853855264753E-004 0.72676602583582E+000 0.15643660756675E-040 0.21479225210244E+004 0.41909794878858E-001 -.24356646336650E+003 0.52553827797940E-001 0.10132500000000E+006 0.15590473185349E-003 0.27478686603461E+002 0.10000000000000E+001 0.00000000000000E+000 0.10000000000000E+001 0.21479225210244E+004 0.56192532638439E+001
 262 0.71529803363526E+000 0.23899413453219E-003 0.23421173444499E-004 0.35463015146659E-003 0.16180780349914E-001 0.27266075811873E-002 0.11413846616857E+000 0.15570728324205E-005 0.22574853678488E-017 0.12786891011900E-018 0.89528399854157E-017 0.26575011395701E-017 0.80953804444566E-002 0.13143934698980E+000 0.13164103959764E-008 0.10954277876547E-010 0.10487622490238E-017 0.85489517489170E-027 0.19860180006369E-031 -.69599755629577E-032 0.28253903557921E-008 0.36232575297873E-004 0.72676457920574E+000 0.15113589843654E-040 0.21502598161943E+004 0.41909794878858E-001 -.24346761257525E+003 0.52553827797940E-001 0.10132500000000E+006 0.15576080276139E-003 0.27483192414097E+002 0.10000000000000E+001 0.00000000000000E+000 0.10000000000000E+001 0.21502598161943E+004 0.52192696823222E+001
 263 0.74456166669033E+000 0.23360217301060E-003 0.22501061176786E-004 0.34384013221899E-003 0.16056683677137E-001 0.26911822327252E-002 0.11422082863111E+000 0.15282772943493E-005 0.21442759887783E-017 0.12167394821226E-018 0.86299115182831E-017 0.26002572572653E-017 0.79312328254605E-002 0.13169779922655E+000 0.12366194450510E-008 0.10507883189095E-010 0.96295826950335E-018 0.80413889107279E-027 0.17867212500522E-031 -.59875957132207E-032 0.28211058288227E-008 0.37608935964902E-004 0.72676318875911E+000 0.14450370109216E-040 0.21524639495891E+004 0.41909794878858E-001 -.24337860386868E+003 0.52553827797940E-001 0.10132500000000E+006 0.15562544055354E-003 0.27487455735163E+002 0.10000000000000E+001 0.00000000000000E+000 0.10000000000000E+001 0.21524639495891E+004 0.48547149755742E+001
 264 0.77418643137400E+000 0.22850777128265E-003 0.21648655676609E-004 0.33376669637796E-003 0.15939313693399E-001 0.26573972980541E-002 0.11429843255762E+000 0.15014355945369E-005 0.20396262011019E-017 0.11593319832965E-018 0.83263675257959E-017 0.25453044064668E-017 0.77753260143033E-002 0.13194326890285E+000 0.11642804946802E-008 0.10093385198779E-010 0.88691740294888E-018 0.75759622259561E-027 0.16127346443013E-031 -.54717707462667E-032 0.28160133093550E-008 0.38982353527125E-004 0.72676185063093E+000 0.13610154403907E-040 0.21545438704315E+004 0.41909794878858E-001 -.24329827847644E+003 0.52553827797940E-001 0.10132500000000E+006 0.15549803113156E-003 0.27491491272424E+002 0.10000000000000E+001 0.00000000000000E+000 0.10000000000000E+001 0.21545438704315E+004 0.45217671893106E+001
 265 0.80415976349414E+000 0.22369200889003E-003 0.20857925169986E-004 0.32435227347536E-003 0.15828248273047E-001 0.26251732310178E-002 0.11437160847193E+000 0.14763930822739E-005 0.19428200233173E-017 0.11061019819836E-018 0.80409853130248E-017 0.24925805650452E-017 0.76272123797361E-002 0.13217646137061E+000 0.10985619027535E-008 0.97081155521716E-011 0.81933218421492E-018 0.71488046535675E-027 0.14604144533187E-031 -.52023127859807E-032 0.28102418101039E-008 0.40352378909124E-004 0.72676056137562E+000 0.12715911850073E-040 0.21565078746103E+004 0.41909794878858E-001 -.24322563116717E+003 0.52553827797940E-001 0.10132500000000E+006 0.15537801000838E-003 0.27495312875831E+002 0.10000000000000E+001 0.00000000000000E+000 0.10000000000000E+001 0.21565078746103E+004 0.42170740764832E+001
 266 0.83446986952185E+000 0.21913731422390E-003 0.20123463736956E-004 0.31554470521015E-003 0.15723095295753E-001 0.25944339956130E-002 0.11444065945984E+000 0.14530088137511E-005 0.18532019742569E-017 0.10567138235915E-018 0.77726134348875E-017 0.24420217305591E-017 0.74864682951419E-002 0.13239804415918E+000 0.10387380439991E-008 0.93496551815660E-011 0.75909276988514E-018 0.67564145631487E-027 0.13266867462307E-031 -.49405646356105E-032 0.28039060100354E-008 0.41718650598369E-004 0.72675931779989E+000 0.11890350276994E-040 0.21583636038592E+004 0.41909794878858E-001 -.24315978944860E+003 0.52553827797940E-001 0.10132500000000E+006 0.15526486092724E-003 0.27498933469120E+002 0.10000000000000E+001 0.00000000000000E+000 0.10000000000000E+001 0.21583636038592E+004 0.39376971142172E+001
 267 0.86510538260652E+000 0.21482740855040E-003 0.19440425429146E-004 0.30729675878781E-003 0.15623491319760E-001 0.25651073437124E-002 0.11450586318957E+000 0.14311544681716E-005 0.17701736394947E-017 0.10108594970378E-018 0.75201716728470E-017 0.23935627212546E-017 0.73526947157967E-002 0.13260864611929E+000 0.98417491006900E-009 0.90158130574127E-011 0.70525464549128E-018 0.63956272000543E-027 0.12089548076766E-031 -.46006802920893E-032 0.27971077474295E-008 0.43080872730607E-004 0.72675811690161E+000 0.11151543286400E-040 0.21601180877415E+004 0.41909794878858E-001 -.24309999444524E+003 0.52553827797940E-001 0.10132500000000E+006 0.15515811206822E-003 0.27502365075508E+002 0.10000000000000E+001 0.00000000000000E+000 0.10000000000000E+001 0.21601180877415E+004 0.36810569748841E+001
 268 0.89605526937938E+000 0.21074720944787E-003 0.18804459704978E-004 0.29956561239267E-003 0.15529099418021E-001 0.25371247489956E-002 0.11456747430881E+000 0.14107131470676E-005 0.16931892870494E-017 0.96825673310313E-019 0.72826480633238E-017 0.23471375485427E-017 0.72255162396437E-002 0.13280885889277E+000 0.93431731894662E-009 0.87046035090787E-011 0.65701151674312E-018 0.60635840357513E-027 0.11050404171479E-031 -.42319788109679E-032 0.27899373351136E-008 0.44438804562433E-004 0.72675695585955E+000 0.10453655505442E-040 0.21617777977588E+004 0.41909794878858E-001 -.24304558443074E+003 0.52553827797940E-001 0.10132500000000E+006 0.15505733170985E-003 0.27505618877901E+002 0.10000000000000E+001 0.00000000000000E+000 0.10000000000000E+001 0.21617777977588E+004 0.34448845590839E+001
 269 0.92730880295927E+000 0.20688273228574E-003 0.18211653689649E-004 0.29231238291066E-003 0.15439606984142E-001 0.25104212548062E-002 0.11462572670192E+000 0.13915782495381E-005 0.16217514627533E-017 0.92864703360531E-019 0.70590953257381E-017 0.23026797165929E-017 0.71045798089500E-002 0.13299923893646E+000 0.88867795862093E-009 0.84142251483999E-011 0.61367291441270E-018 0.57577029272316E-027 0.10130705913155E-031 -.38649717536128E-032 0.27824747387830E-008 0.45792253285620E-004 0.72675583203374E+000 0.97895460988646E-041 0.21633486994895E+004 0.41909794878858E-001 -.24299598095984E+003 0.52553827797940E-001 0.10132500000000E+006 0.15496212417527E-003 0.27508705283318E+002 0.10000000000000E+001 0.00000000000000E+000 0.10000000000000E+001 0.21633486994895E+004 0.32271787862220E+001
 270 0.95885553577897E+000 0.20322100002889E-003 0.17658481865662E-004 0.28550170918398E-003 0.15354723721971E-001 0.24849353134784E-002 0.11468083549735E+000 0.13736524650663E-005 0.15554068357708E-017 0.89179378303113E-019 0.68486273536827E-017 0.22601225402671E-017 0.69895534115609E-002 0.13318030955403E+000 0.84682809286559E-009 0.81430420367950E-011 0.57464574321719E-018 0.54756514737220E-027 0.93145459028704E-032 -.34316529646688E-032 0.27747906437826E-008 0.47141067560604E-004 0.72675474296074E+000 0.92149014556146E-041 0.21648362993697E+004 0.41909794878858E-001 -.24295067718681E+003 0.52553827797940E-001 0.10132500000000E+006 0.15487212623921E-003 0.27511633982823E+002 0.10000000000000E+001 0.00000000000000E+000 0.10000000000000E+001 0.21648362993697E+004 0.30261706556419E+001
 271 0.99068527012732E+000 0.19974996081068E-003 0.17141762168367E-004 0.27910138391362E-003 0.15274179804159E-001 0.24606086220625E-002 0.11473299886038E+000 0.13568468714755E-005 0.14937423190947E-017 0.85748046063633E-019 0.66504157872880E-017 0.22193994626106E-017 0.68801248113152E-002 0.13335256289207E+000 0.80838965975661E-009 0.78895668767101E-011 0.53941903057336E-018 0.52153226237028E-027 0.85884753598157E-032 -.28687577065570E-032 0.27669474200370E-008 0.48485131777296E-004 0.72675368634124E+000 0.87729001753779E-041 0.21662456867393E+004 0.41909794878858E-001 -.24290922795301E+003 0.52553827797940E-001 0.10132500000000E+006 0.15478700393458E-003 0.27514414006922E+002 0.10000000000000E+001 0.00000000000000E+000 0.10000000000000E+001 0.21662456867393E+004 0.28402925988013E+001
 272 0.10227880507465E+001 0.19645841037561E-003 0.16658617277493E-004 0.27308202411329E-003 0.15197724141338E-001 0.24373859418859E-002 0.11478239962749E+000 0.13410801164620E-005 0.14363814338799E-017 0.82550894036238E-019 0.64636865486351E-017 0.21804443300166E-017 0.67760002569646E-002 0.13351646197315E+000 0.77302851563651E-009 0.76524458578010E-011 0.50755125843454E-018 0.49748120037583E-027 0.79409040342823E-032 -.22569418029571E-032 0.27589999857464E-008 0.49824361837294E-004 0.72675266002578E+000 0.84263668538335E-041 0.21675815724779E+004 0.41909794878858E-001 -.24287124133310E+003 0.52553827797940E-001 0.10132500000000E+006 0.15470644966140E-003 0.27517053778377E+002 0.10000000000000E+001 0.00000000000000E+000 0.10000000000000E+001 0.21675815724779E+004 0.26681521945613E+001
 273 0.10551541923555E+001 0.19333591873943E-003 0.16206440379071E-004 0.26741677508260E-003 0.15125122756840E-001 0.24152149035703E-002 0.11482920679815E+000 0.13262776736816E-005 0.13829809195198E-017 0.79569788430154E-019 0.62877163513572E-017 0.21431916122092E-017 0.66769031793487E-002 0.13367244274209E+000 0.74044864320099E-009 0.74304449762476E-011 0.47865980650472E-018 0.47523976403962E-027 0.73619883880121E-032 -.17850305693711E-032 0.27509965728823E-008 0.51158702558373E-004 0.72675166200670E+000 0.80880803763536E-041 0.21688483245641E+004 0.41909794878858E-001 -.24283637144130E+003 0.52553827797940E-001 0.10132500000000E+006 0.15463017956473E-003 0.27519561162721E+002 0.10000000000000E+001 0.00000000000000E+000 0.10000000000000E+001 0.21688483245641E+004 0.25085095810274E+001
 274 0.10877743174405E+001 0.19037276375055E-003 0.15782865234256E-004 0.26208104921335E-003 0.15056157327627E-001 0.23940458217545E-002 0.11487357685501E+000 0.13123711797866E-005 0.13332276385382E-017 0.76788126189984E-019 0.61218293787058E-017 0.21075765986519E-017 0.65825729789932E-002 0.13382091596401E+000 0.71038720398146E-009 0.72224378815067E-011 0.45241215397813E-018 0.45465212885548E-027 0.68431420149076E-032 -.15691732792562E-032 0.27429794097041E-008 0.52488125496879E-004 0.72675069041714E+000 0.76995374618544E-041 0.21700499996868E+004 0.41909794878858E-001 -.24280431234538E+003 0.52553827797940E-001 0.10132500000000E+006 0.15455793122200E-003 0.27521943514261E+002 0.10000000000000E+001 0.00000000000000E+000 0.10000000000000E+001 0.21700499996868E+004 0.23602581321120E+001
 275 0.11206393618351E+001 0.18755987421306E-003 0.15385740417070E-004 0.25705230086389E-003 0.14990623939429E-001 0.23738315435418E-002 0.11491565489098E+000 0.12992978573765E-005 0.12868358120044E-017 0.74190701982792E-019 0.59653943123918E-017 0.20735356098029E-017 0.64927639979227E-002 0.13396226883565E+000 0.68261033204721E-009 0.70273952885172E-011 0.42851854946800E-018 0.43557723106693E-027 0.63770461843371E-032 -.15452136106881E-032 0.27349853420892E-008 0.53812625764493E-004 0.72674974352873E+000 0.72691331209893E-041 0.21711903702182E+004 0.41909794878858E-001 -.24277479291401E+003 0.52553827797940E-001 0.10132500000000E+006 0.15448946166795E-003 0.27524207715359E+002 0.10000000000000E+001 0.00000000000000E+000 0.10000000000000E+001 0.21711903702182E+004 0.22224080059709E+001
 276 0.11537405403454E+001 0.18488878111985E-003 0.15013107056421E-004 0.25230983158224E-003 0.14928332014520E-001 0.23545273254594E-002 0.11495557557990E+000 0.12870000102982E-005 0.12435445465966E-017 0.71763588547338E-019 0.58178216589505E-017 0.20410062151773E-017 0.64072446445415E-002 0.13409686636523E+000 0.65690954386830E-009 0.68443757193830E-011 0.40672587909584E-018 0.41788730855670E-027 0.59574045921298E-032 -.15374023448877E-032 0.27270464040745E-008 0.55132217904206E-004 0.72674881974188E+000 0.68469748925961E-041 0.21722729474120E+004 0.41909794878858E-001 -.24274757240393E+003 0.52553827797940E-001 0.10132500000000E+006 0.15442454569417E-003 0.27526360210033E+002 0.10000000000000E+001 0.00000000000000E+000 0.10000000000000E+001 0.21722729474120E+004 0.20940720710335E+001
 277 0.11870693075029E+001 0.18235157283062E-003 0.14663179142325E-004 0.24783461599785E-003 0.14869103321770E-001 0.23360907134374E-002 0.11499346405724E+000 0.12754245676953E-005 0.12031155738670E-017 0.69494026351372E-019 0.56785611716851E-017 0.20099274161932E-017 0.63257965601390E-002 0.13422505269188E+000 0.63309863701964E-009 0.66725171910482E-011 0.38681249541892E-018 0.40146658620919E-027 0.55787892826046E-032 -.14013022368490E-032 0.27191903333419E-008 0.56446932187177E-004 0.72674791757185E+000 0.64804979312590E-041 0.21733010025300E+004 0.41909794878858E-001 -.24272243663408E+003 0.52553827797940E-001 0.10132500000000E+006 0.15436297431373E-003 0.27528407035010E+002 0.10000000000000E+001 0.00000000000000E+000 0.10000000000000E+001 0.21733010025300E+004 0.19744537096277E+001
 278 0.12206173448181E+001 0.17994085186614E-003 0.14334325807976E-004 0.24360914262026E-003 0.14812771023274E-001 0.23184814120611E-002 0.11502943674518E+000 0.12645226634061E-005 0.11653311574611E-017 0.67370320399228E-019 0.55470992688297E-017 0.19802397706299E-017 0.62482137683704E-002 0.13434715243025E+000 0.61101098845761E-009 0.65110296209732E-011 0.36858383058086E-018 0.38621008164394E-027 0.52365343716977E-032 -.11080869168252E-032 0.27114410279618E-008 0.57756812252378E-004 0.72674703563668E+000 0.61867340544302E-041 0.21742775867952E+004 0.41909794878858E-001 -.24269919466055E+003 0.52553827797940E-001 0.10132500000000E+006 0.15430455333237E-003 0.27530353849980E+002 0.10000000000000E+001 0.00000000000000E+000 0.10000000000000E+001 0.21742775867952E+004 0.18628361545587E+001
 279 0.12543765747256E+001 0.17764969387507E-003 0.14025055443234E-004 0.23961726908582E-003 0.14759178772299E-001 0.23016611493591E-002 0.11506360211581E+000 0.12542492506528E-005 0.11299921703688E-017 0.65381744591604E-019 0.54229565032633E-017 0.19518854702172E-017 0.61743018328529E-002 0.13446347199835E+000 0.59049720187523E-009 0.63591879252468E-011 0.35186867015023E-018 0.37202250880477E-027 0.49265367055340E-032 -.73874492829971E-033 0.27038189498895E-008 0.59061913853109E-004 0.72674617264915E+000 0.59494666711171E-041 0.21752055499888E+004 0.41909794878858E-001 -.24267767590304E+003 0.52553827797940E-001 0.10132500000000E+006 0.15424910203310E-003 0.27532205966596E+002 0.10000000000000E+001 0.00000000000000E+000 0.10000000000000E+001 0.21752055499888E+004 0.17585731710417E+001
 280 0.12883391823387E+001 0.17547161019890E-003 0.13734001629161E-004 0.23584409295507E-003 0.14708179893655E-001 0.22855935496789E-002 0.11509606137556E+000 0.12445627555602E-005 0.10969163549050E-017 0.63518454617274E-019 0.53056851804632E-017 0.19248083949674E-017 0.61038770735570E-002 0.13457430085023E+000 0.57142306812277E-009 0.62163258402257E-011 0.33651599082747E-018 0.35881730658428E-027 0.46451922497790E-032 -.42314435570098E-033 0.26963414855019E-008 0.60362303919282E-004 0.72674532741188E+000 0.57330033306567E-041 0.21760875572096E+004 0.41909794878858E-001 -.24265772767639E+003 0.52553827797940E-001 0.10132500000000E+006 0.15419645199825E-003 0.27533968375036E+002 0.10000000000000E+001 0.00000000000000E+000 0.10000000000000E+001 0.21760875572096E+004 0.16610809565731E+001
 281 0.13224976254635E+001 0.17340051481211E-003 0.13459910808404E-004 0.23227583809826E-003 0.14659636662201E-001 0.22702440225946E-002 0.11512690906489E+000 0.12354247700036E-005 0.10659367655400E-017 0.61771409629337E-019 0.51948671805519E-017 0.18989541609517E-017 0.60367658728259E-002 0.13467991256715E+000 0.55366780239195E-009 0.60818304564437E-011 0.32239227672069E-018 0.34651577222040E-027 0.43893130495958E-032 -.26014654292396E-033 0.26890232724431E-008 0.61658059261068E-004 0.72674449881382E+000 0.55042314680871E-041 0.21769261035836E+004 0.41909794878858E-001 -.24263921307277E+003 0.52553827797940E-001 0.10132500000000E+006 0.15414644607758E-003 0.27535645767484E+002 0.10000000000000E+001 0.00000000000000E+000 0.10000000000000E+001 0.21769261035836E+004 0.15698311268064E+001
 282 0.13568446222281E+001 0.17143069545797E-003 0.13201631498569E-004 0.22889975517861E-003 0.14613419673196E-001 0.22555796686488E-002 0.11515623358056E+000 0.12267997802099E-005 0.10369003795812E-017 0.60132302080277E-019 0.50901119849469E-017 0.18742701667293E-017 0.59728040713252E-002 0.13478056580904E+000 0.53712251941417E-009 0.59551373956575E-011 0.30937923706426E-018 0.33504630300542E-027 0.41561441169552E-032 -.25338926941522E-033 0.26818764987329E-008 0.62949264661189E-004 0.72674368582570E+000 0.52543719841353E-041 0.21777235270817E+004 0.41909794878858E-001 -.24262200913466E+003 0.52553827797940E-001 0.10132500000000E+006 0.15409893748885E-003 0.27537242558598E+002 0.10000000000000E+001 0.00000000000000E+000 0.10000000000000E+001 0.21777235270817E+004 0.14843446375391E+001
 283 0.13913731203244E+001 0.16955678796307E-003 0.12958104772215E-004 0.22570403349635E-003 0.14569407279676E-001 0.22415691962354E-002 0.11518411763988E+000 0.12186549243059E-005 0.10096668494426E-017 0.58593494422496E-019 0.49910548615596E-017 0.18507056320118E-017 0.59118364269949E-002 0.13487650516959E+000 0.52168890708506E-009 0.58357265166605E-011 0.29737185639105E-018 0.32434370479472E-027 0.39432625000468E-032 -.30831143684033E-033 0.26749111760136E-008 0.64236010641342E-004 0.72674288749339E+000 0.50010365743101E-041 0.21784820199217E+004 0.41909794878858E-001 -.24260600526061E+003 0.52553827797940E-001 0.10132500000000E+006 0.15405378901928E-003 0.27538762903728E+002 0.10000000000000E+001 0.00000000000000E+000 0.10000000000000E+001 0.21784820199217E+004 0.14041864820037E+001
 284 0.14260762667157E+001 0.16777375229971E-003 0.12728355703595E-004 0.22267772098921E-003 0.14527485064885E-001 0.22281828404802E-002 0.11521063870943E+000 0.12109597708906E-005 0.98410736657512E-018 0.57147961141191E-019 0.48973551408999E-017 0.18282116163260E-017 0.58537160968772E-002 0.13496796199742E+000 0.50727806174235E-009 0.57231180207972E-011 0.28627671784223E-018 0.31434857704631E-027 0.37485664878866E-032 -.30528396042528E-033 0.26681353853391E-008 0.65518391595470E-004 0.72674210292942E+000 0.47706128533243E-041 0.21792036391430E+004 0.41909794878858E-001 -.24259110179906E+003 0.52553827797940E-001 0.10132500000000E+006 0.15401087229057E-003 0.27540210716001E+002 0.10000000000000E+001 0.00000000000000E+000 0.10000000000000E+001 0.21792036391430E+004 0.13289610135968E+001
 285 0.14609473991350E+001 0.16607684938462E-003 0.12511485563788E-004 0.21981065011283E-003 0.14487545329913E-001 0.22153922777539E-002 0.11523586941239E+000 0.12036861131525E-005 0.96010361550832E-018 0.55789235030359E-019 0.48086945377377E-017 0.18067410090464E-017 0.57983041150154E-002 0.13505515522259E+000 0.49380945706719E-009 0.56168688650995E-011 0.27601055315555E-018 0.30500675259022E-027 0.35702503469860E-032 -.19316879152093E-033 0.26615554936507E-008 0.66796504883851E-004 0.72674133130530E+000 0.45757366338537E-041 0.21798903167290E+004 0.41909794878858E-001 -.24257720880733E+003 0.52553827797940E-001 0.10132500000000E+006 0.15397006706390E-003 0.27541589683020E+002 0.10000000000000E+001 0.00000000000000E+000 0.10000000000000E+001 0.21798903167290E+004 0.12583077844495E+001
 286 0.14959800640821E+001 0.16446161870576E-003 0.12306664703272E-004 0.21709336929364E-003 0.14449486602136E-001 0.22031705374763E-002 0.11525987791170E+000 0.11968077780165E-005 0.93754681318143E-018 0.54511357549062E-019 0.47247755295162E-017 0.17862484953635E-017 0.57454688736277E-002 0.13513829217490E+000 0.48121003083189E-009 0.55165694645998E-011 0.26649898690591E-018 0.29626877507191E-027 0.34066865314115E-032 -.21430623145462E-034 0.26551763428226E-008 0.68070450822706E-004 0.72674057184695E+000 0.44081013172985E-041 0.21805438692080E+004 0.41909794878858E-001 -.24256424497118E+003 0.52553827797940E-001 0.10132500000000E+006 0.15393126058808E-003 0.27542903283114E+002 0.10000000000000E+001 0.00000000000000E+000 0.10000000000000E+001 0.21805438692080E+004 0.11918978456196E+001
 287 0.15311680426029E+001 0.16292385773710E-003 0.12113126175345E-004 0.21451708109962E-003 0.14413213187691E-001 0.21914919193314E-002 0.11528272825481E+000 0.11903004533285E-005 0.91633684041189E-018 0.53308833744951E-019 0.46453198447980E-017 0.17666905136207E-017 0.56950856406644E-002 0.13521756934202E+000 0.46941338212178E-009 0.54218407179161E-011 0.25767545230458E-018 0.28808944071935E-027 0.32564101262956E-032 0.11329809322323E-033 0.26490014174622E-008 0.69340332815293E-004 0.72673982383336E+000 0.42483256551983E-041 0.21811660063566E+004 0.41909794878858E-001 -.24255213668531E+003 0.52553827797940E-001 0.10132500000000E+006 0.15389434701203E-003 0.27544154800358E+002 0.10000000000000E+001 0.00000000000000E+000 0.10000000000000E+001 0.21811660063566E+004 0.11294304893084E+001
 288 0.15665053571932E+001 0.16145960390213E-003 0.11930160128650E-004 0.21207358791987E-003 0.14378634784910E-001 0.21803319225956E-002 0.11530448066977E+000 0.11841415350293E-005 0.89638146864395E-018 0.52176592014793E-019 0.45700671014752E-017 0.17480252168037E-017 0.56470361396078E-002 0.13529317302941E+000 0.45835907108211E-009 0.53323313758306E-011 0.24948025797570E-018 0.28042739539160E-027 0.31181206015533E-032 0.15343313239822E-033 0.26430329977517E-008 0.70606256817495E-004 0.72673908659668E+000 0.40843748555379E-041 0.21817583387350E+004 0.41909794878858E-001 -.24254081729201E+003 0.52553827797940E-001 0.10132500000000E+006 0.15385922687640E-003 0.27545347337780E+002 0.10000000000000E+001 0.00000000000000E+000 0.10000000000000E+001 0.21817583387350E+004 0.10706304066436E+001
 289 0.16019862498772E+001 0.16006511871650E-003 0.11757108862409E-004 0.20975524413851E-003 0.14345666152176E-001 0.21696671858580E-002 0.11532519181678E+000 0.11783099917210E-005 0.87759566973069E-018 0.51109948087620E-019 0.44987735747019E-017 0.17302124364755E-017 0.56012081823436E-002 0.13536527993852E+000 0.44799200637770E-009 0.52477157062512E-011 0.24185978229080E-018 0.27324477032723E-027 0.29906405653489E-032 0.12232755286645E-033 0.26372722983502E-008 0.71868330002334E-004 0.72673835952210E+000 0.39184330577718E-041 0.21823223841961E+004 0.41909794878858E-001 -.24253022648226E+003 0.52553827797940E-001 0.10132500000000E+006 0.15382580667513E-003 0.27546483829090E+002 0.10000000000000E+001 0.00000000000000E+000 0.10000000000000E+001 0.21823223841961E+004 0.10152452025742E+001
 290 0.16376051472809E+001 0.15873687264041E-003 0.11593362318622E-004 0.20755491217952E-003 0.14314226806456E-001 0.21594754271953E-002 0.11534491500765E+000 0.11727862401860E-005 0.85990098313138E-018 0.50104571839214E-019 0.44312110181219E-017 0.17132136319785E-017 0.55574953134239E-002 0.13543405772813E+000 0.43826190018943E-009 0.51676913506976E-011 0.23476577012144E-018 0.26650686218212E-027 0.28729543383173E-032 0.88629264304337E-034 0.26317195870663E-008 0.73126659235142E-004 0.72673764204938E+000 0.37605482847093E-041 0.21828595738173E+004 0.41909794878858E-001 -.24252030990521E+003 0.52553827797940E-001 0.10132500000000E+006 0.15379399846164E-003 0.27547567050193E+002 0.10000000000000E+001 0.00000000000000E+000 0.10000000000000E+001 0.21828595738173E+004 0.96304318930750E+000
 291 0.16733566368692E+001 0.15747152883418E-003 0.11438353768473E-004 0.20546591957621E-003 0.14284240735110E-001 0.21497353725696E-002 0.11536370039678E+000 0.11675520252118E-005 0.84322491242376E-018 0.49156455382421E-019 0.43671654436061E-017 0.16969918001595E-017 0.55157964165783E-002 0.13549966563274E+000 0.42912277145577E-009 0.50919772579256E-011 0.22815470957887E-018 0.26018182473815E-027 0.27641698442609E-032 0.94890395664350E-034 0.26263742711074E-008 0.74381350023708E-004 0.72673693368140E+000 0.36156127151239E-041 0.21833712576239E+004 0.41909794878858E-001 -.24251101913073E+003 0.52553827797940E-001 0.10132500000000E+006 0.15376371948255E-003 0.27548599632198E+002 0.10000000000000E+001 0.00000000000000E+000 0.10000000000000E+001 0.21833712576239E+004 0.91381139434899E+000
 292 0.17092354613304E+001 0.15626592393876E-003 0.11291555471386E-004 0.20348201460411E-003 0.14255636127452E-001 0.21404266605398E-002 0.11538159512173E+000 0.11625902985678E-005 0.82750032360972E-018 0.48261880883156E-019 0.43064357559594E-017 0.16815113144821E-017 0.54760152371135E-002 0.13556225520644E+000 0.42053248101071E-009 0.50203115873753E-011 0.22198727005634E-018 0.25424037234919E-027 0.26634994979600E-032 0.12679059003592E-033 0.26212349312539E-008 0.75632505882390E-004 0.72673623400974E+000 0.34804655921491E-041 0.21838587101163E+004 0.41909794878858E-001 -.24250231231712E+003 0.52553827797940E-001 0.10132500000000E+006 0.15373489184921E-003 0.27549584078001E+002 0.10000000000000E+001 0.00000000000000E+000 0.10000000000000E+001 0.21838587101163E+004 0.86735375091157E+000
 293 0.17452365176349E+001 0.15511704249924E-003 0.11152473952212E-004 0.20159731657238E-003 0.14228345156676E-001 0.21315297022798E-002 0.11539864333575E+000 0.11578850895011E-005 0.81266479935486E-018 0.47417385465547E-019 0.42488320513674E-017 0.16667376320000E-017 0.54380597405204E-002 0.13562197130929E+000 0.41245227658957E-009 0.49524494065864E-011 0.21622777982481E-018 0.24865547255230E-027 0.25702127854740E-032 0.14884513017444E-033 0.26162992621493E-008 0.76880227047720E-004 0.72673554277662E+000 0.33497083322689E-041 0.21843231353350E+004 0.41909794878858E-001 -.24249415639982E+003 0.52553827797940E-001 0.10132500000000E+006 0.15370744228762E-003 0.27550522786472E+002 0.10000000000000E+001 0.00000000000000E+000 0.10000000000000E+001 0.21843231353350E+004 0.82348945978744E+000
 294 0.17813548243991E+001 0.15402197729942E-003 0.11020644123160E-004 0.19980625207430E-003 0.14202303882368E-001 0.21230254482967E-002 0.11541488601129E+000 0.11534213499438E-005 0.79865985045752E-018 0.46619717478187E-019 0.41941731506987E-017 0.16526367294966E-017 0.54018411316216E-002 0.13567895358676E+000 0.40484630567862E-009 0.48881598032796E-011 0.21084370761054E-018 0.24340200672575E-027 0.24836528678965E-032 0.15286219993015E-033 0.26115638204389E-008 0.78124605422734E-004 0.72673486001810E+000 0.32215561253018E-041 0.21847656708364E+004 0.41909794878858E-001 -.24248653266998E+003 0.52553827797940E-001 0.10132500000000E+006 0.15368130205966E-003 0.27551418093032E+002 0.10000000000000E+001 0.00000000000000E+000 0.10000000000000E+001 0.21847656708364E+004 0.78205155283722E+000
 295 0.18175852550265E+001 0.15297786097814E-003 0.10895620849982E-004 0.19810346166084E-003 0.14177452458172E-001 0.21148949712829E-002 0.11543036025950E+000 0.11491847461886E-005 0.78542980471843E-018 0.45865773621379E-019 0.41422825617073E-017 0.16391740018414E-017 0.53672722248019E-002 0.13573333887407E+000 0.39768102600848E-009 0.48272217323477E-011 0.20580509262902E-018 0.23845632412538E-027 0.24032127582444E-032 0.14998687811014E-033 0.26070233770848E-008 0.79365705738508E-004 0.72673418636867E+000 0.30987089796541E-041 0.21851873886591E+004 0.41909794878858E-001 -.24247944979997E+003 0.52553827797940E-001 0.10132500000000E+006 0.15365640728321E-003 0.27552272343389E+002 0.10000000000000E+001 0.00000000000000E+000 0.10000000000000E+001 0.21851873886591E+004 0.74288583201043E+000
 296 0.18539213408053E+001 0.15198174037133E-003 0.10776965196389E-004 0.19648364522398E-003 0.14153735915891E-001 0.21071186828482E-002 0.11544509777844E+000 0.11451613371169E-005 0.77292002687165E-018 0.45152496716128E-019 0.40929813157964E-017 0.16263121129402E-017 0.53342645205143E-002 0.13578526549848E+000 0.39092437624944E-009 0.47694172492561E-011 0.20108382042043E-018 0.23379558062763E-027 0.23283432712336E-032 0.16589507095932E-033 0.26026694871019E-008 0.80603512131009E-004 0.72673352358121E+000 0.29839997341273E-041 0.21855892908757E+004 0.41909794878858E-001 -.24247297246587E+003 0.52553827797940E-001 0.10132500000000E+006 0.15363269999845E-003 0.27553088032520E+002 0.10000000000000E+001 0.00000000000000E+000 0.10000000000000E+001 0.21855892908757E+004 0.70585039039275E+000
 297 0.18903523120952E+001 0.15103031163964E-003 0.10664216657904E-004 0.19494123598024E-003 0.14131105077296E-001 0.20996746030632E-002 0.11545912250814E+000 0.11413368974194E-005 0.76107348899439E-018 0.44476677451604E-019 0.40460735056835E-017 0.16140065502855E-017 0.53027218017572E-002 0.13583488295232E+000 0.38454425535544E-009 0.47145179659564E-011 0.19665242454775E-018 0.22939651318800E-027 0.22585307777536E-032 0.19307335014595E-033 0.25984874564237E-008 0.81837832684677E-004 0.72673287513582E+000 0.28786930580194E-041 0.21859723107203E+004 0.41909794878858E-001 -.24246728033233E+003 0.52553827797940E-001 0.10132500000000E+006 0.15361012964661E-003 0.27553868087850E+002 0.10000000000000E+001 0.00000000000000E+000 0.10000000000000E+001 0.21859723107203E+004 0.67081486378019E+000
 298 0.19268596826969E+001 0.15011928227769E-003 0.10556825158989E-004 0.19346954966385E-003 0.14109513824781E-001 0.20925338954583E-002 0.11547245037123E+000 0.11376950622067E-005 0.74982302125426E-018 0.43834507228077E-019 0.40013137098834E-017 0.16021959606684E-017 0.52725237475266E-002 0.13588237706458E+000 0.37850494761914E-009 0.46622527296778E-011 0.19248147369372E-018 0.22523275374061E-027 0.21932457043022E-032 0.18753213998983E-033 0.25944499177012E-008 0.83068235162257E-004 0.72673224653147E+000 0.27875303194449E-041 0.21863373878266E+004 0.41909794878858E-001 -.24246277477674E+003 0.52553827797940E-001 0.10132500000000E+006 0.15358865116826E-003 0.27554616479884E+002 0.10000000000000E+001 0.00000000000000E+000 0.10000000000000E+001 0.21863373878266E+004 0.63765543068456E+000
 299 0.19634178486411E+001 0.14924188827641E-003 0.10453985805806E-004 0.19205857961141E-003 0.14088898132453E-001 0.20856496546037E-002 0.11548510472744E+000 0.11342122657226E-005 0.73907437235526E-018 0.43220607949760E-019 0.39583383347170E-017 0.15907834750513E-017 0.52434860649788E-002 0.13592803101679E+000 0.37275857239782E-009 0.46122324934271E-011 0.18853359763975E-018 0.22126916466058E-027 0.21318007204573E-032 0.18210880944006E-033 0.25905046611321E-008 0.84294201417788E-004 0.72673164456848E+000 0.27264422311884E-041 0.21866858679751E+004 0.41909794878858E-001 -.24246018751558E+003 0.52553827797940E-001 0.10132500000000E+006 0.15356820348312E-003 0.27555339400503E+002 0.10000000000000E+001 0.00000000000000E+000 0.10000000000000E+001 0.21866858679751E+004 0.60623525267141E+000
 300 0.20000000000000E+001 0.14838592645449E-003 0.10354268765619E-004 0.19068960084423E-003 0.14069075485078E-001 0.20789311222817E-002 0.11549720437999E+000 0.11308443489419E-005 0.72867400941658E-018 0.42626220568028E-019 0.39165462651505E-017 0.15796112441109E-017 0.52152675678320E-002 0.13597236767136E+000 0.36722556673417E-009 0.45637895021993E-011 0.18475046892806E-018 0.21745057037522E-027 0.20732615920986E-032 0.17688116275845E-033 0.25865612663911E-008 0.85515872177223E-004 0.72673107430252E+000 0.27264422311884E-041 0.21870212335015E+004 0.41909794878858E-001 -.24246018751558E+003 0.52553827797940E-001 0.10132500000000E+006 0.15354859698821E-003 0.27556046872071E+002 0.10000000000000E+001 0.00000000000000E+000 0.10000000000000E+001 0.21870212335015E+004 0.57638436901076E+000
