[CHEM1D_DATAFILE_VERSION]
 4

[NUMBER_OF_GRIDPOINTS]
         300
[MOLE_OR_MASS_FRACTIONS]
 MASS
[NUMBER_OF_SPECIES]
          23
[NUMBER_OF_VARIABLES]
          35

[TIME]
0.000000000000000E+00
[INLET]
Phi =  0.50, Tinlet =  300.00 K, Pinlet =  101325.00 Pa.
[COMMENT]
Adiabatic flame, Stationary solution, Mixture averaged diffusion, Detailed chemistry,  No radiation model.
 No heat exchanger model.
[USER_COMMENT]
-                                                      

[FILE_STRUCTURE_COLUMNS_CONTAINING]
 i x(i) H2               H                O                O2               OH               H2O              HO2              CH2              CH2(S)           CH3              CH4              CO               CO2              HCO              CH2O             CH3O             C2H4             C2H5             C2H6             N                NO               N2               AR               Temp             Massflow         Enthalpy         MixFrac          Press            Density          MeanMass         Surface          Stretch          Porosity         Tsolid           HeatRel         
   1 -.50000000000000E+000 0.00000000000000E+000 0.00000000000000E+000 0.00000000000000E+000 0.22631056132287E+000 0.00000000000000E+000 0.00000000000000E+000 0.00000000000000E+000 0.00000000000000E+000 0.00000000000000E+000 0.00000000000000E+000 0.28366051540587E-001 0.00000000000000E+000 0.00000000000000E+000 0.00000000000000E+000 0.00000000000000E+000 0.00000000000000E+000 0.00000000000000E+000 0.00000000000000E+000 0.00000000000000E+000 0.00000000000000E+000 0.00000000000000E+000 0.74532338713654E+000 0.00000000000000E+000 0.30000000000000E+003 0.50231375156131E-002 -.12993059509134E+003 0.28366051540587E-001 0.10132500000000E+006 0.11460056082616E-002 0.28211492351544E+002 0.10000000000000E+001 0.00000000000000E+000 0.10000000000000E+001 0.30000000000000E+003 -.32467152842119E-032
   2 -.44621247954381E+000 0.27642924009165E-006 0.89415773286076E-027 0.97100551996466E-021 0.22631150591497E+000 0.12884124413005E-018 0.14031066079288E-005 0.50761453084992E-009 0.16155036181082E-031 0.83410857067675E-033 0.23703954011051E-014 0.28364430236949E-001 0.54581987013605E-007 0.11451565519752E-007 0.32111828114814E-027 0.19682921263536E-009 0.20371716356428E-018 0.10110977813599E-009 0.46290508718990E-026 0.31977207249369E-010 -.30252206676081E-023 0.38534655004635E-013 0.74532231744111E+000 0.11261935113228E-029 0.30001291191818E+003 0.50231375156131E-002 -.12992871489616E+003 0.28366051540587E-001 0.10132500000000E+006 0.11459528107176E-002 0.28211406780855E+002 0.10000000000000E+001 0.00000000000000E+000 0.10000000000000E+001 0.30001291191818E+003 0.23309601850320E-013
   3 -.39350927998708E+000 0.64112330427183E-006 0.26354301914037E-025 0.29835748491826E-020 0.22631382877721E+000 0.15782140041664E-017 0.50786395878055E-005 0.20159399924256E-008 0.73749489392072E-030 0.38087877289066E-031 0.88369205846284E-014 0.28360447228769E-001 0.21709782813327E-006 0.59428517232067E-007 0.20498194396319E-025 0.10300995620629E-008 0.29742983317939E-017 0.51343999030191E-009 0.29176974844128E-024 0.17924565191070E-009 -.95297060736470E-023 0.15429563981769E-012 0.74531972396589E+000 0.77079459689679E-030 0.30004905555843E+003 0.50231375156131E-002 -.12992284080922E+003 0.28366051540587E-001 0.10132500000000E+006 0.11458107731115E-002 0.28211308365781E+002 0.10000000000000E+001 0.00000000000000E+000 0.10000000000000E+001 0.30004905555843E+003 0.29224186086025E-012
   4 -.34344574640137E+000 0.11027043212514E-005 0.44031008297580E-024 0.70192523335756E-020 0.22631859071197E+000 0.13172651638001E-016 0.14082183084901E-004 0.61868036666397E-008 0.17620378277566E-028 0.91039133936517E-030 0.25309767627179E-013 0.28351313967226E-001 0.66737785425836E-006 0.24394504906407E-006 0.70778549940019E-024 0.42669926010978E-008 0.26055821788111E-016 0.20587385834368E-008 0.10581364740789E-022 0.79945511134858E-009 -.21792784353471E-022 0.47778629466058E-012 0.74531398579801E+000 -.32477401991621E-029 0.30014297764394E+003 0.50231375156131E-002 -.12990654179854E+003 0.28366051540587E-001 0.10132500000000E+006 0.11454482139278E-002 0.28211209678922E+002 0.10000000000000E+001 0.00000000000000E+000 0.10000000000000E+001 0.30014297764394E+003 0.24641866724430E-011
   5 -.29767229975760E+000 0.16542543940236E-005 0.54494455554952E-023 0.14664908249716E-019 0.22632650699249E+000 0.85381090949737E-016 0.33963704187404E-004 0.16496031802518E-007 0.28419498371039E-027 0.14697233370739E-028 0.63054079123738E-013 0.28332483540906E-001 0.17824157433271E-005 0.86340912541455E-006 0.16369974535406E-022 0.15234860308543E-007 0.17268070252217E-015 0.71237932383072E-008 0.25887314695000E-021 0.30645258017385E-008 -.40725521275729E-022 0.12852346507991E-011 0.74530270376259E+000 -.10137033481172E-028 0.30036153454307E+003 0.50231375156131E-002 -.12986749941139E+003 0.28366051540587E-001 0.10132500000000E+006 0.11446114098103E-002 0.28211127772525E+002 0.10000000000000E+001 0.00000000000000E+000 0.10000000000000E+001 0.30036153454307E+003 0.16164405811153E-010
   6 -.25766491449771E+000 0.22670052615539E-005 0.50342639506737E-022 0.28265206476783E-019 0.22633647651424E+000 0.42553741126805E-015 0.72161321715091E-004 0.38404763651092E-007 0.30958901952324E-026 0.16040065215298E-027 0.13813466650511E-012 0.28298724107833E-001 0.41560981780610E-005 0.25933057311154E-005 0.24683031989113E-021 0.46115075320561E-007 0.87808717986426E-015 0.20969879240618E-007 0.41058807816600E-020 0.98831282788263E-008 -.64196541570263E-022 0.30163185134674E-011 0.74528350627103E+000 -.58331311097667E-028 0.30080100153081E+003 0.50231375156131E-002 -.12978905418642E+003 0.28366051540587E-001 0.10132500000000E+006 0.11429368021457E-002 0.28211069943819E+002 0.10000000000000E+001 0.00000000000000E+000 0.10000000000000E+001 0.30080100153081E+003 0.82196140059456E-010
   7 -.22414807606233E+000 0.28979510113437E-005 0.33471282260618E-021 0.51271201040597E-019 0.22634465227965E+000 0.16055475134154E-014 0.13492550349562E-003 0.77666115702343E-007 0.22393392363524E-025 0.11638336559289E-026 0.26583840736869E-012 0.28246827878675E-001 0.84164045638765E-005 0.65105507338707E-005 0.23516558397917E-020 0.11652716103462E-006 0.34024308220797E-014 0.51757682174368E-007 0.40750740189658E-019 0.26351023937808E-007 -.88317515683554E-022 0.61420956911683E-011 0.74525549712348E+000 -.13785926339243E-027 0.30155150523845E+003 0.50231375156131E-002 -.12965814347547E+003 0.28366051540587E-001 0.10132500000000E+006 0.11400901924485E-002 0.28211018975354E+002 0.10000000000000E+001 0.00000000000000E+000 0.10000000000000E+001 0.30155150523845E+003 0.32039029894315E-009
   8 -.19682914004884E+000 0.35085985007802E-005 0.15986966685549E-020 0.88901802480830E-019 0.22634577072040E+000 0.46647377349820E-014 0.22411479344766E-003 0.13764182489307E-006 0.11064352605359E-024 0.57763510778243E-026 0.45459439673057E-012 0.28177475005444E-001 0.14933484089704E-004 0.13776153456392E-004 0.14520503334668E-019 0.24786216334016E-006 0.10249471276586E-013 0.10800935878346E-006 0.25935495934074E-018 0.58578838733436E-007 -.11022677526062E-021 0.10947515301581E-010 0.74521986914106E+000 -.29502581549665E-027 0.30265274702019E+003 0.50231375156131E-002 -.12947318128115E+003 0.28366051540587E-001 0.10132500000000E+006 0.11359385913247E-002 0.28210938679687E+002 0.10000000000000E+001 0.00000000000000E+000 0.10000000000000E+001 0.30265274702019E+003 0.97517800118659E-009
   9 -.17472952690277E+000 0.40773135316748E-005 0.57218066467962E-020 0.14885864619610E-018 0.22633556704608E+000 0.10911655626861E-013 0.33722083140231E-003 0.21835099893819E-006 0.39945320003844E-024 0.20975256126793E-025 0.70661699164608E-012 0.28094221604581E-001 0.23714504948500E-004 0.25228269522105E-004 0.62395884193059E-019 0.45579563120149E-006 0.25084870640703E-013 0.19559930063683E-006 0.11377191253533E-017 0.11166065740031E-006 -.12903737741560E-021 0.17448333689104E-010 0.74517898900516E+000 -.55514903013095E-027 0.30408678565131E+003 0.50231375156131E-002 -.12924315866086E+003 0.28366051540587E-001 0.10132500000000E+006 0.11305758664739E-002 0.28210794755856E+002 0.10000000000000E+001 0.00000000000000E+000 0.10000000000000E+001 0.30408678565131E+003 0.24187580397973E-008
  10 -.15670176390900E+000 0.45982086396058E-005 0.16305781618349E-019 0.24203773479684E-018 0.22631184960298E+000 0.21641533929448E-013 0.46982364153492E-003 0.31769486135546E-006 0.11381163665449E-023 0.60172381490908E-025 0.10236415013428E-011 0.28001216670409E-001 0.34535390978698E-004 0.41257678658908E-004 0.20281712079771E-018 0.74784844288391E-006 0.52416155183502E-013 0.31699777712299E-006 0.37459319258753E-017 0.18868383017449E-006 -.14509792279211E-021 0.25485214326189E-010 0.74513514755530E+000 -.78804034649781E-027 0.30580541214213E+003 0.50231375156131E-002 -.12898081873316E+003 0.28366051540587E-001 0.10132500000000E+006 0.11242129693459E-002 0.28210567395592E+002 0.10000000000000E+001 0.00000000000000E+000 0.10000000000000E+001 0.30580541214213E+003 0.51298894803808E-008
  11 -.14172739394398E+000 0.50747702826876E-005 0.39213574820634E-019 0.38370648194234E-018 0.22627402161340E+000 0.38091701381781E-013 0.61786042884834E-003 0.43318035797817E-006 0.27375940634076E-023 0.14584920254713E-024 0.14121006367433E-011 0.27901690188592E-001 0.47128008920220E-004 0.61964935707673E-004 0.53693255643555E-018 0.11261517233146E-005 0.97651305711984E-013 0.47257432243540E-006 0.99853754765206E-017 0.29119700022752E-006 -.15915928632661E-021 0.34862466242617E-010 0.74508993691444E+000 -.12012266555632E-026 0.30775996778063E+003 0.50231375156131E-002 -.12869710774123E+003 0.28366051540587E-001 0.10132500000000E+006 0.11170606202429E-002 0.28210249838858E+002 0.10000000000000E+001 0.00000000000000E+000 0.10000000000000E+001 0.30775996778063E+003 0.97033990448191E-008
  12 -.12902630038316E+000 0.55136503352618E-005 0.83320258732517E-019 0.59521767998481E-018 0.22622225989546E+000 0.61591060085276E-013 0.77833375721172E-003 0.56272740284724E-006 0.58489771049104E-023 0.31420741231673E-024 0.18849985440113E-011 0.27797755949208E-001 0.61268348837685E-004 0.87332014396631E-004 0.12247662141287E-017 0.15905703029445E-005 0.16759460668529E-012 0.66190719433760E-006 0.22831903780960E-016 0.41997496048408E-006 -.17194607545394E-021 0.45414885368188E-010 0.74504430115717E+000 -.16590396602448E-026 0.30991272537113E+003 0.50231375156131E-002 -.12839977419185E+003 0.28366051540587E-001 0.10132500000000E+006 0.11092851269575E-002 0.28209842539613E+002 0.10000000000000E+001 0.00000000000000E+000 0.10000000000000E+001 0.30991272537113E+003 0.16900523951087E-007
  13 -.11804454394273E+000 0.59212584899010E-005 0.16164181990372E-018 0.90608199704611E-018 0.22615705397946E+000 0.93718212340371E-013 0.94906000426632E-003 0.70468232509788E-006 0.11498042640003E-022 0.62313026322306E-024 0.24617463669904E-011 0.27690793471058E-001 0.76778312813875E-004 0.11728932662324E-003 0.25044683506542E-017 0.21399491767011E-005 0.27108063323066E-012 0.88426698598995E-006 0.46640820930014E-016 0.57537199408827E-006 -.18403266415757E-021 0.57010187742080E-010 0.74499879931697E+000 -.21425942965084E-026 0.31223517305137E+003 0.50231375156131E-002 -.12809417388739E+003 0.28366051540586E-001 0.10132500000000E+006 0.11010148640020E-002 0.28209349348416E+002 0.10000000000000E+001 0.00000000000000E+000 0.10000000000000E+001 0.31223517305137E+003 0.27715346193780E-007
  14 -.10838958816844E+000 0.63030468184542E-005 0.29300625178211E-018 0.13568053528705E-017 0.22607897783263E+000 0.13644467083274E-012 0.11284596917362E-002 0.85776651586341E-006 0.21302325149980E-022 0.11651222466287E-023 0.31683054668764E-011 0.27581698769338E-001 0.93520336855110E-004 0.15175407891296E-003 0.47195524239247E-017 0.27728367290985E-005 0.41973833110863E-012 0.11388830705237E-005 0.87569375755833E-016 0.75754993250497E-006 -.19585639064593E-021 0.69545637533559E-010 0.74495375913420E+000 -.31337448980046E-026 0.31470608396958E+003 0.50231375156131E-002 -.12778396098337E+003 0.28366051540586E-001 0.10132500000000E+006 0.10923480322669E-002 0.28208775354261E+002 0.10000000000000E+001 0.00000000000000E+000 0.10000000000000E+001 0.31470608396958E+003 0.43458373546964E-007
  15 -.99779538174302E-001 0.66634570554317E-005 0.50440027508045E-018 0.20026379572330E-017 0.22598859191914E+000 0.19225462693708E-012 0.13153779526903E-002 0.10209936703171E-005 0.37806151585959E-022 0.20875280340567E-023 0.40376849318097E-011 0.27471058647309E-001 0.11138850842157E-003 0.19064654627267E-003 0.83563224072919E-017 0.34877994179459E-005 0.62886625506855E-012 0.14250486349373E-005 0.15414619982290E-015 0.96659351691069E-006 -.20775139794368E-021 0.82941775069371E-010 0.74490937244607E+000 -.39280063847227E-026 0.31730956492991E+003 0.50231375156131E-002 -.12747163667395E+003 0.28366051540586E-001 0.10132500000000E+006 0.10833605238064E-002 0.28208125861651E+002 0.10000000000000E+001 0.00000000000000E+000 0.10000000000000E+001 0.31730956492991E+003 0.65855835614463E-007
  16 -.92008650726759E-001 0.70060373890715E-005 0.83413831464993E-018 0.29184343006452E-017 0.22588641455474E+000 0.26424868135839E-012 0.15089411218208E-002 0.11935839537690E-005 0.64985777654018E-022 0.36234413249337E-023 0.51107680315388E-011 0.27359270053289E-001 0.13029928548239E-003 0.23389281063264E-003 0.14093077046122E-016 0.42834834069794E-005 0.91842411618533E-012 0.17421298019684E-005 0.25800024521680E-015 0.12025484581117E-005 -.21997787378426E-021 0.97135673226300E-010 0.74486575428760E+000 -.48555408012450E-026 0.32003334790569E+003 0.50231375156131E-002 -.12715895104929E+003 0.28366051540586E-001 0.10132500000000E+006 0.10741127014815E-002 0.28207406005365E+002 0.10000000000000E+001 0.00000000000000E+000 0.10000000000000E+001 0.32003334790569E+003 0.97165215717099E-007
  17 -.84923747292729E-001 0.73336193638785E-005 0.13360800045479E-017 0.42049853848363E-017 0.22577291589081E+000 0.35624848448191E-012 0.17084674484247E-002 0.13749058769751E-005 0.10900361278428E-021 0.61384911829842E-023 0.64375288554287E-011 0.27246609307750E-001 0.15018520238373E-003 0.28142500035753E-003 0.22863347981413E-016 0.51586266590052E-005 0.13141858388338E-011 0.20895598979197E-005 0.41476983644551E-015 0.14654393457828E-005 -.23274421966598E-021 0.11207633209061E-009 0.74482297487895E+000 -.58251440676811E-026 0.32286768988796E+003 0.50231375156131E-002 -.12684715236360E+003 0.28366051540586E-001 0.10132500000000E+006 0.10646537988293E-002 0.28206620606787E+002 0.10000000000000E+001 0.00000000000000E+000 0.10000000000000E+001 0.32286768988796E+003 0.14031213676424E-006
  18 -.78408440494917E-001 0.76484791707045E-005 0.20851894221021E-017 0.59972509669269E-017 0.22564851930320E+000 0.47291125106700E-012 0.19134118336836E-002 0.15644383190404E-005 0.17932484694333E-021 0.10201045498494E-022 0.80786154443975E-011 0.27133272621661E-001 0.17099075519298E-003 0.33318109601410E-003 0.35935963197808E-016 0.61120607015379E-005 0.18490889425652E-011 0.24668328370217E-005 0.64521796758414E-015 0.17552804932227E-005 -.24622261566910E-021 0.12772165607157E-009 0.74478107716060E+000 -.66651820435848E-026 0.32580467652606E+003 0.50231375156131E-002 -.12653714247084E+003 0.28366051540586E-001 0.10132500000000E+006 0.10550247484561E-002 0.28205774129881E+002 0.10000000000000E+001 0.00000000000000E+000 0.10000000000000E+001 0.32580467652606E+003 0.19905326666045E-006
  19 -.72372601420491E-001 0.79524648094391E-005 0.31848047852164E-017 0.84750233081166E-017 0.22551360549252E+000 0.61985889720920E-012 0.21233296623534E-002 0.17617444306357E-005 0.29035645637347E-021 0.16686629262061E-022 0.10107285703503E-010 0.27019401175933E-001 0.19266957277580E-003 0.38910450586089E-003 0.55015281544098E-016 0.71427066194593E-005 0.25648086530000E-011 0.28734963006878E-005 0.97658518352619E-015 0.20720823555301E-005 -.26055963910412E-021 0.14403636795367E-009 0.74474008693871E+000 -.72961009111938E-026 0.32883775713934E+003 0.50231375156131E-002 -.12622957817128E+003 0.28366051540586E-001 0.10132500000000E+006 0.10452601001774E-002 0.28204870683157E+002 0.10000000000000E+001 0.00000000000000E+000 0.10000000000000E+001 0.32883775713934E+003 0.27816978726245E-006
  20 -.66745233087996E-001 0.82470919110668E-005 0.47760759906921E-017 0.11876691899148E-016 0.22536851754063E+000 0.80382452542810E-012 0.23378518018839E-002 0.19664527291234E-005 0.46383208198226E-021 0.26931860833445E-022 0.12611702066247E-010 0.26905097491862E-001 0.21518236603462E-003 0.44914345350095E-003 0.82365529178114E-016 0.82495665477102E-005 0.35135812828013E-011 0.33091445414845E-005 0.14442164472352E-014 0.24158546850770E-005 -.27588337596234E-021 0.16099049135405E-009 0.74470001905775E+000 -.82488395729674E-026 0.33196141706424E+003 0.50231375156131E-002 -.12592494000003E+003 0.28366051540586E-001 0.10132500000000E+006 0.10353893890340E-002 0.28203914043143E+002 0.10000000000000E+001 0.00000000000000E+000 0.10000000000000E+001 0.33196141706424E+003 0.38369608981376E-006
  21 -.61469550834597E-001 0.85336155385031E-005 0.70501334472298E-017 0.16516956767276E-016 0.22521356598047E+000 0.10328181379544E-011 0.25566668169782E-002 0.21782430755346E-005 0.73225232654956E-021 0.42959403271325E-022 0.15697607829854E-010 0.26790436445132E-001 0.23849540562082E-003 0.51325030195395E-003 0.12096381026571E-015 0.94317132664025E-005 0.47602991533826E-011 0.37734114177473E-005 0.20935037279298E-014 0.27866077159342E-005 -.29230814757202E-021 0.17855822075688E-009 0.74466088125878E+000 -.93297737533672E-026 0.33517094054100E+003 0.50231375156131E-002 -.12562358000544E+003 0.28366051540586E-001 0.10132500000000E+006 0.10254381366890E-002 0.28202907685846E+002 0.10000000000000E+001 0.00000000000000E+000 0.10000000000000E+001 0.33517094054100E+003 0.52318866076153E-006
  22 -.56499517661678E-001 0.88130841839952E-005 0.10263674895840E-016 0.22809556783584E-016 0.22504903351659E+000 0.13163128406850E-011 0.27795079818178E-002 0.23968360356643E-005 0.11438052503029E-020 0.67803846175259E-022 0.19491416584728E-010 0.26675472880764E-001 0.26257936608330E-003 0.58138086923763E-003 0.17468701013397E-015 0.10688279122866E-004 0.63848958394897E-011 0.42659638597963E-005 0.29821907531045E-014 0.31843521032560E-005 -.30993757792838E-021 0.19671706118816E-009 0.74462267664629E+000 -.10595585280219E-025 0.33846223484583E+003 0.50231375156131E-002 -.12532575561442E+003 0.28366051540586E-001 0.10132500000000E+006 0.10154286018315E-002 0.28201854819855E+002 0.10000000000000E+001 0.00000000000000E+000 0.10000000000000E+001 0.33846223484583E+003 0.70604031583522E-006
  23 -.51797354817596E-001 0.90863808470799E-005 0.14758803506001E-016 0.31296356766388E-016 0.22487517918383E+000 0.16654526600122E-011 0.30061436989801E-002 0.26219847670449E-005 0.17693452451587E-020 0.10597979831773E-021 0.24143754790543E-010 0.26560246943106E-001 0.28740844380730E-003 0.65349380112456E-003 0.24853851953105E-015 0.12018445634212E-004 0.84850377944639E-011 0.47864961067631E-005 0.41830915237248E-014 0.36090982924775E-005 -.32886644742312E-021 0.21544717017668E-009 0.74458540527376E+000 -.11642401108059E-025 0.34183169882167E+003 0.50231375156131E-002 -.12503165389379E+003 0.28366051540586E-001 0.10132500000000E+006 0.10053803485436E-002 0.28200758417517E+002 0.10000000000000E+001 0.00000000000000E+000 0.10000000000000E+001 0.34183169882167E+003 0.94384525604975E-006
  24 -.47331719338137E-001 0.93542547124073E-005 0.20988123891117E-016 0.42684485626530E-016 0.22469224184808E+000 0.20932831142561E-011 0.32363704252765E-002 0.28534688617344E-005 0.27122110303274E-020 0.16414868582891E-021 0.29833504698624E-010 0.26444787817931E-001 0.31295968728840E-003 0.72955004893922E-003 0.34892148790873E-015 0.13421434752575E-004 0.11179135761632E-010 0.53347249621874E-005 0.57872798356849E-014 0.40608558241210E-005 -.34918170631496E-021 0.23473085721491E-009 0.74454906515553E+000 -.12324799746925E-025 0.34527612479781E+003 0.50231375156131E-002 -.12474140903185E+003 0.28366051540586E-001 0.10132500000000E+006 0.99531067903436E-003 0.28199621242466E+002 0.10000000000000E+001 0.00000000000000E+000 0.10000000000000E+001 0.34527612479781E+003 0.12508207870692E-005
  25 -.43076350200157E-001 0.96173457126633E-005 0.29546300298753E-016 0.57893643263772E-016 0.22450044318192E+000 0.26150053788612E-011 0.34700072960998E-002 0.30910895439272E-005 0.41219278534092E-020 0.25206088792938E-021 0.36772395847434E-010 0.26329116439049E-001 0.33921247446743E-003 0.80951241692047E-003 0.48396606585780E-015 0.14896501208017E-004 0.14609684081501E-010 0.59103857424715E-005 0.79078116655046E-014 0.45396325360551E-005 -.37096280532032E-021 0.25455219246376E-009 0.74451365292824E+000 -.13197686801053E-025 0.34879262335467E+003 0.50231375156131E-002 -.12445511519322E+003 0.28366051540586E-001 0.10132500000000E+006 0.98523497198541E-003 0.28198445873804E+002 0.10000000000000E+001 0.00000000000000E+000 0.10000000000000E+001 0.34879262335467E+003 0.16442916504478E-005
  26 -.39009048559788E-001 0.98762037029930E-005 0.41209510194741E-016 0.78116224949257E-016 0.22429999023414E+000 0.32482547522929E-011 0.37068919230420E-002 0.33346658188729E-005 0.62131816069518E-020 0.38387629706209E-021 0.45210195709772E-010 0.26213247504904E-001 0.36614809326204E-003 0.89334515144177E-003 0.66391889008855E-015 0.16442925466646E-004 0.18946930708583E-010 0.65132286706111E-005 0.10684047135551E-013 0.50454336160920E-005 -.39428148381596E-021 0.27489669220511E-009 0.74447916429363E+000 -.14758016410403E-025 0.35237856398171E+003 0.50231375156131E-002 -.12417283614441E+003 0.28366051540586E-001 0.10132500000000E+006 0.97516695363318E-003 0.28197234727387E+002 0.10000000000000E+001 0.00000000000000E+000 0.10000000000000E+001 0.35237856398171E+003 0.21452430453449E-005
  27 -.35110897407762E-001 0.10131303681089E-004 0.56984498365826E-016 0.10489358602974E-015 0.22409107756913E+000 0.40134044284725E-011 0.39468771553289E-002 0.35840314425138E-005 0.92918947192081E-020 0.58000095855543E-021 0.55440557507765E-010 0.26097190959353E-001 0.39374941136713E-003 0.98101360243052E-003 0.90160401808109E-015 0.18060007898755E-004 0.24392877965139E-010 0.71430158991012E-005 0.14286645710497E-013 0.55782607739525E-005 -.41920112556224E-021 0.29575107092305E-009 0.74444559430308E+000 -.15911532055333E-025 0.35603152907611E+003 0.50231375156131E-002 -.12389461241840E+003 0.28366051540586E-001 0.10132500000000E+006 0.96511891400032E-003 0.28195990073957E+002 0.10000000000000E+001 0.00000000000000E+000 0.10000000000000E+001 0.35603152907611E+003 0.27789488556686E-005
  28 -.31365656055068E-001 0.10383058048420E-004 0.78169251490948E-016 0.14021260880738E-015 0.22387388897912E+000 0.49338957294897E-011 0.41898286291609E-002 0.38390325933803E-005 0.13790799497679E-019 0.86962223551935E-021 0.67807588366774E-010 0.25980953057475E-001 0.42200062266663E-003 0.10724839745392E-002 0.12129655462254E-014 0.19747064506177E-004 0.31185610686397E-010 0.77995192613133E-005 0.18923315733896E-013 0.61381117144749E-005 -.44577575577270E-021 0.31710305073509E-009 0.74441293752986E+000 -.17199825696692E-025 0.35974927907701E+003 0.50231375156131E-002 -.12362046660944E+003 0.28366051540586E-001 0.10132500000000E+006 0.95510187887678E-003 0.28194714054151E+002 0.10000000000000E+001 0.00000000000000E+000 0.10000000000000E+001 0.35974927907701E+003 0.35756819859801E-005
  29 -.27759287440651E-001 0.10631826408698E-004 0.10642765325485E-015 0.18662774046121E-015 0.22364859898354E+000 0.60365951592515E-011 0.44356227481197E-002 0.40995259175679E-005 0.20317618275507E-019 0.12941822043492E-020 0.82713193361616E-010 0.25864537209898E-001 0.45088703415074E-003 0.11677230940833E-002 0.16177029170689E-014 0.21503422862616E-004 0.39603937961308E-010 0.84825182004160E-005 0.24845402614790E-013 0.67249795191197E-005 -.47404869589093E-021 0.33894120107727E-009 0.74438118818998E+000 -.18530283481812E-025 0.36352972360802E+003 0.50231375156131E-002 -.12335040748043E+003 0.28366051540586E-001 0.10132500000000E+006 0.94512575492878E-003 0.28193408691735E+002 0.10000000000000E+001 0.00000000000000E+000 0.10000000000000E+001 0.36352972360802E+003 0.45715132666316E-005
  30 -.24279586284999E-001 0.10877923377632E-004 0.14388086683900E-015 0.24741492340713E-015 0.22341537424193E+000 0.73521782971725E-011 0.46841449036777E-002 0.43653767654077E-005 0.29719856066448E-019 0.19121017881644E-020 0.10062524875884E-009 0.25747944705288E-001 0.48039487339447E-003 0.12666981504431E-002 0.21400107370711E-014 0.23328417519547E-004 0.49972326005664E-010 0.91917975672046E-005 0.32355403889046E-013 0.73388517113044E-005 -.50405093709765E-021 0.36125479366953E-009 0.74435034023909E+000 -.19894318658336E-025 0.36737089584158E+003 0.50231375156131E-002 -.12308443326378E+003 0.28366051540586E-001 0.10132500000000E+006 0.93519945713425E-003 0.28192075905784E+002 0.10000000000000E+001 0.00000000000000E+000 0.10000000000000E+001 0.36737089584158E+003 0.58092050953906E-005
  31 -.20915879146491E-001 0.11121625172314E-004 0.19321869761693E-015 0.32676550656123E-015 0.22317437458623E+000 0.89155426240117E-011 0.49352882127771E-002 0.46364579311034E-005 0.43171349468041E-019 0.28051613579207E-020 0.12208668788607E-009 0.25631175186917E-001 0.51051115127766E-003 0.13693765466918E-002 0.28094367620105E-014 0.25221387373898E-004 0.62666110386210E-010 0.99271462430140E-005 0.41815517380018E-013 0.79797098643546E-005 -.53579930457687E-021 0.38403369905959E-009 0.74432038741177E+000 -.21144367004808E-025 0.37127093447467E+003 0.50231375156131E-002 -.12282253398619E+003 0.28366051540586E-001 0.10132500000000E+006 0.92533100864878E-003 0.28190717520168E+002 0.10000000000000E+001 0.00000000000000E+000 0.10000000000000E+001 0.37127093447467E+003 0.73392079562493E-005
  32 -.17659047148081E-001 0.11363155215575E-004 0.25782864926069E-015 0.43002066264188E-015 0.22292577469129E+000 0.10766085467166E-010 0.51889314786355E-002 0.49126256425038E-005 0.62285264064328E-019 0.40869349976446E-020 0.14772327718364E-009 0.25514236671477E-001 0.54122099333793E-003 0.14757168630693E-002 0.36617938898503E-014 0.27181509191810E-004 0.78115570423227E-010 0.10688292198955E-004 0.53656251911560E-013 0.86474731393794E-005 -.56929161165874E-021 0.40726636783129E-009 0.74429132560288E+000 -.22353766403439E-025 0.37522774060740E+003 0.50231375156131E-002 -.12256471435639E+003 0.28366051540586E-001 0.10132500000000E+006 0.91552843144906E-003 0.28189335386597E+002 0.10000000000000E+001 0.00000000000000E+000 0.10000000000000E+001 0.37522774060740E+003 0.92205965223576E-005
  33 -.14502134113055E-001 0.11602624723471E-004 0.34192439150743E-015 0.56392323982983E-015 0.22266983824067E+000 0.12947394679395E-010 0.54448676568845E-002 0.51936398163768E-005 0.89253191222658E-019 0.59133499547177E-020 0.17824361651622E-009 0.25397177676257E-001 0.57249875027278E-003 0.15856369803120E-002 0.47398703441870E-014 0.29207210419808E-004 0.96804658900900E-010 0.11474674388875E-004 0.68381680095230E-013 0.93417950960708E-005 -.60449405046092E-021 0.43093310218246E-009 0.74426316003216E+000 -.23682834220072E-025 0.37923784873538E+003 0.50231375156131E-002 -.12231106176469E+003 0.28366051540586E-001 0.10132500000000E+006 0.90580241613628E-003 0.28187931783950E+002 0.10000000000000E+001 0.00000000000000E+000 0.10000000000000E+001 0.37923784873538E+003 0.11521421929000E-004
  34 -.11439115027354E-001 0.11840111504889E-004 0.45072554067747E-015 0.73697525764665E-015 0.22240684985714E+000 0.15507825492080E-010 0.57028782737636E-002 0.54792428076621E-005 0.12703188534780E-018 0.84969359876490E-020 0.21445166399298E-009 0.25280052012044E-001 0.60431672486524E-003 0.16990428498762E-002 0.60946041137094E-014 0.31296700080067E-004 0.11927658220689E-009 0.12285648760310E-004 0.86580606956347E-013 0.10062240082944E-004 -.64134762724889E-021 0.45501265450282E-009 0.74423589553473E+000 -.25074619376746E-025 0.38329757190550E+003 0.50231375156131E-002 -.12206166472529E+003 0.28366051540586E-001 0.10132500000000E+006 0.89616331078124E-003 0.28186509020725E+002 0.10000000000000E+001 0.00000000000000E+000 0.10000000000000E+001 0.38329757190550E+003 0.14319961001403E-004
  35 -.84634865775057E-002 0.12075765539708E-004 0.59072011343930E-015 0.95995857423590E-015 0.22213699719673E+000 0.18502059302005E-010 0.59628468065230E-002 0.57692859582326E-005 0.17960299423643E-018 0.12126695566499E-019 0.25727404639277E-009 0.25162867763410E-001 0.63665928058229E-003 0.18158795743757E-002 0.77869946612522E-014 0.33448909951745E-004 0.14614839386000E-009 0.13120853076926E-004 0.10894661713679E-012 0.10808609026099E-004 -.67978316106429E-021 0.47949290738769E-009 0.74420952505329E+000 -.26405101796238E-025 0.38740479487085E+003 0.50231375156131E-002 -.12181650642579E+003 0.28366051540586E-001 0.10132500000000E+006 0.88661698122325E-003 0.28185068804548E+002 0.10000000000000E+001 0.00000000000000E+000 0.10000000000000E+001 0.38740479487085E+003 0.17707207316930E-004
  36 -.55688290911074E-002 0.12309767475719E-004 0.76994274785950E-015 0.12465277002036E-014 0.22186040640539E+000 0.21991688882447E-010 0.62247165227169E-002 0.60636864232357E-005 0.25229981680341E-018 0.17193448703424E-019 0.30777495558140E-009 0.25045607686649E-001 0.66951807681341E-003 0.19361169261496E-002 0.98898079163171E-014 0.35663227078097E-004 0.17811765584226E-009 0.13980102630029E-004 0.13629393453630E-012 0.11580853555532E-004 -.71971573406965E-021 0.50436727392269E-009 0.74418403573272E+000 -.27830490502694E-025 0.39155833745669E+003 0.50231375156131E-002 -.12157551510906E+003 0.28366051540586E-001 0.10132500000000E+006 0.87716666733261E-003 0.28183612464640E+002 0.10000000000000E+001 0.00000000000000E+000 0.10000000000000E+001 0.39155833745669E+003 0.21788539925311E-004
  37 -.27511337125983E-002 0.12542134393667E-004 0.99812076923783E-015 0.16136539366116E-014 0.22157737640759E+000 0.26042666294015E-010 0.64882694234378E-002 0.63621782839981E-005 0.35214434393740E-018 0.24216861444714E-019 0.36712573063895E-009 0.24928327995891E-001 0.70286428552480E-003 0.20596475401037E-002 0.12487414026580E-013 0.37937618908062E-004 0.21593928471829E-009 0.14862662514116E-004 0.16954858531874E-012 0.12378421458038E-004 -.76100953988366E-021 0.52961366512526E-009 0.74415943019299E+000 -.29278191486721E-025 0.39575444638588E+003 0.50231375156131E-002 -.12133876672182E+003 0.28366051540586E-001 0.10132500000000E+006 0.86782096163600E-003 0.28182142183806E+002 0.10000000000000E+001 0.00000000000000E+000 0.10000000000000E+001 0.39575444638588E+003 0.26681651527635E-004
  38 0.00000000000000E+000 0.12773447678230E-004 0.12878479574077E-014 0.20837985811575E-014 0.22128748280073E+000 0.30739469163651E-010 0.67539540134674E-002 0.66652534354008E-005 0.48873758208955E-018 0.33912843352267E-019 0.43682129977138E-009 0.24810791014167E-001 0.73675375516744E-003 0.21866789065967E-002 0.15686826948254E-013 0.40275849490504E-004 0.26055924836730E-009 0.15770047821203E-004 0.20988052146859E-012 0.13202794378402E-004 -.80360832977736E-021 0.55527411324051E-009 0.74413565083344E+000 -.30750506764081E-025 0.40000000000000E+003 0.50231375156131E-002 -.12110574922865E+003 0.28366051540586E-001 0.10132500000000E+006 0.85856474330218E-003 0.28180656376504E+002 0.10000000000000E+001 0.00000000000000E+000 0.10000000000000E+001 0.40000000000000E+003 0.32535026009376E-004
  39 0.26629112767925E-002 0.13001579515397E-004 0.16502258642032E-014 0.26782290443318E-014 0.22099375127947E+000 0.36112800575996E-010 0.70190963089367E-002 0.69698207838376E-005 0.67251587411886E-018 0.47074262714632E-019 0.51760564251158E-009 0.24694135658224E-001 0.77084134704300E-003 0.23159002948961E-002 0.19567976946196E-013 0.42653743951090E-004 0.31241917775869E-009 0.16692930730393E-004 0.25807788600946E-012 0.14045554680730E-004 -.84692058383244E-021 0.58108701713707E-009 0.74411291003426E+000 -.32232187750026E-025 0.40425182795394E+003 0.50231375156131E-002 -.12087864153794E+003 0.28366051540586E-001 0.10132500000000E+006 0.84948977532159E-003 0.28179170905187E+002 0.10000000000000E+001 0.00000000000000E+000 0.10000000000000E+001 0.40425182795394E+003 0.39436878242516E-004
  40 0.52822221452618E-002 0.13230097423102E-004 0.21082665087660E-014 0.34392552447961E-014 0.22069186871061E+000 0.42333702484339E-010 0.72876533442053E-002 0.72804019677651E-005 0.92206654524077E-018 0.65101986327466E-019 0.61239363113537E-009 0.24576583982782E-001 0.80563386689411E-003 0.24492268522634E-002 0.24325342877387E-013 0.45106491411414E-004 0.37332738164618E-009 0.17645023269529E-004 0.31629417212532E-012 0.14919310274759E-004 -.89141259625083E-021 0.60743591513627E-009 0.74409085028307E+000 -.33745247193927E-025 0.40857307068509E+003 0.50231375156131E-002 -.12065392917321E+003 0.28366051540586E-001 0.10132500000000E+006 0.84046027610634E-003 0.28177664436566E+002 0.10000000000000E+001 0.00000000000000E+000 0.10000000000000E+001 0.40857307068509E+003 0.47665110383320E-004
  41 0.78455063491071E-002 0.13457735421547E-004 0.26819290986639E-014 0.44068081859628E-014 0.22038366778552E+000 0.49476614917786E-010 0.75580032124723E-002 0.75951263394751E-005 0.12574631037692E-017 0.89539067620598E-019 0.72273434645053E-009 0.24458818563010E-001 0.84092291262928E-003 0.25858731210160E-002 0.30101654053406E-013 0.47619579082672E-004 0.44417823795122E-009 0.18620749295018E-004 0.38596993624709E-012 0.15819084963173E-004 -.93661810707751E-021 0.63416277969139E-009 0.74406960027927E+000 -.35280517386160E-025 0.41293751339635E+003 0.50231375156131E-002 -.12043292565517E+003 0.28366051540586E-001 0.10132500000000E+006 0.83153244849716E-003 0.28176146848954E+002 0.10000000000000E+001 0.00000000000000E+000 0.10000000000000E+001 0.41293751339635E+003 0.57386613090187E-004
  42 0.10354551606014E-001 0.13684442270382E-004 0.33971828771459E-014 0.56339588350402E-014 0.22006944103259E+000 0.57650898088256E-010 0.78299338037174E-002 0.79137317213970E-005 0.17056325504631E-017 0.12246713536556E-018 0.85078363182018E-009 0.24340899861412E-001 0.87667992770422E-003 0.27257274214997E-002 0.37082615510785E-013 0.50190896011762E-004 0.52621015883330E-009 0.19619345744544E-004 0.46900290892316E-012 0.16744271517131E-004 -.98227537617506E-021 0.66124576725248E-009 0.74404916316941E+000 -.37861596319245E-025 0.41734147330716E+003 0.50231375156131E-002 -.12021571049062E+003 0.28366051540586E-001 0.10132500000000E+006 0.82271319212892E-003 0.28174620097850E+002 0.10000000000000E+001 0.00000000000000E+000 0.10000000000000E+001 0.41734147330716E+003 0.68824992898703E-004
  43 0.12812559195643E-001 0.13910306424562E-004 0.42856492231673E-014 0.71876301019068E-014 0.21974928308228E+000 0.66980876907381E-010 0.81034090695645E-002 0.82361589641707E-005 0.23014605040542E-017 0.16660399305054E-018 0.99902287764377E-009 0.24222812422103E-001 0.91289907977116E-003 0.28687643293135E-002 0.45486731857330E-013 0.52819917609949E-004 0.62081498661253E-009 0.20640665746868E-004 0.56760483766189E-012 0.17694823313830E-004 -.10281332268700E-020 0.68868025084780E-009 0.74402952776878E+000 -.39850243785740E-025 0.42178409767445E+003 0.50231375156131E-002 -.12000221688957E+003 0.28366051540586E-001 0.10132500000000E+006 0.81400325770830E-003 0.28173085118247E+002 0.10000000000000E+001 0.00000000000000E+000 0.10000000000000E+001 0.42178409767445E+003 0.82237710325920E-004
  44 0.15222351503729E-001 0.14135398242872E-004 0.53852939733134E-014 0.91513594167240E-014 0.21942329958880E+000 0.77602474114892E-010 0.83783827102267E-002 0.85623367269947E-005 0.30896698052452E-017 0.22546146967519E-018 0.11702214239442E-008 0.24104546434748E-001 0.94957315754013E-003 0.30149525416678E-002 0.55566098845760E-013 0.55506010376675E-004 0.72950208897545E-009 0.21684520575783E-004 0.68429647509219E-012 0.18670651160076E-004 -.10739255393568E-020 0.71646056656019E-009 0.74401068395540E+000 -.41459250737068E-025 0.42626436801157E+003 0.50231375156131E-002 -.11979238828758E+003 0.28366051540586E-001 0.10132500000000E+006 0.80540354906330E-003 0.28171542871221E+002 0.10000000000000E+001 0.00000000000000E+000 0.10000000000000E+001 0.42626436801157E+003 0.97913390836370E-004
  45 0.17586508333800E-001 0.14359780226811E-004 0.67416162770567E-014 0.11629359598150E-013 0.21909159492535E+000 0.89664321890378E-010 0.86548091222998E-002 0.88921941322281E-005 0.41273522490570E-017 0.30355713581641E-018 0.13674682376399E-008 0.23986092892777E-001 0.98669499141228E-003 0.31642603711564E-002 0.67610995631886E-013 0.58248532721185E-004 0.85390554553838E-009 0.22750718796965E-004 0.82194723179898E-012 0.19671659403430E-004 -.11193800105580E-020 0.74458108923486E-009 0.74399262175520E+000 -.43153782923651E-025 0.43078127672857E+003 0.50231375156131E-002 -.11958616899478E+003 0.28366051540586E-001 0.10132500000000E+006 0.79691477181866E-003 0.28169994283858E+002 0.10000000000000E+001 0.00000000000000E+000 0.10000000000000E+001 0.43078127672857E+003 0.11617517870411E-003
  46 0.19907405230100E-001 0.14583508990042E-004 0.84090325182546E-014 0.14751515429319E-013 0.21875427054931E+000 0.10332871909239E-009 0.89326447959304E-002 0.92256624049261E-005 0.54870753768619E-017 0.40667599425752E-018 0.15942025895955E-008 0.23867442943138E-001 0.10242576408421E-002 0.33166565313234E-002 0.81954808058688E-013 0.61046849138720E-004 0.99578908208758E-009 0.23839071799305E-004 0.98381691319849E-012 0.20697751252221E-004 -.11642269329412E-020 0.77303637424177E-009 0.74397533122842E+000 -.45021529827746E-025 0.43533385027589E+003 0.50231375156131E-002 -.11938350292911E+003 0.28366051540586E-001 0.10132500000000E+006 0.78853740452149E-003 0.28168440242698E+002 0.10000000000000E+001 0.00000000000000E+000 0.10000000000000E+001 0.43533385027589E+003 0.13738404437142E-003
  47 0.22187216873333E-001 0.14806634132952E-004 0.10452488546963E-013 0.18679523364417E-013 0.21841142779687E+000 0.11877247148693E-009 0.92118460194018E-002 0.95626721042918E-005 0.72606737059360E-017 0.54219207275430E-018 0.18542440954571E-008 0.23748588822486E-001 0.10622540857371E-002 0.34721089232311E-002 0.98979297878874E-013 0.63900307654602E-004 0.11570489351761E-008 0.24949385055813E-004 0.11735997457698E-011 0.21748820682111E-004 -.12082089820096E-020 0.80182092354912E-009 0.74395880259946E+000 -.46671601605412E-025 0.43992111192621E+003 0.50231375156131E-002 -.11918433511774E+003 0.28366051540586E-001 0.10132500000000E+006 0.78027178204827E-003 0.28166881607749E+002 0.10000000000000E+001 0.00000000000000E+000 0.10000000000000E+001 0.43992111192621E+003 0.16194205738505E-003
  48 0.24427922417628E-001 0.15029197348743E-004 0.12949352658699E-013 0.23614446564866E-013 0.21806317048111E+000 0.13618771492024E-009 0.94923668834020E-002 0.99031506296963E-005 0.95638601493923E-017 0.71946217162978E-018 0.21518236037417E-008 0.23629524652784E-001 0.11006769473839E-002 0.36305834812677E-002 0.11912031723099E-012 0.66808218385879E-004 0.13397155606780E-008 0.26081449805506E-004 0.13954718341663E-011 0.22824744537535E-004 -.12510925922420E-020 0.83092897414860E-009 0.74394302633313E+000 -.47678468267601E-025 0.44454204890956E+003 0.50231375156131E-002 -.11898861279411E+003 0.28366051540586E-001 0.10132500000000E+006 0.77211816226147E-003 0.28165319224601E+002 0.10000000000000E+001 0.00000000000000E+000 0.10000000000000E+001 0.44454204890956E+003 0.19029575151155E-003
  49 0.26631287449867E-001 0.15251229214126E-004 0.15991604619434E-013 0.29805916938709E-013 0.21770961132210E+000 0.15578247297738E-009 0.97741543596130E-002 0.10247016073677E-004 0.12541767783633E-016 0.95030238484380E-018 0.24916105121131E-008 0.23510248466091E-001 0.11395177952518E-002 0.37920412388816E-002 0.14287367534689E-012 0.69769799489633E-004 0.15459514938545E-008 0.27235022009302E-004 0.16541388807054E-011 0.23925362286693E-004 -.12926802294864E-020 0.86035397276127E-009 0.74392799333345E+000 -.48826391781710E-025 0.44919553071282E+003 0.50231375156131E-002 -.11879628832282E+003 0.28366051540586E-001 0.10132500000000E+006 0.76407686868381E-003 0.28163753952468E+002 0.10000000000000E+001 0.00000000000000E+000 0.10000000000000E+001 0.44919553071282E+003 0.22293915163088E-003
  50 0.28798959626949E-001 0.15472757537070E-004 0.19688582076100E-013 0.37563752013274E-013 0.21735085998014E+000 0.17778218525757E-009 0.10057158099360E-001 0.10594188997994E-004 0.16375783005143E-016 0.12495778678685E-017 0.28787578653617E-008 0.23390757999397E-001 0.11787684774630E-002 0.39564437761536E-002 0.17080267750511E-012 0.72784276884221E-004 0.17780583326297E-008 0.28409861184660E-004 0.19549006911626E-011 0.25050512786525E-004 -.13328257447576E-020 0.89008958366265E-009 0.74391369434322E+000 -.49575726426970E-025 0.45388047025280E+003 0.50231375156131E-002 -.11860731199658E+003 0.28366051540586E-001 0.10132500000000E+006 0.75614800918016E-003 0.28162186610171E+002 0.10000000000000E+001 0.00000000000000E+000 0.10000000000000E+001 0.45388047025280E+003 0.26041851463646E-003
  51 0.30932352230822E-001 0.15693794410054E-004 0.24169916283501E-013 0.47271521308811E-013 0.21698704503214E+000 0.20242928603289E-009 0.10341313247167E-001 0.10944571234683E-004 0.21291414102133E-016 0.16358888548813E-017 0.33189144271829E-008 0.23271057911827E-001 0.12184187255970E-002 0.41237431466341E-002 0.20354378470657E-012 0.75850699309510E-004 0.20384620186781E-008 0.29605658335460E-004 0.23036939904469E-011 0.26199965096618E-004 -.13714461848223E-020 0.92012787407391E-009 0.74390012076574E+000 -.50137226532971E-025 0.45859553913966E+003 0.50231375156131E-002 -.11842164320165E+003 0.28366051540586E-001 0.10132500000000E+006 0.74833196046300E-003 0.28160618071719E+002 0.10000000000000E+001 0.00000000000000E+000 0.10000000000000E+001 0.45859553913966E+003 0.30333389136783E-003
  52 0.33032821454108E-001 0.15914353339567E-004 0.29589567668818E-013 0.59404271883547E-013 0.21661828727421E+000 0.22998569517811E-009 0.10626561705900E-001 0.11298071819270E-004 0.27568240595951E-016 0.21324377644074E-017 0.38182887650562E-008 0.23151150766719E-001 0.12584590874015E-002 0.42938940915702E-002 0.24181650946130E-012 0.78968162080266E-004 0.23297276632694E-008 0.30822123144410E-004 0.27071795388054E-011 0.27373501708634E-004 -.14085387544011E-020 0.95046153589761E-009 0.74388726353061E+000 -.51106362731393E-025 0.46333951929265E+003 0.50231375156131E-002 -.11823923580631E+003 0.28366051540586E-001 0.10132500000000E+006 0.74062877169947E-003 0.28159049148664E+002 0.10000000000000E+001 0.00000000000000E+000 0.10000000000000E+001 0.46333951929265E+003 0.35234573083430E-003
  53 0.35101880267460E-001 0.16134471784031E-004 0.36131249242302E-013 0.74551683114933E-013 0.21624466108197E+000 0.26073746982526E-009 0.10912881293290E-001 0.11654643571216E-004 0.35552590929184E-016 0.27681342981880E-017 0.43837567231640E-008 0.23031024823514E-001 0.12988850837918E-002 0.44668720429154E-002 0.28643769374813E-012 0.82136136301811E-004 0.26545959753531E-008 0.32059112691495E-004 0.31728723650363E-011 0.28571043868752E-004 -.14441968846832E-020 0.98108703487179E-009 0.74387511198256E+000 -.51888761868210E-025 0.46811179108095E+003 0.50231375156131E-002 -.11806002046215E+003 0.28366051540586E-001 0.10132500000000E+006 0.73303742459258E-003 0.28157480431762E+002 0.10000000000000E+001 0.00000000000000E+000 0.10000000000000E+001 0.46811179108095E+003 0.40818590076321E-003
  54 0.37141532561302E-001 0.16354248467883E-004 0.44016369058402E-013 0.93450177459255E-013 0.21586612682383E+000 0.29500428305266E-009 0.11200335237683E-001 0.12014346209975E-004 0.45674781897765E-016 0.35790927237344E-017 0.50230663867932E-008 0.22910633433259E-001 0.13397044023369E-002 0.46427049462911E-002 0.33834535137851E-012 0.85355050170803E-004 0.30160687154045E-008 0.33316859269425E-004 0.37093660243599E-011 0.29792875852180E-004 -.14786260140141E-020 0.10120100596616E-008 0.74386365242630E+000 -.52526933401962E-025 0.47291316754636E+003 0.50231375156131E-002 -.11788387679796E+003 0.28366051540586E-001 0.10132500000000E+006 0.72555465103763E-003 0.28155912026100E+002 0.10000000000000E+001 0.00000000000000E+000 0.10000000000000E+001 0.47291316754636E+003 0.47167865689735E-003
  55 0.39153361164876E-001 0.16573746552349E-004 0.53509211607880E-013 0.11701220986396E-012 0.21548269396509E+000 0.33312926071016E-009 0.11488946296912E-001 0.12377190146113E-004 0.58464333186632E-016 0.46100007874588E-017 0.57446835531892E-008 0.22789947862633E-001 0.13809192078932E-002 0.48213980088459E-002 0.39859496823006E-012 0.88624909708419E-004 0.34172839408165E-008 0.34595432382019E-004 0.43262682152942E-011 0.31039125845248E-004 -.15121362972264E-020 0.10432321204443E-008 0.74385287371077E+000 -.53564637188492E-025 0.47774379964213E+003 0.50231375156131E-002 -.11771071347169E+003 0.28366051540586E-001 0.10132500000000E+006 0.71817832614704E-003 0.28154344244821E+002 0.10000000000000E+001 0.00000000000000E+000 0.10000000000000E+001 0.47774379964213E+003 0.54372607622304E-003
  56 0.41138183225257E-001 0.16792952440499E-004 0.64922902992749E-013 0.14636002620034E-012 0.21509449924434E+000 0.37547007059147E-009 0.11778640567109E-001 0.12743064039205E-004 0.74566440980436E-016 0.59156162873140E-017 0.65576440174821E-008 0.22668980533870E-001 0.14225178817010E-002 0.50028967194921E-002 0.46835439874681E-012 0.91944622883720E-004 0.38614037461658E-008 0.35894473799743E-004 0.50341305940620E-011 0.32309503676959E-004 -.15451429826033E-020 0.10747442911456E-008 0.74384276856167E+000 -.54648203931834E-025 0.48260222531352E+003 0.50231375156131E-002 -.11754049794640E+003 0.28366051540586E-001 0.10132500000000E+006 0.71090876932548E-003 0.28152777908849E+002 0.10000000000000E+001 0.00000000000000E+000 0.10000000000000E+001 0.48260222531352E+003 0.62529352703610E-003
  57 0.43096993259994E-001 0.17011876692877E-004 0.78633810266142E-013 0.18288433306342E-012 0.21470163371558E+000 0.42241583089822E-009 0.12069379040967E-001 0.13111899239737E-004 0.94770772419437E-016 0.75632963472555E-017 0.74718960270523E-008 0.22547729893216E-001 0.14644936842961E-002 0.51871671541074E-002 0.54894064699614E-012 0.95313469451696E-004 0.43517725355998E-008 0.37213771918352E-004 0.58448060691365E-011 0.33603858456711E-004 -.15781831301415E-020 0.11065413476560E-008 0.74383332827679E+000 -.55354467484030E-025 0.48748756641656E+003 0.50231375156131E-002 -.11737317537834E+003 0.28366051540586E-001 0.10132500000000E+006 0.70374531470901E-003 0.28151213628902E+002 0.10000000000000E+001 0.00000000000000E+000 0.10000000000000E+001 0.48748756641656E+003 0.71744421096923E-003
  58 0.45030628635272E-001 0.17230517177718E-004 0.95093466841813E-013 0.22830223750586E-012 0.21430420737562E+000 0.47438231265830E-009 0.12361108921577E-001 0.13483608567769E-004 0.12003801664483E-015 0.96353959441275E-017 0.84982377323237E-008 0.22426200760877E-001 0.15068378071264E-002 0.53741658789169E-002 0.64182443777754E-012 0.98730549791353E-004 0.48918441058830E-008 0.38553046359051E-004 0.67714744724996E-011 0.34921968689045E-004 -.16119056776060E-020 0.11386165041226E-008 0.74382454455448E+000 -.56035792718953E-025 0.49239871420970E+003 0.50231375156131E-002 -.11720869790362E+003 0.28366051540586E-001 0.10132500000000E+006 0.69668756412854E-003 0.28149652070394E+002 0.10000000000000E+001 0.00000000000000E+000 0.10000000000000E+001 0.49239871420970E+003 0.82133344910231E-003
  59 0.46939498129851E-001 0.17448826843252E-004 0.11484153913708E-012 0.28472186136201E-012 0.21390241038271E+000 0.53180344741681E-009 0.12653719761599E-001 0.13858029649549E-004 0.15152732801142E-015 0.12231781039243E-016 0.96481706718059E-008 0.22304422533165E-001 0.15495329038445E-002 0.55638108881137E-002 0.74862621924391E-012 0.10219425419090E-003 0.54850702421816E-008 0.39911739560504E-004 0.78285897304912E-011 0.36263335266905E-004 -.16470560729689E-020 0.11709565134285E-008 0.74381641050008E+000 -.57066479425335E-025 0.49733358703757E+003 0.50231375156131E-002 -.11704704784267E+003 0.28366051540586E-001 0.10132500000000E+006 0.68973639509026E-003 0.28148094184746E+002 0.10000000000000E+001 0.00000000000000E+000 0.10000000000000E+001 0.49733358703757E+003 0.93819416403432E-003
  60 0.48824207032920E-001 0.17666783685656E-004 0.13853072392127E-012 0.35474510525518E-012 0.21349638699202E+000 0.59514808832265E-009 0.12947136397154E-001 0.14235043016311E-004 0.19064161375808E-015 0.15473861524952E-016 0.10934253232107E-007 0.22182410452168E-001 0.15925665404524E-002 0.57560408136290E-002 0.87115857675977E-012 0.10570334483038E-003 0.61350500886345E-008 0.41289440675378E-004 0.90322906009800E-011 0.37627597861452E-004 -.16844701732838E-020 0.12035518557715E-008 0.74380891771611E+000 -.58516557822163E-025 0.50229069370740E+003 0.50231375156131E-002 -.11688818467476E+003 0.28366051540586E-001 0.10132500000000E+006 0.68289169644808E-003 0.28146540710301E+002 0.10000000000000E+001 0.00000000000000E+000 0.10000000000000E+001 0.50229069370740E+003 0.10693731359158E-002
  61 0.50686107573414E-001 0.17884456739529E-004 0.16696363393397E-012 0.44161485481253E-012 0.21308610763006E+000 0.66494700601366E-009 0.13241408970831E-001 0.14614689409415E-004 0.23909305591227E-015 0.19510389438290E-016 0.12370691729398E-007 0.22060128278470E-001 0.16359446355517E-002 0.59508761200863E-002 0.10114975582892E-011 0.10925807061077E-003 0.68457747316646E-008 0.42686324606047E-004 0.10401082931006E-010 0.39014974005240E-004 -.17250658201666E-020 0.12364069176930E-008 0.74380205471978E+000 -.59975870120694E-025 0.50727066399367E+003 0.50231375156131E-002 -.11673199970869E+003 0.28366051540586E-001 0.10132500000000E+006 0.67615040884721E-003 0.28144991705055E+002 0.10000000000000E+001 0.00000000000000E+000 0.10000000000000E+001 0.50727066399367E+003 0.12163924052624E-002
  62 0.52526026547393E-001 0.18101859618912E-004 0.20111251024620E-012 0.54931902345595E-012 0.21267163992251E+000 0.74175585216759E-009 0.13536516097049E-001 0.14996917486743E-004 0.29893756147522E-015 0.24520762072523E-016 0.13972630133276E-007 0.21937570150716E-001 0.16796626901988E-002 0.61482910774473E-002 0.11719310711255E-011 0.11285782856564E-003 0.76212103149786E-008 0.44102234644561E-004 0.11955320831782E-010 0.40425352604475E-004 -.17697934372451E-020 0.12695181998493E-008 0.74379581225017E+000 -.60863911311950E-025 0.51227292683624E+003 0.50231375156131E-002 -.11657842418653E+003 0.28366051540586E-001 0.10132500000000E+006 0.66951117548181E-003 0.28143447593596E+002 0.10000000000000E+001 0.00000000000000E+000 0.10000000000000E+001 0.51227292683624E+003 0.13808778542088E-002
  63 0.54343973879118E-001 0.18318912225721E-004 0.24214644403434E-012 0.68271615624453E-012 0.21225322908579E+000 0.82613372021035E-009 0.13832310865361E-001 0.15381511561013E-004 0.37261353611271E-015 0.30718713679818E-016 0.15755706962370E-007 0.21814782876126E-001 0.17236974642458E-002 0.63481746139402E-002 0.13549251572021E-011 0.11650045240164E-003 0.84650531880322E-008 0.45536400902552E-004 0.13716893524883E-010 0.41858007469075E-004 -.18195915171008E-020 0.13028680145947E-008 0.74379018344422E+000 -.61259571749107E-025 0.51729478275398E+003 0.50231375156131E-002 -.11642745280586E+003 0.28366051540586E-001 0.10132500000000E+006 0.66297537877508E-003 0.28141909436467E+002 0.10000000000000E+001 0.00000000000000E+000 0.10000000000000E+001 0.51729478275398E+003 0.15645139659841E-002
  64 0.56141307140042E-001 0.18535698141596E-004 0.29152771842201E-012 0.84789105590864E-012 0.21183080357641E+000 0.91874233979912E-009 0.14128871038921E-001 0.15768546371950E-004 0.46309887456819E-015 0.38366050768377E-016 0.17738171347206E-007 0.21691720534462E-001 0.17680590368893E-002 0.65505662768761E-002 0.15633565795451E-011 0.12018651293834E-003 0.93816872275594E-008 0.46989133119210E-004 0.15711473682761E-010 0.43313286928292E-004 -.18754081104640E-020 0.13364639145152E-008 0.74378515696546E+000 -.62213808752150E-025 0.52233734703855E+003 0.50231375156131E-002 -.11627896367104E+003 0.28366051540586E-001 0.10132500000000E+006 0.65653936599843E-003 0.28140377105929E+002 0.10000000000000E+001 0.00000000000000E+000 0.10000000000000E+001 0.52233734703855E+003 0.17692628063199E-002
  65 0.57919873382406E-001 0.18752367745523E-004 0.35108181695139E-012 0.10524485120036E-011 0.21140414997880E+000 0.10203343404927E-008 0.14426369872604E-001 0.16158222919656E-004 0.57401675812242E-015 0.47782313803477E-016 0.19940739281925E-007 0.21568298186779E-001 0.18127721475208E-002 0.67555742951984E-002 0.18005317742089E-011 0.12391781802540E-003 0.10375993867854E-007 0.48461234286580E-004 0.17968683061394E-010 0.44792039124082E-004 -.19381587429704E-020 0.13703245569822E-008 0.74378072110843E+000 -.63077224871938E-025 0.52740337709541E+003 0.50231375156131E-002 -.11613279200089E+003 0.28366051540586E-001 0.10132500000000E+006 0.65019761944561E-003 0.28138849984868E+002 0.10000000000000E+001 0.00000000000000E+000 0.10000000000000E+001 0.52740337709541E+003 0.19973521872781E-002
  66 0.59679951207730E-001 0.18968886643461E-004 0.42301488146378E-012 0.13056247094109E-011 0.21097340963229E+000 0.11316399714611E-008 0.14724730251363E-001 0.16550415032336E-004 0.70962486201065E-015 0.59344610364729E-016 0.22384182658820E-007 0.21444535288848E-001 0.18578241753432E-002 0.69631368957572E-002 0.20699520029246E-011 0.12769306733875E-003 0.11452184379635E-007 0.49952286695067E-004 0.20519886976415E-010 0.46293889860883E-004 -.20086176434515E-020 0.14044403097922E-008 0.74377686881406E+000 -.62988562123182E-025 0.53249138069819E+003 0.50231375156131E-002 -.11598889962651E+003 0.28366051540586E-001 0.10132500000000E+006 0.64395010690138E-003 0.28137328742128E+002 0.10000000000000E+001 0.00000000000000E+000 0.10000000000000E+001 0.53249138069819E+003 0.22510277120766E-002
  67 0.61421616805087E-001 0.19185196736751E-004 0.51003278390771E-012 0.16187361432831E-011 0.21053877223394E+000 0.12534239890267E-008 0.15023843110552E-001 0.16944952033621E-004 0.87497298525541E-015 0.73501770616335E-016 0.25090531259001E-007 0.21320465000785E-001 0.19031974673211E-002 0.71731681392514E-002 0.23754550086962E-011 0.13151051182708E-003 0.12614328100288E-007 0.51461697725322E-004 0.23399612133731E-010 0.47818283553939E-004 -.20874088574592E-020 0.14387977361698E-008 0.74377359298129E+000 -.62964031468411E-025 0.53759931791123E+003 0.50231375156131E-002 -.11584726091388E+003 0.28366051540586E-001 0.10132500000000E+006 0.63779735735662E-003 0.28135814187578E+002 0.10000000000000E+001 0.00000000000000E+000 0.10000000000000E+001 0.53759931791123E+003 0.25326780137928E-002
  68 0.63145555010943E-001 0.19401317219506E-004 0.61550381913903E-012 0.20058010589632E-011 0.21010027222386E+000 0.13865467237133E-008 0.15323707196478E-001 0.17341803280152E-004 0.10761252208863E-014 0.90794278931982E-016 0.28084456460530E-007 0.21196076223084E-001 0.19488905769915E-002 0.73856564139417E-002 0.27213976827268E-011 0.13536974305652E-003 0.13866878326098E-007 0.52989407733166E-004 0.26647333174602E-010 0.49365198780984E-004 -.21750072512064E-020 0.14733956769476E-008 0.74377088505231E+000 -.62617143468960E-025 0.54272698942571E+003 0.50231375156131E-002 -.11570779705077E+003 0.28366051540586E-001 0.10132500000000E+006 0.63173761063589E-003 0.28134306566150E+002 0.10000000000000E+001 0.00000000000000E+000 0.10000000000000E+001 0.54272698942571E+003 0.28449811637671E-002
  69 0.64852439243444E-001 0.19617269319246E-004 0.74359584090248E-012 0.24840805205858E-011 0.20965793614303E+000 0.15319361113113E-008 0.15624325857808E-001 0.17740943192657E-004 0.13203048095941E-014 0.11186782876997E-015 0.31392708093741E-007 0.21071356394436E-001 0.19949028029643E-002 0.76005937907331E-002 0.31126296756659E-011 0.13927040587334E-003 0.15214324540918E-007 0.54535382908941E-004 0.30307301838450E-010 0.50934639892876E-004 -.22716873401965E-020 0.15082335413572E-008 0.74376873668599E+000 -.61872757855548E-025 0.54787428062349E+003 0.50231375156131E-002 -.11557042746327E+003 0.28366051540586E-001 0.10132500000000E+006 0.62576904590156E-003 0.28132806090733E+002 0.10000000000000E+001 0.00000000000000E+000 0.10000000000000E+001 0.54787428062349E+003 0.31908494751266E-002
  70 0.66542715053785E-001 0.19833048444590E-004 0.89944569467847E-012 0.30747327756279E-011 0.20921184041549E+000 0.16905726140016E-008 0.15925668027314E-001 0.18142299166394E-004 0.16160639822906E-014 0.13748916398023E-015 0.35043795625118E-007 0.20946307660629E-001 0.20412281910955E-002 0.78179478876950E-002 0.35544901447899E-011 0.14321168725139E-003 0.16660980224029E-007 0.56099412818591E-004 0.34428634732823E-010 0.52526431028385E-004 -.23774840964382E-020 0.15433067659845E-008 0.74376713995845E+000 -.61059538920852E-025 0.55304049252532E+003 0.50231375156131E-002 -.11543508734763E+003 0.28366051540586E-001 0.10132500000000E+006 0.61989054414291E-003 0.28131313136085E+002 0.10000000000000E+001 0.00000000000000E+000 0.10000000000000E+001 0.55304049252532E+003 0.35733994989036E-002
  71 0.68216643957790E-001 0.20048628540381E-004 0.10893734216365E-011 0.38036313552962E-011 0.20876210476462E+000 0.18634901670128E-008 0.16227673673435E-001 0.18545758031253E-004 0.19734979937752E-014 0.16856590372205E-015 0.39068011047819E-007 0.20820944614047E-001 0.20878562620727E-002 0.80376647675980E-002 0.40528444585921E-011 0.14719236976160E-003 0.18210924728014E-007 0.57681130869768E-004 0.39065810486148E-010 0.54140234779021E-004 -.24921720497563E-020 0.15786073665751E-008 0.74376608702719E+000 -.60021304290901E-025 0.55822443166593E+003 0.50231375156131E-002 -.11530172394656E+003 0.28366051540586E-001 0.10132500000000E+006 0.61410152651234E-003 0.28129828206091E+002 0.10000000000000E+001 0.00000000000000E+000 0.10000000000000E+001 0.55822443166593E+003 0.39959579809701E-002
  72 0.69874575437704E-001 0.20263996539859E-004 0.13211717854156E-011 0.47024714056287E-011 0.20830882142361E+000 0.20518049777498E-008 0.16530301759201E-001 0.18951229732292E-004 0.24045543973759E-014 0.20617487485933E-015 0.43498101561245E-007 0.20695274389666E-001 0.21347793688238E-002 0.82597033867884E-002 0.46142073094722E-011 0.15121145585922E-003 0.19868186849668E-007 0.59280262108173E-004 0.44280001757500E-010 0.55775804036540E-004 -.26152733603851E-020 0.16141295085480E-008 0.74376556983649E+000 -.58702655426497E-025 0.56342523191194E+003 0.50231375156131E-002 -.11517027486694E+003 0.28366051540586E-001 0.10132500000000E+006 0.60840101328080E-003 0.28128351695416E+002 0.10000000000000E+001 0.00000000000000E+000 0.10000000000000E+001 0.56342523191194E+003 0.44621368391797E-002
  73 0.71516921558429E-001 0.20479149517285E-004 0.16044346571537E-011 0.58100321721290E-011 0.20785206003364E+000 0.22567226806790E-008 0.16833526445340E-001 0.19358642492735E-004 0.29233580974499E-014 0.25159213386885E-015 0.48369456470894E-007 0.20569298222262E-001 0.21819921679570E-002 0.84840333754884E-002 0.52458171817334E-011 0.15526812597153E-003 0.21636713403120E-007 0.60896607398926E-004 0.50139989478862E-010 0.57432966963444E-004 -.27460619279487E-020 0.16498691063718E-008 0.74376558028740E+000 -.58104402336237E-025 0.56864229113738E+003 0.50231375156131E-002 -.11504067047864E+003 0.28366051540586E-001 0.10132500000000E+006 0.60278772802648E-003 0.28126883911602E+002 0.10000000000000E+001 0.00000000000000E+000 0.10000000000000E+001 0.56864229113738E+003 0.49758582984994E-002
  74 0.73144006492987E-001 0.20694075064979E-004 0.19509192096846E-011 0.71735752412185E-011 0.20739190896309E+000 0.24795275221467E-008 0.17137309465181E-001 0.19767905705675E-004 0.35465373605671E-014 0.30632334639419E-015 0.53719856319627E-007 0.20443022907929E-001 0.22294873415895E-002 0.87106148192082E-002 0.59556597604444E-011 0.15936137165672E-003 0.23520177887215E-007 0.62529897796744E-004 0.56722649426323E-010 0.59111478118758E-004 -.28835674806492E-020 0.16858205848650E-008 0.74376611029747E+000 -.57348614009782E-025 0.57387479661840E+003 0.50231375156131E-002 -.11491284605606E+003 0.28366051540586E-001 0.10132500000000E+006 0.59726062230139E-003 0.28125425210371E+002 0.10000000000000E+001 0.00000000000000E+000 0.10000000000000E+001 0.57387479661840E+003 0.55413345574825E-002
  75 0.74756144527756E-001 0.20908761236660E-004 0.23750035584233E-011 0.88506262451608E-011 0.20692845465675E+000 0.27215966729996E-008 0.17441613989042E-001 0.20178928332141E-004 0.42936600372655E-014 0.37214411021229E-015 0.59589802644090E-007 0.20316455041101E-001 0.22772577388695E-002 0.89394083550613E-002 0.67525715919181E-011 0.16349017775956E-003 0.25522006202346E-007 0.64179867198872E-004 0.64114229909141E-010 0.60811092562870E-004 -.30266085484085E-020 0.17219785005131E-008 0.74376715175460E+000 -.56638189067090E-025 0.57912196306046E+003 0.50231375156131E-002 -.11478673572633E+003 0.28366051540586E-001 0.10132500000000E+006 0.59181861198456E-003 0.28123975927687E+002 0.10000000000000E+001 0.00000000000000E+000 0.10000000000000E+001 0.57912196306046E+003 0.61631093190369E-002
  76 0.76353672978428E-001 0.21123200923702E-004 0.28942241177717E-011 0.10911093721078E-010 0.20646177207447E+000 0.29844131057231E-008 0.17746410811919E-001 0.20591627183232E-004 0.51877416009552E-014 0.45114696508889E-015 0.66022815338387E-007 0.20189598428971E-001 0.23252973585452E-002 0.91703799304068E-002 0.76463511656993E-011 0.16765360727120E-003 0.27645376013136E-007 0.65846286671666E-004 0.72411747043276E-010 0.62531601398389E-004 -.31738352769616E-020 0.17583382851320E-008 0.74376869656743E+000 -.55924095239424E-025 0.58438313962361E+003 0.50231375156131E-002 -.11466227008774E+003 0.28366051540586E-001 0.10132500000000E+006 0.58646047360412E-003 0.28122536351160E+002 0.10000000000000E+001 0.00000000000000E+000 0.10000000000000E+001 0.58438313962361E+003 0.68460969677159E-002
  77 0.77936886339325E-001 0.21337383024602E-004 0.35298695538469E-011 0.13439648357071E-010 0.20599194376225E+000 0.32695637189798E-008 0.18051665796548E-001 0.21005909838035E-004 0.62557818111814E-014 0.54579130453551E-015 0.73065361979928E-007 0.20062459303924E-001 0.23735993825610E-002 0.94034914082127E-002 0.86478297929512E-011 0.17185063086784E-003 0.29893087837441E-007 0.67528896686261E-004 0.81724058987963E-010 0.64272762017633E-004 -.33237738396470E-020 0.17948947574929E-008 0.74377073663381E+000 -.55206456598564E-025 0.58965759351346E+003 0.50231375156131E-002 -.11453938154465E+003 0.28366051540586E-001 0.10132500000000E+006 0.58118507251845E-003 0.28121106780353E+002 0.10000000000000E+001 0.00000000000000E+000 0.10000000000000E+001 0.58965759351346E+003 0.75955835889627E-002
  78 0.79506030863975E-001 0.21551291468873E-004 0.43076669373306E-011 0.16538523983708E-010 0.20551906240809E+000 0.35787442402189E-008 0.18357338354113E-001 0.21421672346709E-004 0.75293959980972E-014 0.65896202919001E-015 0.80766932970245E-007 0.19935046956156E-001 0.24221559194154E-002 0.96386992546874E-002 0.97689707618979E-011 0.17608010288920E-003 0.32267493064396E-007 0.69227397549841E-004 0.92173250412233E-010 0.66034287811534E-004 -.34748842209609E-020 0.18316419293214E-008 0.74377326378786E+000 -.54485412020767E-025 0.59494448324563E+003 0.50231375156131E-002 -.11441800484711E+003 0.28366051540586E-001 0.10132500000000E+006 0.57599138259625E-003 0.28119687533051E+002 0.10000000000000E+001 0.00000000000000E+000 0.10000000000000E+001 0.59494448324563E+003 0.84172440265179E-002
  79 0.81061048048730E-001 0.21764869599434E-004 0.52583837653635E-011 0.20330065110183E-010 0.20504331093391E+000 0.39137070946887E-008 0.18663330217741E-001 0.21838729098662E-004 0.90452636967069E-014 0.79401225382056E-015 0.89178663157051E-007 0.19807395116905E-001 0.24709498010831E-002 0.98759145029080E-002 0.11022759971515E-010 0.18034004260720E-003 0.34770000506602E-007 0.70941159983848E-004 0.10389411104453E-009 0.67815546562126E-004 -.36255995231792E-020 0.18685667980493E-008 0.74377626920815E+000 -.53761236548981E-025 0.60024197080197E+003 0.50231375156131E-002 -.11429809700260E+003 0.28366051540586E-001 0.10132500000000E+006 0.57087932720010E-003 0.28118279178920E+002 0.10000000000000E+001 0.00000000000000E+000 0.10000000000000E+001 0.60024197080197E+003 0.93170038783992E-002
  80 0.82602050946658E-001 0.21978084771475E-004 0.64188814796541E-011 0.24961189941925E-010 0.20456482037993E+000 0.42763568859956E-008 0.18969577573660E-001 0.22256937880597E-004 0.10846284002532E-013 0.95486924477225E-015 0.98355620916484E-007 0.19679523575696E-001 0.25199691854296E-002 0.10115073334750E-001 0.12423643502037E-010 0.18462890412883E-003 0.37401716050884E-007 0.72669734632458E-004 0.11703873044551E-009 0.69616088038539E-004 -.37744392705058E-020 0.19056603982265E-008 0.74377974410087E+000 -.53034123804157E-025 0.60554881435634E+003 0.50231375156131E-002 -.11417960049673E+003 0.28366051540586E-001 0.10132500000000E+006 0.56584820054691E-003 0.28116882109507E+002 0.10000000000000E+001 0.00000000000000E+000 0.10000000000000E+001 0.60554881435634E+003 0.10301293170797E-001
  81 0.84130121083149E-001 0.22191040687157E-004 0.78339838337395E-011 0.30611271276693E-010 0.20408341303623E+000 0.46689887604827E-008 0.19276213423541E-001 0.22676422558351E-004 0.12983888339404E-013 0.11462449998972E-014 0.10836283914307E-006 0.19551370227977E-001 0.25692337965645E-002 0.10356266253503E-001 0.13988618512058E-010 0.18894788420265E-003 0.40164961412787E-007 0.74413786700008E-004 0.13178733657006E-009 0.71436622702612E-004 -.39201493978601E-020 0.19429376553947E-008 0.74378368218137E+000 -.52303797700559E-025 0.61086718859609E+003 0.50231375156131E-002 -.11406238251060E+003 0.28366051540586E-001 0.10132500000000E+006 0.56089411765155E-003 0.28115495814638E+002 0.10000000000000E+001 0.00000000000000E+000 0.10000000000000E+001 0.61086718859609E+003 0.11377706977105E-001
  82 0.85646173550645E-001 0.22403822325551E-004 0.95572141847723E-011 0.37495726463048E-010 0.20359894575092E+000 0.50940838529317E-008 0.19583345841089E-001 0.23097270996605E-004 0.15518484343567E-013 0.13736809265960E-014 0.11927015405787E-006 0.19422883471093E-001 0.26187596840088E-002 0.10599567310619E-001 0.15736665161438E-010 0.19329784881575E-003 0.43061504705394E-007 0.76173862713513E-004 0.14834371520295E-009 0.73277742496331E-004 -.40616425645170E-020 0.19804107163854E-008 0.74378807777762E+000 -.51570036811522E-025 0.61619884843341E+003 0.50231375156131E-002 -.11394632278616E+003 0.28366051540586E-001 0.10132500000000E+006 0.55601377066821E-003 0.28114119912013E+002 0.10000000000000E+001 0.00000000000000E+000 0.10000000000000E+001 0.61619884843341E+003 0.12554469080248E-001
  83 0.87150437414548E-001 0.22616421340717E-004 0.11651358590129E-010 0.45869188062826E-010 0.20311148332223E+000 0.55541511034891E-008 0.19890949487821E-001 0.23519385342730E-004 0.18519788672029E-013 0.16435820406358E-014 0.13114798493432E-006 0.19294067673839E-001 0.26685415524882E-002 0.10844946502368E-001 0.17688238631239E-010 0.19767777040580E-003 0.46091373700369E-007 0.77949756054566E-004 0.16693103516139E-009 0.75139253516492E-004 -.41979931009527E-020 0.20180755813731E-008 0.74379292382085E+000 -.50832937160304E-025 0.62154324076818E+003 0.50231375156131E-002 -.11383135319639E+003 0.28366051540586E-001 0.10132500000000E+006 0.55120606983738E-003 0.28112754621876E+002 0.10000000000000E+001 0.00000000000000E+000 0.10000000000000E+001 0.62154324076818E+003 0.13839988307260E-001
  84 0.88643266514247E-001 0.22828848436126E-004 0.14190551812798E-010 0.56035109718140E-010 0.20262104574287E+000 0.60519396932696E-008 0.20199027116835E-001 0.23942702493514E-004 0.22069498763367E-013 0.19634616240175E-014 0.14407259398859E-006 0.19164915707172E-001 0.27185786471359E-002 0.11092396217830E-001 0.19866292066498E-010 0.20208699280849E-003 0.49254225341185E-007 0.79741421015530E-004 0.18780209273087E-009 0.77021128761234E-004 -.43285457999035E-020 0.20559316913190E-008 0.74379821376203E+000 -.50092529575092E-025 0.62690030400156E+003 0.50231375156131E-002 -.11371739541712E+003 0.28366051540586E-001 0.10132500000000E+006 0.54646950556639E-003 0.28111400032886E+002 0.10000000000000E+001 0.00000000000000E+000 0.10000000000000E+001 0.62690030400156E+003 0.15243436074255E-001
  85 0.90124770319902E-001 0.23041080891379E-004 0.17261205016969E-010 0.68351183290634E-010 0.20212772912062E+000 0.65903349179628E-008 0.20507533501468E-001 0.24367089428756E-004 0.26262335938879E-013 0.23420404051870E-014 0.15812322511943E-006 0.19035440815138E-001 0.27688624133207E-002 0.11341870284078E-001 0.22296029736441E-010 0.20652414317386E-003 0.52548537231811E-007 0.81548531474595E-004 0.21123752132694E-009 0.78923044772697E-004 -.44528970913021E-020 0.20939725919384E-008 0.74380394030039E+000 -.49348960211963E-025 0.63226914552375E+003 0.50231375156131E-002 -.11360438929246E+003 0.28366051540586E-001 0.10132500000000E+006 0.54180332499379E-003 0.28110056437892E+002 0.10000000000000E+001 0.00000000000000E+000 0.10000000000000E+001 0.63226914552375E+003 0.16774448406994E-001
  86 0.91594869668448E-001 0.23253069450116E-004 0.20963281323415E-010 0.83236654532862E-010 0.20163169214753E+000 0.71723603581158E-008 0.20816384900459E-001 0.24792355748378E-004 0.31207814487940E-013 0.27894113002163E-014 0.17338192501634E-006 0.18905672742140E-001 0.28193779103793E-002 0.11593290397472E-001 0.25005089375371E-010 0.21098725124578E-003 0.55971583803424E-007 0.83370526861591E-004 0.23754790965331E-009 0.80844427078989E-004 -.45708990202623E-020 0.21321870047693E-008 0.74381009524679E+000 -.48602466511098E-025 0.63764820325655E+003 0.50231375156131E-002 -.11349228865008E+003 0.28366051540586E-001 0.10132500000000E+006 0.53720733341069E-003 0.28108724283449E+002 0.10000000000000E+001 0.00000000000000E+000 0.10000000000000E+001 0.63764820325655E+003 0.18443114173183E-001
  87 0.93053634107182E-001 0.23464786557660E-004 0.25412484626303E-010 0.10118391067365E-009 0.20113304414845E+000 0.78013098161287E-008 0.21125529126256E-001 0.25218350014390E-004 0.37033450365551E-013 0.33173351314956E-014 0.18993677384868E-006 0.18775628334688E-001 0.28701152243359E-002 0.11846602709984E-001 0.28024369470315E-010 0.21547475588323E-003 0.59520155585971E-007 0.85207021956344E-004 0.26708207657119E-009 0.82784881088068E-004 -.46826645220376E-020 0.21705674614619E-008 0.74381667081024E+000 -.47853209411108E-025 0.64303646491690E+003 0.50231375156131E-002 -.11338103570419E+003 0.28366051540586E-001 0.10132500000000E+006 0.53268083260155E-003 0.28107403864020E+002 0.10000000000000E+001 0.00000000000000E+000 0.10000000000000E+001 0.64303646491690E+003 0.20260335898331E-001
  88 0.94501499680845E-001 0.23676258969902E-004 0.30743094339746E-010 0.12277344292872E-009 0.20063176586039E+000 0.84808930478746E-008 0.21434993658899E-001 0.25645026286863E-004 0.43888980108755E-013 0.39396295980679E-014 0.20788553762534E-006 0.18645291185790E-001 0.29210774953306E-002 0.12101818498633E-001 0.31389057174141E-010 0.21998621819229E-003 0.63191189668789E-007 0.87058102269556E-004 0.30023740294199E-009 0.84744506775034E-004 -.47885392163280E-020 0.22091163750751E-008 0.74382366093653E+000 -.47101156779994E-025 0.64843430974069E+003 0.50231375156131E-002 -.11327054456987E+003 0.28366051540586E-001 0.10132500000000E+006 0.52822197304957E-003 0.28106095126261E+002 0.10000000000000E+001 0.00000000000000E+000 0.10000000000000E+001 0.64843430974069E+003 0.22238243516330E-001
  89 0.95939067521787E-001 0.23887539724656E-004 0.37110072353481E-010 0.14868681831234E-009 0.20012777244138E+000 0.92152219126786E-008 0.21744845339618E-001 0.26072388709220E-004 0.51949887371571E-013 0.46724971514170E-014 0.22733511328352E-006 0.18514628428544E-001 0.29722744669563E-002 0.12358982708732E-001 0.35138986116485E-010 0.22452175325598E-003 0.66981412461185E-007 0.88924096683788E-004 0.33746363552826E-009 0.86723661843698E-004 -.48890270683297E-020 0.22478411591278E-008 0.74383106083651E+000 -.46346178500427E-025 0.65384280963975E+003 0.50231375156131E-002 -.11316071666901E+003 0.28366051540586E-001 0.10132500000000E+006 0.52382841275956E-003 0.28104797853932E+002 0.10000000000000E+001 0.00000000000000E+000 0.10000000000000E+001 0.65384280963975E+003 0.24390150479170E-001
  90 0.97366216982844E-001 0.24098577305194E-004 0.44686832887005E-010 0.17970290763167E-009 0.19962122660673E+000 0.10008363742916E-007 0.22054998262894E-001 0.26500226367479E-004 0.61415977957994E-013 0.55344022530219E-014 0.24838940543580E-006 0.18383671782358E-001 0.30236906914493E-002 0.12618014017188E-001 0.39316696915318E-010 0.22907921016776E-003 0.70884952639165E-007 0.90804416648650E-004 0.37924345687106E-009 0.88721729177502E-004 -.49846674576057E-020 0.22867301793084E-008 0.74383886226724E+000 -.45588515294571E-025 0.65926037447350E+003 0.50231375156131E-002 -.11305150870218E+003 0.28366051540586E-001 0.10132500000000E+006 0.51950001846633E-003 0.28103512468585E+002 0.10000000000000E+001 0.00000000000000E+000 0.10000000000000E+001 0.65926037447350E+003 0.26729220814562E-001
  91 0.98782384382614E-001 0.24309253971658E-004 0.53665589623573E-010 0.21670516995672E-009 0.19911245353341E+000 0.10864370097753E-007 0.22365268648855E-001 0.26928188979124E-004 0.72514055823403E-013 0.65463195765729E-014 0.27114970474120E-006 0.18252494747031E-001 0.30752942546072E-002 0.12878747116051E-001 0.43967700466170E-010 0.23365493927604E-003 0.74893807347619E-007 0.92697861361560E-004 0.42609397768075E-009 0.90737432729701E-004 -.50759962034287E-020 0.23257593564583E-008 0.74384705404957E+000 -.44828649455744E-025 0.66468370218036E+003 0.50231375156131E-002 -.11294291181094E+003 0.28366051540586E-001 0.10132500000000E+006 0.51523794819195E-003 0.28102239773397E+002 0.10000000000000E+001 0.00000000000000E+000 0.10000000000000E+001 0.66468370218036E+003 0.29268496958752E-001
  92 0.10018770797681E+000 0.24519555673530E-004 0.64265085741974E-010 0.26072037863101E-009 0.19860153157718E+000 0.11787946930144E-007 0.22675624852505E-001 0.27356132218322E-004 0.85510256010574E-013 0.77328646279270E-014 0.29573221283927E-006 0.18121106972110E-001 0.31270782995249E-002 0.13141142253668E-001 0.49144416592497E-010 0.23824747514272E-003 0.79001078387158E-007 0.94604139129284E-004 0.47860523537472E-009 0.92770455464552E-004 -.51635545973695E-020 0.23649235728060E-008 0.74385562854839E+000 -.44066692068733E-025 0.67011214775445E+003 0.50231375156131E-002 -.11283486395672E+003 0.28366051540586E-001 0.10132500000000E+006 0.51104119628735E-003 0.28100979922839E+002 0.10000000000000E+001 0.00000000000000E+000 0.10000000000000E+001 0.67011214775445E+003 0.32022848930046E-001
  93 0.10158351744143E+000 0.24729649033476E-004 0.76740709073406E-010 0.31296971689414E-009 0.19808809602447E+000 0.12785014054828E-007 0.22986302891642E-001 0.27784276948927E-004 0.10072564964054E-012 0.91237298807124E-014 0.32228269543079E-006 0.17989404821176E-001 0.31790808042116E-002 0.13405387706636E-001 0.54910180770788E-010 0.24285929289106E-003 0.83202838986231E-007 0.96524614043582E-004 0.53748055034035E-009 0.94822246276247E-004 -.52478543487671E-020 0.24042516256873E-008 0.74386458601566E+000 -.43302093899052E-025 0.67554975489712E+003 0.50231375156131E-002 -.11272721151241E+003 0.28366051540586E-001 0.10132500000000E+006 0.50690523260398E-003 0.28099731993546E+002 0.10000000000000E+001 0.00000000000000E+000 0.10000000000000E+001 0.67554975489712E+003 0.35010649031264E-001
  94 0.10297089832907E+000 0.24939668514178E-004 0.91379744635290E-010 0.37486036034700E-009 0.19757185095984E+000 0.13861946560903E-007 0.23297493430513E-001 0.28212777037228E-004 0.11853458354752E-012 0.10753545766202E-013 0.35095590817002E-006 0.17857303546182E-001 0.32313326416018E-002 0.13671637909890E-001 0.61335941979112E-010 0.24749219665104E-003 0.87494169845030E-007 0.98460404755461E-004 0.60350257938581E-009 0.96893998410205E-004 -.53292425646624E-020 0.24437669437893E-008 0.74387392657961E+000 -.42534411756573E-025 0.68099978675762E+003 0.50231375156131E-002 -.11261981914210E+003 0.28366051540586E-001 0.10132500000000E+006 0.50282634587446E-003 0.28098495278912E+002 0.10000000000000E+001 0.00000000000000E+000 0.10000000000000E+001 0.68099978675762E+003 0.38251503838045E-001
  95 0.10434958506652E+000 0.25149546272975E-004 0.10848836289315E-009 0.44794188407240E-009 0.19705299358004E+000 0.15024599764410E-007 0.23609088397606E-001 0.28641370921928E-004 0.13935441803106E-012 0.12660947375553E-013 0.38188917228402E-006 0.17724845179436E-001 0.32838147067180E-002 0.13939793544495E-001 0.68494834759215E-010 0.25214351364511E-003 0.91865515878264E-007 0.10041078400555E-003 0.67747530220187E-009 0.98984929093356E-004 -.54078166126204E-020 0.24834551682981E-008 0.74388364188247E+000 -.41763936354501E-025 0.68646028093777E+003 0.50231375156131E-002 -.11251265625081E+003 0.28366051540586E-001 0.10132500000000E+006 0.49880483278988E-003 0.28097270270472E+002 0.10000000000000E+001 0.00000000000000E+000 0.10000000000000E+001 0.68646028093777E+003 0.41763259933592E-001
  96 0.10571914839377E+000 0.25359188654025E-004 0.12839878828428E-009 0.53394753242730E-009 0.19653178844406E+000 0.16279006764828E-007 0.23920940813845E-001 0.29069741083863E-004 0.16366098448015E-012 0.14889992631747E-013 0.41522059300756E-006 0.17592088731122E-001 0.33365011024963E-002 0.14209719605188E-001 0.76466410297598E-010 0.25680992668730E-003 0.96306125785170E-007 0.10237476201736E-003 0.76026401738591E-009 0.10109396395882E-003 -.54834918815952E-020 0.25232968159855E-008 0.74389372189261E+000 -.40991055707066E-025 0.69192859082946E+003 0.50231375156131E-002 -.11240570615157E+003 0.28366051540586E-001 0.10132500000000E+006 0.49484142113682E-003 0.28096057589341E+002 0.10000000000000E+001 0.00000000000000E+000 0.10000000000000E+001 0.69192859082946E+003 0.45564024976912E-001
  97 0.10707970718100E+000 0.25568585375939E-004 0.15148019869421E-009 0.63485456677291E-009 0.19600829545259E+000 0.17632048955584E-007 0.24233027330727E-001 0.29497738227083E-004 0.19200971331995E-012 0.17492106020397E-013 0.45110652369851E-006 0.17459040971706E-001 0.33893866291511E-002 0.14481386364726E-001 0.85341487427855E-010 0.26148991043394E-003 0.10080647883271E-006 0.10435211219806E-003 0.85284281744623E-009 0.10322083856822E-003 -.55560520102620E-020 0.25632880669263E-008 0.74390416023323E+000 -.40215852972353E-025 0.69740423647695E+003 0.50231375156131E-002 -.11229891054249E+003 0.28366051540586E-001 0.10132500000000E+006 0.49093521743115E-003 0.28094857356307E+002 0.10000000000000E+001 0.00000000000000E+000 0.10000000000000E+001 0.69740423647695E+003 0.49674156933874E-001
  98 0.10843153673535E+000 0.25777751046285E-004 0.17813752702094E-009 0.75289535479428E-009 0.19548251145073E+000 0.19091245997052E-007 0.24545362019468E-001 0.29925262940326E-004 0.22504358708550E-012 0.20526816474531E-013 0.48971551160054E-006 0.17325692885393E-001 0.34424724270635E-002 0.14754796760938E-001 0.95221809424144E-010 0.26618245531575E-003 0.10535723063706E-006 0.10634284362580E-003 0.95628837656828E-009 0.10536553587936E-003 -.56251528155481E-020 0.26034299068713E-008 0.74391495185739E+000 -.39438318738108E-025 0.70288739706753E+003 0.50231375156131E-002 -.11219219963066E+003 0.28366051540586E-001 0.10132500000000E+006 0.48708488234817E-003 0.28093669544431E+002 0.10000000000000E+001 0.00000000000000E+000 0.10000000000000E+001 0.70288739706753E+003 0.54115598875895E-001
  99 0.10977489022915E+000 0.25986697929718E-004 0.20881020346351E-009 0.89056914216988E-009 0.19495443753649E+000 0.20664634866568E-007 0.24857955945211E-001 0.30352210901545E-004 0.26350273969972E-012 0.24062644775441E-013 0.53122460113446E-006 0.17192036845354E-001 0.34957591686103E-002 0.15029951624435E-001 0.10622011954131E-009 0.27088646225974E-003 0.10994873169704E-006 0.10834694802297E-003 0.10717773154311E-008 0.10752801437123E-003 -.56903530267726E-020 0.26437229796046E-008 0.74392609178706E+000 -.38658451296204E-025 0.70837820240553E+003 0.50231375156131E-002 -.11208550609137E+003 0.28366051540586E-001 0.10132500000000E+006 0.48328915226149E-003 0.28092494138331E+002 0.10000000000000E+001 0.00000000000000E+000 0.10000000000000E+001 0.70837820240553E+003 0.58911469676359E-001
 100 0.11110995331799E+000 0.26195428712479E-004 0.24397136080934E-009 0.10506567146736E-008 0.19442409766143E+000 0.22360732734217E-007 0.25170806280035E-001 0.30778459062906E-004 0.30823641191699E-012 0.28178205724804E-013 0.57581786562220E-006 0.17058071282451E-001 0.35492451846328E-002 0.15306839935696E-001 0.11846072537321E-009 0.27560057616875E-003 0.11457095417263E-006 0.11036432858776E-003 0.12005881314488E-008 0.10970813017727E-003 -.57511611126311E-020 0.26841661712795E-008 0.74393757468531E+000 -.37876283333832E-025 0.71387654124504E+003 0.50231375156131E-002 -.11197876880839E+003 0.28366051540586E-001 0.10132500000000E+006 0.47954696446781E-003 0.28091331173890E+002 0.10000000000000E+001 0.00000000000000E+000 0.10000000000000E+001 0.71387654124504E+003 0.64085904793487E-001
 101 0.11243685284619E+000 0.26403937574073E-004 0.28412734302477E-009 0.12362372891257E-008 0.19389153652629E+000 0.24188546518906E-007 0.25483897785908E-001 0.31203869030766E-004 0.36021720133011E-012 0.32963519600585E-013 0.62368617037495E-006 0.16923800088268E-001 0.36029266829767E-002 0.15585439809368E-001 0.13208038688582E-009 0.28032320542769E-003 0.11921360519811E-006 0.11239480688184E-003 0.13441061688016E-008 0.11190564302643E-003 -.58070859078209E-020 0.27247567767636E-008 0.74394939483522E+000 -.37091877573646E-025 0.71938208660840E+003 0.50231375156131E-002 -.11187193240565E+003 0.28366051540586E-001 0.10132500000000E+006 0.47585742646578E-003 0.28090180729978E+002 0.10000000000000E+001 0.00000000000000E+000 0.10000000000000E+001 0.71938208660840E+003 0.69664039739635E-001
 102 0.11375570344669E+000 0.26612217306996E-004 0.32981819746009E-009 0.14507109081800E-008 0.19335680180279E+000 0.26157640967361E-007 0.25797213427550E-001 0.31628302968880E-004 0.42055871499856E-012 0.38521634936177E-013 0.67502844782485E-006 0.16789228089754E-001 0.36567995443067E-002 0.15865727717150E-001 0.14722968946006E-009 0.28505268034851E-003 0.12386638487959E-006 0.11443818980758E-003 0.15038334536608E-008 0.11412028741022E-003 -.58576840485488E-020 0.27654918585695E-008 0.74396154649059E+000 -.36305300035117E-025 0.72489448190779E+003 0.50231375156131E-002 -.11176494369259E+003 0.28366051540586E-001 0.10132500000000E+006 0.47221968232924E-003 0.28089042887584E+002 0.10000000000000E+001 0.00000000000000E+000 0.10000000000000E+001 0.72489448190779E+003 0.75672174511002E-001
 103 0.11506663847623E+000 0.26820264166991E-004 0.38161828703631E-009 0.16978226675363E-008 0.19281993164879E+000 0.28278210227131E-007 0.26110741682777E-001 0.32051634950431E-004 0.49053585959790E-012 0.44970492004270E-013 0.73005300400812E-006 0.16654357904853E-001 0.37108605791189E-002 0.16147685038790E-001 0.16407455705880E-009 0.28978736296273E-003 0.12851920012975E-006 0.11649431721425E-003 0.16813998291819E-008 0.11635182329577E-003 -.59025946858928E-020 0.28063691983497E-008 0.74397402416085E+000 -.35516601991866E-025 0.73041346952770E+003 0.50231375156131E-002 -.11165774924425E+003 0.28366051540586E-001 0.10132500000000E+006 0.46863282797982E-003 0.28087917703452E+002 0.10000000000000E+001 0.00000000000000E+000 0.10000000000000E+001 0.73041346952770E+003 0.82137951037796E-001
 104 0.11636980399824E+000 0.27028076958483E-004 0.44013586648706E-009 0.19816832182656E-008 0.19228095682718E+000 0.30561107789473E-007 0.26424475222867E-001 0.32473750629937E-004 0.57160649543939E-012 0.52444908817135E-013 0.78897767516619E-006 0.16519190490096E-001 0.37651073114951E-002 0.16431296997482E-001 0.18279754011560E-009 0.29452562669977E-003 0.13316224802810E-006 0.11856305401124E-003 0.18785715532064E-008 0.11860002683904E-003 -.59415583504436E-020 0.28473871344909E-008 0.74398682258351E+000 -.34725823552461E-025 0.73593886777029E+003 0.50231375156131E-002 -.11155029592016E+003 0.28366051540586E-001 0.10132500000000E+006 0.46509593036753E-003 0.28086805216015E+002 0.10000000000000E+001 0.00000000000000E+000 0.10000000000000E+001 0.73593886777029E+003 0.89090405160251E-001
 105 0.11766534023782E+000 0.27235654076880E-004 0.50601171148015E-009 0.23067853888729E-008 0.19173990823429E+000 0.33017851178435E-007 0.26738406487205E-001 0.32894542881769E-004 0.66543466424941E-012 0.61098707749409E-013 0.85202928260112E-006 0.16383727034420E-001 0.38195372194746E-002 0.16716548726905E-001 0.20359894442220E-009 0.29926578895080E-003 0.13778604861959E-006 0.12064426131816E-003 0.20972581019224E-008 0.12086465810741E-003 -.59744190900845E-020 0.28885439889447E-008 0.74399993655626E+000 -.33933004857035E-025 0.74147049298045E+003 0.50231375156131E-002 -.11144253244534E+003 0.28366051540586E-001 0.10132500000000E+006 0.46160807934229E-003 0.28085705461804E+002 0.10000000000000E+001 0.00000000000000E+000 0.10000000000000E+001 0.74147049298045E+003 0.96559943325269E-001
 106 0.11895338308960E+000 0.27442993700389E-004 0.57991815874543E-009 0.26780231469681E-008 0.19119681638420E+000 0.35660656128804E-007 0.27052527988512E-001 0.33313913962796E-004 0.77391744106548E-012 0.71107170777418E-013 0.91944380075677E-006 0.16247968824820E-001 0.38741477861807E-002 0.17003425545273E-001 0.22669823418083E-009 0.30400611510208E-003 0.14238154313277E-006 0.12273779826114E-003 0.23395218145787E-008 0.12314546188562E-003 -.60011122915762E-020 0.29298381071730E-008 0.74401336094726E+000 -.33138185295307E-025 0.74700816485526E+003 0.50231375156131E-002 -.11133440937475E+003 0.28366051540586E-001 0.10132500000000E+006 0.45816838368644E-003 0.28084618474435E+002 0.10000000000000E+001 0.00000000000000E+000 0.10000000000000E+001 0.74700816485526E+003 0.10457841114082E+000
 107 0.12023407167036E+000 0.27650094967617E-004 0.66255846029147E-009 0.31007125386640E-008 0.19065170827182E+000 0.38502488466057E-007 0.27366834121111E-001 0.33731779737565E-004 0.89921567538107E-012 0.82669846735281E-013 0.99146690381659E-006 0.16111916459843E-001 0.39289368140991E-002 0.17291914621096E-001 0.25233565100496E-009 0.30874484533221E-003 0.14694020755158E-006 0.12484353391580E-003 0.26075898150617E-008 0.12544217949059E-003 -.60216399162594E-020 0.29712680971624E-008 0.74402709077354E+000 -.32341398904187E-025 0.75255173828862E+003 0.50231375156131E-002 -.11122587853627E+003 0.28366051540586E-001 0.10132500000000E+006 0.45477595134404E-003 0.28083544278584E+002 0.10000000000000E+001 0.00000000000000E+000 0.10000000000000E+001 0.75255173828862E+003 0.11317921717014E+000
 108 0.12150754173008E+000 0.27856956885069E-004 0.75466532047654E-009 0.35806087766988E-008 0.19010461015916E+000 0.41557092198474E-007 0.27681319536157E-001 0.34148069364520E-004 0.10437872801242E-011 0.96013585293023E-013 0.10683538198988E-005 0.15975570545402E-001 0.39839021434584E-002 0.17582003514039E-001 0.28077368740133E-009 0.31348016963356E-003 0.15145410791174E-006 0.12696133643019E-003 0.29038644743001E-008 0.12775453565618E-003 -.60360362978383E-020 0.30128326179425E-008 0.74404112113491E+000 -.31542678424126E-025 0.75810107471327E+003 0.50231375156131E-002 -.11111689365423E+003 0.28366051540586E-001 0.10132500000000E+006 0.45142990757228E-003 0.28082482895918E+002 0.10000000000000E+001 0.00000000000000E+000 0.10000000000000E+001 0.75810107471327E+003 0.12239738563256E+000
 109 0.12277391828793E+000 0.28063577077885E-004 0.85699903976775E-009 0.41239210828638E-008 0.18955555085738E+000 0.44839012728259E-007 0.27995977263193E-001 0.34562724742510E-004 0.12104238383000E-011 0.11139586690992E-012 0.11503689842262E-005 0.15838932507663E-001 0.40390413214735E-002 0.17873678435405E-001 0.31229854540172E-009 0.31821019926342E-003 0.15591594466021E-006 0.12909106006833E-003 0.32309338750430E-008 0.13008222297695E-003 -.60443299377949E-020 0.30545301309989E-008 0.74405544712681E+000 -.30742059994386E-025 0.76365600888314E+003 0.50231375156131E-002 -.11100741107263E+003 0.28366051540586E-001 0.10132500000000E+006 0.44812941420450E-003 0.28081434351457E+002 0.10000000000000E+001 0.00000000000000E+000 0.10000000000000E+001 0.76365600888314E+003 0.13226959579829E+000
 110 0.12403331634756E+000 0.28269951835411E-004 0.97034601311995E-009 0.47373289222584E-008 0.18900456163185E+000 0.48363638559807E-007 0.28310798791615E-001 0.34975702609644E-004 0.14022919928058E-011 0.12910856211055E-012 0.12377860695813E-005 0.15702004560859E-001 0.40943516112021E-002 0.18166924288084E-001 0.34722179619520E-009 0.32293296804687E-003 0.16031911715401E-006 0.13123254521966E-003 0.35915845941557E-008 0.13242490037966E-003 -.60465044930999E-020 0.30963589085395E-008 0.74407006383510E+000 -.29939582843212E-025 0.76921635019295E+003 0.50231375156131E-002 -.11089738980938E+003 0.28366051540586E-001 0.10132500000000E+006 0.44487366713950E-003 0.28080398673044E+002 0.10000000000000E+001 0.00000000000000E+000 0.10000000000000E+001 0.76921635019295E+003 0.14283427820820E+000
 111 0.12528585220482E+000 0.28476077906876E-004 0.10955183717095E-008 0.54280040917365E-008 0.18845167139210E+000 0.52147280695002E-007 0.28625776831909E-001 0.35386980127402E-004 0.16229815544569E-011 0.14948229655931E-012 0.13308888336618E-005 0.15564788506700E-001 0.41498304732516E-002 0.18461727223652E-001 0.38588246948329E-009 0.32764647397832E-003 0.16465781523599E-006 0.13338563677668E-003 0.39888191580606E-008 0.13478221164232E-003 -.60424621353264E-020 0.31383173994434E-008 0.74408496645971E+000 -.29135282170671E-025 0.77478193136924E+003 0.50231375156131E-002 -.11078679066931E+003 0.28366051540586E-001 0.10132500000000E+006 0.44166186684813E-003 0.28079375882189E+002 0.10000000000000E+001 0.00000000000000E+000 0.10000000000000E+001 0.77478193136924E+003 0.15413182317848E+000
 112 0.12653166216803E+000 0.28681955571275E-004 0.12333552876378E-008 0.62036423220254E-008 0.18789689830110E+000 0.56207298006908E-007 0.28940910059236E-001 0.35796562906474E-004 0.18765623376061E-011 0.17289160485751E-012 0.14299729234575E-005 0.15427283656703E-001 0.42054764053043E-002 0.18758079142467E-001 0.42864973578033E-009 0.33234874986056E-003 0.16892712367066E-006 0.13555021669446E-003 0.44258797323969E-008 0.13715381946925E-003 -.60319902075192E-020 0.31804048660514E-008 0.74410015054936E+000 -.28329177108331E-025 0.78035269234487E+003 0.50231375156131E-002 -.11067557462808E+003 0.28366051540586E-001 0.10132500000000E+006 0.43849317148575E-003 0.28078365979300E+002 0.10000000000000E+001 0.00000000000000E+000 0.10000000000000E+001 0.78035269234487E+003 0.16620492231773E+000
 113 0.12777091120077E+000 0.28887590105989E-004 0.13847245726092E-008 0.70724976848769E-008 0.18734024549792E+000 0.60562223339603E-007 0.29256205449922E-001 0.36204489707516E-004 0.21676486114439E-011 0.19976076709450E-012 0.15353474663794E-005 0.15289485787389E-001 0.42612893672897E-002 0.19055980039620E-001 0.47592578121305E-009 0.33703789671358E-003 0.17312307732886E-006 0.13772622079401E-003 0.49062737903311E-008 0.13953942230872E-003 -.60147323943573E-020 0.32226217079296E-008 0.74411561214106E+000 -.27521265041944E-025 0.78592872176834E+003 0.50231375156131E-002 -.11056370201717E+003 0.28366051540586E-001 0.10132500000000E+006 0.43536667758349E-003 0.28077368937685E+002 0.10000000000000E+001 0.00000000000000E+000 0.10000000000000E+001 0.78592872176834E+003 0.17909890410959E+000
 114 0.12900376603198E+000 0.29092987353908E-004 0.15505204915983E-008 0.80433959249782E-008 0.18678171279334E+000 0.65231778930826E-007 0.29571671571850E-001 0.36610825381458E-004 0.25014638173533E-011 0.23056964556733E-012 0.16473337700125E-005 0.15151390048613E-001 0.43172696049360E-002 0.19355431803954E-001 0.52814760887398E-009 0.34171198210059E-003 0.17724258500679E-006 0.13991359308607E-003 0.54337889642945E-008 0.14193870250471E-003 -.59901654873942E-020 0.32649685744061E-008 0.74413134745519E+000 -.26711539234285E-025 0.79151013852383E+003 0.50231375156131E-002 -.11045113491410E+003 0.28366051540586E-001 0.10132500000000E+006 0.43228149026220E-003 0.28076384726166E+002 0.10000000000000E+001 0.00000000000000E+000 0.10000000000000E+001 0.79151013852383E+003 0.19286173454710E+000
 115 0.13023035622723E+000 0.29298147161920E-004 0.17316582734450E-008 0.91257263780086E-008 0.18622131451526E+000 0.70236810788389E-007 0.29887308530864E-001 0.37015649695946E-004 0.28839048829501E-011 0.26585945669474E-012 0.17662619906457E-005 0.15012995367839E-001 0.43734158599036E-002 0.19656428642455E-001 0.58578784610600E-009 0.34636889111098E-003 0.18128331122298E-006 0.14211221539313E-003 0.60124983787578E-008 0.14435124702453E-003 -.59575822616857E-020 0.33074450127818E-008 0.74414735238491E+000 -.25900014801943E-025 0.79709691374272E+003 0.50231375156131E-002 -.11033784081515E+003 0.28366051540586E-001 0.10132500000000E+006 0.42923681984525E-003 0.28075413340200E+002 0.10000000000000E+001 0.00000000000000E+000 0.10000000000000E+001 0.79709691374272E+003 0.20754377929317E+000
 116 0.13145071977671E+000 0.29503054063390E-004 0.19290630993555E-008 0.10329395639666E-007 0.18565910540634E+000 0.75599089561519E-007 0.30203093565751E-001 0.37419040830822E-004 0.33215989503270E-011 0.30623781325367E-012 0.18924646722091E-005 0.14874310810211E-001 0.44297227773857E-002 0.19958943064409E-001 0.64935371249177E-009 0.35100611785547E-003 0.18524351133551E-006 0.14432180452756E-003 0.66467485661900E-008 0.14677643234968E-003 -.59160818051976E-020 0.33500475085602E-008 0.74416362171077E+000 -.25086765319110E-025 0.80268861530975E+003 0.50231375156131E-002 -.11022379802371E+003 0.28366051540586E-001 0.10132500000000E+006 0.42623211172990E-003 0.28074454843571E+002 0.10000000000000E+001 0.00000000000000E+000 0.10000000000000E+001 0.80268861530975E+003 0.22319718277671E+000
 117 0.13266461723560E+000 0.29707645565044E-004 0.21436298337034E-008 0.11664588509970E-007 0.18509526904930E+000 0.81340355275769E-007 0.30518931894616E-001 0.37821014949249E-004 0.38218910025035E-011 0.35237735681232E-012 0.20262529420726E-005 0.14735377298791E-001 0.44861720602168E-002 0.20262877981310E-001 0.71937609888709E-009 0.35562005847509E-003 0.18912145949214E-006 0.14654156207532E-003 0.73410512855200E-008 0.14921303779431E-003 -.58645767547320E-020 0.33927627918097E-008 0.74418014641656E+000 -.24272049623224E-025 0.80828353607432E+003 0.50231375156131E-002 -.11010901394066E+003 0.28366051540586E-001 0.10132500000000E+006 0.42326748957109E-003 0.28073509509709E+002 0.10000000000000E+001 0.00000000000000E+000 0.10000000000000E+001 0.80828353607432E+003 0.23987307448622E+000
 118 0.13387176609168E+000 0.29911850977347E-004 0.23762480171155E-008 0.13141914489944E-007 0.18453001290290E+000 0.87483142934675E-007 0.30834716232683E-001 0.38221604207714E-004 0.43929728561995E-011 0.40502740331516E-012 0.21679349171719E-005 0.14596241626757E-001 0.45427429928651E-002 0.20568122822424E-001 0.79641914307354E-009 0.36020690621153E-003 0.19291623604433E-006 0.14877058409256E-003 0.81001817053114E-008 0.15165969352496E-003 -.58017957575982E-020 0.34355757975168E-008 0.74419691659392E+000 -.23456159799421E-025 0.81387974626572E+003 0.50231375156131E-002 -.10999350414953E+003 0.28366051540586E-001 0.10132500000000E+006 0.42034316291015E-003 0.28072577632224E+002 0.10000000000000E+001 0.00000000000000E+000 0.10000000000000E+001 0.81387974626572E+003 0.25762399346685E+000
 119 0.13507256470008E+000 0.30115714408337E-004 0.26279545368529E-008 0.14773406093384E-007 0.18396322600033E+000 0.94054844304004E-007 0.31150517407148E-001 0.38621098290483E-004 0.50443743284101E-011 0.46505893039821E-012 0.23179064207073E-005 0.14456872311803E-001 0.45994466824480E-002 0.20874738765381E-001 0.88113360965684E-009 0.36476540723888E-003 0.19662993494730E-006 0.15100921322562E-003 0.89297012833560E-008 0.15411636327008E-003 -.57262505747081E-020 0.34784955842127E-008 0.74421393174906E+000 -.22638927423491E-025 0.81947847316689E+003 0.50231375156131E-002 -.10987722219105E+003 0.28366051540586E-001 0.10132500000000E+006 0.41745769125783E-003 0.28071658971887E+002 0.10000000000000E+001 0.00000000000000E+000 0.10000000000000E+001 0.81947847316689E+003 0.27651551776592E+000
 120 0.13626802889607E+000 0.30319385965910E-004 0.28999799240680E-008 0.16572928540685E-007 0.18339449648927E+000 0.10108880479588E-006 0.31466572284045E-001 0.39020027108330E-004 0.57872975607449E-011 0.53349497601846E-012 0.24766689204726E-005 0.14317164297961E-001 0.46563242453877E-002 0.21182950753771E-001 0.97427889084309E-009 0.36929660600385E-003 0.20026727080678E-006 0.15325897865553E-003 0.98361581436367E-008 0.15658427429545E-003 -.56362203796477E-020 0.35215539819038E-008 0.74423120082132E+000 -.21819750204916E-025 0.82508389312980E+003 0.50231375156131E-002 -.10976006196231E+003 0.28366051540586E-001 0.10132500000000E+006 0.41460820105715E-003 0.28070752828441E+002 0.10000000000000E+001 0.00000000000000E+000 0.10000000000000E+001 0.82508389312980E+003 0.29662906546128E+000
 121 0.13745843764927E+000 0.30522891541418E-004 0.31934680922459E-008 0.18554406202261E-007 0.18282375210328E+000 0.10861710577477E-006 0.31782927107864E-001 0.39418711653019E-004 0.66340591671595E-011 0.61145872728111E-012 0.26446607970837E-005 0.14177096398979E-001 0.47133827329819E-002 0.21492800929513E-001 0.10766327373624E-008 0.37379869269076E-003 0.20383138138607E-006 0.15552006470577E-003 0.10826199541832E-007 0.15906313508565E-003 -.55298562501668E-020 0.35647570979697E-008 0.74424872289971E+000 -.20998516526101E-025 0.83069680778074E+003 0.50231375156131E-002 -.10964198938762E+003 0.28366051540586E-001 0.10132500000000E+006 0.41179363355438E-003 0.28069859075528E+002 0.10000000000000E+001 0.00000000000000E+000 0.10000000000000E+001 0.83069680778074E+003 0.31804100120644E+000
 122 0.13864331715252E+000 0.30726127830592E-004 0.35094100076223E-008 0.20731305187529E-007 0.18225128164002E+000 0.11666912945616E-006 0.32099428120545E-001 0.39817255581295E-004 0.75979582510769E-011 0.70016092192251E-012 0.28222264750760E-005 0.14036736145614E-001 0.47705930436572E-002 0.21804135318345E-001 0.11889671285036E-008 0.37826696487398E-003 0.20732393277056E-006 0.15779121453017E-003 0.11906350904028E-007 0.16155103003220E-003 -.54052587860558E-020 0.36080837180971E-008 0.74426648596702E+000 -.20175635029363E-025 0.83631447082893E+003 0.50231375156131E-002 -.10952304842065E+003 0.28366051540586E-001 0.10132500000000E+006 0.40901471070641E-003 0.28068978146665E+002 0.10000000000000E+001 0.00000000000000E+000 0.10000000000000E+001 0.83631447082893E+003 0.34081871470536E+000
 123 0.13982267517849E+000 0.30929072938603E-004 0.38489371872050E-008 0.23118605794011E-007 0.18167714565359E+000 0.12527919832471E-006 0.32416048665009E-001 0.40215957646482E-004 0.86942606582695E-011 0.80098996837538E-012 0.30097846940349E-005 0.13896095090085E-001 0.48279488466608E-002 0.22116923442697E-001 0.13121521808770E-008 0.38269850748718E-003 0.21074880374951E-006 0.16007206233087E-003 0.13084022508095E-007 0.16404697549288E-003 -.52604159258247E-020 0.36515299186317E-008 0.74428448488862E+000 -.19351185124941E-025 0.84193639055508E+003 0.50231375156131E-002 -.10940323938462E+003 0.28366051540586E-001 0.10132500000000E+006 0.40627100420352E-003 0.28068110103530E+002 0.10000000000000E+001 0.00000000000000E+000 0.10000000000000E+001 0.84193639055508E+003 0.36504229291776E+000
 124 0.14099678038913E+000 0.31131749546932E-004 0.42133052998332E-008 0.25732777527706E-007 0.18110127622388E+000 0.13448616508369E-006 0.32732832760238E-001 0.40615240241295E-004 0.99404209079735E-011 0.91553161618237E-012 0.32078122630903E-005 0.13755153473625E-001 0.48854565762237E-002 0.22431204920962E-001 0.14471566269967E-008 0.38709134163421E-003 0.21411130789006E-006 0.16236274184899E-003 0.14367502347755E-007 0.16655048524969E-003 -.50932357154330E-020 0.36951015052178E-008 0.74430271861012E+000 -.18525060913822E-025 0.84756333163617E+003 0.50231375156131E-002 -.10928253904130E+003 0.28366051540586E-001 0.10132500000000E+006 0.40356148861040E-003 0.28067254813747E+002 0.10000000000000E+001 0.00000000000000E+000 0.10000000000000E+001 0.84756333163617E+003 0.39080302073200E+000
 125 0.14216578139989E+000 0.31334159497993E-004 0.46037996814051E-008 0.28591163790583E-007 0.18052366113593E+000 0.14433109797432E-006 0.33049793287532E-001 0.41015521508109E-004 0.11356029686758E-010 0.10455632927053E-011 0.34167880148043E-005 0.13613905380620E-001 0.49431170220971E-002 0.22746989306482E-001 0.15950181684070E-008 0.39144298593430E-003 0.21741703431058E-006 0.16466315469938E-003 0.15765666344817E-007 0.16906076567501E-003 -.49016278343889E-020 0.37388000750470E-008 0.74432118443703E+000 -.17697236274063E-025 0.85319550793133E+003 0.50231375156131E-002 -.10916093900877E+003 0.28366051540586E-001 0.10132500000000E+006 0.40088543418411E-003 0.28066412234165E+002 0.10000000000000E+001 0.00000000000000E+000 0.10000000000000E+001 0.85319550793133E+003 0.41819662663844E+000
 126 0.14332983611329E+000 0.31536305907873E-004 0.50217778704969E-008 0.31712314235739E-007 0.17994428149231E+000 0.15485846259299E-006 0.33366946489440E-001 0.41417258874512E-004 0.12963212133958E-010 0.11930898167092E-011 0.36372133194476E-005 0.13472343439938E-001 0.50009315606242E-002 0.23064290023986E-001 0.17568629033787E-008 0.39575094227704E-003 0.22067219077184E-006 0.16697321686568E-003 0.17288158334651E-007 0.17157698234179E-003 -.46835395890346E-020 0.37826277401132E-008 0.74433987996756E+000 -.16867675701383E-025 0.85883319478326E+003 0.50231375156131E-002 -.10903843288833E+003 0.28366051540586E-001 0.10132500000000E+006 0.39824210316748E-003 0.28065582314837E+002 0.10000000000000E+001 0.00000000000000E+000 0.10000000000000E+001 0.85883319478326E+003 0.44732638418090E+000
 127 0.14448880782116E+000 0.31738140129873E-004 0.54685591577617E-008 0.35115176004427E-007 0.17936326446680E+000 0.16611344557836E-006 0.33684228617624E-001 0.41820842806749E-004 0.14786463988943E-010 0.13603273153065E-011 0.38695513613944E-005 0.13330496107707E-001 0.50588869155644E-002 0.23383040533991E-001 0.19338655165026E-008 0.40001157904841E-003 0.22388272627678E-006 0.16929224772967E-003 0.18945011527841E-007 0.17409759284095E-003 -.44370884105074E-020 0.38265755748384E-008 0.74435879810289E+000 -.16036552911063E-025 0.86447524659468E+003 0.50231375156131E-002 -.10891504889566E+003 0.28366051540586E-001 0.10132500000000E+006 0.39563143239176E-003 0.28064765212671E+002 0.10000000000000E+001 0.00000000000000E+000 0.10000000000000E+001 0.86447524659468E+003 0.47829550870082E+000
 128 0.14564267931582E+000 0.31939633411821E-004 0.59455700982614E-008 0.38820186949547E-007 0.17878067877480E+000 0.17814571708086E-006 0.34001608178327E-001 0.42226737452834E-004 0.16853485847579E-010 0.15497786741868E-011 0.41143013600288E-005 0.13188377652552E-001 0.51169755725004E-002 0.23703206141863E-001 0.21273080623493E-008 0.40422167629596E-003 0.22705545342488E-006 0.17161978369254E-003 0.20747195756156E-007 0.17662123246742E-003 -.41605906702269E-020 0.38706390900239E-008 0.74437793358480E+000 -.15203956865886E-025 0.87012109133378E+003 0.50231375156131E-002 -.10879080687515E+003 0.28366051540586E-001 0.10132500000000E+006 0.39305308513007E-003 0.28063960992794E+002 0.10000000000000E+001 0.00000000000000E+000 0.10000000000000E+001 0.87012109133378E+003 0.51121736245632E+000
 129 0.14679191727719E+000 0.32140841026424E-004 0.64545365789069E-008 0.42850868385968E-007 0.17819634661671E+000 0.19101439618020E-006 0.34319187630064E-001 0.42635611770346E-004 0.19196481816667E-010 0.17643511385188E-011 0.43720899376389E-005 0.13045942392282E-001 0.51752145031166E-002 0.24024887899268E-001 0.23386661742535E-008 0.40837972528180E-003 0.23019898071258E-006 0.17395633067430E-003 0.22707401685721E-007 0.17914752134987E-003 -.38525810060866E-020 0.39148324543504E-008 0.74439728933787E+000 -.14369623438043E-025 0.87577254167939E+003 0.50231375156131E-002 -.10866567774745E+003 0.28366051540586E-001 0.10132500000000E+006 0.39050565769292E-003 0.28063169383868E+002 0.10000000000000E+001 0.00000000000000E+000 0.10000000000000E+001 0.87577254167939E+003 0.54622856488295E+000
 130 0.14793690911543E+000 0.32341804302618E-004 0.69972955316737E-008 0.47232494983226E-007 0.17761012446245E+000 0.20478347973898E-006 0.34637049751115E-001 0.43048145415210E-004 0.21851924766083E-010 0.20073329244235E-011 0.46435662412667E-005 0.12903153285765E-001 0.52336171414276E-002 0.24348168811599E-001 0.25695433582289E-008 0.41248383676127E-003 0.23332212218531E-006 0.17630224256821E-003 0.24839404783212E-007 0.18167583723772E-003 -.35121141417962E-020 0.39591672579158E-008 0.74441686738775E+000 -.13533338098486E-025 0.88143106382573E+003 0.50231375156131E-002 -.10853964313583E+003 0.28366051540586E-001 0.10132500000000E+006 0.38798795569050E-003 0.28062390179201E+002 0.10000000000000E+001 0.00000000000000E+000 0.10000000000000E+001 0.88143106382573E+003 0.58347590209561E+000
 131 0.14907763244175E+000 0.32542492108313E-004 0.75756284475405E-008 0.51990769002318E-007 0.17702207550274E+000 0.21951777152718E-006 0.34955164702136E-001 0.43464905999088E-004 0.24860178221885E-010 0.22823567701594E-011 0.49293151319596E-005 0.12760023854405E-001 0.52921762145625E-002 0.24673018338594E-001 0.28216037542029E-008 0.41653057673551E-003 0.23643298465849E-006 0.17865702783312E-003 0.27157430174997E-007 0.18420456826489E-003 -.31391673580528E-020 0.40036394745488E-008 0.74443666297452E+000 -.12695181969784E-025 0.88709612143777E+003 0.50231375156131E-002 -.10841273302298E+003 0.28366051540586E-001 0.10132500000000E+006 0.38549970462122E-003 0.28061623454742E+002 0.10000000000000E+001 0.00000000000000E+000 0.10000000000000E+001 0.88709612143777E+003 0.62310498831914E+000
 132 0.15021398601057E+000 0.32742858349297E-004 0.81913936573740E-008 0.57152859081575E-007 0.17643230454778E+000 0.23528634369908E-006 0.35273480333216E-001 0.43886461251983E-004 0.28266529204489E-010 0.25934925313562E-011 0.52299210305991E-005 0.12616577857072E-001 0.53508802122504E-002 0.24999382858949E-001 0.30966287209631E-008 0.42051619474579E-003 0.23953983884719E-006 0.18102000686112E-003 0.29676660425724E-007 0.18673182693339E-003 -.27349619336414E-020 0.40482419509361E-008 0.74445666989874E+000 -.11855295323917E-025 0.89276678113423E+003 0.50231375156131E-002 -.10828499088087E+003 0.28366051540586E-001 0.10132500000000E+006 0.38304080063724E-003 0.28060869333822E+002 0.10000000000000E+001 0.00000000000000E+000 0.10000000000000E+001 0.89276678113423E+003 0.66526937889716E+000
 133 0.15134597756548E+000 0.32942875004341E-004 0.88466377444276E-008 0.62748376199227E-007 0.17584086093174E+000 0.25216553646576E-006 0.35591974658162E-001 0.44313445965474E-004 0.32122376917311E-010 0.29453534375677E-011 0.55460166623010E-005 0.12472825667613E-001 0.54097230494496E-002 0.25327239350161E-001 0.33965715272774E-008 0.42443729010174E-003 0.24265158785352E-006 0.18339069948362E-003 0.32413709259714E-007 0.18925586316054E-003 -.23024027157075E-020 0.40929717505773E-008 0.74447688380203E+000 -.11013738792423E-025 0.89844264710038E+003 0.50231375156131E-002 -.10815645279142E+003 0.28366051540586E-001 0.10132500000000E+006 0.38061090234111E-003 0.28060127861528E+002 0.10000000000000E+001 0.00000000000000E+000 0.10000000000000E+001 0.89844264710038E+003 0.71013812035925E+000
 134 0.15247362591206E+000 0.33142514922798E-004 0.95435686761303E-008 0.68809236118441E-007 0.17524778829630E+000 0.27023847230666E-006 0.35910628790021E-001 0.44746525309489E-004 0.36485824536698E-010 0.33431472621189E-011 0.58782623000039E-005 0.12328776413645E-001 0.54686990986832E-002 0.25656567996776E-001 0.37235535134727E-008 0.42829045769342E-003 0.24577746253919E-006 0.18576862424673E-003 0.35386548743475E-007 0.19177484405741E-003 -.18467407400569E-020 0.41378263901764E-008 0.74449730051955E+000 -.10170563853812E-025 0.90412337946684E+003 0.50231375156131E-002 -.10802715825375E+003 0.28366051540586E-001 0.10132500000000E+006 0.37820964807469E-003 0.28059399072282E+002 0.10000000000000E+001 0.00000000000000E+000 0.10000000000000E+001 0.90412337946684E+003 0.75789381508994E+000
 135 0.15359691932380E+000 0.33341744398450E-004 0.10284547159302E-007 0.75369653146457E-007 0.17465314650515E+000 0.28959503458596E-006 0.36229415167687E-001 0.45186376656119E-004 0.41422407093497E-010 0.37927395290016E-011 0.62273344243580E-005 0.12184443302035E-001 0.55278010050883E-002 0.25987340028862E-001 0.40798670010726E-008 0.43207214697898E-003 0.24892686961511E-006 0.18815320878217E-003 0.38614492998065E-007 0.19428675609649E-003 -.13763702710527E-020 0.41828021837682E-008 0.74451791532535E+000 -.93258437465073E-026 0.90980848440562E+003 0.50231375156131E-002 -.10789715510491E+003 0.28366051540586E-001 0.10132500000000E+006 0.37583674449626E-003 0.28058683016729E+002 0.10000000000000E+001 0.00000000000000E+000 0.10000000000000E+001 0.90980848440562E+003 0.80873192742885E+000
 136 0.15471592295770E+000 0.33540542159227E-004 0.11072176660332E-007 0.82467015132380E-007 0.17405695477117E+000 0.31033444866055E-006 0.36548328036774E-001 0.45633729387450E-004 0.47006588265084E-010 0.43007862502200E-011 0.65939602704186E-005 0.12039829818689E-001 0.55870253324808E-002 0.26319549373904E-001 0.44680263274668E-008 0.43577902376629E-003 0.25210965816756E-006 0.19054401597476E-003 0.42118608148084E-007 0.19678964029894E-003 -.90371588558358E-021 0.42278985460217E-008 0.74453872490598E+000 -.84795940707963E-026 0.91549785773895E+003 0.50231375156131E-002 -.10776648720969E+003 0.28366051540586E-001 0.10132500000000E+006 0.37349173992685E-003 0.28057979693399E+002 0.10000000000000E+001 0.00000000000000E+000 0.10000000000000E+001 0.91549785773895E+003 0.86286684379379E+000
 137 0.15583081272946E+000 0.33738905434535E-004 0.11909367901138E-007 0.90142600249102E-007 0.17345917215000E+000 0.33256730797657E-006 0.36867393608058E-001 0.46089379801884E-004 0.53323381528226E-010 0.48748771148810E-011 0.69789375795726E-005 0.11894925037642E-001 0.56463744813882E-002 0.26653223764154E-001 0.48908118663008E-008 0.43940805807498E-003 0.25533620402925E-006 0.19294082000313E-003 0.45922041795771E-007 0.19928166234265E-003 -.44631906486717E-021 0.42731194711494E-008 0.74455972809587E+000 -.76317453717227E-026 0.92119196695675E+003 0.50231375156131E-002 -.10763519020990E+003 0.28366051540586E-001 0.10132500000000E+006 0.37117396073979E-003 0.28057289031425E+002 0.10000000000000E+001 0.00000000000000E+000 0.10000000000000E+001 0.92119196695675E+003 0.92053622098118E+000
 138 0.15694149480219E+000 0.33936782155612E-004 0.12799076699460E-007 0.98439276588004E-007 0.17285990165135E+000 0.35640892290170E-006 0.37186561119703E-001 0.46554033391800E-004 0.60467574385369E-010 0.55234599784633E-011 0.73830045090334E-005 0.11749753101159E-001 0.57058364161555E-002 0.26988310815723E-001 0.53511474481201E-008 0.44295528421746E-003 0.25861628375651E-006 0.19534278545070E-003 0.50048844399063E-007 0.20176025524516E-003 -.28294557211318E-022 0.43184580949009E-008 0.74458091870294E+000 -.67824310019330E-026 0.92688990705151E+003 0.50231375156131E-002 -.10750333657294E+003 0.28366051540586E-001 0.10132500000000E+006 0.36888330213582E-003 0.28056611126245E+002 0.10000000000000E+001 0.00000000000000E+000 0.10000000000000E+001 0.92688990705151E+003 0.98198280498985E+000
 139 0.15804809664489E+000 0.34134158205521E-004 0.13744691645428E-007 0.10740515467667E-006 0.17225912739178E+000 0.38198993937870E-006 0.37505843203619E-001 0.47028501858855E-004 0.68547986689045E-010 0.62562224379912E-011 0.78070081985262E-005 0.11604309498305E-001 0.57654107560943E-002 0.27324824700264E-001 0.58523058626957E-008 0.44641740552067E-003 0.26196046089026E-006 0.19774951871084E-003 0.54525726913023E-007 0.20422321116588E-003 0.31834177218980E-021 0.43639165802904E-008 0.74460229472928E+000 -.59316142748502E-026 0.93259190536081E+003 0.50231375156131E-002 -.10737097799915E+003 0.28366051540586E-001 0.10132500000000E+006 0.36661920530190E-003 0.28055945934419E+002 0.10000000000000E+001 0.00000000000000E+000 0.10000000000000E+001 0.93259190536081E+003 0.10474809721525E+001
 140 0.15915108238212E+000 0.34331078144356E-004 0.14750229721279E-007 0.11709572951798E-006 0.17165664773216E+000 0.40946229264643E-006 0.37825350626728E-001 0.47513763584726E-004 0.77691268123140E-010 0.70844290580114E-011 0.82519753012402E-005 0.11458544989157E-001 0.58251153530611E-002 0.27662884292582E-001 0.63980375143326E-008 0.44979206914014E-003 0.26538050090323E-006 0.20016133141486E-003 0.59383083833821E-007 0.20666892316305E-003 0.63542098596286E-021 0.44095111869064E-008 0.74462386090140E+000 -.50789951389164E-026 0.93829994436142E+003 0.50231375156131E-002 -.10723813067537E+003 0.28366051540586E-001 0.10132500000000E+006 0.36438044237910E-003 0.28055293216268E+002 0.10000000000000E+001 0.00000000000000E+000 0.10000000000000E+001 0.93829994436142E+003 0.11173503328406E+001
 141 0.16025073825788E+000 0.34527553313447E-004 0.15819958684515E-007 0.12757053768304E-006 0.17105235338344E+000 0.43898964017522E-006 0.38145144239374E-001 0.48010746720325E-004 0.88040908364256E-010 0.80208229348877E-011 0.87189263697303E-005 0.11312432972032E-001 0.58849586835453E-002 0.28002557650068E-001 0.69923916930061E-008 0.45307621779746E-003 0.26888784928113E-006 0.20257812141591E-003 0.64653254344213E-007 0.20909522364551E-003 0.97357622330949E-021 0.44552512355171E-008 0.74464561881734E+000 -.42244041700962E-026 0.94401511840585E+003 0.50231375156131E-002 -.10710483688169E+003 0.28366051540586E-001 0.10132500000000E+006 0.36216617537049E-003 0.28054652849237E+002 0.10000000000000E+001 0.00000000000000E+000 0.10000000000000E+001 0.94401511840585E+003 0.11919295749667E+001
 142 0.16134742284125E+000 0.34723606234484E-004 0.16958655381297E-007 0.13889581988568E-006 0.17044609172649E+000 0.47075500884630E-006 0.38465307083517E-001 0.48520435841848E-004 0.99761894336245E-010 0.90800384547376E-011 0.92089754674471E-005 0.11165936642500E-001 0.59449532844551E-002 0.28343938054394E-001 0.76398735002346E-008 0.45626686002277E-003 0.27249439310498E-006 0.20499991136721E-003 0.70371757430424E-007 0.21149992609437E-003 0.13747119901497E-020 0.45011493806900E-008 0.74466757176812E+000 -.33676105225818E-026 0.94973892157601E+003 0.50231375156131E-002 -.10697113546784E+003 0.28366051540586E-001 0.10132500000000E+006 0.35997544366651E-003 0.28054024677787E+002 0.10000000000000E+001 0.00000000000000E+000 0.10000000000000E+001 0.94973892157601E+003 0.12715942836316E+001
 143 0.16244133592494E+000 0.34919229065541E-004 0.18171415530372E-007 0.15114284672040E-006 0.16983779461730E+000 0.50495620216797E-006 0.38785876882062E-001 0.49043763910262E-004 0.11304151222271E-009 0.10278662964637E-010 0.97232310190354E-005 0.11019039886598E-001 0.60051030847332E-002 0.28687072103984E-001 0.83453560595832E-008 0.45936038422057E-003 0.27621170691375E-006 0.20742633278821E-003 0.76576323801394E-007 0.21388030271748E-003 0.18794753821509E-020 0.45472119416123E-008 0.74468972010722E+000 -.25085023401144E-026 0.95547204085596E+003 0.50231375156131E-002 -.10683709047043E+003 0.28366051540586E-001 0.10132500000000E+006 0.35780762568076E-003 0.28053408646296E+002 0.10000000000000E+001 0.00000000000000E+000 0.10000000000000E+001 0.95547204085596E+003 0.13567435103761E+001
 144 0.16353238000548E+000 0.35114358551218E-004 0.19463479315332E-007 0.16438621857803E-006 0.16922755876743E+000 0.54180132563964E-006 0.39106804278982E-001 0.49581530671776E-004 0.12808984061676E-009 0.11635270061559E-010 0.10262710320157E-004 0.10871766618595E-001 0.60653954790626E-002 0.29031913863875E-001 0.91139860396796E-008 0.46235223927778E-003 0.28005046739819E-006 0.20985630321216E-003 0.83305863266448E-007 0.21623278586921E-003 0.25326717653834E-020 0.45934328119980E-008 0.74471205820965E+000 -.16471991373719E-026 0.96121360752053E+003 0.50231375156131E-002 -.10670280912682E+003 0.28366051540586E-001 0.10132500000000E+006 0.35566269731374E-003 0.28052804867712E+002 0.10000000000000E+001 0.00000000000000E+000 0.10000000000000E+001 0.96121360752053E+003 0.14477870788705E+001
 145 0.16462067441563E+000 0.35308967789673E-004 0.20840831718608E-007 0.17871010668136E-006 0.16861536056683E+000 0.58152642661559E-006 0.39428103243573E-001 0.50134642492278E-004 0.14514954549079E-009 0.13171290543764E-010 0.10828577407076E-004 0.10724111906288E-001 0.61258295186989E-002 0.29378485647602E-001 0.99515499509892E-008 0.46523840322931E-003 0.28402215245473E-006 0.21228915963423E-003 0.90603435223610E-007 0.21855408133154E-003 0.33881986178763E-020 0.46398150572600E-008 0.74473458483249E+000 -.78364912549999E-027 0.96696388672046E+003 0.50231375156131E-002 -.10656837923980E+003 0.28366051540586E-001 0.10132500000000E+006 0.35354020997495E-003 0.28052213332226E+002 0.10000000000000E+001 0.00000000000000E+000 0.10000000000000E+001 0.96696388672046E+003 0.15451873977261E+001
 146 0.16570617383499E+000 0.35502997841119E-004 0.22309808143156E-007 0.19420445757836E-006 0.16800126908152E+000 0.62438515283653E-006 0.39749738968965E-001 0.50703922517854E-004 0.16449519358529E-009 0.14910933941450E-010 0.11421958031481E-004 0.10576093396714E-001 0.61863948434496E-002 0.29726757754015E-001 0.10864262078212E-007 0.46801432536994E-003 0.28813768676522E-006 0.21472380482962E-003 0.98514095617528E-007 0.22084033480824E-003 0.45135112914407E-020 0.46863547873687E-008 0.74475729533072E+000 0.82069405560246E-028 0.97272227222213E+003 0.50231375156131E-002 -.10643391636880E+003 0.28366051540586E-001 0.10132500000000E+006 0.35144004274523E-003 0.28051634119777E+002 0.10000000000000E+001 0.00000000000000E+000 0.10000000000000E+001 0.97272227222213E+003 0.16494313771964E+001
 147 0.16678875810269E+000 0.35696373656996E-004 0.23877206137650E-007 0.21096627655551E-006 0.16738539750075E+000 0.67065266398400E-006 0.40071653710706E-001 0.51290142618719E-004 0.18643836710084E-009 0.16881631840344E-010 0.12043970374561E-004 0.10427739565150E-001 0.62470764865680E-002 0.30076675635413E-001 0.11858843946209E-007 0.47067522113320E-003 0.29240765278587E-006 0.21715889812096E-003 0.10708527305094E-006 0.22308733150224E-003 0.59947416991604E-020 0.47330448323475E-008 0.74478018337973E+000 0.94981755173968E-027 0.97848774778674E+003 0.50231375156131E-002 -.10629955321384E+003 0.28366051540586E-001 0.10132500000000E+006 0.34936221803465E-003 0.28051067345424E+002 0.10000000000000E+001 0.00000000000000E+000 0.10000000000000E+001 0.97848774778674E+003 0.17610377500264E+001
 148 0.16786872315386E+000 0.35889091556942E-004 0.25551082418353E-007 0.22910846859444E-006 0.16676762276121E+000 0.72065036411612E-006 0.40393913115787E-001 0.51894290882520E-004 0.21134414717750E-009 0.19115498042878E-010 0.12696016413162E-004 0.10279022218666E-001 0.63078824613669E-002 0.30428319435680E-001 0.12943059184208E-007 0.47321724459149E-003 0.29684424368254E-006 0.21959395628636E-003 0.11637097763261E-006 0.22529149736276E-003 0.79436691227246E-020 0.47798960076497E-008 0.74480325143165E+000 0.18197913567009E-026 0.98426150873590E+003 0.50231375156131E-002 -.10616537881086E+003 0.28366051540586E-001 0.10132500000000E+006 0.34730596506282E-003 0.28050512906087E+002 0.10000000000000E+001 0.00000000000000E+000 0.10000000000000E+001 0.98426150873590E+003 0.18806134862591E+001
 149 0.16894630492148E+000 0.36081133767100E-004 0.27340222332529E-007 0.24875467787230E-006 0.16614785368403E+000 0.77473203294483E-006 0.40716565522856E-001 0.52517326258129E-004 0.23963092609136E-009 0.21649283662484E-010 0.13379535009527E-004 0.10129921179212E-001 0.63688172626977E-002 0.30781752221959E-001 0.14125423415234E-007 0.47563622104398E-003 0.30145950752122E-006 0.22202827981459E-003 0.12642879171172E-006 0.22744886768236E-003 0.10505290055577E-019 0.48269168073233E-008 0.74482650083682E+000 0.26921428916347E-026 0.99004444388246E+003 0.50231375156131E-002 -.10603149797275E+003 0.28366051540586E-001 0.10132500000000E+006 0.34527064730823E-003 0.28049970739124E+002 0.10000000000000E+001 0.00000000000000E+000 0.10000000000000E+001 0.99004444388246E+003 0.20088158852032E+001
 150 0.17002153824981E+000 0.36272443044179E-004 0.29253932788848E-007 0.27003726388481E-006 0.16552611384389E+000 0.83327883701337E-006 0.41039599113706E-001 0.53160084556759E-004 0.27177362234833E-009 0.24524637368329E-010 0.14095898544417E-004 0.99804441928155E-002 0.64298737164671E-002 0.31136972483789E-001 0.15415089885141E-007 0.47792737619382E-003 0.30626463843555E-006 0.22446062228258E-003 0.13731838194495E-006 0.22955480690096E-003 0.13867289048628E-019 0.48741071176678E-008 0.74484992867926E+000 0.35668630312573E-026 0.99583636673507E+003 0.50231375156131E-002 -.10589804942654E+003 0.28366051540586E-001 0.10132500000000E+006 0.34325602112266E-003 0.28049440888493E+002 0.10000000000000E+001 0.00000000000000E+000 0.10000000000000E+001 0.99583636673507E+003 0.21463370574801E+001
 151 0.17109450124622E+000 0.36462965565098E-004 0.31302482381442E-007 0.29310241836488E-006 0.16490240249645E+000 0.89671408292307E-006 0.41363014503762E-001 0.53823408029376E-004 0.30831811540338E-009 0.27789366084340E-010 0.14846555131995E-004 0.98305933827658E-002 0.64910466590376E-002 0.31493993417990E-001 0.16822165185987E-007 0.48008592520509E-003 0.31127092009488E-006 0.22688973177552E-003 0.14910360014346E-006 0.23160450153265E-003 0.18273057548196E-019 0.49214687818387E-008 0.74487353287951E+000 0.44439888165764E-026 0.10016372920299E+004 0.50231375156131E-002 -.10576522150934E+003 0.28366051540586E-001 0.10132500000000E+006 0.34126177711233E-003 0.28048923382083E+002 0.10000000000000E+001 0.00000000000000E+000 0.10000000000000E+001 0.10016372920299E+004 0.22939348975478E+001
 152 0.17216538512232E+000 0.36652664801602E-004 0.33497363104690E-007 0.31811356710697E-006 0.16427665254923E+000 0.96551333491301E-006 0.41686846486993E-001 0.54508190158430E-004 0.34989565372360E-009 0.31498685129089E-010 0.15633087135735E-004 0.96803554969407E-002 0.65523369491233E-002 0.31852866549780E-001 0.18357930647956E-007 0.48210717256549E-003 0.31649002008810E-006 0.22931450002526E-003 0.16185360992516E-006 0.23359306614300E-003 0.24038513943977E-019 0.49690087552726E-008 0.74489731411087E+000 0.53236477863995E-026 0.10074479268197E+004 0.50231375156131E-002 -.10563328778392E+003 0.28366051540586E-001 0.10132500000000E+006 0.33928737811059E-003 0.28048418184960E+002 0.10000000000000E+001 0.00000000000000E+000 0.10000000000000E+001 0.10074479268197E+004 0.24524500503963E+001
 153 0.17323435653401E+000 0.36841493517758E-004 0.35851155745371E-007 0.34525039759934E-006 0.16364881096047E+000 0.10402026954526E-005 0.42011121950890E-001 0.55215291089925E-004 0.39723199013607E-009 0.35715985264462E-010 0.16457121067984E-004 0.95297207903492E-002 0.66137436092348E-002 0.32213637031078E-001 0.20034795313066E-007 0.48398620364184E-003 0.32193345204249E-006 0.23173363921670E-003 0.17564168007266E-006 0.23551525425081E-003 0.31572815313437E-019 0.50167330980424E-008 0.74492127229134E+000 0.62059493510644E-026 0.10132687549007E+004 0.50231375156131E-002 -.10550243714529E+003 0.28366051540586E-001 0.10132500000000E+006 0.33733237838700E-003 0.28047925295534E+002 0.10000000000000E+001 0.00000000000000E+000 0.10000000000000E+001 0.10132687549007E+004 0.26227974687248E+001
 154 0.17430149082326E+000 0.37029383837351E-004 0.38377463101003E-007 0.37470851278011E-006 0.16301887810773E+000 0.11213589489375E-005 0.42335839836998E-001 0.55945483555180E-004 0.45115815403572E-009 0.40513742927010E-010 0.17320266881157E-004 0.93786928128567E-002 0.66752598859582E-002 0.32576320159967E-001 0.21866284978364E-007 0.48571779038481E-003 0.32761207245166E-006 0.23414551851959E-003 0.19054418770394E-006 0.23736533486987E-003 0.41404577741809E-019 0.50646439304525E-008 0.74494540539466E+000 0.70909273335599E-026 0.10190997916825E+004 0.50231375156131E-002 -.10537274104906E+003 0.28366051540586E-001 0.10132500000000E+006 0.33539649961870E-003 0.28047444755286E+002 0.10000000000000E+001 0.00000000000000E+000 0.10000000000000E+001 0.10190997916825E+004 0.28059596801137E+001
 155 0.17536717350902E+000 0.37216316813759E-004 0.41092006462254E-007 0.40671281684300E-006 0.16238667069882E+000 0.12096477668660E-005 0.42661093205736E-001 0.56699725730128E-004 0.51264905816873E-009 0.45976895933177E-010 0.18224445798586E-004 0.92272315224732E-002 0.67368963534088E-002 0.32941038262949E-001 0.23867887200874E-007 0.48729701838790E-003 0.33353819239657E-006 0.23654905694079E-003 0.20664642929859E-006 0.23913776293404E-003 0.54220656790408E-019 0.51127574967965E-008 0.74496971845352E+000 0.79788756703162E-026 0.10249427477346E+004 0.50231375156131E-002 -.10524423788388E+003 0.28366051540586E-001 0.10132500000000E+006 0.33347891568692E-003 0.28046976474971E+002 0.10000000000000E+001 0.00000000000000E+000 0.10000000000000E+001 0.10249427477346E+004 0.30030653760294E+001
 156 0.17643194861492E+000 0.37402294318795E-004 0.44012631201747E-007 0.44151865267580E-006 0.16175190808259E+000 0.13058285921144E-005 0.42987024020089E-001 0.57479080120492E-004 0.58284566635660E-009 0.52204733612411E-010 0.19171812755929E-004 0.90752741373028E-002 0.67986723053016E-002 0.33307971911331E-001 0.26057148332585E-007 0.48871886465108E-003 0.33972499385799E-006 0.23894335707221E-003 0.22404195176927E-006 0.24082680955955E-003 0.70913699046638E-019 0.51610976505964E-008 0.74499422034479E+000 0.88702280459184E-026 0.10308002197927E+004 0.50231375156131E-002 -.10511695308427E+003 0.28366051540586E-001 0.10132500000000E+006 0.33157854507533E-003 0.28046520316447E+002 0.10000000000000E+001 0.00000000000000E+000 0.10000000000000E+001 0.10308002197927E+004 0.32153889857600E+001
 157 0.17749594640358E+000 0.37587238317378E-004 0.47157916900859E-007 0.47939601993747E-006 0.16111455387411E+000 0.14107129974893E-005 0.43313647738018E-001 0.58284288451195E-004 0.66304322039921E-009 0.59309764440197E-010 0.20164244377088E-004 0.89228169569316E-002 0.68605824284448E-002 0.33677162542910E-001 0.28452693457257E-007 0.48997742476240E-003 0.34618313027692E-006 0.24132639616975E-003 0.24282329914222E-006 0.24242562585445E-003 0.92633112511667E-019 0.52096698583943E-008 0.74501891058357E+000 0.97650781277254E-026 0.10366725388049E+004 0.50231375156131E-002 -.10499096824134E+003 0.28366051540586E-001 0.10132500000000E+006 0.32969507126866E-003 0.28046076338115E+002 0.10000000000000E+001 0.00000000000000E+000 0.10000000000000E+001 0.10366725388049E+004 0.34442482553217E+001
 158 0.17855898677350E+000 0.37771009715030E-004 0.50547258536398E-007 0.52063072265715E-006 0.16047475976847E+000 0.15251697433407E-005 0.43640883217784E-001 0.59115795859688E-004 0.75470996816489E-009 0.67419294151298E-010 0.21203348851518E-004 0.87699017489310E-002 0.69226023904514E-002 0.34048543777627E-001 0.31074287638454E-007 0.49106631888402E-003 0.35292076540708E-006 0.24369525358407E-003 0.26308130531807E-006 0.24392653508304E-003 0.12085392819123E-018 0.52584654395702E-008 0.74504378133009E+000 0.10663258674928E-025 0.10425583038637E+004 0.50231375156131E-002 -.10486640730661E+003 0.28366051540586E-001 0.10132500000000E+006 0.32782873196230E-003 0.28045644731380E+002 0.10000000000000E+001 0.00000000000000E+000 0.10000000000000E+001 0.10425583038637E+004 0.36910083113734E+001
 159 0.17962087571791E+000 0.37953460174155E-004 0.54201694441538E-007 0.56553481518909E-006 0.15983269042093E+000 0.16501558908683E-005 0.43968642928464E-001 0.59973945624552E-004 0.85952991802696E-009 0.76679113288266E-010 0.22290694937870E-004 0.86165737929736E-002 0.69847058864205E-002 0.34422042335107E-001 0.33943490586034E-007 0.49197918251377E-003 0.35994501639357E-006 0.24604676820858E-003 0.28490881530471E-006 0.24532155089957E-003 0.15747050420225E-018 0.53074748967054E-008 0.74506882410034E+000 0.11564588298340E-025 0.10484560026765E+004 0.50231375156131E-002 -.10474340083599E+003 0.28366051540586E-001 0.10132500000000E+006 0.32597978282207E-003 0.28045225688438E+002 0.10000000000000E+001 0.00000000000000E+000 0.10000000000000E+001 0.10484560026765E+004 0.39571402790850E+001
 160 0.18068192630396E+000 0.38134520422414E-004 0.58146016388874E-007 0.61447364723811E-006 0.15918820660869E+000 0.17867949802157E-005 0.44296994241142E-001 0.60859408901724E-004 0.97949580071394E-009 0.87261583686741E-010 0.23428364441453E-004 0.84628063338139E-002 0.70468951326910E-002 0.34797762938737E-001 0.37085393089650E-007 0.49271001374724E-003 0.36726543750546E-006 0.24837866694091E-003 0.30841193286864E-006 0.24660299753647E-003 0.20493693032959E-018 0.53567121395109E-008 0.74509404217206E+000 0.12469315797006E-025 0.10543669159911E+004 0.50231375156131E-002 -.10462202689043E+003 0.28366051540586E-001 0.10132500000000E+006 0.32414760101902E-003 0.28044819205440E+002 0.10000000000000E+001 0.00000000000000E+000 0.10000000000000E+001 0.10543669159911E+004 0.42443733838645E+001
 161 0.18174349319114E+000 0.38314286594020E-004 0.62411914393744E-007 0.66790743594345E-006 0.15854053171145E+000 0.19364978106962E-005 0.44626327302496E-001 0.61773710145276E-004 0.11170625867469E-008 0.99378996877881E-010 0.24619676777964E-004 0.83084214904314E-002 0.71092324772264E-002 0.35176185473824E-001 0.40531329728568E-007 0.49325296584770E-003 0.37489850869013E-006 0.25069065594800E-003 0.33372691443257E-006 0.24776377971147E-003 0.26648392196645E-018 0.54062401273870E-008 0.74511946387296E+000 0.13378589104515E-025 0.10602981484907E+004 0.50231375156131E-002 -.10450225548103E+003 0.28366051540586E-001 0.10132500000000E+006 0.32232981060642E-003 0.28044424917465E+002 0.10000000000000E+001 0.00000000000000E+000 0.10000000000000E+001 0.10602981484907E+004 0.45549218850699E+001
 162 0.18280662636262E+000 0.38492786222590E-004 0.67033956008553E-007 0.72634406070454E-006 0.15788906505933E+000 0.21008364599848E-005 0.44956939450549E-001 0.62718145168756E-004 0.12750927414857E-008 0.11327849616721E-009 0.25867836597455E-004 0.81532846700894E-002 0.71717614372479E-002 0.35557692629929E-001 0.44315880462858E-007 0.49360104967554E-003 0.38285875199991E-006 0.25298137477949E-003 0.36099372247687E-006 0.24879547270759E-003 0.34630928856504E-018 0.54561088641306E-008 0.74514511086039E+000 0.14293315218410E-025 0.10662551534158E+004 0.50231375156131E-002 -.10438410722072E+003 0.28366051540586E-001 0.10132500000000E+006 0.32052463391727E-003 0.28044042638158E+002 0.10000000000000E+001 0.00000000000000E+000 0.10000000000000E+001 0.10662551534158E+004 0.48911892416916E+001
 163 0.18387120879864E+000 0.38669835253464E-004 0.72045428194583E-007 0.79028729543169E-006 0.15723391859574E+000 0.22814031543408E-005 0.45288764472494E-001 0.63692929131798E-004 0.14567575214546E-008 0.12923318558486E-009 0.27174773299943E-004 0.79974320962367E-002 0.72344554016862E-002 0.35942253751652E-001 0.48473477310390E-007 0.49374631876303E-003 0.39115126768415E-006 0.25524654263932E-003 0.39032909049708E-006 0.24968774529968E-003 0.44976681636975E-018 0.55063142453931E-008 0.74517097675579E+000 0.15213406290588E-025 0.10722368487136E+004 0.50231375156131E-002 -.10426774644286E+003 0.28366051540586E-001 0.10132500000000E+006 0.31873231562615E-003 0.28043672639368E+002 0.10000000000000E+001 0.00000000000000E+000 0.10000000000000E+001 0.10722368487136E+004 0.52554626981494E+001
 164 0.18493692752211E+000 0.38845205014193E-004 0.77481701577853E-007 0.86027950748661E-006 0.15657533129362E+000 0.24799340090609E-005 0.45621671808078E-001 0.64697952646696E-004 0.16656854945590E-008 0.14755500934809E-009 0.28542080632818E-004 0.78409309331651E-002 0.72972742604795E-002 0.36329765145202E-001 0.53041097533211E-007 0.49368083294933E-003 0.39977772236667E-006 0.25748109938013E-003 0.42184431097398E-006 0.25042972508606E-003 0.58372305147162E-018 0.55568427501211E-008 0.74519704993531E+000 0.16138602100685E-025 0.10782410003831E+004 0.50231375156131E-002 -.10415336822514E+003 0.28366051540586E-001 0.10132500000000E+006 0.31695342541558E-003 0.28043315263116E+002 0.10000000000000E+001 0.00000000000000E+000 0.10000000000000E+001 0.10782410003831E+004 0.56501559995785E+001
 165 0.18600388182151E+000 0.39018721617031E-004 0.83383537395022E-007 0.93694609100646E-006 0.15591329377679E+000 0.26984409245186E-005 0.45955656300967E-001 0.65733338023887E-004 0.19061545989859E-008 0.16861132929922E-009 0.29971762828846E-004 0.76837901203562E-002 0.73602001039832E-002 0.36720271011168E-001 0.58061118859501E-007 0.49339666709534E-003 0.40874094434645E-006 0.25968045652006E-003 0.45566172269031E-006 0.25101045534391E-003 0.75706025466131E-018 0.56077002607995E-008 0.74522332836851E+000 0.17068998725779E-025 0.10842676454873E+004 0.50231375156131E-002 -.10404113355787E+003 0.28366051540586E-001 0.10132500000000E+006 0.31518784231221E-003 0.28042970718219E+002 0.10000000000000E+001 0.00000000000000E+000 0.10000000000000E+001 0.10842676454873E+004 0.60780469329638E+001
 166 0.18707290971163E+000 0.39190312893820E-004 0.89800316698522E-007 0.10210413236652E-005 0.15524733978644E+000 0.29393517365777E-005 0.46290941749348E-001 0.66799809412980E-004 0.21833347694125E-008 0.19284578912761E-009 0.31466786248566E-004 0.75259113761244E-002 0.74232563458926E-002 0.37114088951410E-001 0.63584298971578E-007 0.49288532288374E-003 0.41804811255851E-006 0.26184104214257E-003 0.49192910598221E-006 0.25141869397792E-003 0.98138957956687E-018 0.56589282726758E-008 0.74524982803322E+000 0.18005342501238E-025 0.10903209692814E+004 0.50231375156131E-002 -.10393114144348E+003 0.28366051540586E-001 0.10132500000000E+006 0.31343425183187E-003 0.28042639008592E+002 0.10000000000000E+001 0.00000000000000E+000 0.10000000000000E+001 0.10903209692814E+004 0.65425070150664E+001
 167 0.18814479507426E+000 0.39359873530275E-004 0.96787018638221E-007 0.11134137162464E-005 0.15457703471820E+000 0.32054230618650E-005 0.46627733254276E-001 0.67897950820638E-004 0.25032994197867E-008 0.22077881447993E-009 0.33030088071439E-004 0.73672055972825E-002 0.74864606164825E-002 0.37511523818894E-001 0.69667455328375E-007 0.49213756851720E-003 0.42770423524588E-006 0.26395853236479E-003 0.53079724181978E-006 0.25164216803882E-003 0.12717894853051E-017 0.57105665423941E-008 0.74527656358615E+000 0.18948345000164E-025 0.10964048435468E+004 0.50231375156131E-002 -.10382351827234E+003 0.28366051540586E-001 0.10132500000000E+006 0.31169148354500E-003 0.28042320214357E+002 0.10000000000000E+001 0.00000000000000E+000 0.10000000000000E+001 0.10964048435468E+004 0.70472768723294E+001
 168 0.18921981006826E+000 0.39527191927686E-004 0.10440145499099E-006 0.12149730370608E-005 0.15390226508089E+000 0.34996557304638E-005 0.46966072240102E-001 0.69027688694486E-004 0.28730183830598E-008 0.25300649938827E-009 0.34663818131865E-004 0.72076613850054E-002 0.75497973369191E-002 0.37912695706676E-001 0.76371167876227E-007 0.49114394879076E-003 0.43770727802978E-006 0.26602690762908E-003 0.57239981762713E-006 0.25166759081026E-003 0.16476774685046E-017 0.57626308080503E-008 0.74530353670728E+000 0.19898277554705E-025 0.11025202072709E+004 0.50231375156131E-002 -.10371846398150E+003 0.28366051540586E-001 0.10132500000000E+006 0.30995924233166E-003 0.28042014620073E+002 0.10000000000000E+001 0.00000000000000E+000 0.10000000000000E+001 0.11025202072709E+004 0.75962620658796E+001
 169 0.19029870884844E+000 0.39692104670436E-004 0.11271140881042E-006 0.13267896246746E-005 0.15322261828043E+000 0.38255938437578E-005 0.47306147974932E-001 0.70189282142303E-004 0.33008390390936E-008 0.29024202822437E-009 0.36370739390279E-004 0.70471983522332E-002 0.76132758429741E-002 0.38317908138054E-001 0.83766161097226E-007 0.48989410637923E-003 0.44805655746840E-006 0.26804033686607E-003 0.61688741529277E-006 0.25148085351270E-003 0.21344208646384E-017 0.58151606497473E-008 0.74533076077716E+000 0.20855845660487E-025 0.11086706965878E+004 0.50231375156131E-002 -.10361615449455E+003 0.28366051540586E-001 0.10132500000000E+006 0.30823649282678E-003 0.28041722422899E+002 0.10000000000000E+001 0.00000000000000E+000 0.10000000000000E+001 0.11086706965878E+004 0.81940433340888E+001
 170 0.19138243749641E+000 0.39854443330741E-004 0.12179442742666E-006 0.14500992667935E-005 0.15253756206052E+000 0.41873573027554E-005 0.47648206310239E-001 0.71383031201566E-004 0.37966989826322E-008 0.33333338839749E-009 0.38153838167256E-004 0.68857101113375E-002 0.76769126065769E-002 0.38727543776943E-001 0.91933429737697E-007 0.48837665691652E-003 0.45874989679714E-006 0.26999242754964E-003 0.66441822903583E-006 0.25106666197579E-003 0.27651798039311E-017 0.58682058843931E-008 0.74535825372445E+000 0.21821938700779E-025 0.11148610043076E+004 0.50231375156131E-002 -.10351677783886E+003 0.28366051540586E-001 0.10132500000000E+006 0.30652195292626E-003 0.28041443843214E+002 0.10000000000000E+001 0.00000000000000E+000 0.10000000000000E+001 0.11148610043076E+004 0.88458533032916E+001
 171 0.19247166685245E+000 0.40013959309082E-004 0.13173512380841E-006 0.15862745689864E-005 0.15184674077196E+000 0.45895766591898E-005 0.47992401335867E-001 0.72608731360912E-004 0.43722131177024E-008 0.38327004184314E-009 0.40015507642111E-004 0.67231344298694E-002 0.77407030543998E-002 0.39141888374066E-001 0.10096204134006E-006 0.48657977123430E-003 0.46977831972410E-006 0.27187524518436E-003 0.71513553594504E-006 0.25040861713552E-003 0.35830729229969E-017 0.59218037810026E-008 0.74538602606243E+000 0.22797214604747E-025 0.11210942003981E+004 0.50231375156131E-002 -.10342058160672E+003 0.28366051540586E-001 0.10132500000000E+006 0.30481483869967E-003 0.28041179255486E+002 0.10000000000000E+001 0.00000000000000E+000 0.10000000000000E+001 0.11210942003981E+004 0.95573748751031E+001
 172 0.19356722484816E+000 0.40170384727089E-004 0.14262972755390E-006 0.17368960887857E-005 0.15114970443250E+000 0.50376225665301E-005 0.48338930592658E-001 0.73866099315122E-004 0.50411877687172E-008 0.44122657928119E-009 0.41958160735289E-004 0.65593895703384E-002 0.78046461809541E-002 0.39561293347751E-001 0.11095343191141E-006 0.48449064370535E-003 0.48112934016228E-006 0.27367997854852E-003 0.76918236909542E-006 0.24948908603400E-003 0.46445442139891E-017 0.59760001613187E-008 0.74541409165080E+000 0.23782484535032E-025 0.11273741826384E+004 0.50231375156131E-002 -.10332783646189E+003 0.28366051540586E-001 0.10132500000000E+006 0.30311417837636E-003 0.28040929081306E+002 0.10000000000000E+001 0.00000000000000E+000 0.10000000000000E+001 0.11273741826384E+004 0.10335059331326E+002
 173 0.19467007992689E+000 0.40323421890146E-004 0.15458780586288E-006 0.19037887894494E-005 0.15044591970009E+000 0.55377400254368E-005 0.48688028775969E-001 0.75154720506209E-004 0.58200694279091E-008 0.50860036103280E-009 0.43984151583818E-004 0.63943773835349E-002 0.78687424950598E-002 0.39986171127843E-001 0.12202326522077E-006 0.48209534039830E-003 0.49278592230686E-006 0.27539670200715E-003 0.82669840767462E-006 0.24828902759246E-003 0.60236880313150E-017 0.60308487974336E-008 0.74544246716979E+000 0.24778700583007E-025 0.11337055711484E+004 0.50231375156131E-002 -.10323884497335E+003 0.28366051540586E-001 0.10132500000000E+006 0.30141885219918E-003 0.28040693813891E+002 0.10000000000000E+001 0.00000000000000E+000 0.10000000000000E+001 0.11337055711484E+004 0.11186237824949E+002
 174 0.19578057505591E+000 0.40472632675713E-004 0.16772497920660E-006 0.20889345229920E-005 0.14973526179651E+000 0.60968117869336E-005 0.49039723677912E-001 0.76473085725279E-004 0.67278295096275E-008 0.58700018540104E-009 0.46094220779984E-004 0.62280988724707E-002 0.79329485231202E-002 0.40416698788002E-001 0.13429487388185E-006 0.47938060423816E-003 0.50471706856679E-006 0.27701305662114E-003 0.88777334258729E-006 0.24678894768078E-003 0.78167050231087E-017 0.60863732207099E-008 0.74547115213649E+000 0.25786263163521E-025 0.11400892864728E+004 0.50231375156131E-002 -.10315400700616E+003 0.28366051540586E-001 0.10132500000000E+006 0.29972876644873E-003 0.28040474186162E+002 0.10000000000000E+001 0.00000000000000E+000 0.10000000000000E+001 0.11400892864728E+004 0.12118592154655E+002
 175 0.19689628179028E+000 0.40617173973949E-004 0.18213221781476E-006 0.22940459561828E-005 0.14901940099487E+000 0.67210739398792E-005 0.49393154390032E-001 0.77815871020323E-004 0.77839350722482E-008 0.67807003069102E-009 0.48282882195415E-004 0.60609768629925E-002 0.79970537757145E-002 0.40851970355154E-001 0.14787013166774E-006 0.47634091928639E-003 0.51685250510898E-006 0.27851165733258E-003 0.95230411083789E-006 0.24497359606301E-003 0.10142795351010E-016 0.61424577456967E-008 0.74550007263804E+000 0.26803050049682E-025 0.11465101492131E+004 0.50231375156131E-002 -.10307396018514E+003 0.28366051540586E-001 0.10132500000000E+006 0.29804802489737E-003 0.28040271506032E+002 0.10000000000000E+001 0.00000000000000E+000 0.10000000000000E+001 0.11465101492131E+004 0.13137980400363E+002
 176 0.19801213451644E+000 0.40755884588033E-004 0.19786184478302E-006 0.25203560499208E-005 0.14830173877808E+000 0.74154275733906E-005 0.49746613196942E-001 0.79173869118091E-004 0.90068249326846E-008 0.78335801840466E-009 0.50537733210121E-004 0.58938362778293E-002 0.80606936088220E-002 0.41290015528826E-001 0.16281477602241E-006 0.47298218917279E-003 0.52908198464042E-006 0.27987191738205E-003 0.10199567947341E-005 0.24283593403636E-003 0.13144245279880E-016 0.61988505273913E-008 0.74552908359394E+000 0.27824482996305E-025 0.11529375708671E+004 0.50231375156131E-002 -.10299950357495E+003 0.28366051540586E-001 0.10132500000000E+006 0.29638451434988E-003 0.28040087411718E+002 0.10000000000000E+001 0.00000000000000E+000 0.10000000000000E+001 0.11529375708671E+004 0.14247479794743E+002
 177 0.19912430556342E+000 0.40887819703286E-004 0.21497001981293E-006 0.27692183040774E-005 0.14758492273854E+000 0.81852268162187E-005 0.50098775833312E-001 0.80538676832297E-004 0.10416663132839E-007 0.90455451963594E-009 0.52846819647488E-004 0.57273218322289E-002 0.81235751352176E-002 0.41729302921632E-001 0.17919744944519E-006 0.46931249344270E-003 0.54129822164368E-006 0.28107608776145E-003 0.10903760438989E-005 0.24037251283934E-003 0.16996458988672E-016 0.62553573695933E-008 0.74555806926541E+000 0.28847043327184E-025 0.11593478754581E+004 0.50231375156131E-002 -.10293128991224E+003 0.28366051540586E-001 0.10132500000000E+006 0.29474400808078E-003 0.28039923096193E+002 0.10000000000000E+001 0.00000000000000E+000 0.10000000000000E+001 0.11593478754581E+004 0.15450412579006E+002
 178 0.20023000103492E+000 0.41012210635550E-004 0.23351691385122E-006 0.30421214092281E-005 0.14687096430452E+000 0.90363187349212E-005 0.50448639746811E-001 0.81902618941101E-004 0.12035422685472E-007 0.10434988320675E-008 0.55198589171009E-004 0.55619265659401E-002 0.81854651638257E-002 0.42168674119817E-001 0.19708977067762E-006 0.46534131272720E-003 0.55339674525936E-006 0.28210873586516E-003 0.11631865408130E-005 0.23758282217794E-003 0.21914678198707E-016 0.63118329306928E-008 0.74558693878870E+000 0.29868108317864E-025 0.11657231964942E+004 0.50231375156131E-002 -.10286985531435E+003 0.28366051540586E-001 0.10132500000000E+006 0.29313055594951E-003 0.28039779421717E+002 0.10000000000000E+001 0.00000000000000E+000 0.10000000000000E+001 0.11657231964942E+004 0.16750352848177E+002
 179 0.20132433057753E+000 0.41128125753143E-004 0.25351088695659E-006 0.33398673819514E-005 0.14616325356296E+000 0.99724422888219E-005 0.50794537022726E-001 0.83255014689634E-004 0.13881660259891E-007 0.12017306246782E-008 0.57575361900498E-004 0.53984577994516E-002 0.82460170115999E-002 0.42606101790805E-001 0.21651184363543E-006 0.46109077372506E-003 0.56524387902758E-006 0.28295422343195E-003 0.12377897483480E-005 0.23447754182498E-003 0.28143377577006E-016 0.63680209957894E-008 0.74561554495370E+000 0.30883064110194E-025 0.11720334801485E+004 0.50231375156131E-002 -.10281578289449E+003 0.28366051540586E-001 0.10132500000000E+006 0.29155105758712E-003 0.28039657319662E+002 0.10000000000000E+001 0.00000000000000E+000 0.10000000000000E+001 0.11720334801485E+004 0.18147225142844E+002
 180 0.20240332604454E+000 0.41234848206677E-004 0.27495004509683E-006 0.36631634441960E-005 0.14546460558236E+000 0.10996995429234E-004 0.51135094928951E-001 0.84586065333105E-004 0.15973249550696E-007 0.13807267969860E-008 0.59959829794786E-004 0.52375821119758E-002 0.83049442505416E-002 0.43039883674630E-001 0.23747111069389E-006 0.45658570554850E-003 0.57671331918591E-006 0.28360055375959E-003 0.13135624516165E-005 0.23107224349708E-003 0.35965991434866E-016 0.64237079307558E-008 0.74564376357192E+000 0.31888081548268E-025 0.11782539532810E+004 0.50231375156131E-002 -.10276950117992E+003 0.28366051540586E-001 0.10132500000000E+006 0.29001080888729E-003 0.28039557324513E+002 0.10000000000000E+001 0.00000000000000E+000 0.10000000000000E+001 0.11782539532810E+004 0.19640242782882E+002
 181 0.20346584705028E+000 0.41332031454473E-004 0.29786721267544E-006 0.40133095515520E-005 0.14477601233353E+000 0.12115197991563E-004 0.51469838787193E-001 0.85889387089246E-004 0.18331702198395E-007 0.15822716849907E-008 0.62339851930115E-004 0.50795402232055E-002 0.83621226017460E-002 0.43469427693584E-001 0.26000629377510E-006 0.45184343483194E-003 0.58770876436202E-006 0.28403979052161E-003 0.13900172209259E-005 0.22737923015048E-003 0.45727239751760E-016 0.64788230985617E-008 0.74567154413493E+000 0.32881921658351E-025 0.11843761701639E+004 0.50231375156131E-002 -.10273123487374E+003 0.28366051540586E-001 0.10132500000000E+006 0.28851089920474E-003 0.28039479516399E+002 0.10000000000000E+001 0.00000000000000E+000 0.10000000000000E+001 0.11843761701639E+004 0.21231022631947E+002
 182 0.20451132073525E+000 0.41419424547055E-004 0.32229636448057E-006 0.43917188239464E-005 0.14409809596556E+000 0.13332585106214E-004 0.51798476757657E-001 0.87159302216444E-004 0.20979239246973E-007 0.18082052155294E-008 0.64703956867974E-004 0.49244850469365E-002 0.84174617539823E-002 0.43894363639596E-001 0.28415496825547E-006 0.44688065368827E-003 0.59814033951883E-006 0.28426549587036E-003 0.14666685942148E-005 0.22341199781040E-003 0.57833065319644E-016 0.65333245017483E-008 0.74569885112030E+000 0.33863865110731E-025 0.11903950004030E+004 0.50231375156131E-002 -.10270115045792E+003 0.28366051540586E-001 0.10132500000000E+006 0.28705157173321E-003 0.28039423881310E+002 0.10000000000000E+001 0.00000000000000E+000 0.10000000000000E+001 0.11903950004030E+004 0.22921212544119E+002
 183 0.20553930693912E+000 0.41496824655418E-004 0.34826471377129E-006 0.47998043775104E-005 0.14343138751880E+000 0.14654618089668E-004 0.52120763089404E-001 0.88390363244605E-004 0.23937765632768E-007 0.20603356219348E-008 0.67040568424615E-004 0.47725461841061E-002 0.84708814280407E-002 0.44314371772396E-001 0.30994545660637E-006 0.44171474859380E-003 0.60792127240999E-006 0.28427240362136E-003 0.15430117511890E-005 0.21918614098926E-003 0.72754870080453E-016 0.65871767045254E-008 0.74572565280679E+000 0.34833312631186E-025 0.11963061354887E+004 0.50231375156131E-002 -.10267937960133E+003 0.28366051540586E-001 0.10132500000000E+006 0.28563286379854E-003 0.28039390369894E+002 0.10000000000000E+001 0.00000000000000E+000 0.10000000000000E+001 0.11963061354887E+004 0.24711926581860E+002
 184 0.20655014077251E+000 0.41564116326701E-004 0.37581075887895E-006 0.52392724926802E-005 0.14277590831648E+000 0.16087606548546E-004 0.52436699251824E-001 0.89578156196240E-004 0.27230732901752E-007 0.23405986714817E-008 0.69339631973818E-004 0.46237351295475E-002 0.85223439264030E-002 0.44729449146554E-001 0.33741440277031E-006 0.43636000246637E-003 0.61697481560536E-006 0.28405623189103E-003 0.16185790777899E-005 0.21471610438688E-003 0.91048832793939E-016 0.66403849196664E-008 0.74575193811614E+000 0.35790396998710E-025 0.12021097866169E+004 0.50231375156131E-002 -.10266601431033E+003 0.28366051540586E-001 0.10132500000000E+006 0.28425374414522E-003 0.28039378903189E+002 0.10000000000000E+001 0.00000000000000E+000 0.10000000000000E+001 0.12021097866169E+004 0.26604968237499E+002
 185 0.20754460530351E+000 0.41621222461336E-004 0.40498132171868E-006 0.57121006187920E-005 0.14213138191615E+000 0.17638626285572E-004 0.52746428838353E-001 0.90718878123876E-004 0.30882906299300E-007 0.26510374121020E-008 0.71591987502387E-004 0.44779951520026E-002 0.85718342587966E-002 0.45139782233979E-001 0.36660367208002E-006 0.43082830795602E-003 0.62523058517855E-006 0.28361309670644E-003 0.16929235393974E-005 0.21001546700510E-003 0.11336978037445E-015 0.66929786271851E-008 0.74577770794802E+000 0.36735685652458E-025 0.12078087813213E+004 0.50231375156131E-002 -.10266113634410E+003 0.28366051540586E-001 0.10132500000000E+006 0.28291261121564E-003 0.28039389443744E+002 0.10000000000000E+001 0.00000000000000E+000 0.10000000000000E+001 0.12078087813213E+004 0.28602589445121E+002
 186 0.20852290001864E+000 0.41668039135890E-004 0.43580238982399E-006 0.62200793464277E-005 0.14149790322857E+000 0.19313985171146E-004 0.53049915440761E-001 0.91808149370889E-004 0.34916514440515E-007 0.29934749811662E-008 0.73787099522506E-004 0.43353529734611E-002 0.86193080024093E-002 0.45545322472450E-001 0.39753075653939E-006 0.42513464794910E-003 0.63261629422413E-006 0.28293984978806E-003 0.17655462120956E-005 0.20510150383366E-003 0.14046208622398E-015 0.67449571740637E-008 0.74580294837763E+000 0.37669202908551E-025 0.12134026419299E+004 0.50231375156131E-002 -.10266482778069E+003 0.28366051540586E-001 0.10132500000000E+006 0.28160869367572E-003 0.28039421997887E+002 0.10000000000000E+001 0.00000000000000E+000 0.10000000000000E+001 0.12134026419299E+004 0.30705466624049E+002
 187 0.20948485137477E+000 0.41704471495478E-004 0.46827965602249E-006 0.67648076578301E-005 0.14087580068170E+000 0.21119144630212E-004 0.53347011273962E-001 0.92841357333608E-004 0.39350517073999E-007 0.33694542322735E-008 0.75913675375180E-004 0.41958860789991E-002 0.86647048631484E-002 0.45945868431383E-001 0.43018858958694E-006 0.41929645718002E-003 0.63906217222736E-006 0.28203461481010E-003 0.18359188546845E-005 0.19999477214995E-003 0.17316225857207E-015 0.67963003079979E-008 0.74582763640463E+000 0.38590621453423E-025 0.12188888227767E+004 0.50231375156131E-002 -.10267714843034E+003 0.28366051540586E-001 0.10132500000000E+006 0.28034172718821E-003 0.28039476560442E+002 0.10000000000000E+001 0.00000000000000E+000 0.10000000000000E+001 0.12188888227767E+004 0.32912732210810E+002
 188 0.21043051454853E+000 0.41730468471589E-004 0.50241596054560E-006 0.73479756956940E-005 0.14026524538042E+000 0.23059605505263E-004 0.53637644963024E-001 0.93814382936188E-004 0.44202326124572E-007 0.37803853161772E-008 0.77961165348585E-004 0.40596343438101E-002 0.87079788404376E-002 0.46341314732476E-001 0.46456254583223E-006 0.41333009595920E-003 0.64450700875124E-006 0.28089654561041E-003 0.19035368170433E-005 0.19471600998477E-003 0.21241983952702E-015 0.68470000584628E-008 0.74585175563828E+000 0.39499835131457E-025 0.12242661640681E+004 0.50231375156131E-002 -.10269813278520E+003 0.28366051540586E-001 0.10132500000000E+006 0.27911114498982E-003 0.28039553119863E+002 0.10000000000000E+001 0.00000000000000E+000 0.10000000000000E+001 0.12242661640681E+004 0.35223147482987E+002
 189 0.21136020892089E+000 0.41746013449083E-004 0.53821476074156E-006 0.79714326320766E-005 0.13966622854666E+000 0.25141101384314E-004 0.53921831275699E-001 0.94723625204171E-004 0.49488009845423E-007 0.42275636886566E-008 0.79919926404074E-004 0.39265956701472E-002 0.87490986405006E-002 0.46731669185752E-001 0.50063358943373E-006 0.40725022191704E-003 0.64889835852998E-006 0.27952553966725E-003 0.19679277613227E-005 0.18928540447072E-003 0.25931321266694E-015 0.68970629226358E-008 0.74587529712900E+000 0.40396996974892E-025 0.12295350815553E+004 0.50231375156131E-002 -.10272780011369E+003 0.28366051540586E-001 0.10132500000000E+006 0.27791604900367E-003 0.28039651683335E+002 0.10000000000000E+001 0.00000000000000E+000 0.10000000000000E+001 0.12295350815553E+004 0.37635307651430E+002
 190 0.21227439350028E+000 0.41751110949329E-004 0.57567773080346E-006 0.86371568240273E-005 0.13907864292260E+000 0.27369467381268E-004 0.54199631475155E-001 0.95565849219713E-004 0.55221692144745E-007 0.47121199132579E-008 0.81781005097547E-004 0.37967447939893E-002 0.87880407113726E-002 0.47117002429638E-001 0.53837550857486E-006 0.40107024878077E-003 0.65219160259051E-006 0.27792215171105E-003 0.20286473499777E-005 0.18372283418176E-003 0.31506084135347E-015 0.69465034150296E-008 0.74589825607059E+000 0.41282402240496E-025 0.12346968423281E+004 0.50231375156131E-002 -.10276616052923E+003 0.28366051540586E-001 0.10132500000000E+006 0.27675538643009E-003 0.28039772286898E+002 0.10000000000000E+001 0.00000000000000E+000 0.10000000000000E+001 0.12346968423281E+004 0.40147447072728E+002
 191 0.21317337231810E+000 0.41745782361285E-004 0.61479317117014E-006 0.93470531708315E-005 0.13850247254056E+000 0.29749925762712E-004 0.54471063429204E-001 0.96337917777131E-004 0.61413392514930E-007 0.52348380770629E-008 0.83535608603628E-004 0.36700753988102E-002 0.88247764080269E-002 0.47497324081581E-001 0.57774289431137E-006 0.39480420531457E-003 0.65434919293858E-006 0.27608805433854E-003 0.20852647794441E-005 0.17804942325343E-003 0.38101506336450E-015 0.69953281809056E-008 0.74592062437764E+000 0.42156203410055E-025 0.12397518961736E+004 0.50231375156131E-002 -.10281320484263E+003 0.28366051540586E-001 0.10132500000000E+006 0.27562832649573E-003 0.28039914959357E+002 0.10000000000000E+001 0.00000000000000E+000 0.10000000000000E+001 0.12397518961736E+004 0.42756637169877E+002
 192 0.21405725122296E+000 0.41730076063720E-004 0.65553190386863E-006 0.10102862227470E-004 0.13793781880048E+000 0.32286743720087E-004 0.54736090340709E-001 0.97036825047224E-004 0.68067761181374E-007 0.57960506977215E-008 0.85175179745143E-004 0.35466052291323E-002 0.88592718532830E-002 0.47872563096697E-001 0.61866677616260E-006 0.38846713806023E-003 0.65534207987712E-006 0.27402637551628E-003 0.21373686957898E-005 0.17228781852639E-003 0.45865624711239E-015 0.70435334444001E-008 0.74594238984400E+000 0.43018365270646E-025 0.12446996531002E+004 0.50231375156131E-002 -.10286889320913E+003 0.28366051540586E-001 0.10132500000000E+006 0.27453429994094E-003 0.28040079688749E+002 0.10000000000000E+001 0.00000000000000E+000 0.10000000000000E+001 0.12446996531002E+004 0.45458506164884E+002
 193 0.21492622984819E+000 0.41704069254397E-004 0.69785922805903E-006 0.10906362177845E-004 0.13738471239090E+000 0.34983883349507E-004 0.54994709773413E-001 0.97659989070943E-004 0.75185479909233E-007 0.63957585715359E-008 0.86692090933821E-004 0.34263345296625E-002 0.88915006518805E-002 0.48242690952218E-001 0.66106654714375E-006 0.38207304541647E-003 0.65515124278396E-006 0.27174118521233E-003 0.21845927089795E-005 0.16646018972843E-003 0.54961424813713E-015 0.70911207979622E-008 0.74596354354470E+000 0.43868947859159E-025 0.12495401355266E+004 0.50231375156131E-002 -.10293316696024E+003 0.28366051540586E-001 0.10132500000000E+006 0.27347262744210E-003 0.28040266456140E+002 0.10000000000000E+001 0.00000000000000E+000 0.10000000000000E+001 0.12495401355266E+004 0.48248029784404E+002
 194 0.21578088597218E+000 0.41667848707091E-004 0.74175115926202E-006 0.11759682307519E-004 0.13684293404669E+000 0.37846034118896E-004 0.55247036559247E-001 0.98205410094351E-004 0.82765807952419E-007 0.70338460457878E-008 0.88080129444438E-004 0.33092077723958E-002 0.89214529726270E-002 0.48607844058350E-001 0.70486608736333E-006 0.37563254268592E-003 0.65376675628554E-006 0.26923647327480E-003 0.22266320766807E-005 0.16058594802221E-003 0.65571584857712E-015 0.71381129664376E-008 0.74598408656819E+000 0.44708388064417E-025 0.12542755408876E+004 0.50231375156131E-002 -.10300597904129E+003 0.28366051540586E-001 0.10132500000000E+006 0.27244218524716E-003 0.28040475317372E+002 0.10000000000000E+001 0.00000000000000E+000 0.10000000000000E+001 0.12542755408876E+004 0.51120577261141E+002
 195 0.21662224289014E+000 0.41621482244319E-004 0.78720337590343E-006 0.12665516488250E-004 0.13631197738310E+000 0.40879302783188E-004 0.55493317816184E-001 0.98671559463120E-004 0.90808265474069E-007 0.77102224296200E-008 0.89334407777249E-004 0.31951072823311E-002 0.89491338152940E-002 0.48968354989524E-001 0.75000223820584E-006 0.36915196488986E-003 0.65118491974016E-006 0.26651532333272E-003 0.22632399418325E-005 0.15468080791375E-003 0.77904047812390E-015 0.71845579364468E-008 0.74600403101515E+000 0.45537572487454E-025 0.12589105530900E+004 0.50231375156131E-002 -.10308732262789E+003 0.28366051540586E-001 0.10132500000000E+006 0.27144135495302E-003 0.28040706476016E+002 0.10000000000000E+001 0.00000000000000E+000 0.10000000000000E+001 0.12589105530900E+004 0.54072439720785E+002
 196 0.21745118058646E+000 0.41565032193405E-004 0.83420330686211E-006 0.13626608328747E-004 0.13579142556453E+000 0.44089452084885E-004 0.55733756560842E-001 0.99056924674004E-004 0.99307748744236E-007 0.84244109970217E-008 0.90450302243903E-004 0.30839354131812E-002 0.89745403644381E-002 0.49324501393989E-001 0.79639650775861E-006 0.36263768643195E-003 0.64740788690248E-006 0.26358136719080E-003 0.22941950058782E-005 0.14876066641405E-003 0.92188274611842E-015 0.72304967228638E-008 0.74602338549809E+000 0.46357260967313E-025 0.12634490457574E+004 0.50231375156131E-002 -.10317719109046E+003 0.28366051540586E-001 0.10132500000000E+006 0.27046874508198E-003 0.28040960163674E+002 0.10000000000000E+001 0.00000000000000E+000 0.10000000000000E+001 0.12634490457574E+004 0.57098959776196E+002
 197 0.21826793239549E+000 0.41498606889526E-004 0.88269794789046E-006 0.14645061123500E-004 0.13528126415807E+000 0.47479579065153E-004 0.55968368945762E-001 0.99359889488592E-004 0.10824818981591E-006 0.91750180957218E-008 0.91422975921980E-004 0.29756802566615E-002 0.89976494504156E-002 0.49676287566770E-001 0.84392352224274E-006 0.35610032421921E-003 0.64244787171105E-006 0.26044097526497E-003 0.23192922024757E-005 0.14284534105245E-003 0.10866488906069E-014 0.72759351339152E-008 0.74604214380861E+000 0.47167583387819E-025 0.12678913654471E+004 0.50231375156131E-002 -.10327550763029E+003 0.28366051540586E-001 0.10132500000000E+006 0.26952375738033E-003 0.28041236441650E+002 0.10000000000000E+001 0.00000000000000E+000 0.10000000000000E+001 0.12678913654471E+004 0.60192479580471E+002
 198 0.21907243524987E+000 0.41422367101372E-004 0.93260769520315E-006 0.15722534437303E-004 0.13478165363349E+000 0.51050796716908E-004 0.56197092330069E-001 0.99579119226123E-004 0.11760439955918E-006 0.99598908929222E-008 0.92248239286538E-004 0.28703651144157E-002 0.90184338129720E-002 0.50023592242978E-001 0.89242578308339E-006 0.34955231255364E-003 0.63632891858176E-006 0.25710269902729E-003 0.23383729726294E-005 0.13695619397765E-003 0.12758556174986E-014 0.73208626637646E-008 0.74606029398323E+000 0.47968377774085E-025 0.12722363317895E+004 0.50231375156131E-002 -.10338213559996E+003 0.28366051540586E-001 0.10132500000000E+006 0.26860613664451E-003 0.28041535230529E+002 0.10000000000000E+001 0.00000000000000E+000 0.10000000000000E+001 0.12722363317895E+004 0.63343314664263E+002
 199 0.21986514986310E+000 0.41336451326804E-004 0.98387693872095E-006 0.16861300220956E-004 0.13429241869132E+000 0.54805756140733E-004 0.56420019487101E-001 0.99713821810258E-004 0.12735143235876E-006 0.10776904033570E-007 0.92923476181910E-004 0.27679406702750E-002 0.90368841946753E-002 0.50366522522221E-001 0.94176349671306E-006 0.34300122185783E-003 0.62908078117745E-006 0.25357389579548E-003 0.23513485165341E-005 0.13110997723205E-003 0.14923083424732E-014 0.73652982363449E-008 0.74607783697048E+000 0.48760005025316E-025 0.12764856807776E+004 0.50231375156131E-002 -.10349698415833E+003 0.28366051540586E-001 0.10132500000000E+006 0.26771503006270E-003 0.28041856602267E+002 0.10000000000000E+001 0.00000000000000E+000 0.10000000000000E+001 0.12764856807776E+004 0.66542981409489E+002
 200 0.22064722553178E+000 0.41240917933956E-004 0.10364926987262E-005 0.18064749220270E-004 0.13381295777022E+000 0.58750263087244E-004 0.56637436055508E-001 0.99763482102418E-004 0.13746859348931E-006 0.11624293903020E-007 0.93447295576529E-004 0.26682686826602E-002 0.90530058750023E-002 0.50705487661396E-001 0.99183127471628E-006 0.33644803014950E-003 0.62073257841178E-006 0.24985907608881E-003 0.23581818282839E-005 0.12531735493853E-003 0.17392557553186E-014 0.74093000349540E-008 0.74609478904555E+000 0.49543522736696E-025 0.12806448316655E+004 0.50231375156131E-002 -.10362006812871E+003 0.28366051540586E-001 0.10132500000000E+006 0.26684884855515E-003 0.28042200942776E+002 0.10000000000000E+001 0.00000000000000E+000 0.10000000000000E+001 0.12806448316655E+004 0.69785250279545E+002
 201 0.22141951443274E+000 0.41135836741758E-004 0.10904236900567E-005 0.19336089660934E-004 0.13334285678136E+000 0.62888938405331E-004 0.56849539460007E-001 0.99727570867125E-004 0.14792797138400E-006 0.12499697385018E-007 0.93818477916273E-004 0.25712514838068E-002 0.90667926632671E-002 0.51040772954881E-001 0.10424987226753E-005 0.32989520144559E-003 0.61131983036955E-006 0.24596396186969E-003 0.23588626100318E-005 0.11959015943158E-003 0.20201861329599E-014 0.74529104341573E-008 0.74611115943491E+000 0.50319706643317E-025 0.12847175503004E+004 0.50231375156131E-002 -.10375137886201E+003 0.28366051540586E-001 0.10132500000000E+006 0.26600639106500E-003 0.28042568589340E+002 0.10000000000000E+001 0.00000000000000E+000 0.10000000000000E+001 0.12847175503004E+004 0.73062281462319E+002
 202 0.22218241108209E+000 0.41021333201785E-004 0.11456048611071E-005 0.20677915897926E-004 0.13288198088888E+000 0.67223847398653E-004 0.57056399788930E-001 0.99605721345361E-004 0.15869122382777E-006 0.13399884812404E-007 0.94036182948477E-004 0.24768494500864E-002 0.90782282654043E-002 0.51372468198004E-001 0.10935970859893E-005 0.32334828700058E-003 0.60088859122674E-006 0.24189677675037E-003 0.23534188655868E-005 0.11394264444471E-003 0.23387161072834E-014 0.74961465598184E-008 0.74612694760304E+000 0.51088886373275E-025 0.12887051665255E+004 0.50231375156131E-002 -.10389083650103E+003 0.28366051540586E-001 0.10132500000000E+006 0.26518699096173E-003 0.28042959696067E+002 0.10000000000000E+001 0.00000000000000E+000 0.10000000000000E+001 0.12887051665255E+004 0.76363764856445E+002
 203 0.22293651438265E+000 0.40897506053524E-004 0.12019823033099E-005 0.22093229639866E-004 0.13243006944717E+000 0.71757852142165E-004 0.57258143404307E-001 0.99397760196885E-004 0.16971832314159E-006 0.14321492387693E-007 0.94100368142119E-004 0.23849969075767E-002 0.90872996741931E-002 0.51700754367900E-001 0.11449622361218E-005 0.31681040309801E-003 0.58948783190940E-006 0.23766505240671E-003 0.23419210666956E-005 0.10838655915466E-003 0.26988129959114E-014 0.75390375319821E-008 0.74614215753573E+000 0.51851606126871E-025 0.12926100884303E+004 0.50231375156131E-002 -.10403839534368E+003 0.28366051540586E-001 0.10132500000000E+006 0.26438978295044E-003 0.28043374527038E+002 0.10000000000000E+001 0.00000000000000E+000 0.10000000000000E+001 0.12926100884303E+004 0.79679694902412E+002
 204 0.22368192634427E+000 0.40764541916603E-004 0.12594611182993E-005 0.23584113768628E-004 0.13198715656783E+000 0.76490384637192E-004 0.57454765214892E-001 0.99103898652259E-004 0.18095756419419E-006 0.15260188329391E-007 0.94011715402133E-004 0.22956876643082E-002 0.90939887347519E-002 0.52025598119990E-001 0.11963877751339E-005 0.31028833843090E-003 0.57717949505628E-006 0.23327952512552E-003 0.23244913941851E-005 0.10293628138864E-003 0.31044634684172E-014 0.75815845630388E-008 0.74615678357978E+000 0.52607909708952E-025 0.12964321690299E+004 0.50231375156131E-002 -.10419390695590E+003 0.28366051540586E-001 0.10132500000000E+006 0.26361444371577E-003 0.28043813069539E+002 0.10000000000000E+001 0.00000000000000E+000 0.10000000000000E+001 0.12964321690299E+004 0.82997339645319E+002
 205 0.22441865330529E+000 0.40622669529819E-004 0.13179324400158E-005 0.25152287030249E-004 0.13155332324157E+000 0.81419353920138E-004 0.57646241539391E-001 0.98724794026108E-004 0.19235119127286E-006 0.16211144788276E-007 0.93771946508660E-004 0.22089232810836E-002 0.90982815515697E-002 0.52346925713288E-001 0.12476523937764E-005 0.30378921216100E-003 0.56403378551509E-006 0.22875222454477E-003 0.23013074379689E-005 0.97605726054581E-004 0.35597596757005E-014 0.76237834718334E-008 0.74617081934714E+000 0.53357739581888E-025 0.13001708588393E+004 0.50231375156131E-002 -.10435718010853E+003 0.28366051540586E-001 0.10132500000000E+006 0.26286074210003E-003 0.28044275197231E+002 0.10000000000000E+001 0.00000000000000E+000 0.10000000000000E+001 0.13001708588393E+004 0.86303004662462E+002
 206 0.22514798048302E+000 0.40471871697860E-004 0.13773866793892E-005 0.26802214054666E-004 0.13112789632982E+000 0.86550878217474E-004 0.57832881234010E-001 0.98260647596860E-004 0.20385780747196E-006 0.17170905538150E-007 0.93383020653878E-004 0.21245544966522E-002 0.91001716024042E-002 0.52665223086974E-001 0.12986179886050E-005 0.29730825466345E-003 0.55010174919746E-006 0.22408754207273E-003 0.22725432870856E-005 0.92398471793842E-004 0.40698528912149E-014 0.76657037271466E-008 0.74618428300526E+000 0.54102343968257E-025 0.13038320984931E+004 0.50231375156131E-002 -.10452830662100E+003 0.28366051540586E-001 0.10132500000000E+006 0.26212715940095E-003 0.28044761593017E+002 0.10000000000000E+001 0.00000000000000E+000 0.10000000000000E+001 0.13038320984931E+004 0.89588346033393E+002
 207 0.22587141613390E+000 0.40312034417121E-004 0.14378378103398E-005 0.28539370145699E-004 0.13071009251060E+000 0.91893540850685E-004 0.58015035581208E-001 0.97711276909487E-004 0.21543740032769E-006 0.18136133813220E-007 0.92846657638202E-004 0.20424137730318E-002 0.90996410027074E-002 0.52981075803098E-001 0.13491573199171E-005 0.29083794627336E-003 0.53542896673174E-006 0.21928777159195E-003 0.22383703629175E-005 0.87315831591617E-004 0.46406363618843E-014 0.77074287054358E-008 0.74619719482451E+000 0.54843220683510E-025 0.13074227442943E+004 0.50231375156131E-002 -.10470747705961E+003 0.28366051540586E-001 0.10132500000000E+006 0.26141203449383E-003 0.28045273238970E+002 0.10000000000000E+001 0.00000000000000E+000 0.10000000000000E+001 0.13074227442943E+004 0.92845702939457E+002
 208 0.22658949227517E+000 0.40143221023549E-004 0.14992211323951E-005 0.30367299673859E-004 0.13029970935827E+000 0.97449324485229E-004 0.58192797905249E-001 0.97077095788849E-004 0.22703176965140E-006 0.19101982868851E-007 0.92165336199232E-004 0.19624505513242E-002 0.90966628363406E-002 0.53294644288293E-001 0.13990686679951E-005 0.28437888267170E-003 0.52008071602966E-006 0.21436129131464E-003 0.21990181059472E-005 0.82365357703077E-004 0.52778089861134E-014 0.77489863698043E-008 0.74620955598030E+000 0.55580888995943E-025 0.13109446346573E+004 0.50231375156131E-002 -.10489467540797E+003 0.28366051540586E-001 0.10132500000000E+006 0.26071473839638E-003 0.28045810546890E+002 0.10000000000000E+001 0.00000000000000E+000 0.10000000000000E+001 0.13109446346573E+004 0.96062606500070E+002
 209 0.22730234344008E+000 0.39965592667313E-004 0.15614347566032E-005 0.32288519596551E-004 0.12989677184785E+000 0.10321668333770E-003 0.58366163142445E-001 0.96359093845442E-004 0.23857338977594E-006 0.20062837044654E-007 0.91342553123990E-004 0.18846583653790E-002 0.90912120248898E-002 0.53605915585291E-001 0.14481169738347E-005 0.27793484569179E-003 0.50413377905426E-006 0.20931952339600E-003 0.21547708996506E-005 0.77556403418272E-004 0.59870352491334E-014 0.77903819616620E-008 0.74622136093604E+000 0.56315465850024E-025 0.13143976528253E+004 0.50231375156131E-002 -.10508977795572E+003 0.28366051540586E-001 0.10132500000000E+006 0.26003504251541E-003 0.28046373629910E+002 0.10000000000000E+001 0.00000000000000E+000 0.10000000000000E+001 0.13143976528253E+004 0.99224432701755E+002
 210 0.22801030623208E+000 0.39779273887615E-004 0.16243903556606E-005 0.34305951819015E-004 0.12950118681760E+000 0.10919500177219E-003 0.58535178334418E-001 0.95558365487588E-004 0.24999566878446E-006 0.21013166163067E-007 0.90382323436321E-004 0.18090070621086E-002 0.90832646014990E-002 0.53914965026409E-001 0.14960771859976E-005 0.27150747209274E-003 0.48766343256494E-006 0.20417287867838E-003 0.21059355413320E-005 0.72895909904960E-004 0.67744166675101E-014 0.78316325965039E-008 0.74623260807390E+000 0.57047275525682E-025 0.13177826964578E+004 0.50231375156131E-002 -.10529270353186E+003 0.28366051540586E-001 0.10132500000000E+006 0.25937252748459E-003 0.28046962730348E+002 0.10000000000000E+001 0.00000000000000E+000 0.10000000000000E+001 0.13177826964578E+004 0.10231719506950E+003
 211 0.22871402969788E+000 0.39584306742113E-004 0.16880253403848E-005 0.36423396011669E-004 0.12911268904064E+000 0.11538593698118E-003 0.58699963691340E-001 0.94675836468382E-004 0.26123534033511E-006 0.21947723412786E-007 0.89288756427821E-004 0.17354337419712E-002 0.90727923320130E-002 0.54222004137300E-001 0.15427420138550E-005 0.26509524810006E-003 0.47073910735192E-006 0.19892967307855E-003 0.20528219156610E-005 0.68387868766352E-004 0.76467391480110E-014 0.78727739193485E-008 0.74624330064994E+000 0.57776969296584E-025 0.13211021315426E+004 0.50231375156131E-002 -.10550346065919E+003 0.28366051540586E-001 0.10132500000000E+006 0.25872650034091E-003 0.28047578360785E+002 0.10000000000000E+001 0.00000000000000E+000 0.10000000000000E+001 0.13211021315426E+004 0.10532804845810E+003
 212 0.22941435217768E+000 0.39380665812364E-004 0.17522938410113E-005 0.38645365125773E-004 0.12873091911983E+000 0.12179281452532E-003 0.58860677156568E-001 0.93712247516440E-004 0.27223073064152E-006 0.22861400108693E-007 0.88065946722428E-004 0.16638589710199E-002 0.90597593992009E-002 0.54527326193805E-001 0.15879124779240E-005 0.25869464542485E-003 0.45342581482276E-006 0.19359678657919E-003 0.19957406139801E-005 0.64034392485241E-004 0.86115048822130E-014 0.79138531668568E-008 0.74625344391664E+000 0.58505405389373E-025 0.13243591179338E+004 0.50231375156131E-002 -.10572212843279E+003 0.28366051540586E-001 0.10132500000000E+006 0.25809613204969E-003 0.28048221256073E+002 0.10000000000000E+001 0.00000000000000E+000 0.10000000000000E+001 0.13243591179338E+004 0.10824468824163E+003
 213 0.23011205166860E+000 0.39168323427457E-004 0.18171442646027E-005 0.40976379673248E-004 0.12835556462276E+000 0.12841852849001E-003 0.59017453960713E-001 0.92668431508682E-004 0.28291794299799E-006 0.23748908349339E-007 0.86718286282623E-004 0.15942138485368E-002 0.90441246868546E-002 0.54831196565699E-001 0.16313807451536E-005 0.25230245944170E-003 0.43578973362501E-006 0.18818149906735E-003 0.19350181118946E-005 0.59837436994738E-004 0.96766963583771E-014 0.79549146274496E-008 0.74626304101592E+000 0.59233390973747E-025 0.13275564022874E+004 0.50231375156131E-002 -.10594878554270E+003 0.28366051540586E-001 0.10132500000000E+006 0.25748069260788E-003 0.28048892170452E+002 0.10000000000000E+001 0.00000000000000E+000 0.10000000000000E+001 0.13275564022874E+004 0.11105425282692E+003
 214 0.23080782938033E+000 0.38947259922171E-004 0.18825169670037E-005 0.43420847576286E-004 0.12798636772611E+000 0.13526524434466E-003 0.59170404005985E-001 0.91545384967559E-004 0.29323095915688E-006 0.24604789499118E-007 0.85250550977132E-004 0.15264410724623E-002 0.90258431787913E-002 0.55133845001317E-001 0.16729296797727E-005 0.24591604293996E-003 0.41789868530757E-006 0.18269170693468E-003 0.18709986673305E-005 0.55798896238840E-004 0.10850734929301E-013 0.79959986016960E-008 0.74627209290567E+000 0.59961662943625E-025 0.13306962565536E+004 0.50231375156131E-002 -.10618350020876E+003 0.28366051540586E-001 0.10132500000000E+006 0.25687955981046E-003 0.28049591848795E+002 0.10000000000000E+001 0.00000000000000E+000 0.10000000000000E+001 0.13306962565536E+004 0.11374330267876E+003
 215 0.23150240024194E+000 0.38717439200741E-004 0.19483521446560E-005 0.45983321491638E-004 0.12762307632554E+000 0.14233516913024E-003 0.59319632592721E-001 0.90344161524833E-004 0.30310341474672E-006 0.25423561343978E-007 0.83667749422924E-004 0.14604856809915E-002 0.90048644201911E-002 0.55435504470221E-001 0.17123390363874E-005 0.23953255412986E-003 0.39981975346191E-006 0.17713527657649E-003 0.18040357557368E-005 0.51920073692132E-004 0.12142617958075E-013 0.80371466903590E-008 0.74628059965435E+000 0.60690981928571E-025 0.13337808969335E+004 0.50231375156131E-002 -.10642635685689E+003 0.28366051540586E-001 0.10132500000000E+006 0.25629213657166E-003 0.28050321107268E+002 0.10000000000000E+001 0.00000000000000E+000 0.10000000000000E+001 0.13337808969335E+004 0.11629822935140E+003
 216 0.23219658089720E+000 0.38478778229533E-004 0.20145979659741E-005 0.48668834649695E-004 0.12726540042509E+000 0.14963147075994E-003 0.59465258001974E-001 0.89065710085493E-004 0.31247007999739E-006 0.26199840284042E-007 0.81974887769719E-004 0.13962873162659E-002 0.89811290128976E-002 0.55736448565294E-001 0.17493901578229E-005 0.23314822172497E-003 0.38161677194824E-006 0.17151935586798E-003 0.17344812850723E-005 0.48201277512181E-004 0.13562137355669E-013 0.80784070387570E-008 0.74628856130736E+000 0.61422225921329E-025 0.13368128542229E+004 0.50231375156131E-002 -.10667748838262E+003 0.28366051540586E-001 0.10132500000000E+006 0.25571778010102E-003 0.28051080934622E+002 0.10000000000000E+001 0.00000000000000E+000 0.10000000000000E+001 0.13368128542229E+004 0.11870557152020E+003
 217 0.23289120409142E+000 0.38231173215381E-004 0.20812021500306E-005 0.51482608655783E-004 0.12691306016611E+000 0.15715744607809E-003 0.59607391285311E-001 0.87711008568302E-004 0.32126576508641E-006 0.26928250118446E-007 0.80177126176549E-004 0.13337892011913E-002 0.89545700004438E-002 0.56036953312427E-001 0.17838603908279E-005 0.22675921144907E-003 0.36335240878913E-006 0.16585108283052E-003 0.16626917098758E-005 0.44642405382242E-004 0.15119797440899E-013 0.81198293142185E-008 0.74629597655164E+000 0.62156302722431E-025 0.13397945656392E+004 0.50231375156131E-002 -.10693704846451E+003 0.28366051540586E-001 0.10132500000000E+006 0.25515587964082E-003 0.28051872415021E+002 0.10000000000000E+001 0.00000000000000E+000 0.10000000000000E+001 0.13397945656392E+004 0.12095166722116E+003
 218 0.23358697050976E+000 0.37974556248932E-004 0.21480971303324E-005 0.54429391029117E-004 0.12656586079347E+000 0.16491479754553E-003 0.59746106391625E-001 0.86281391853436E-004 0.32942391639561E-006 0.27603305831196E-007 0.78280198779525E-004 0.12729512098084E-002 0.89251191395904E-002 0.56337232356071E-001 0.18155166326534E-005 0.22036307500350E-003 0.34509201568259E-006 0.16013886215784E-003 0.15890429785721E-005 0.41243704103151E-004 0.16826475417092E-013 0.81614558346400E-008 0.74630284119526E+000 0.62893993481094E-025 0.13427277434384E+004 0.50231375156131E-002 -.10720515286325E+003 0.28366051540586E-001 0.10132500000000E+006 0.25460597356023E-003 0.28052696551789E+002 0.10000000000000E+001 0.00000000000000E+000 0.10000000000000E+001 0.13427277434384E+004 0.12302224472536E+003
 219 0.23428449053426E+000 0.37708889440591E-004 0.22152034753371E-005 0.57513474842222E-004 0.12622366764085E+000 0.17290383313774E-003 0.59881451464055E-001 0.84778552847288E-004 0.33687814660051E-006 0.28219540285943E-007 0.76290393192875E-004 0.12137447478201E-002 0.88927077266031E-002 0.56637454800133E-001 0.18441205579537E-005 0.21395844879610E-003 0.32690235536406E-006 0.15439209610043E-003 0.15139263409277E-005 0.38005445691132E-004 0.18693403022955E-013 0.82033239405260E-008 0.74630914903273E+000 0.63635993944749E-025 0.13456135927981E+004 0.50231375156131E-002 -.10748188678112E+003 0.28366051540586E-001 0.10132500000000E+006 0.25406770490982E-003 0.28053554288000E+002 0.10000000000000E+001 0.00000000000000E+000 0.10000000000000E+001 0.13456135927981E+004 0.12490276778876E+003
 220 0.23498458013490E+000 0.37434054532399E-004 0.22824580551491E-005 0.60739948491669E-004 0.12588626143881E+000 0.18112677216749E-003 0.60013506246124E-001 0.83203929962112E-004 0.34356600590548E-006 0.28771815103007E-007 0.74213711474854E-004 0.11561276184189E-002 0.88572531358223E-002 0.56937871821275E-001 0.18694421548477E-005 0.20754242178493E-003 0.30884364484632E-006 0.14861877589914E-003 0.14377147238649E-005 0.34926566329653E-004 0.20732944417963E-013 0.82454837436369E-008 0.74631489451700E+000 0.64383227476754E-025 0.13484540344570E+004 0.50231375156131E-002 -.10776742033370E+003 0.28366051540586E-001 0.10132500000000E+006 0.25354059239085E-003 0.28054446867218E+002 0.10000000000000E+001 0.00000000000000E+000 0.10000000000000E+001 0.13484540344570E+004 0.12657933287986E+003
 221 0.23568836749757E+000 0.37149799994532E-004 0.23498236346856E-005 0.64115343282307E-004 0.12555329784576E+000 0.18958924140352E-003 0.60142395707577E-001 0.81558386901481E-004 0.34942922761751E-006 0.29255339229835E-007 0.72055435879169E-004 0.11000383052990E-002 0.88186487674186E-002 0.57238859951345E-001 0.18912591889021E-005 0.20110967359946E-003 0.29096699330147E-006 0.14282464090281E-003 0.13607485015308E-005 0.32004499216567E-004 0.22959177678609E-013 0.82880047697628E-008 0.74632007263051E+000 0.65136964812915E-025 0.13512520394568E+004 0.50231375156131E-002 -.10806206285473E+003 0.28366051540586E-001 0.10132500000000E+006 0.25302397178165E-003 0.28055376019687E+002 0.10000000000000E+001 0.00000000000000E+000 0.10000000000000E+001 0.13512520394568E+004 0.12803866435504E+003
 222 0.23639690687746E+000 0.36855889880003E-004 0.24172506872486E-005 0.67645886503790E-004 0.12522449979794E+000 0.19829576014580E-003 0.60268213814625E-001 0.79843075663827E-004 0.35440979860446E-006 0.29665344079153E-007 0.69821259845033E-004 0.10454292962587E-002 0.87767814585251E-002 0.57540753244122E-001 0.19093412680242E-005 0.19465614162843E-003 0.27332464072450E-006 0.13701645959706E-003 0.12833771927824E-005 0.29237024030931E-004 0.25386921905624E-013 0.83309528090400E-008 0.74632467519133E+000 0.65898417685658E-025 0.13540100090557E+004 0.50231375156131E-002 -.10836610844797E+003 0.28366051540586E-001 0.10132500000000E+006 0.25251729736152E-003 0.28056343492370E+002 0.10000000000000E+001 0.00000000000000E+000 0.10000000000000E+001 0.13540100090557E+004 0.12926708349379E+003
 223 0.23711127031678E+000 0.36552073144995E-004 0.24846852127140E-005 0.71337818794831E-004 0.12489961390759E+000 0.20725062915700E-003 0.60391041021235E-001 0.78059291338656E-004 0.35845143874318E-006 0.29997205082002E-007 0.67517077230623E-004 0.99225937202660E-003 0.87315275289801E-002 0.57843881239614E-001 0.19234548190140E-005 0.18817830511580E-003 0.25596763578090E-006 0.13120137227148E-003 0.12059496900338E-005 0.26621845364617E-004 0.28031988854889E-013 0.83743954152748E-008 0.74632869163771E+000 0.66668836378305E-025 0.13567301462547E+004 0.50231375156131E-002 -.10867986880399E+003 0.28366051540586E-001 0.10132500000000E+006 0.25202007121893E-003 0.28057351157700E+002 0.10000000000000E+001 0.00000000000000E+000 0.10000000000000E+001 0.13567301462547E+004 0.13025084504419E+003
 224 0.23783278636514E+000 0.36237982839326E-004 0.25520899145496E-005 0.75198594179125E-004 0.12457830699563E+000 0.21646083450672E-003 0.60510982822266E-001 0.76207905239409E-004 0.36150100938452E-006 0.30246556185651E-007 0.65148239413048E-004 0.94047693643341E-003 0.86827364069541E-002 0.58148667884887E-001 0.19333672194215E-005 0.18167117391495E-003 0.23894031291341E-006 0.12538507122097E-003 0.11287887183914E-005 0.24155810028034E-004 0.30912169301414E-013 0.84184164948061E-008 0.74633210999031E+000 0.67449769154662E-025 0.13594153235919E+004 0.50231375156131E-002 -.10900377792280E+003 0.28366051540586E-001 0.10132500000000E+006 0.25153168466053E-003 0.28058401362899E+002 0.10000000000000E+001 0.00000000000000E+000 0.10000000000000E+001 0.13594153235919E+004 0.13097644299008E+003
 225 0.23856281487101E+000 0.35913231231839E-004 0.26194210343007E-005 0.79235704584613E-004 0.12426027637470E+000 0.22593314646521E-003 0.60628127022189E-001 0.74289954362494E-004 0.36350698510484E-006 0.30409163469872E-007 0.62720314944065E-004 0.89003856587343E-003 0.86302426657324E-002 0.58455532701408E-001 0.19388405027510E-005 0.17513052079564E-003 0.22228628977962E-006 0.11957380478498E-003 0.10522164901594E-005 0.21835873052825E-004 0.34046574625485E-013 0.84631027333007E-008 0.74633491497627E+000 0.68242823340967E-025 0.13620681604764E+004 0.50231375156131E-002 -.10933829450153E+003 0.28366051540586E-001 0.10132500000000E+006 0.25105158760935E-003 0.28059496634948E+002 0.10000000000000E+001 0.00000000000000E+000 0.10000000000000E+001 0.13620681604764E+004 0.13143020124669E+003
 226 0.23930253188306E+000 0.35577514706326E-004 0.26866074224016E-005 0.83455286956192E-004 0.12394534298355E+000 0.23567100978364E-003 0.60742510389525E-001 0.72307304359206E-004 0.36442004382643E-006 0.30480974478470E-007 0.60239894419922E-004 0.84092324028013E-003 0.85738832865102E-002 0.58764798550681E-001 0.19396340194756E-005 0.16855497075350E-003 0.20605321885785E-006 0.11377619091517E-003 0.97657696828944E-006 0.19659692992503E-004 0.37454607395442E-013 0.85085303706373E-008 0.74633708740335E+000 0.69049431746216E-025 0.13646902541274E+004 0.50231375156131E-002 -.10968379515484E+003 0.28366051540586E-001 0.10132500000000E+006 0.25057942542947E-003 0.28060639338292E+002 0.10000000000000E+001 0.00000000000000E+000 0.10000000000000E+001 0.13646902541274E+004 0.13159841633397E+003
 227 0.24005296475626E+000 0.35230613398277E-004 0.27535539819381E-005 0.87861974003115E-004 0.12363342848972E+000 0.24567455533276E-003 0.60854129602472E-001 0.70262684355064E-004 0.36419559288397E-006 0.30458326434284E-007 0.57714556113352E-004 0.79312740055467E-003 0.85135000509798E-002 0.59076706148713E-001 0.19355144843876E-005 0.16194579739170E-003 0.19029102763840E-006 0.10800291434585E-003 0.90222870704232E-006 0.17625269026775E-004 0.41155743528195E-013 0.85547671503529E-008 0.74633860514667E+000 0.69870888153706E-025 0.13672823833014E+004 0.50231375156131E-002 -.11004057624527E+003 0.28366051540586E-001 0.10132500000000E+006 0.25011499780082E-003 0.28061831676172E+002 0.10000000000000E+001 0.00000000000000E+000 0.10000000000000E+001 0.13672823833014E+004 0.13146798794639E+003
 228 0.24081532106173E+000 0.34872248936478E-004 0.28201708495097E-005 0.92460564249042E-004 0.12332441618285E+000 0.25594466547248E-003 0.60962992376018E-001 0.68158874982295E-004 0.36279541775064E-006 0.30338079768651E-007 0.55151792000664E-004 0.74664294913223E-003 0.84489157674602E-002 0.59391549373766E-001 0.19262614293974E-005 0.15530416416971E-003 0.17504432876333E-006 0.10226419120707E-003 0.82950877408175E-006 0.15729935722879E-004 0.45170906223151E-013 0.86018924928762E-008 0.74633944419322E+000 0.70708707368547E-025 0.13698456735613E+004 0.50231375156131E-002 -.11040900121540E+003 0.28366051540586E-001 0.10132500000000E+006 0.24965804777223E-003 0.28063076185686E+002 0.10000000000000E+001 0.00000000000000E+000 0.10000000000000E+001 0.13698456735613E+004 0.13102680773488E+003
 229 0.24159112740014E+000 0.34502019133021E-004 0.28863829621520E-005 0.97256784576791E-004 0.12301810610413E+000 0.26648469357018E-003 0.61069131620131E-001 0.65998363433515E-004 0.36018722155310E-006 0.30117577884608E-007 0.52558570266339E-004 0.70145133977284E-003 0.83799197342532E-002 0.59709727415634E-001 0.19116647043475E-005 0.14863018598373E-003 0.16035024242983E-006 0.96568926554816E-004 0.75872044274931E-006 0.13970203725340E-004 0.49523355044052E-013 0.86500062483850E-008 0.74633957796563E+000 0.71564783084703E-025 0.13723819710464E+004 0.50231375156131E-002 -.11078956845651E+003 0.28366051540586E-001 0.10132500000000E+006 0.24920819716083E-003 0.28064375993058E+002 0.10000000000000E+001 0.00000000000000E+000 0.10000000000000E+001 0.13723819710464E+004 0.13026362709383E+003
 230 0.24238221012488E+000 0.34119406872822E-004 0.29521243456537E-005 0.10225709784356E-003 0.12271423924044E+000 0.27729999171127E-003 0.61172594510797E-001 0.63783456040294E-004 0.35634397842763E-006 0.29794592433972E-007 0.49941476343904E-004 0.65752841781212E-003 0.83062652349716E-002 0.60031729492114E-001 0.18915219793713E-005 0.14192346369519E-003 0.14623991768232E-006 0.90925188372584E-004 0.69013854807319E-006 0.12342059804500E-004 0.54238861109825E-013 0.86992277542615E-008 0.74633897610054E+000 0.72441375037214E-025 0.13748936432714E+004 0.50231375156131E-002 -.11118290316306E+003 0.28366051540586E-001 0.10132500000000E+006 0.24876498484054E-003 0.28065734823978E+002 0.10000000000000E+001 0.00000000000000E+000 0.10000000000000E+001 0.13748936432714E+004 0.12916789720395E+003
 231 0.24319086775093E+000 0.33723699391237E-004 0.30173471735733E-005 0.10746964923975E-003 0.12241245049792E+000 0.28839991512657E-003 0.61273455734668E-001 0.61515897078741E-004 0.35124243258050E-006 0.29367196848943E-007 0.47306277744990E-004 0.61483898211019E-003 0.82276491533904E-002 0.60358195790030E-001 0.18656317701644E-005 0.13518208531287E-003 0.13273687287766E-006 0.85339408788717E-004 0.62399982101056E-006 0.10840866434955E-004 0.59347039738170E-013 0.87497068390579E-008 0.74633760296773E+000 0.73341315159144E-025 0.13773839711993E+004 0.50231375156131E-002 -.11158984174034E+003 0.28366051540586E-001 0.10132500000000E+006 0.24832780046631E-003 0.28067157342516E+002 0.10000000000000E+001 0.00000000000000E+000 0.10000000000000E+001 0.13773839711993E+004 0.12772936626547E+003
 232 0.24401982469281E+000 0.33314015887257E-004 0.30820105831005E-005 0.11290376061387E-003 0.12211231161925E+000 0.29979666242346E-003 0.61371799416478E-001 0.59197153221928E-004 0.34486247455957E-006 0.28833713876365E-007 0.44658293329699E-004 0.57334466845414E-003 0.81437108956548E-002 0.60689886155715E-001 0.18337911683125E-005 0.12840363935362E-003 0.11985976657949E-006 0.79817316754292E-004 0.56051502181222E-006 0.94617556350855E-005 0.64881478496550E-013 0.88016212974466E-008 0.74633541597281E+000 0.74267974556594E-025 0.13798568000402E+004 0.50231375156131E-002 -.11201140540255E+003 0.28366051540586E-001 0.10132500000000E+006 0.24789594954537E-003 0.28068649123903E+002 0.10000000000000E+001 0.00000000000000E+000 0.10000000000000E+001 0.13798568000402E+004 0.12593792585956E+003
 233 0.24487207805363E+000 0.32889396727496E-004 0.31460613393878E-005 0.11856850469065E-003 0.12181340864634E+000 0.31150238860994E-003 0.61467691373944E-001 0.56829058674584E-004 0.33718867839089E-006 0.28192842706794E-007 0.42003134296808E-004 0.53301578710602E-003 0.80540451870452E-002 0.61027605520477E-001 0.17958037718279E-005 0.12158714155329E-003 0.10762620099040E-006 0.74365533241498E-004 0.49988693392868E-006 0.82000516014998E-005 0.70878878123959E-013 0.88551675473631E-008 0.74633236466069E+000 0.75225106192697E-025 0.13823159135203E+004 0.50231375156131E-002 -.11244871076668E+003 0.28366051540586E-001 0.10132500000000E+006 0.24746876463805E-003 0.28070216402966E+002 0.10000000000000E+001 0.00000000000000E+000 0.10000000000000E+001 0.13823159135203E+004 0.12378404925154E+003
 234 0.24575094002773E+000 0.32448803962073E-004 0.32094303208066E-005 0.12447234159328E-003 0.12151534401575E+000 0.32352878750738E-003 0.61561177746051E-001 0.54413954379755E-004 0.32821167633951E-006 0.27443771771756E-007 0.39346814410110E-004 0.49383193179875E-003 0.79581982485792E-002 0.61372207280171E-001 0.17514866574342E-005 0.11473337273575E-003 0.96052728404988E-007 0.68991763301992E-004 0.44230994757274E-006 0.70512343285158E-005 0.77379173413258E-013 0.89105634076117E-008 0.74632838985969E+000 0.76216904726204E-025 0.13847650369451E+004 0.50231375156131E-002 -.11290297171199E+003 0.28366051540586E-001 0.10132500000000E+006 0.24704560485473E-003 0.28071866141537E+002 0.10000000000000E+001 0.00000000000000E+000 0.10000000000000E+001 0.13847650369451E+004 0.12125918788379E+003
 235 0.24665974965154E+000 0.31991293951283E-004 0.32720055775106E-005 0.13062033850064E-003 0.12121784778136E+000 0.33588197494508E-003 0.61652250724704E-001 0.51955756122083E-004 0.31793391951194E-006 0.26586656525498E-007 0.36696831469271E-004 0.45579632073641E-003 0.78557026697955E-002 0.61724466253470E-001 0.17006995623017E-005 0.10784779738607E-003 0.85158591210682E-007 0.63706905460350E-004 0.38798800792582E-006 0.60112523708056E-005 0.84422893984186E-013 0.89680299249933E-008 0.74632342475930E+000 0.77247693271216E-025 0.13872069502390E+004 0.50231375156131E-002 -.11337532340708E+003 0.28366051540586E-001 0.10132500000000E+006 0.24662600794568E-003 0.28073605447690E+002 0.10000000000000E+001 0.00000000000000E+000 0.10000000000000E+001 0.13872069502390E+004 0.11835742489886E+003
 236 0.24760175249962E+000 0.31516112778067E-004 0.33336217984040E-005 0.13701230285811E-003 0.12092081559018E+000 0.34855967107738E-003 0.61740841231576E-001 0.49460501924714E-004 0.30637564255190E-006 0.25623113239737E-007 0.34062559556903E-004 0.41893865358530E-003 0.77461006409250E-002 0.62085021978219E-001 0.16433764422394E-005 0.10094187502704E-003 0.74965347939337E-007 0.58525654258217E-004 0.33713172184218E-006 0.50763838425935E-005 0.92049031682552E-013 0.90277834459131E-008 0.74631739672225E+000 0.78321792524325E-025 0.13896432112400E+004 0.50231375156131E-002 -.11386672414779E+003 0.28366051540586E-001 0.10132500000000E+006 0.24620973328392E-003 0.28075441242676E+002 0.10000000000000E+001 0.00000000000000E+000 0.10000000000000E+001 0.13896432112400E+004 0.11507725261786E+003
 237 0.24858106933156E+000 0.31022243953544E-004 0.33941181987385E-005 0.14364821350277E-003 0.12062401286683E+000 0.36156287803177E-003 0.61826909554368E-001 0.46934029963583E-004 0.29356673612190E-006 0.24555540807540E-007 0.31452631437593E-004 0.38327738609437E-003 0.76288390315752E-002 0.62454733410785E-001 0.15794889590184E-005 0.94026538584829E-004 0.65485468894300E-007 0.53461268737214E-004 0.28989977078656E-006 0.42421615572560E-005 0.10030173997121E-012 0.90900968493026E-008 0.74631022157971E+000 0.79444640276827E-025 0.13920766181593E+004 0.50231375156131E-002 -.11437842276626E+003 0.28366051540586E-001 0.10132500000000E+006 0.24579633900017E-003 0.28077382061756E+002 0.10000000000000E+001 0.00000000000000E+000 0.10000000000000E+001 0.13920766181593E+004 0.11141942079622E+003
 238 0.24960385662327E+000 0.30507870241341E-004 0.34533851821261E-005 0.15053459130045E-003 0.12032679513401E+000 0.37490868837079E-003 0.61910516801831E-001 0.44379613958726E-004 0.27953211030564E-006 0.23385903298327E-007 0.28872599121294E-004 0.34879090095246E-003 0.75031241992971E-002 0.62835070557126E-001 0.15089767274971E-005 0.87106004717653E-004 0.56715590313556E-007 0.48521283922152E-004 0.24636383107840E-006 0.35029312125715E-005 0.10924022713775E-012 0.91553740440332E-008 0.74630179130911E+000 0.80624179260854E-025 0.13945135433245E+004 0.50231375156131E-002 -.11491251965486E+003 0.28366051540586E-001 0.10132500000000E+006 0.24538479534829E-003 0.28079440398255E+002 0.10000000000000E+001 0.00000000000000E+000 0.10000000000000E+001 0.13945135433245E+004 0.10738284757132E+003
 239 0.25067780041953E+000 0.29970707811349E-004 0.35112939792113E-005 0.15767865569636E-003 0.12002837001366E+000 0.38861934153697E-003 0.61991735187545E-001 0.41800312361408E-004 0.26430016439976E-006 0.22116434967196E-007 0.26327529364946E-004 0.31545573938411E-003 0.73679747968889E-002 0.63227851312625E-001 0.14317914937371E-005 0.80184502944522E-004 0.48647975090590E-007 0.43712816196189E-004 0.20656483623076E-006 0.28529781334091E-005 0.11893461828568E-012 0.92241186888543E-008 0.74629197216673E+000 0.81870365375674E-025 0.13969618525953E+004 0.50231375156131E-002 -.11547162625842E+003 0.28366051540586E-001 0.10132500000000E+006 0.24497385155577E-003 0.28081631748241E+002 0.10000000000000E+001 0.00000000000000E+000 0.10000000000000E+001 0.13969618525953E+004 0.10296703307461E+003
 240 0.25181083183892E+000 0.29408754242020E-004 0.35675970895094E-005 0.16507658525713E-003 0.11972822386774E+000 0.40270129175524E-003 0.62070528713861E-001 0.39202981819773E-004 0.24792811022186E-006 0.20751747047993E-007 0.23825864502722E-004 0.28329612880391E-003 0.72223950799870E-002 0.63634706151947E-001 0.13480300592468E-005 0.73277024506843E-004 0.41281899654195E-007 0.39049811103440E-004 0.17056740651961E-006 0.22873880464176E-005 0.12945231830054E-012 0.92968518869788E-008 0.74628061490314E+000 0.83193754696369E-025 0.13994275025066E+004 0.50231375156131E-002 -.11605808604360E+003 0.28366051540586E-001 0.10132500000000E+006 0.24456261045030E-003 0.28083971833486E+002 0.10000000000000E+001 0.00000000000000E+000 0.10000000000000E+001 0.13994275025066E+004 0.98179496665286E+002
 241 0.25301136790959E+000 0.28820279702514E-004 0.36219252941550E-005 0.17271171619339E-003 0.11942607230934E+000 0.41714441707127E-003 0.62146777118699E-001 0.36598193326071E-004 0.23050829009290E-006 0.19299356464945E-007 0.21378922864075E-004 0.25237407415765E-003 0.70653758977250E-002 0.64057117066943E-001 0.12579775697208E-005 0.66408823978661E-004 0.34618561548744E-007 0.34551755177424E-004 0.13843088308150E-006 0.18014816972882E-005 0.14085588569384E-012 0.93741263050459E-008 0.74626755580890E+000 0.84605837630574E-025 0.14019150542323E+004 0.50231375156131E-002 -.11667397080252E+003 0.28366051540586E-001 0.10132500000000E+006 0.24415043425011E-003 0.28086476729615E+002 0.10000000000000E+001 0.00000000000000E+000 0.10000000000000E+001 0.14019150542323E+004 0.93037994499102E+002
 242 0.25428937807162E+000 0.28203439767289E-004 0.36738093552375E-005 0.18055721811854E-003 0.11912163288409E+000 0.43192995607582E-003 0.62220341244550E-001 0.33998505593398E-004 0.21216176782763E-006 0.17769158349336E-007 0.18998936849716E-004 0.22276317127087E-003 0.68957903591655E-002 0.64496721350815E-001 0.11620883130658E-005 0.59610763362087E-004 0.28653351971006E-007 0.30239814920316E-004 0.11016775310370E-006 0.13901810711865E-005 0.15320812165883E-012 0.94565932564005E-008 0.74625260806790E+000 0.86120371865418E-025 0.14044296734273E+004 0.50231375156131E-002 -.11732146510413E+003 0.28366051540586E-001 0.10132500000000E+006 0.24373660886658E-003 0.28089164662827E+002 0.10000000000000E+001 0.00000000000000E+000 0.10000000000000E+001 0.14044296734273E+004 0.87569072607638E+002
 243 0.25565759508599E+000 0.27555891785796E-004 0.37226739615653E-005 0.18857755452191E-003 0.11881444666819E+000 0.44703652731606E-003 0.62291104629952E-001 0.31417179727163E-004 0.19303108775175E-006 0.16172831125099E-007 0.16697748942156E-004 0.19453322602401E-003 0.67122719183882E-002 0.64955600492702E-001 0.10609616745338E-005 0.52916096072370E-004 0.23372278800227E-007 0.26134408245044E-004 0.85723935410920E-007 0.10478097097196E-005 0.16657785860672E-012 0.95450791518903E-008 0.74623554836741E+000 0.87754962569497E-025 0.14069787900701E+004 0.50231375156131E-002 -.11800324015106E+003 0.28366051540586E-001 0.10132500000000E+006 0.24332007619660E-003 0.28092058042798E+002 0.10000000000000E+001 0.00000000000000E+000 0.10000000000000E+001 0.14069787900701E+004 0.81806252094596E+002
 244 0.25713248528734E+000 0.26874639291158E-004 0.37677828506143E-005 0.19672527654112E-003 0.11850384275411E+000 0.46243848524377E-003 0.62358973577625E-001 0.28868244913690E-004 0.17328109342425E-006 0.14523914793440E-007 0.14486882615404E-004 0.16775271053432E-003 0.65131396625626E-002 0.65436403873951E-001 0.95535993232208E-006 0.46360944061204E-004 0.18752860656538E-007 0.22255341044375E-004 0.64981622482859E-007 0.76823966743587E-006 0.18104108402387E-012 0.96406456514016E-008 0.74621610504474E+000 0.89532457545378E-025 0.14095726763907E+004 0.50231375156131E-002 -.11872257145505E+003 0.28366051540586E-001 0.10132500000000E+006 0.24289935246242E-003 0.28095184755048E+002 0.10000000000000E+001 0.00000000000000E+000 0.10000000000000E+001 0.14095726763907E+004 0.75790467008275E+002
 245 0.25873494170462E+000 0.26156140444642E-004 0.38081373669960E-005 0.20493247891211E-003 0.11818902842915E+000 0.47809607280027E-003 0.62423850785024E-001 0.26367694801402E-004 0.15310963671682E-006 0.12838717109793E-007 0.12378591255317E-004 0.14250259188656E-003 0.62963952763537E-002 0.65942290734852E-001 0.84628085669429E-006 0.39987742769835E-004 0.14766756082062E-007 0.18623555954925E-004 0.47769879560820E-007 0.54511325949142E-006 0.19667483403608E-012 0.97446296096584E-008 0.74619395214450E+000 0.91069959500709E-025 0.14122240974569E+004 0.50231375156131E-002 -.11948314079865E+003 0.28366051540586E-001 0.10132500000000E+006 0.24247259898675E-003 0.28098578398643E+002 0.10000000000000E+001 0.00000000000000E+000 0.10000000000000E+001 0.14122240974569E+004 0.69573413142164E+002
 246 0.26049225469126E+000 0.25396018518934E-004 0.38423603699705E-005 0.21310404605885E-003 0.11786900133344E+000 0.49395149180836E-003 0.62485652020560E-001 0.23933250182887E-004 0.13274906780907E-006 0.11136458486165E-007 0.10385651161270E-004 0.11887449151224E-003 0.60596024409746E-002 0.66477154316769E-001 0.73498367343882E-006 0.33845091412654E-004 0.11379302105272E-007 0.15260509949270E-004 0.33861393978577E-007 0.37185422994932E-006 0.21355662747400E-012 0.98587617008717E-008 0.74616869115418E+000 0.91649223866164E-025 0.14149496145286E+004 0.50231375156131E-002 -.12028919127141E+003 0.28366051540586E-001 0.10132500000000E+006 0.24203742622465E-003 0.28102280476359E+002 0.10000000000000E+001 0.00000000000000E+000 0.10000000000000E+001 0.14149496145286E+004 0.63217960528439E+002
 247 0.26244089206840E+000 0.24588741383322E-004 0.38685031752113E-005 0.22110601651195E-003 0.11754247942929E+000 0.50991962165983E-003 0.62544319148540E-001 0.21584388808057E-004 0.11247089399987E-006 0.94396884651239E-008 0.85215033124924E-005 0.96973093598755E-004 0.57997480757800E-002 0.67045858462555E-001 0.62303209357019E-006 0.27988558865525E-004 0.85500364926355E-008 0.12188049557017E-004 0.22974878596315E-007 0.24174839508355E-006 0.23176032040011E-012 0.99853301965985E-008 0.74613982820541E+000 0.92413826883829E-025 0.14177710338469E+004 0.50231375156131E-002 -.12114559711642E+003 0.28366051540586E-001 0.10132500000000E+006 0.24159068228559E-003 0.28106343014258E+002 0.10000000000000E+001 0.00000000000000E+000 0.10000000000000E+001 0.14177710338469E+004 0.56799117382231E+002
 248 0.26462668103918E+000 0.23728738929653E-004 0.38837189881935E-005 0.22873414219043E-003 0.11720841409004E+000 0.52584376256545E-003 0.62599747077892E-001 0.19346168457453E-004 0.92626699013918E-007 0.77777402621133E-008 0.68033928038398E-005 0.76953134771662E-004 0.55135950262815E-002 0.67653427950730E-001 0.51253866791254E-006 0.22491106018810E-004 0.62371481098868E-008 0.94328075953159E-005 0.14791578773818E-007 0.14816982072523E-006 0.25131095043928E-012 0.10127161727353E-007 0.74610680661367E+000 0.92652620040269E-025 0.14207121223606E+004 0.50231375156131E-002 -.12205619021618E+003 0.28366051540586E-001 0.10132500000000E+006 0.24112898775954E-003 0.28110823726562E+002 0.10000000000000E+001 0.00000000000000E+000 0.10000000000000E+001 0.14207121223606E+004 0.50415988817966E+002
 249 0.26710637979189E+000 0.22811106945544E-004 0.38839168777411E-005 0.23568620150302E-003 0.11686627194421E+000 0.54145755629289E-003 0.62651808702683E-001 0.17249405227462E-004 0.73663028912085E-007 0.61880300819220E-008 0.52524287699039E-005 0.59019133615222E-004 0.51980281429840E-002 0.68304419136057E-001 0.40626382728731E-006 0.17444137978004E-004 0.43960304562636E-008 0.70246405090828E-005 0.89480500455009E-008 0.84504830320501E-007 0.27213499912189E-012 0.10287668050464E-007 0.74606904929461E+000 0.93189391732469E-025 0.14237973048986E+004 0.50231375156131E-002 -.12302217101214E+003 0.28366051540586E-001 0.10132500000000E+006 0.24064892722150E-003 0.28115781477562E+002 0.10000000000000E+001 0.00000000000000E+000 0.10000000000000E+001 0.14237973048986E+004 0.44195312312712E+002
 250 0.26995271306123E+000 0.21831249461282E-004 0.38633570905758E-005 0.24154216036327E-003 0.11651594624535E+000 0.55635874972860E-003 0.62700485349462E-001 0.15326353682086E-004 0.56095056839820E-007 0.47139112569009E-008 0.38905569111282E-005 0.43389385303800E-004 0.48502041717331E-002 0.69002806955929E-001 0.30746097085573E-006 0.12947508800538E-004 0.29759685992978E-008 0.49898163579588E-005 0.50317195749115E-008 0.44136247020327E-007 0.29401737831342E-012 0.10471075959954E-007 0.74602598725458E+000 0.93760645733632E-025 0.14270536838823E+004 0.50231375156131E-002 -.12404109925377E+003 0.28366051540586E-001 0.10132500000000E+006 0.24014670516114E-003 0.28121274918155E+002 0.10000000000000E+001 0.00000000000000E+000 0.10000000000000E+001 0.14270536838823E+004 0.38280716790673E+002
 251 0.27324714627982E+000 0.20788588285106E-004 0.38144112375148E-005 0.24573052936329E-003 0.11615917525434E+000 0.56992029962128E-003 0.62745853457698E-001 0.13611271411382E-004 0.40517106363716E-007 0.34055870472128E-008 0.27412079570474E-005 0.30301605644974E-004 0.44694480460347E-002 0.69748534736585E-001 0.21988576894340E-006 0.91098626386692E-005 0.19236120083049E-008 0.33495256415629E-005 0.26072164516471E-008 0.20761012161626E-007 0.31644783283096E-012 0.10681801575717E-007 0.74597732142112E+000 0.94243756047532E-025 0.14304983865948E+004 0.50231375156131E-002 -.12510098286156E+003 0.28366051540586E-001 0.10132500000000E+006 0.23962003361024E-003 0.28127333319032E+002 0.10000000000000E+001 0.00000000000000E+000 0.10000000000000E+001 0.14304983865948E+004 0.32834303377875E+002
 252 0.27708343157660E+000 0.19685145455557E-004 0.37277676598834E-005 0.24756602147106E-003 0.11579917338044E+000 0.58130414840615E-003 0.62788384612025E-001 0.12126611000469E-004 0.27462677478558E-007 0.23083526568513E-008 0.18197191250362E-005 0.19900362957108E-004 0.40577914240197E-002 0.70537057382024E-001 0.14690002741636E-006 0.60126481406052E-005 0.11791743114007E-008 0.21039872428730E-005 0.12376481455766E-008 0.86389697104438E-008 0.33857422186238E-012 0.10924437795028E-007 0.74592314813841E+000 0.94716481201046E-025 0.14341400242615E+004 0.50231375156131E-002 -.12617934489692E+003 0.28366051540586E-001 0.10132500000000E+006 0.23906778377068E-003 0.28133947621358E+002 0.10000000000000E+001 0.00000000000000E+000 0.10000000000000E+001 0.14341400242615E+004 0.27990432926760E+002
 253 0.28163460784780E+000 0.18507920856926E-004 0.35910518124154E-005 0.24627492412265E-003 0.11543576252515E+000 0.58956912895093E-003 0.62829667033593E-001 0.10857625606034E-004 0.17156436436441E-007 0.14416573242302E-008 0.11192569309182E-005 0.12077076230329E-004 0.36146379377556E-002 0.71369653086416E-001 0.89952507537957E-007 0.36564738076581E-005 0.67487657302772E-009 0.12158992854253E-005 0.53256089922959E-009 0.30876336058776E-008 0.35941945636265E-012 0.11207526854819E-007 0.74586328600593E+000 0.95212639521067E-025 0.14380286695914E+004 0.50231375156131E-002 -.12725657760156E+003 0.28366051540586E-001 0.10132500000000E+006 0.23848239885885E-003 0.28141156330939E+002 0.10000000000000E+001 0.00000000000000E+000 0.10000000000000E+001 0.14380286695914E+004 0.23763890380499E+002
 254 0.28708737661751E+000 0.17249582210586E-004 0.33913676005098E-005 0.24098889077167E-003 0.11507335102992E+000 0.59338126391515E-003 0.62871645108477E-001 0.97789437247495E-005 0.97047952597480E-008 0.81492890297573E-009 0.62782522861951E-006 0.66609536283072E-005 0.31463652178508E-002 0.72235252111447E-001 0.49560675100793E-007 0.20139576210882E-005 0.35509697112221E-009 0.63732122781135E-006 0.20763188510440E-009 0.92667967058573E-009 0.37728503476118E-012 0.11538566420388E-007 0.74579858331762E+000 0.95478337794256E-025 0.14421737124502E+004 0.50231375156131E-002 -.12829127146292E+003 0.28366051540586E-001 0.10132500000000E+006 0.23786231699827E-003 0.28148890575096E+002 0.10000000000000E+001 0.00000000000000E+000 0.10000000000000E+001 0.14421737124502E+004 0.20129581660322E+002
 255 0.29353407134600E+000 0.15924940930816E-004 0.31243171275655E-005 0.23118144908522E-003 0.11472504211994E+000 0.59130923954272E-003 0.62916029030638E-001 0.88550382816128E-005 0.49411982703167E-008 0.41442859030640E-009 0.31996715242636E-006 0.33248940394319E-005 0.26735984756175E-002 0.73097904811300E-001 0.24434578524338E-007 0.10001056311823E-005 0.17102598130906E-009 0.30326884230382E-006 0.74716290703532E-010 0.23399654422525E-009 0.38971406289969E-012 0.11916769205625E-007 0.74573204015477E+000 0.95312918788033E-025 0.14464726849349E+004 0.50231375156131E-002 -.12921394136813E+003 0.28366051540586E-001 0.10132500000000E+006 0.23722238235135E-003 0.28156843220394E+002 0.10000000000000E+001 0.00000000000000E+000 0.10000000000000E+001 0.14464726849349E+004 0.17026897299271E+002
 256 0.30107414917059E+000 0.14540307932103E-004 0.27953572053896E-005 0.21687358295918E-003 0.11440183389142E+000 0.58237481676518E-003 0.62964656059941E-001 0.80245981802848E-005 0.22564371151977E-008 0.18892900466269E-009 0.14789987960774E-006 0.14991102111751E-005 0.22170581063988E-002 0.73922728826771E-001 0.10760077633252E-007 0.44675209766526E-006 0.75054945290086E-010 0.13161168530319E-006 0.25121790733306E-010 0.50002909208597E-010 0.39445295925389E-012 0.12338999754036E-007 0.74566686338353E+000 0.95306622053307E-025 0.14508111873647E+004 0.50231375156131E-002 -.12997002145733E+003 0.28366051540586E-001 0.10132500000000E+006 0.23657889747261E-003 0.28164689129639E+002 0.10000000000000E+001 0.00000000000000E+000 0.10000000000000E+001 0.14508111873647E+004 0.14309528469673E+002
 257 0.30984697134908E+000 0.13094462845118E-004 0.24192027649343E-005 0.19856084254247E-003 0.11411128198359E+000 0.56610632377250E-003 0.63018824050001E-001 0.72282635273895E-005 0.92049568027165E-009 0.76902531804979E-010 0.61846616616273E-007 0.60890275621622E-006 0.17932920767812E-002 0.74682543135062E-001 0.42304747113333E-008 0.17897489037958E-006 0.29831521918039E-010 0.52352977712419E-007 0.78870932411735E-011 0.90883972034479E-011 0.38977971531331E-012 0.12801102730514E-007 0.74560572950570E+000 0.95930895706046E-025 0.14550813854345E+004 0.50231375156131E-002 -.13053086490916E+003 0.28366051540586E-001 0.10132500000000E+006 0.23594713880919E-003 0.28172154592510E+002 0.10000000000000E+001 0.00000000000000E+000 0.10000000000000E+001 0.14550813854345E+004 0.11841993946724E+002
 258 0.32006535661496E+000 0.11586041968939E-004 0.20167503684322E-005 0.17704698092138E-003 0.11385769672161E+000 0.54243469333185E-003 0.63078927836258E-001 0.64258251970187E-005 0.33317439408734E-009 0.27761828954528E-010 0.23269613110429E-007 0.22156557027850E-006 0.14131736026137E-002 0.75359897964928E-001 0.14858725737966E-008 0.63905026395799E-007 0.10649826969742E-010 0.19153466818007E-007 0.22854703417652E-011 0.14099863060235E-011 0.37467119281521E-012 0.13298761756768E-007 0.74555045052883E+000 0.95702528993687E-025 0.14591906255850E+004 0.50231375156131E-002 -.13089375223681E+003 0.28366051540586E-001 0.10132500000000E+006 0.23534024572115E-003 0.28179046660122E+002 0.10000000000000E+001 0.00000000000000E+000 0.10000000000000E+001 0.14591906255850E+004 0.95555908492888E+001
 259 0.33205780033365E+000 0.10021275600275E-004 0.16112490948980E-005 0.15329302827692E-003 0.11364286937991E+000 0.51154952322261E-003 0.63144462860742E-001 0.55991808749976E-005 0.10581639313324E-009 0.87910277349338E-011 0.78033286600936E-008 0.71527450320472E-007 0.10823122154956E-002 0.75946185316206E-001 0.46855242753492E-009 0.20121181872847E-007 0.33766054459775E-011 0.64522446341270E-008 0.60092691384027E-012 0.18806747746399E-012 0.34889587327035E-012 0.13827941115462E-007 0.74550197565075E+000 0.95933894260276E-025 0.14630640280672E+004 0.50231375156131E-002 -.13107581241762E+003 0.28366051540586E-001 0.10132500000000E+006 0.23476888031527E-003 0.28185252117552E+002 0.10000000000000E+001 0.00000000000000E+000 0.10000000000000E+001 0.14630640280672E+004 0.74476239932483E+001
 260 0.34628081235156E+000 0.84243121216050E-005 0.12263208595230E-005 0.12840831955591E-003 0.11346732196581E+000 0.47392754485640E-003 0.63213978926456E-001 0.47509492600583E-005 0.29122391661538E-010 0.24117109169731E-011 0.23078856194846E-008 0.20264672284798E-007 0.80310759560405E-003 0.76438122803079E-001 0.13564530819833E-009 0.55191911573857E-008 0.94024298294965E-012 0.20063070289773E-008 0.14129526460155E-012 0.22193143482214E-013 0.31322076940897E-012 0.14383114704811E-007 0.74546068661263E+000 0.97692287579113E-025 0.14666321634977E+004 0.50231375156131E-002 -.13110683216549E+003 0.28366051540586E-001 0.10132500000000E+006 0.23424302492781E-003 0.28190704896014E+002 0.10000000000000E+001 0.00000000000000E+000 0.10000000000000E+001 0.14666321634977E+004 0.55590852897937E+001
 261 0.36328840505426E+000 0.68457027495630E-005 0.88436712077151E-006 0.10370847468521E-003 0.11333077848138E+000 0.43058945611718E-003 0.63284956498129E-001 0.39032609016627E-005 0.68914841852527E-011 0.56883648261705E-012 0.59847023579688E-009 0.50080755814375E-008 0.57610030631318E-003 0.76835581813109E-001 0.38171584318074E-010 0.13091849942327E-008 0.22877800853596E-012 0.58123662464550E-009 0.29591894402348E-013 0.24928281118290E-014 0.26979849068414E-012 0.14954269119704E-007 0.74542662914209E+000 0.10129890589551E-024 0.14698211483359E+004 0.50231375156131E-002 -.13102528981439E+003 0.28366051540586E-001 0.10132500000000E+006 0.23377340399311E-003 0.28195360727364E+002 0.10000000000000E+001 0.00000000000000E+000 0.10000000000000E+001 0.14698211483359E+004 0.39481459628731E+001
 262 0.38369297692639E+000 0.53581146413799E-005 0.60263877321698E-006 0.80619928095710E-004 0.11323139992894E+000 0.38330814123263E-003 0.63354049071293E-001 0.30931743156676E-005 0.14052086030338E-011 0.11562009810898E-012 0.13651396297188E-009 0.10832369881608E-008 0.39953473863394E-003 0.77142505018277E-001 0.11345543891852E-010 0.26923987166079E-009 0.48912316134257E-013 0.15992874349801E-009 0.55832098796751E-014 0.29754476641094E-015 0.22227666195924E-012 0.15525951422624E-007 0.74539951205778E+000 0.10245525666583E-024 0.14725638076790E+004 0.50231375156131E-002 -.13087475259324E+003 0.28366051540586E-001 0.10132500000000E+006 0.23336980358056E-003 0.28199203761279E+002 0.10000000000000E+001 0.00000000000000E+000 0.10000000000000E+001 0.14725638076790E+004 0.26599077380936E+001
 263 0.40806134325235E+000 0.40405193629582E-005 0.38915940480186E-006 0.60444697498960E-004 0.11316514129229E+000 0.33464308121239E-003 0.63417660140286E-001 0.23642457161826E-005 0.25128029461876E-012 0.20615279450697E-013 0.27857221470214E-010 0.20862497565564E-009 0.26895359428063E-003 0.77367630638211E-001 0.37405180406057E-011 0.48872513717991E-010 0.93788384612182E-014 0.43091377165008E-010 0.97820838999902E-015 0.40862529057212E-016 0.17528186194224E-012 0.16077984162304E-007 0.74537871622111E+000 0.93135800630141E-025 0.14748169427110E+004 0.50231375156131E-002 -.13069761414182E+003 0.28366051540586E-001 0.10132500000000E+006 0.23303850032627E-003 0.28202256465093E+002 0.10000000000000E+001 0.00000000000000E+000 0.10000000000000E+001 0.14748169427110E+004 0.17046790450403E+001
 264 0.43671965702763E+000 0.29538989337089E-005 0.24086463841808E-006 0.44045283652877E-004 0.11312576393677E+000 0.28762101870544E-003 0.63472796485385E-001 0.17534188073254E-005 0.40871788097421E-013 0.33448572508579E-014 0.52552869738365E-011 0.36969296485777E-010 0.17735997848936E-003 0.77524095960002E-001 0.13415394366156E-011 0.81212741531293E-011 0.16735885799675E-014 0.11829147166619E-010 0.16720065015179E-015 0.65063513250219E-017 0.13321637669463E-012 0.16588605539493E-007 0.74536335250231E+000 0.82447385315441E-025 0.14765777643471E+004 0.50231375156131E-002 -.13052753875272E+003 0.28366051540586E-001 0.10132500000000E+006 0.23277982157540E-003 0.28204585250993E+002 0.10000000000000E+001 0.00000000000000E+000 0.10000000000000E+001 0.14765777643471E+004 0.10508473830026E+001
 265 0.46958629981708E+000 0.21188688770803E-005 0.14565901005783E-006 0.31599267218699E-004 0.11310577296315E+000 0.24495569588447E-003 0.63517941381830E-001 0.12771988763411E-005 0.63705814929050E-014 0.52032249647689E-015 0.95940488654535E-012 0.62950718185802E-011 0.11610489653598E-003 0.77627708221309E-001 0.50526095804470E-012 0.13009583465460E-011 0.29178812279998E-015 0.34453169385328E-011 0.29581502471044E-016 0.11859835530986E-017 0.98848002297341E-013 0.17040544091520E-007 0.74535235879415E+000 0.70520952189008E-025 0.14778917156071E+004 0.50231375156131E-002 -.13038397437918E+003 0.28366051540586E-001 0.10132500000000E+006 0.23258699043978E-003 0.28206298430369E+002 0.10000000000000E+001 0.00000000000000E+000 0.10000000000000E+001 0.14778917156071E+004 0.63477850206956E+000
 266 0.50614751026064E+000 0.15135424227039E-005 0.88009035434731E-007 0.22656376887797E-004 0.11309805418872E+000 0.20829945396308E-003 0.63553279802234E-001 0.92797939458814E-006 0.10105949855720E-014 0.82417799414388E-016 0.17864335859470E-012 0.10776223227414E-011 0.76524963119843E-004 0.77693978875903E-001 0.19809569644704E-012 0.21319973356447E-012 0.52434177703106E-016 0.10992710510644E-011 0.57204718631034E-017 0.24844532732171E-018 0.72748305475950E-013 0.17425809019751E-007 0.74534465937967E+000 0.59603134258686E-025 0.14788393364911E+004 0.50231375156131E-002 -.13027250917209E+003 0.28366051540586E-001 0.10132500000000E+006 0.23244807509782E-003 0.28207526897595E+002 0.10000000000000E+001 0.00000000000000E+000 0.10000000000000E+001 0.14788393364911E+004 0.38386199539884E+000
 267 0.54562320103268E+000 0.10911695703316E-005 0.54167316246135E-007 0.16445060529521E-004 0.11309713837431E+000 0.17803453198740E-003 0.63580185880921E-001 0.68238311708847E-006 0.17347845135680E-015 0.14132518250536E-016 0.35830608812874E-013 0.19291300717891E-012 0.51370705953752E-004 0.77735668003070E-001 0.81662790726558E-013 0.37977077466364E-013 0.10245444166400E-016 0.39104855705354E-012 0.12551513348271E-017 0.60381270350136E-019 0.53863104926864E-013 0.17746066470146E-007 0.74533931197637E+000 0.55346713527294E-025 0.14795111664559E+004 0.50231375156131E-002 -.13018998899275E+003 0.28366051540586E-001 0.10132500000000E+006 0.23234969972561E-003 0.28208398193573E+002 0.10000000000000E+001 0.00000000000000E+000 0.10000000000000E+001 0.14795111664559E+004 0.23665987942581E+000
 268 0.58720229295410E+000 0.80136630398279E-006 0.34392376829460E-007 0.12185767738094E-004 0.11309949890384E+000 0.15362057773662E-003 0.63600456656984E-001 0.51321888605820E-006 0.34164054751662E-016 0.27810753132910E-017 0.81700117455180E-014 0.37296524156597E-013 0.35374742989002E-004 0.77761913066628E-001 0.35811644239856E-013 0.77994071732221E-014 0.22928478834265E-017 0.15564566058417E-012 0.31769543689543E-018 0.17050205556721E-019 0.40516191738614E-013 0.18009236726412E-007 0.74533558329700E+000 0.62286609083141E-025 0.14799871566573E+004 0.50231375156131E-002 -.13013008976996E+003 0.28366051540586E-001 0.10132500000000E+006 0.23228007654352E-003 0.28209018118395E+002 0.10000000000000E+001 0.00000000000000E+000 0.10000000000000E+001 0.14799871566573E+004 0.15050306095918E+000
 269 0.63019594700387E+000 0.60244735404231E-006 0.22661580839967E-007 0.92541969630190E-005 0.11310315338540E+000 0.13410883934724E-003 0.63615766716442E-001 0.39715294642695E-006 0.81069066514235E-017 0.65957724850491E-018 0.22192814767373E-014 0.80266543915717E-014 0.25065965015434E-004 0.77778661000824E-001 0.16808332835929E-013 0.19449858877186E-014 0.61461068110984E-018 0.68881168776629E-013 0.92761143102279E-019 0.55479965651741E-020 0.31122012894643E-013 0.18225409930872E-007 0.74533294940859E+000 0.88794099446126E-025 0.14803282519970E+004 0.50231375156131E-002 -.13008665051489E+003 0.28366051540586E-001 0.10132500000000E+006 0.23223023498920E-003 0.28209465150249E+002 0.10000000000000E+001 0.00000000000000E+000 0.10000000000000E+001 0.14803282519970E+004 0.99242772137778E-001
 270 0.67409256257889E+000 0.46428576619273E-006 0.15512897235464E-007 0.72074506436588E-005 0.11310710219245E+000 0.11850677237139E-003 0.63627454528946E-001 0.31694398512141E-006 0.23755272595379E-017 0.19319601912105E-018 0.73556086374128E-015 0.19942131951704E-014 0.18280880577199E-004 0.77789578500773E-001 0.84462073647760E-014 0.60594023458206E-015 0.20179144772329E-018 0.33512489864545E-013 0.30931290173091E-019 0.20508733301935E-020 0.24452155381273E-013 0.18404238521235E-007 0.74533105452728E+000 0.10566095282290E-024 0.14805772246681E+004 0.50231375156131E-002 -.13005482737240E+003 0.28366051540586E-001 0.10132500000000E+006 0.23219388838269E-003 0.28209793792352E+002 0.10000000000000E+001 0.00000000000000E+000 0.10000000000000E+001 0.14805772246681E+004 0.67892224523686E-001
 271 0.71854198131146E+000 0.36656959699547E-006 0.11013484661653E-007 0.57499918411321E-005 0.11311089116600E+000 0.10595060936771E-003 0.63636510313867E-001 0.26078884919034E-006 0.85006831519923E-018 0.69112037469024E-019 0.29429393536495E-015 0.59755656317637E-015 0.13703711941092E-004 0.77796874298770E-001 0.45285930026486E-014 0.23347817529262E-015 0.80189421018119E-019 0.17696841268717E-013 0.11610500262592E-019 0.84738906115104E-021 0.19641359137944E-013 0.18553838920905E-007 0.74532966298240E+000 0.82021351449002E-025 0.14807628835568E+004 0.50231375156131E-002 -.13003114755232E+003 0.28366051540586E-001 0.10132500000000E+006 0.23216680759786E-003 0.28210040673560E+002 0.10000000000000E+001 0.00000000000000E+000 0.10000000000000E+001 0.14807628835568E+004 0.48083052929788E-001
 272 0.76331120538791E+000 0.29601654589282E-006 0.80853253586382E-008 0.46895079297491E-005 0.11311434271541E+000 0.95751124345673E-004 0.63643640623977E-001 0.22087856671197E-006 0.35815982694268E-018 0.29111176768755E-019 0.13715740680562E-015 0.22296250048691E-015 0.10536791006877E-004 0.77801875921187E-001 0.25776338957707E-014 0.10695444354285E-015 0.37188590794224E-019 0.10019660012921E-013 0.48322970198117E-020 0.38526487079621E-021 0.16105848567625E-013 0.18680608282042E-007 0.74532861965506E+000 0.83165043765848E-025 0.14809043564175E+004 0.50231375156131E-002 -.13001321560537E+003 0.28366051540586E-001 0.10132500000000E+006 0.23214618767337E-003 0.28210230157888E+002 0.10000000000000E+001 0.00000000000000E+000 0.10000000000000E+001 0.14809043564175E+004 0.35139652497079E-001
 273 0.80824783974537E+000 0.24399466985263E-006 0.61173471342274E-008 0.39011573065597E-005 0.11311741056849E+000 0.87379356267201E-004 0.63649344385706E-001 0.19208891175736E-006 0.17062924727635E-018 0.13865525269292E-019 0.71582530642076E-016 0.10271858781351E-015 0.82912614387676E-005 0.77805390527350E-001 0.15488839030698E-014 0.55699531663215E-016 0.19338112329768E-019 0.60168920924312E-014 0.21987367162047E-020 0.19005882189222E-021 0.13456799133510E-013 0.18789452089716E-007 0.74532782175304E+000 0.82907427985504E-025 0.14810143886384E+004 0.50231375156131E-002 -.12999939527190E+003 0.28366051540586E-001 0.10132500000000E+006 0.23213016131922E-003 0.28210378542350E+002 0.10000000000000E+001 0.00000000000000E+000 0.10000000000000E+001 0.14810143886384E+004 0.26404911161177E-001
 274 0.85325435634569E+000 0.20485449343732E-006 0.47545000581996E-008 0.33031069530334E-005 0.11312010653925E+000 0.80435398953815E-004 0.63653975058665E-001 0.17103795231259E-006 0.89032662042060E-019 0.72334773249410E-020 0.40565712756411E-016 0.55771067479602E-016 0.66620630123150E-005 0.77807918080028E-001 0.97723714831482E-015 0.31841046302725E-016 0.10929004107669E-019 0.37969933488547E-014 0.10801749438819E-020 0.10051760708579E-021 0.11434432061257E-013 0.18884101047437E-007 0.74532720022208E+000 0.82615116436115E-025 0.14811015836006E+004 0.50231375156131E-002 -.12998856376760E+003 0.28366051540586E-001 0.10132500000000E+006 0.23211746912267E-003 0.28210496881369E+002 0.10000000000000E+001 0.00000000000000E+000 0.10000000000000E+001 0.14811015836006E+004 0.20330594563638E-001
 275 0.89827368898283E+000 0.17484526993263E-006 0.37845554825771E-008 0.28408418556289E-005 0.11312246526610E+000 0.74617353047273E-004 0.63657785816060E-001 0.15546395422680E-006 0.49783841791075E-019 0.40440277317663E-020 0.24446472588973E-016 0.33838894419371E-016 0.54546963196369E-005 0.77809775098858E-001 0.64413459536677E-015 0.19514612759949E-016 0.65726147913244E-020 0.24985453470751E-014 0.56682619287837E-021 0.56415793143112E-022 0.98631339285714E-014 0.18967401999320E-007 0.74532670786656E+000 0.82925115951831E-025 0.14811718539925E+004 0.50231375156131E-002 -.12997994138551E+003 0.28366051540586E-001 0.10132500000000E+006 0.23210724620109E-003 0.28210592813252E+002 0.10000000000000E+001 0.00000000000000E+000 0.10000000000000E+001 0.14811718539925E+004 0.15988610420384E-001
 276 0.94327254353789E+000 0.15143689886883E-006 0.30770455078305E-008 0.24774199641075E-005 0.11312452744848E+000 0.69696946736171E-004 0.63660960081101E-001 0.14383132946638E-006 0.29402501196067E-019 0.23880805492622E-020 0.15454766875612E-016 0.22065384814800E-016 0.45425011995028E-005 0.77811166325684E-001 0.44155930700011E-015 0.12627462652583E-016 0.41485277726742E-020 0.17034369942110E-014 0.31484680635201E-021 0.33317852458789E-022 0.86225241012974E-014 0.19041534246890E-007 0.74532631189002E+000 0.83655447034543E-025 0.14812293343667E+004 0.50231375156131E-002 -.12997297955938E+003 0.28366051540586E-001 0.10132500000000E+006 0.23209888817933E-003 0.28210671708574E+002 0.10000000000000E+001 0.00000000000000E+000 0.10000000000000E+001 0.14812293343667E+004 0.12806871140573E-001
 277 0.98822671065330E+000 0.13289312492977E-006 0.25495345392347E-008 0.21873566283596E-005 0.11312633244131E+000 0.65500755562608E-004 0.63663632398541E-001 0.13508005134147E-006 0.18162048397383E-019 0.14749512104240E-020 0.10156547127646E-016 0.15101861455108E-016 0.38412430094592E-005 0.77812227055337E-001 0.31356027274203E-015 0.85395506889054E-017 0.27229676757035E-020 0.11969351088647E-014 0.18372069975336E-021 0.20560186489603E-022 0.76287896687892E-014 0.19108172762625E-007 0.74532598911872E+000 0.84591055348480E-025 0.14812769662306E+004 0.50231375156131E-002 -.12996728683610E+003 0.28366051540586E-001 0.10132500000000E+006 0.23209196533926E-003 0.28210737408626E+002 0.10000000000000E+001 0.00000000000000E+000 0.10000000000000E+001 0.14812769662306E+004 0.10423015177578E-001
 278 0.10331194414136E+001 0.11799821771043E-006 0.21484700522962E-008 0.19527041426793E-005 0.11312791573823E+000 0.61895342531000E-004 0.63665903211861E-001 0.12846429507644E-006 0.11650913933715E-019 0.94608138108858E-021 0.68940522903130E-017 0.10702237698801E-016 0.32936357848456E-005 0.77813048726731E-001 0.22985840357661E-015 0.59926503329831E-017 0.18465149442288E-020 0.86304469721769E-015 0.11191071731918E-021 0.13180040789257E-022 0.68224544488951E-014 0.19168622990880E-007 0.74532572286111E+000 0.85406681840325E-025 0.14813168861799E+004 0.50231375156131E-002 -.12996257887890E+003 0.28366051540586E-001 0.10132500000000E+006 0.23208616572938E-003 0.28210792718589E+002 0.10000000000000E+001 0.00000000000000E+000 0.10000000000000E+001 0.14813168861799E+004 0.86011129503298E-002
 279 0.10779519405146E+001 0.10588201441450E-006 0.18381029426953E-008 0.17605358034349E-005 0.11312930861834E+000 0.58776044728879E-004 0.63667849181128E-001 0.12344898091279E-006 0.77196648219579E-020 0.62679977558605E-021 0.48097589886909E-017 0.77896706701540E-017 0.28598252112677E-005 0.77813694558044E-001 0.17339534136255E-015 0.43405953995146E-017 0.12872787891587E-020 0.63623300859026E-015 0.70773330176817E-022 0.87333539813482E-023 0.61604023484641E-014 0.19223928918279E-007 0.74532550084371E+000 0.86303884404349E-025 0.14813506834170E+004 0.50231375156131E-002 -.12995864497708E+003 0.28366051540586E-001 0.10132500000000E+006 0.23208125745340E-003 0.28210839736955E+002 0.10000000000000E+001 0.00000000000000E+000 0.10000000000000E+001 0.14813506834170E+004 0.71833355201767E-002
 280 0.11227371250544E+001 0.95912657403880E-007 0.15940652491133E-008 0.16014064823424E-005 0.11313053794870E+000 0.56060257531079E-004 0.63669529417946E-001 0.11964520783501E-006 0.52599340562295E-020 0.42704899775648E-021 0.34356544799953E-017 0.57929443885331E-017 0.25116325339763E-005 0.77814208979418E-001 0.13422200403075E-015 0.32316796619688E-017 0.91896410130835E-021 0.47804691084658E-015 0.46251010041414E-022 0.59562855660892E-023 0.56109582677138E-014 0.19274930160520E-007 0.74532531393053E+000 0.88395397587728E-025 0.14813795557365E+004 0.50231375156131E-002 -.12995532723525E+003 0.28366051540586E-001 0.10132500000000E+006 0.23207706582297E-003 0.28210880054131E+002 0.10000000000000E+001 0.00000000000000E+000 0.10000000000000E+001 0.14813795557365E+004 0.60618976887997E-002
 281 0.11674824404464E+001 0.87626777417599E-007 0.13994610518298E-008 0.14683493934550E-005 0.11313162622770E+000 0.53682910516665E-004 0.63670989618632E-001 0.11676734140585E-006 0.36726749273062E-020 0.29816124570776E-021 0.25049268736925E-017 0.43859756024234E-017 0.22288840245528E-005 0.77814623623034E-001 0.10635270205766E-015 0.24652192987784E-017 0.66969553491936E-021 0.36516196451152E-015 0.31112187982249E-022 0.41664447534807E-023 0.51506536929548E-014 0.19322293932668E-007 0.74532515527082E+000 0.89340086252064E-025 0.14814044115911E+004 0.50231375156131E-002 -.12995250663649E+003 0.28366051540586E-001 0.10132500000000E+006 0.23207345840940E-003 0.28210914882223E+002 0.10000000000000E+001 0.00000000000000E+000 0.10000000000000E+001 0.14814044115911E+004 0.51619490291219E-002
 282 0.12121951838626E+001 0.80678001038006E-007 0.12423107875027E-008 0.13561263166052E-005 0.11313259241607E+000 0.51591849228734E-004 0.63672265776482E-001 0.11460213827744E-006 0.26202332446613E-020 0.21270786303120E-021 0.18594147599736E-017 0.33718752874703E-017 0.19968553656097E-005 0.77814961448679E-001 0.86071298230265E-016 0.19217802243626E-017 0.49692854411602E-021 0.28296207353374E-015 0.21470943813394E-022 0.29802172111573E-023 0.47617731492187E-014 0.19366561178006E-007 0.74532501963884E+000 0.90474659783527E-025 0.14814259536808E+004 0.50231375156131E-002 -.12995009193929E+003 0.28366051540586E-001 0.10132500000000E+006 0.23207033282596E-003 0.28210945163627E+002 0.10000000000000E+001 0.00000000000000E+000 0.10000000000000E+001 0.14814259536808E+004 0.44303388812578E-002
 283 0.12568883360710E+001 0.74802877223566E-007 0.11139492310567E-008 0.12607296968567E-005 0.11313345261891E+000 0.49744588008062E-004 0.63673386736572E-001 0.11298824716786E-006 0.19053184975680E-020 0.15466395054246E-021 0.14022057004915E-017 0.26266588321886E-017 0.18046117255181E-005 0.77815239412926E-001 0.71004932289097E-016 0.15276976291668E-017 0.37462602725682E-021 0.22202252393726E-015 0.15157287053541E-022 0.21741520670449E-023 0.44307153193711E-014 0.19408180058704E-007 0.74532490298890E+000 0.91594650474511E-025 0.14814447354437E+004 0.50231375156131E-002 -.12994801215656E+003 0.28366051540586E-001 0.10132500000000E+006 0.23206760847406E-003 0.28210971644652E+002 0.10000000000000E+001 0.00000000000000E+000 0.10000000000000E+001 0.14814447354437E+004 0.38285622000517E-002
 284 0.13015860932331E+001 0.69797918190966E-007 0.10079965155575E-008 0.11790460909319E-005 0.11313422061713E+000 0.48106020484191E-004 0.63674375968809E-001 0.11180230480266E-006 0.14089924009973E-020 0.11436961757677E-021 0.10721979428011E-017 0.20696569734298E-017 0.16439072953407E-005 0.77815470232740E-001 0.59599832574057E-016 0.12361177901772E-017 0.28638887525995E-021 0.17611151337544E-015 0.10917388308551E-022 0.16139386960947E-023 0.41468798695620E-014 0.19447530225839E-007 0.74532480215169E+000 0.91459339415982E-025 0.14814611997247E+004 0.50231375156131E-002 -.12994621140078E+003 0.28366051540586E-001 0.10132500000000E+006 0.23206522089523E-003 0.28210994926068E+002 0.10000000000000E+001 0.00000000000000E+000 0.10000000000000E+001 0.14814611997247E+004 0.33282213387201E-002
 285 0.13463183869929E+001 0.65504723235692E-007 0.91969948894262E-009 0.11086388847830E-005 0.11313490812968E+000 0.46647098448081E-004 0.63675252630776E-001 0.11094943273073E-006 0.10576115693594E-020 0.85844192333545E-022 0.82993831295414E-018 0.16470549195800E-017 0.15084672700504E-005 0.77815663537401E-001 0.50816955525911E-016 0.10164707916989E-017 0.22163739185503E-021 0.14102250370555E-015 0.80048688194863E-023 0.12166261638038E-023 0.39019480960319E-014 0.19484932326458E-007 0.74532471463875E+000 0.92073864614508E-025 0.14814757026541E+004 0.50231375156131E-002 -.12994464559305E+003 0.28366051540586E-001 0.10132500000000E+006 0.23206311828046E-003 0.28211015494002E+002 0.10000000000000E+001 0.00000000000000E+000 0.10000000000000E+001 0.14814757026541E+004 0.29081244694993E-002
 286 0.13911135516818E+001 0.61799162806529E-007 0.84547900957034E-009 0.10475894852908E-005 0.11313552505798E+000 0.45343790796724E-004 0.63676032381718E-001 0.11035621958244E-006 0.80445401891274E-021 0.65293591361203E-022 0.64939436695686E-018 0.13221766257180E-017 0.13934780318984E-005 0.77815826682752E-001 0.43947795627751E-016 0.84834917804427E-018 0.17339584812570E-021 0.11386203019822E-015 0.59631093438194E-023 0.92969428382008E-024 0.36893543611227E-014 0.19520654234084E-007 0.74532463849772E+000 0.91926840549392E-025 0.14814885315067E+004 0.50231375156131E-002 -.12994328001576E+003 0.28366051540586E-001 0.10132500000000E+006 0.23206125886117E-003 0.28211033743185E+002 0.10000000000000E+001 0.00000000000000E+000 0.10000000000000E+001 0.14814885315067E+004 0.25522889318288E-002
 287 0.14359678077786E+001 0.58584795983121E-007 0.78264054894426E-009 0.99440240977283E-006 0.11313607947244E+000 0.44176754836923E-004 0.63676727718871E-001 0.10996562140464E-006 0.61927442899279E-021 0.50261880648873E-022 0.51309450607594E-018 0.10696444242989E-017 0.12952605622946E-005 0.77815965277403E-001 0.38502609564148E-016 0.71789311082831E-018 0.13698535906072E-021 0.92612891470582E-016 0.45061626744842E-023 0.71919597924168E-024 0.35039719244582E-014 0.19554899245440E-007 0.74532457222551E+000 0.92108213550946E-025 0.14814999134591E+004 0.50231375156131E-002 -.12994208790980E+003 0.28366051540585E-001 0.10132500000000E+006 0.23205960962384E-003 0.28211049987710E+002 0.10000000000000E+001 0.00000000000000E+000 0.10000000000000E+001 0.14814999134591E+004 0.22486756671379E-002
 288 0.14807833555966E+001 0.55788916742178E-007 0.72918486015870E-009 0.94795001094745E-006 0.11313657743279E+000 0.43131470471066E-004 0.63677348010415E-001 0.10973288058829E-006 0.48215998744650E-021 0.39132219029982E-022 0.40915669425747E-018 0.87172356465972E-018 0.12110561344356E-005 0.77816083531303E-001 0.34140465352987E-016 0.61557743773808E-018 0.10922553040941E-021 0.75856584000870E-016 0.34512944651383E-023 0.56280385449468E-024 0.33419318866448E-014 0.19587775220961E-007 0.74532451471012E+000 0.91232775214464E-025 0.14815100186669E+004 0.50231375156131E-002 -.12994104962071E+003 0.28366051540585E-001 0.10132500000000E+006 0.23205814584909E-003 0.28211064463764E+002 0.10000000000000E+001 0.00000000000000E+000 0.10000000000000E+001 0.14815100186669E+004 0.19883748573424E-002
 289 0.15254513581902E+001 0.53350945356260E-007 0.68351071566439E-009 0.90728810053387E-006 0.11313702439973E+000 0.42195079566686E-004 0.63677901443226E-001 0.10962175772789E-006 0.37947487901560E-021 0.30797492920617E-022 0.32915490442467E-018 0.71543128828895E-018 0.11386196310494E-005 0.77816184860981E-001 0.30611707928390E-016 0.53454121445027E-018 0.87862093691509E-022 0.62547519790931E-016 0.26771111310719E-023 0.44523609294387E-024 0.31999879592415E-014 0.19619367508426E-007 0.74532446503318E+000 0.90408939761442E-025 0.14815189936515E+004 0.50231375156131E-002 -.12994014896801E+003 0.28366051540585E-001 0.10132500000000E+006 0.23205684626797E-003 0.28211077376667E+002 0.10000000000000E+001 0.00000000000000E+000 0.10000000000000E+001 0.14815189936515E+004 0.17642329901220E-002
 290 0.15699376131010E+001 0.51216201047023E-007 0.64425569937048E-009 0.87155666170315E-006 0.11313742602771E+000 0.41354605801390E-004 0.63678396106731E-001 0.10960303790572E-006 0.30163020105994E-021 0.24479205662353E-022 0.26694255691311E-018 0.59095634858398E-018 0.10760033027213E-005 0.77816272213225E-001 0.27726340850486E-016 0.46967107910096E-018 0.71251330643064E-022 0.51889615637661E-016 0.21007850217012E-023 0.35574293258105E-024 0.30751743141112E-014 0.19649797815100E-007 0.74532442237327E+000 0.89524210111178E-025 0.14815269796721E+004 0.50231375156131E-002 -.12993937143094E+003 0.28366051540585E-001 0.10132500000000E+006 0.23205569040006E-003 0.28211088927179E+002 0.10000000000000E+001 0.00000000000000E+000 0.10000000000000E+001 0.14815269796721E+004 0.15701107946969E-002
 291 0.16142331855634E+001 0.49338111700774E-007 0.61030684505925E-009 0.84001916300142E-006 0.11313778752791E+000 0.40598225275153E-004 0.63678839270523E-001 0.10965378340327E-006 0.24191647841137E-021 0.19632658276520E-022 0.21807921973959E-018 0.49099293058399E-018 0.10215940451266E-005 0.77816348027876E-001 0.25342045023906E-016 0.41720082522502E-018 0.58206190888218E-022 0.43286246486656E-016 0.16658574882343E-023 0.28679597010254E-024 0.29649459505550E-014 0.19679186827384E-007 0.74532438605381E+000 0.88210771588059E-025 0.14815341016820E+004 0.50231375156131E-002 -.12993870514820E+003 0.28366051540585E-001 0.10132500000000E+006 0.23205466014912E-003 0.28211099295224E+002 0.10000000000000E+001 0.00000000000000E+000 0.10000000000000E+001 0.14815341016820E+004 0.14009631083261E-002
 292 0.16583243572220E+001 0.47677888624204E-007 0.58076796315886E-009 0.81206006236849E-006 0.11313811348189E+000 0.39915599285944E-004 0.63679237220562E-001 0.10975615583054E-006 0.19561058765102E-021 0.15874426241126E-022 0.17934764033941E-018 0.41010157233765E-018 0.97407919698842E-006 0.77816414298617E-001 0.23352274069187E-016 0.37435158490372E-018 0.47866857749842E-022 0.36290628486238E-016 0.13335005073206E-023 0.23308919993013E-024 0.28671727590281E-014 0.19707636372796E-007 0.74532435553793E+000 0.87207348425871E-025 0.14815404663776E+004 0.50231375156131E-002 -.12993814092259E+003 0.28366051540585E-001 0.10132500000000E+006 0.23205374008055E-003 0.28211108636519E+002 0.10000000000000E+001 0.00000000000000E+000 0.10000000000000E+001 0.14815404663776E+004 0.12527078595103E-002
 293 0.17021859661519E+001 0.46202954982971E-007 0.55491090526856E-009 0.78716110558084E-006 0.11313840793541E+000 0.39297637700256E-004 0.63679595427981E-001 0.10989636249439E-006 0.15933996880724E-021 0.12930734224775E-022 0.14838679928608E-018 0.34418425702426E-018 0.93238206460081E-006 0.77816472671930E-001 0.21676221002059E-016 0.33904542630800E-018 0.39602497104035E-022 0.30564309306974E-016 0.10765801396038E-023 0.19082788018181E-024 0.27800588345509E-014 0.19735228948810E-007 0.74532433039435E+000 0.86955364539276E-025 0.14815461655156E+004 0.50231375156131E-002 -.12993767166439E+003 0.28366051540585E-001 0.10132500000000E+006 0.23205291693572E-003 0.28211117086730E+002 0.10000000000000E+001 0.00000000000000E+000 0.10000000000000E+001 0.14815461655156E+004 0.11220103847842E-002
 294 0.17457800510076E+001 0.44885476043983E-007 0.53213476379235E-009 0.76487874165478E-006 0.11313867453084E+000 0.38736202498961E-004 0.63679918750573E-001 0.11006386246096E-006 0.13065768216416E-021 0.10602953093710E-022 0.12343738909003E-018 0.29010611819520E-018 0.89560533312853E-006 0.77816524530321E-001 0.20251572454433E-016 0.30970261162444E-018 0.32943142808318E-022 0.25847001135935E-016 0.87580498341186E-024 0.15725313441396E-024 0.27020650708314E-014 0.19762030600301E-007 0.74532431025818E+000 0.87430026627776E-025 0.14815512796606E+004 0.50231375156131E-002 -.12993729171986E+003 0.28366051540585E-001 0.10132500000000E+006 0.23205217908295E-003 0.28211124766123E+002 0.10000000000000E+001 0.00000000000000E+000 0.10000000000000E+001 0.14815512796606E+004 0.10061003093085E-002
 295 0.17890593683159E+001 0.43701062171378E-007 0.51193273875743E-009 0.74482399105210E-006 0.11313891665460E+000 0.38223799086312E-004 0.63680211640876E-001 0.11025080454366E-006 0.10775616925505E-021 0.87443600513380E-023 0.10316435177684E-018 0.24542175117575E-018 0.86298278815682E-006 0.77816571059004E-001 0.19029277906161E-016 0.28509737744569E-018 0.27532224307077E-022 0.21934593696606E-016 0.71720072137481E-024 0.13032154325864E-024 0.26318398647954E-014 0.19788096443452E-007 0.74532429478776E+000 0.88046094475772E-025 0.14815558819861E+004 0.50231375156131E-002 -.12993699609199E+003 0.28366051540585E-001 0.10132500000000E+006 0.23205151595940E-003 0.28211131784094E+002 0.10000000000000E+001 0.00000000000000E+000 0.10000000000000E+001 0.14815558819861E+004 0.90262084914875E-003
 296 0.18319736443608E+001 0.42627692316880E-007 0.49386625525840E-009 0.72664573434516E-006 0.11313913757937E+000 0.37753295974657E-004 0.63680478339178E-001 0.11045164705289E-006 0.89272113163752E-022 0.72442958829867E-023 0.86531740760661E-019 0.20817467023716E-018 0.83383904776480E-006 0.77816613295962E-001 0.17969778714886E-016 0.26425436046405E-018 0.23093103227604E-022 0.18662934589514E-016 0.59043119313052E-024 0.10848643772770E-024 0.25681614496641E-014 0.19813477428623E-007 0.74532428361804E+000 0.88432002883526E-025 0.14815600418244E+004 0.50231375156131E-002 -.12993677954360E+003 0.28366051540585E-001 0.10132500000000E+006 0.23205091754696E-003 0.28211138243067E+002 0.10000000000000E+001 0.00000000000000E+000 0.10000000000000E+001 0.14815600418244E+004 0.80950992634032E-003
 297 0.18744626924332E+001 0.41645146365403E-007 0.47755009087706E-009 0.71002241973202E-006 0.11313934053369E+000 0.37317819841969E-004 0.63680722971906E-001 0.11066284125108E-006 0.74154192332087E-022 0.60174287048017E-023 0.72715598698044E-019 0.17675325501594E-018 0.80756295812448E-006 0.77816652155540E-001 0.17040528746272E-016 0.24637696581825E-018 0.19405781925340E-022 0.15896124899095E-016 0.48768319528801E-024 0.90549356745399E-025 0.25099094791078E-014 0.19838219505794E-007 0.74532427630988E+000 0.88102762078669E-025 0.14815638267957E+004 0.50231375156131E-002 -.12993663555674E+003 0.28366051540585E-001 0.10132500000000E+006 0.23205037404906E-003 0.28211144239763E+002 0.10000000000000E+001 0.00000000000000E+000 0.10000000000000E+001 0.14815638267957E+004 0.72493421098343E-003
 298 0.19165013069608E+001 0.40733388226500E-007 0.46262221139895E-009 0.69463621675524E-006 0.11313952900710E+000 0.36910156652623E-004 0.63680949931721E-001 0.11088286534509E-006 0.61550037472506E-022 0.49945776736774E-023 0.61021744680128E-019 0.14973717792767E-018 0.78355230299128E-006 0.77816688487304E-001 0.16213072956085E-016 0.23077087307865E-018 0.16284937751749E-022 0.13513713045761E-016 0.40276652875779E-024 0.75531183404034E-025 0.24559749193366E-014 0.19862392435883E-007 0.74532427228743E+000 0.87869817915308E-025 0.14815673093556E+004 0.50231375156131E-002 -.12993655491811E+003 0.28366051540585E-001 0.10132500000000E+006 0.23204987492991E-003 0.28211149873066E+002 0.10000000000000E+001 0.00000000000000E+000 0.10000000000000E+001 0.14815673093556E+004 0.64714121557467E-003
 299 0.19582738799960E+001 0.39868644230206E-007 0.44867986096813E-009 0.68010939113121E-006 0.11313970753837E+000 0.36521084677442E-004 0.63681164840654E-001 0.11111305612120E-006 0.50693726183890E-022 0.41135816736866E-023 0.50793378569841E-019 0.12570233634962E-018 0.76109906267812E-006 0.77816723223741E-001 0.15458710122705E-016 0.21674195184914E-018 0.13555249288650E-022 0.11394043327709E-016 0.33028566470648E-024 0.62539238500548E-025 0.24050371948749E-014 0.19886189775089E-007 0.74532427078753E+000 0.87497121841342E-025 0.14815705821318E+004 0.50231375156131E-002 -.12993652430850E+003 0.28366051540585E-001 0.10132500000000E+006 0.23204940669844E-003 0.28211155266649E+002 0.10000000000000E+001 0.00000000000000E+000 0.10000000000000E+001 0.14815705821318E+004 0.57413880543356E-003
 300 0.20000000000000E+001 0.39026478939917E-007 0.43532650868779E-009 0.66605580220913E-006 0.11313988110075E+000 0.36140835768589E-004 0.63681373812224E-001 0.11135571455843E-006 0.40878980295703E-022 0.33171287545092E-023 0.41389856782014E-019 0.10320518340374E-018 0.73944465095996E-006 0.77816757246956E-001 0.14750365413700E-016 0.20358668082114E-018 0.11045716809652E-022 0.94126825837562E-017 0.26549107008439E-024 0.50716889887495E-025 0.23557439885892E-014 0.19909835362204E-007 0.74532427077649E+000 0.87488969653602E-025 0.14815737478010E+004 0.50231375156131E-002 -.12993652430850E+003 0.28366051540585E-001 0.10132500000000E+006 0.23204895432070E-003 0.28211160547922E+002 0.10000000000000E+001 0.00000000000000E+000 0.10000000000000E+001 0.14815737478010E+004 0.50428844838174E-003
