[CHEM1D_DATAFILE_VERSION]
 4

[NUMBER_OF_GRIDPOINTS]
         300
[MOLE_OR_MASS_FRACTIONS]
 MASS
[NUMBER_OF_SPECIES]
          23
[NUMBER_OF_VARIABLES]
          35

[TIME]
0.000000000000000E+00
[INLET]
Phi =  0.80, Tinlet =  300.00 K, Pinlet =  101325.00 Pa.
[COMMENT]
Adiabatic flame, Stationary solution, Mixture averaged diffusion, Detailed chemistry,  No radiation model.
 No heat exchanger model.
[USER_COMMENT]
-                                                      

[FILE_STRUCTURE_COLUMNS_CONTAINING]
 i x(i) H2               H                O                O2               OH               H2O              HO2              CH2              CH2(S)           CH3              CH4              CO               CO2              HCO              CH2O             CH3O             C2H4             C2H5             C2H6             N                NO               N2               AR               Temp             Massflow         Enthalpy         MixFrac          Press            Density          MeanMass         Surface          Stretch          Porosity         Tsolid           HeatRel         
   1 -.50000000000000E+000 0.00000000000000E+000 0.00000000000000E+000 0.00000000000000E+000 0.22252329693693E+000 0.00000000000000E+000 -.11274265906421E-033 0.00000000000000E+000 0.00000000000000E+000 0.00000000000000E+000 0.00000000000000E+000 0.44626161663849E-001 0.00000000000000E+000 0.00000000000000E+000 0.00000000000000E+000 0.00000000000000E+000 0.00000000000000E+000 0.00000000000000E+000 0.00000000000000E+000 0.00000000000000E+000 -.95552308531563E-034 0.00000000000000E+000 0.73285054139922E+000 0.00000000000000E+000 0.30000000000000E+003 0.32418427810144E-001 -.20550346632688E+003 0.44626161663849E-001 0.10132500000000E+006 0.11316415925193E-002 0.27857889963100E+002 0.10000000000000E+001 0.00000000000000E+000 0.10000000000000E+001 0.30000000000000E+003 -.49074363459962E-032
   2 -.44456178461200E+000 0.11303298606922E-010 -.36377606744662E-033 0.56473566418973E-026 0.22252329691107E+000 -.41484514356636E-026 -.48645491121225E-018 -.16262633715458E-021 -.31602120135242E-037 -.14599302464581E-038 0.75293297462350E-027 0.44626161658125E-001 -.17458687339590E-019 -.38449742417104E-020 -.70513214024451E-035 -.66161148146348E-022 -.12849193045985E-025 -.33367639140005E-022 -.82822482127890E-031 -.11370908250674E-022 -.13667255848200E-028 -.12254995822261E-025 0.73285054141950E+000 0.24809513095406E-030 0.29999999998430E+003 0.32418427810144E-001 -.20550346631671E+003 0.44626161663849E-001 0.10132500000000E+006 0.11316415924156E-002 0.27857889959091E+002 0.10000000000000E+001 0.00000000000000E+000 0.10000000000000E+001 0.29999999998430E+003 -.40864943219754E-025
   3 -.38942506371557E+000 0.93024494517209E-010 -.10996423066772E-031 0.77371334409860E-024 0.22252329672809E+000 -.41232200966657E-024 -.38489805827840E-017 -.13696993165611E-020 -.31519939914155E-036 -.14737012911452E-037 0.32233045270862E-024 0.44626161617542E-001 -.14727873131863E-018 -.36337220235318E-019 -.88813980687269E-033 -.62653082204907E-021 -.97598354126500E-024 -.31307330445468E-021 -.79894634650326E-030 -.11029370286167E-021 -.17960550077689E-027 -.10361490774982E-024 0.73285054156134E+000 -.19119775954813E-028 0.29999999987282E+003 0.32418427810144E-001 -.20550346624470E+003 0.44626161663850E-001 0.10132500000000E+006 0.11316415916586E-002 0.27857889930102E+002 0.10000000000000E+001 0.00000000000000E+000 0.10000000000000E+001 0.29999999987282E+003 -.52915520810296E-023
   4 -.33513737034223E+000 0.66452335022899E-009 -.14915915451119E-030 0.96735452828641E-022 0.22252329549865E+000 -.10406705865962E-022 -.16963442705638E-016 -.63284243264663E-020 -.14946704665836E-035 -.73061756558569E-037 0.11606725472968E-022 0.44626161344053E-001 -.68326638449391E-018 -.18751979329693E-018 -.79106356375378E-031 -.32255788183656E-020 -.24804409231993E-022 -.16040384182760E-020 -.47386269735475E-029 -.58470742419853E-021 -.11998832840373E-026 -.48131745114189E-024 0.73285054249277E+000 0.27698398307827E-027 0.29999999911993E+003 0.32418427810144E-001 -.20550346576068E+003 0.44626161663851E-001 0.10132500000000E+006 0.11316415862620E-002 0.27857889727340E+002 0.10000000000000E+001 0.00000000000000E+000 0.10000000000000E+001 0.29999999911993E+003 -.70179759271242E-021
   5 -.28247413635961E+000 0.44190832864225E-008 -.29985068017390E-029 0.10267553754525E-019 0.22252328790832E+000 -.12954372933472E-021 -.49018042619033E-016 -.20784633442694E-019 -.55299821689226E-034 -.19350421482999E-035 0.49414281686061E-021 0.44626159648566E-001 -.22883711581277E-017 -.69637671002830E-018 -.73374819991115E-029 -.11712010017431E-019 -.41470781146829E-021 -.59161184521659E-020 -.18866670725737E-028 -.22316089136611E-020 -.48611259766629E-026 -.16031029740480E-023 0.73285054802403E+000 -.16796160923735E-027 0.29999999443814E+003 0.32418427810144E-001 -.20550346276999E+003 0.44626161663853E-001 0.10132500000000E+006 0.11316415497938E-002 0.27857888394844E+002 0.10000000000000E+001 0.00000000000000E+000 0.10000000000000E+001 0.29999999443814E+003 -.75523095961896E-019
   6 -.23238989301162E+000 0.26770705836921E-007 -.19759633605498E-027 0.84480846258015E-018 0.22252324626730E+000 -.71708927972083E-021 0.35805760307081E-014 0.16668477134762E-018 -.49762269309194E-031 -.26792656411457E-032 0.72055936968384E-019 0.44626150299211E-001 0.55239917182808E-017 -.20893499923147E-017 -.58611841383719E-027 -.28635655958082E-019 -.81093349659291E-020 -.17644137899393E-019 -.20193286949738E-026 -.68853538291328E-020 -.15816481289466E-025 0.35310758355280E-022 0.73285057666278E+000 -.17435564346751E-027 0.29999996852651E+003 0.32418427810144E-001 -.20550344633946E+003 0.44626161663858E-001 0.10132500000000E+006 0.11316413251704E-002 0.27857880459092E+002 0.10000000000000E+001 0.00000000000000E+000 0.10000000000000E+001 0.29999996852651E+003 -.61700195185989E-017
   7 -.18579327067107E+000 0.14329777466683E-006 -.69648365370246E-025 0.49742799065256E-016 0.22252304823450E+000 -.15930282000696E-018 0.14166811528800E-011 0.23292586806226E-015 -.77091738906883E-028 -.60626659309902E-029 0.25864493884940E-016 0.44626105566609E-001 0.12945691206446E-013 -.51187343286964E-017 -.51639970626679E-025 0.20132376898205E-018 -.28610598487100E-018 -.27133968224142E-019 -.20727958922133E-023 -.18047927711016E-019 -.60705027044823E-025 0.47382091278328E-019 0.73285070289968E+000 -.54997283724139E-027 0.29999984402241E+003 0.32418427810144E-001 -.20550336807333E+003 0.44626161663867E-001 0.10132500000000E+006 0.11316401135148E-002 0.27857839070092E+002 0.10000000000000E+001 0.00000000000000E+000 0.10000000000000E+001 0.29999984402241E+003 -.33300215731010E-015
   8 -.14326451156830E+000 0.66405879092688E-006 -.28569638407562E-022 0.20064027436076E-014 0.22252224801035E+000 -.10691222525259E-016 0.28636217221062E-009 0.11109215366433E-012 -.15534640440738E-024 -.10674207758405E-025 0.65037694849374E-014 0.44625922300935E-001 0.62909829995492E-011 0.34044155878456E-014 -.12818415441997E-022 0.19767178507282E-015 -.21524307627947E-016 0.16114277668666E-015 -.87682236109364E-021 0.15382903126466E-016 -.14404101807595E-024 0.24549262513790E-016 0.73285116533715E+000 -.11187714763967E-026 0.29999933287234E+003 0.32418427810144E-001 -.20550305127611E+003 0.44626161663880E-001 0.10132500000000E+006 0.11316345256646E-002 0.27857654047817E+002 0.10000000000000E+001 0.00000000000000E+000 0.10000000000000E+001 0.29999933287234E+003 -.57706605582198E-014
   9 -.10517093342026E+000 0.26291663433958E-005 -.32653487712134E-020 0.54221180587775E-013 0.22251973498799E+000 0.24239738603834E-015 0.30568972049163E-007 0.23976079843427E-010 -.13768759385387E-021 -.74256890365087E-023 0.85796185116175E-012 0.44625237399136E-001 0.13765955123843E-008 0.82220273915851E-011 -.23139835650680E-020 0.46942046513540E-012 -.16118523179231E-014 0.31254431870893E-012 -.74613538086387E-019 0.89262197411239E-013 0.20220105903581E-023 0.56602817173724E-014 0.73285236646698E+000 -.25130364533639E-026 0.29999773195217E+003 0.32418427810144E-001 -.20550193528293E+003 0.44626161663898E-001 0.10132500000000E+006 0.11316122507160E-002 0.27856957044327E+002 0.10000000000000E+001 0.00000000000000E+000 0.10000000000000E+001 0.29999773195217E+003 0.15792589554928E-010
  10 -.72906856902399E-001 0.84591163197308E-005 -.47723649118919E-020 0.87793001601721E-012 0.22251602930507E+000 0.65178377512771E-013 0.14983198113653E-005 0.20267553226945E-008 -.30113071681433E-019 -.15851624879312E-020 0.49766351519620E-010 0.44620967506817E-001 0.11758815196820E-006 0.38786313999321E-008 -.40788302945099E-018 0.23597257518658E-009 0.32550850211771E-013 0.12768995058555E-009 0.61770847898132E-018 0.73763728034524E-010 0.69236074233912E-022 0.50310593682411E-012 0.73285292176977E+000 -.56723734103809E-026 0.30000459224229E+003 0.32418427810144E-001 -.20549483520294E+003 0.44626161663918E-001 0.10132500000000E+006 0.11315039301157E-002 0.27854927477062E+002 0.10000000000000E+001 0.00000000000000E+000 0.10000000000000E+001 0.30000459224229E+003 0.59586163645479E-008
  11 -.49503188512394E-001 0.19818661059841E-004 0.34193652983434E-017 0.66492101059511E-011 0.22252337597686E+000 0.65475761053279E-011 0.24455883859889E-004 0.47555004784327E-007 0.29186118003205E-018 0.15020600819918E-019 0.89967964659256E-009 0.44586190404055E-001 0.27782366431649E-005 0.26220065160894E-006 -.41474583533510E-017 0.16564021599197E-007 0.11227106413696E-010 0.79457986502675E-008 0.64605438100852E-015 0.68262207428568E-008 0.88151449112781E-021 0.12199198009689E-010 0.73284303880952E+000 0.25369103015203E-026 0.30022012067144E+003 0.32418427810144E-001 -.20542441809971E+003 0.44626161663938E-001 0.10132500000000E+006 0.11305429329931E-002 0.27851264480729E+002 0.10000000000000E+001 0.00000000000000E+000 0.10000000000000E+001 0.30022012067144E+003 0.11197599282560E-005
  12 -.35665247462741E-001 0.32877081574235E-004 0.14512213685712E-015 0.22574717101473E-010 0.22254508548180E+000 0.13097277022732E-009 0.12803632788461E-003 0.30662123477944E-006 0.31387089676984E-016 0.16262751890679E-017 0.48765432640713E-008 0.44464156687898E-001 0.17993159732680E-004 0.30231567083128E-005 0.34659187562670E-015 0.19425901820899E-006 0.37255037021315E-009 0.87697081508551E-007 0.56546579239016E-013 0.92716576263646E-007 0.40517529731089E-020 0.80175085109075E-010 0.73280814132762E+000 0.50942198731701E-025 0.30133068306835E+003 0.32418427810144E-001 -.20514971593552E+003 0.44626161663951E-001 0.10132500000000E+006 0.11262295236061E-002 0.27847635561215E+002 0.10000000000000E+001 0.00000000000000E+000 0.10000000000000E+001 0.30133068306835E+003 0.33579680494692E-004
  13 -.28121690086493E-001 0.43395399306128E-004 0.13486628119715E-014 0.45709096994864E-010 0.22254762803782E+000 0.65593876870322E-009 0.31685734247310E-003 0.85093439673172E-006 0.38627179221526E-015 0.20194745659082E-016 0.12113086252189E-007 0.44272498188852E-001 0.50091483606487E-004 0.11517802438808E-004 0.64857222294983E-014 0.74466593829641E-006 0.26054494259103E-008 0.32636130909680E-006 0.77402404086144E-012 0.38585176220906E-006 0.93463291969473E-020 0.22499075219124E-009 0.73275568828614E+000 0.15833770189136E-024 0.30348770370545E+003 0.32418427810144E-001 -.20469953254915E+003 0.44626161663959E-001 0.10132500000000E+006 0.11181205480065E-002 0.27845036468379E+002 0.10000000000000E+001 0.00000000000000E+000 0.10000000000000E+001 0.30348770370545E+003 0.23031810848101E-003
  14 -.23630218592583E-001 0.51249817849713E-004 0.52514089123205E-014 0.71742049744855E-010 0.22251754744932E+000 0.16129140929829E-008 0.54263232584777E-003 0.15608850375873E-005 0.16118603216556E-014 0.85159671594744E-016 0.20813062961434E-007 0.44065494111732E-001 0.92105621312224E-004 0.25540447776387E-004 0.35051974008540E-013 0.16545797173832E-005 0.82979124617260E-008 0.71369098148047E-006 0.35921428437535E-011 0.90221788056036E-006 0.15369939835172E-019 0.41566153624902E-009 0.73270056763761E+000 0.29926961380764E-024 0.30616611217795E+003 0.32418427810144E-001 -.20420717384197E+003 0.44626161663964E-001 0.10132500000000E+006 0.11082612177683E-002 0.27843082741120E+002 0.10000000000000E+001 0.00000000000000E+000 0.10000000000000E+001 0.30616611217795E+003 0.73404948564356E-003
  15 -.20537564018980E-001 0.57514349867439E-004 0.13560883075360E-013 0.99982154490299E-010 0.22245972764757E+000 0.29094637982869E-008 0.78396464226930E-003 0.23643761549118E-005 0.41845410227801E-014 0.22356915244449E-015 0.30350814404468E-007 0.43860039647530E-001 0.13980311098199E-003 0.44072669124938E-004 0.10845973919474E-012 0.28561925995165E-005 0.18327243576542E-007 0.12199505976509E-005 0.10018828654297E-010 0.16149449160686E-005 0.21638181470024E-019 0.63293986797388E-009 0.73264677013780E+000 0.45511425039959E-024 0.30910237672339E+003 0.32418427810144E-001 -.20371813570315E+003 0.44626161663967E-001 0.10132500000000E+006 0.10976662223176E-002 0.27841376753890E+002 0.10000000000000E+001 0.00000000000000E+000 0.10000000000000E+001 0.30910237672339E+003 0.16341328794367E-002
  16 -.18163047182968E-001 0.62877077473583E-004 0.28378989539822E-013 0.13114500243801E-009 0.22237810679384E+000 0.45105929888684E-008 0.10374445944924E-002 0.32443898025172E-005 0.86017010600004E-014 0.46495650184717E-015 0.40798148514056E-007 0.43656492997882E-001 0.19219326491155E-003 0.66797652433211E-004 0.25363325249115E-012 0.43269928191639E-005 0.33535486996066E-007 0.18358622509446E-005 0.21640544828282E-010 0.25173898717778E-005 0.28130132318154E-019 0.87223031049882E-009 0.73259408311469E+000 0.62839754453146E-024 0.31224555082335E+003 0.32418427810144E-001 -.20323530531352E+003 0.44626161663969E-001 0.10132500000000E+006 0.10865523823171E-002 0.27839728133193E+002 0.10000000000000E+001 0.00000000000000E+000 0.10000000000000E+001 0.31224555082335E+003 0.30217059634001E-002
  17 -.16219047542451E-001 0.67671596832822E-004 0.52430125619401E-013 0.16599275200077E-009 0.22227487062024E+000 0.64094629780952E-008 0.13021749822567E-002 0.41945593701700E-005 0.15456154404074E-013 0.84559063589987E-015 0.52327290485049E-007 0.43454056479524E-001 0.24891662162839E-003 0.93619914546471E-004 0.50304127272033E-012 0.60587828105135E-005 0.54809815225570E-007 0.25584197367329E-005 0.40235380823997E-010 0.36101071258515E-005 0.34869103892490E-019 0.11318401478164E-008 0.73254215303072E+000 0.79081636314630E-024 0.31557939277298E+003 0.32418427810144E-001 -.20275746121376E+003 0.44626161663971E-001 0.10132500000000E+006 0.10750092066613E-002 0.27838054616333E+002 0.10000000000000E+001 0.00000000000000E+000 0.10000000000000E+001 0.31557939277298E+003 0.49968377347301E-002
  18 -.14564405060729E-001 0.72070359380618E-004 0.89181337911787E-013 0.20520316428376E-009 0.22215159442252E+000 0.86084785329383E-008 0.15771583823297E-002 0.52093478520478E-005 0.25456682953629E-013 0.14100068208390E-014 0.65110502237929E-007 0.43252511307652E-001 0.30966255431170E-003 0.12445748983989E-003 0.89485481260007E-012 0.80442075691082E-005 0.83008640534196E-007 0.33850969730480E-005 0.67757224085693E-010 0.48935396565101E-005 0.41866126883800E-019 0.14103144237164E-008 0.73249085488001E+000 0.95497478662213E-024 0.31908844531838E+003 0.32418427810144E-001 -.20228421460992E+003 0.44626161663973E-001 0.10132500000000E+006 0.10631209230779E-002 0.27836319090155E+002 0.10000000000000E+001 0.00000000000000E+000 0.10000000000000E+001 0.31908844531838E+003 0.76635004509544E-002
  19 -.13117392513155E-001 0.76179479470263E-004 0.14308516545128E-012 0.24948662795899E-009 0.22200939870760E+000 0.11118630534580E-007 0.18617144988638E-002 0.62849396812584E-005 0.39472589747838E-013 0.22140016345065E-014 0.79339231925305E-007 0.43051651707767E-001 0.37422223860041E-003 0.15926625701072E-003 0.14740815336297E-011 0.10278328898138E-004 0.11898718705185E-006 0.43144702956736E-005 0.10638578375579E-009 0.63692228296554E-005 0.49135722061975E-019 0.17066711108031E-008 0.73244010863973E+000 0.11274140415076E-023 0.32276220851727E+003 0.32418427810144E-001 -.20181495307665E+003 0.44626161663974E-001 0.10132500000000E+006 0.10509515896173E-002 0.27834501811147E+002 0.10000000000000E+001 0.00000000000000E+000 0.10000000000000E+001 0.32276220851727E+003 0.11133564506333E-001
  20 -.11826237017572E-001 0.80070033976265E-004 0.21987453338822E-012 0.29962017492723E-009 0.22184907782156E+000 0.13957778965274E-007 0.21554045606295E-002 0.74187873195671E-005 0.58578530164002E-013 0.33278551205528E-014 0.95225435985959E-007 0.42851257611104E-001 0.44246193837924E-003 0.19803423427669E-003 0.22939069987878E-011 0.12758238094307E-004 0.16360707775019E-006 0.53460341297543E-005 0.15857948686330E-009 0.80397521308699E-005 0.56696501200112E-019 0.20202769757386E-008 0.73238985571705E+000 0.12975996874440E-023 0.32659385235378E+003 0.32418427810144E-001 -.20134890455431E+003 0.44626161663976E-001 0.10132500000000E+006 0.10385503938789E-002 0.27832591340437E+002 0.10000000000000E+001 0.00000000000000E+000 0.10000000000000E+001 0.32659385235378E+003 0.15529389411615E-001
  21 -.10656458388105E-001 0.83791062158895E-004 0.32688866314365E-012 0.35644795390215E-009 0.22167125548705E+000 0.17148211226139E-007 0.24578441534429E-002 0.86087967779486E-005 0.84094104731366E-013 0.48394536782546E-014 0.11299613197948E-006 0.42651176874375E-001 0.51427426378865E-003 0.24075891810633E-003 0.34167770895006E-011 0.15481586745847E-004 0.21772002935719E-006 0.64795795158513E-005 0.22710609485047E-009 0.99079334369614E-005 0.64567932383533E-019 0.23506226835741E-008 0.73234007054222E+000 0.14632287238298E-023 0.33057760718074E+003 0.32418427810144E-001 -.20088539107624E+003 0.44626161663977E-001 0.10132500000000E+006 0.10259608397076E-002 0.27830581380013E+002 0.10000000000000E+001 0.00000000000000E+000 0.10000000000000E+001 0.33057760718074E+003 0.20983907268417E-001
  22 -.95839614376699E-002 0.87377789276015E-004 0.47348486212005E-012 0.42089521521200E-009 0.22147644946329E+000 0.20715635895570E-007 0.27686764970145E-002 0.98531404076036E-005 0.11763088637008E-012 0.68580421366959E-014 0.13289409254213E-006 0.42451307704746E-001 0.58956677128956E-003 0.28744122577989E-003 0.49156350290059E-011 0.18446196459055E-004 0.28215991603743E-006 0.77150259322440E-005 0.31508282851840E-009 0.11976566508871E-004 0.72770630366100E-019 0.26972693980774E-008 0.73229075041089E+000 0.16440209686373E-023 0.33470826660226E+003 0.32418427810144E-001 -.20042381878264E+003 0.44626161663978E-001 0.10132500000000E+006 0.10132224620581E-002 0.27828468770227E+002 0.10000000000000E+001 0.00000000000000E+000 0.10000000000000E+001 0.33470826660226E+003 0.27641411762324E-001
  23 -.85912041960123E-002 0.90856510392493E-004 0.67156123611913E-012 0.49398543294841E-009 0.22126509947050E+000 0.24688738646454E-007 0.30875770592919E-002 0.11150225225807E-004 0.16114792494727E-012 0.95187077753403E-014 0.15518001750933E-006 0.42251573990762E-001 0.66825991273129E-003 0.33808465861941E-003 0.68753382561780E-011 0.21650004893462E-004 0.35773924246174E-006 0.90523942617658E-005 0.42602689275228E-009 0.14248436154576E-004 0.81327182609615E-019 0.30598387557281E-008 0.73224190574160E+000 0.18286179343079E-023 0.33898115968067E+003 0.32418427810144E-001 -.19996363877872E+003 0.44626161663979E-001 0.10132500000000E+006 0.10003710021603E-002 0.27826252272331E+002 0.10000000000000E+001 0.00000000000000E+000 0.10000000000000E+001 0.33898115968067E+003 0.35658764164707E-001
  24 -.76650051668505E-002 0.94247422242867E-004 0.93621955811788E-012 0.57685605788097E-009 0.22103758761475E+000 0.29098856112751E-007 0.34142500429362E-002 0.12498650478440E-004 0.21701516425220E-012 0.12987603373175E-013 0.18013427618187E-006 0.42051914509927E-001 0.75028435523675E-003 0.39269421040670E-003 0.93941891754362E-011 0.25090995609821E-004 0.44524502956450E-006 0.10491773947019E-004 0.56391240577752E-009 0.16726284806182E-004 0.90262641576778E-019 0.34380002003161E-008 0.73219355507217E+000 0.20440828585452E-023 0.34339205323271E+003 0.32418427810144E-001 -.19950433352344E+003 0.44626161663980E-001 0.10132500000000E+006 0.98743882317466E-003 0.27823931893235E+002 0.10000000000000E+001 0.00000000000000E+000 0.10000000000000E+001 0.34339205323271E+003 0.45206574276322E-001
  25 -.67952055947012E-002 0.97566379508256E-004 0.12866266698964E-011 0.67077437705007E-009 0.22079425366391E+000 0.33979751580967E-007 0.37484230738845E-002 0.13897168560371E-004 0.28808603556880E-012 0.17468024388006E-013 0.20805846603161E-006 0.41852277780330E-001 0.83557850794653E-003 0.45127530625940E-003 0.12585588174869E-010 0.28767130356660E-004 0.54543432566239E-006 0.12033291774125E-004 0.73323483133057E-009 0.19412779741395E-004 0.99604909866531E-019 0.38314593922909E-008 0.73214572219554E+000 0.22959944663504E-023 0.34793704902502E+003 0.32418427810144E-001 -.19904541222440E+003 0.44626161663981E-001 0.10132500000000E+006 0.97445532992650E-003 0.27821508487821E+002 0.10000000000000E+001 0.00000000000000E+000 0.10000000000000E+001 0.34793704902502E+003 0.56470412581585E-001
  26 -.59738099404858E-002 0.10082604947924E-003 0.17471761205016E-011 0.77715451283942E-009 0.22053540598344E+000 0.39367490882634E-007 0.40898429627139E-002 0.15344656191163E-004 0.37778083651701E-012 0.23207482417702E-013 0.23927695978374E-006 0.41652618885042E-001 0.92408667380735E-003 0.51383302117246E-003 0.16579833113159E-010 0.32676299562031E-004 0.65902978645688E-006 0.13677088632151E-004 0.93908476164685E-009 0.22310487680821E-004 0.10938512784231E-018 0.42399495657516E-008 0.73209843424312E+000 0.25589147530951E-023 0.35261250608097E+003 0.32418427810144E-001 -.19858640823851E+003 0.44626161663981E-001 0.10132500000000E+006 0.96144729742732E-003 0.27818983506728E+002 0.10000000000000E+001 0.00000000000000E+000 0.10000000000000E+001 0.35261250608097E+003 0.69652154682092E-001
  27 -.51944106902280E-002 0.10403670685448E-003 0.23491259121996E-011 0.89757628169786E-009 0.22026132885929E+000 0.45300417097203E-007 0.44382732053241E-002 0.16840096520580E-004 0.49018284452088E-012 0.30505945986906E-013 0.27413854140422E-006 0.41452896959863E-001 0.10157578753429E-002 0.58037166389570E-003 0.21526101052395E-010 0.36816296051957E-004 0.78671567489418E-006 0.15423306272771E-004 0.11872332930497E-008 0.25421862468563E-004 0.11963811225757E-018 0.46632260366072E-008 0.73205172024105E+000 0.27907793321681E-023 0.35741499353221E+003 0.32418427810144E-001 -.19812687633452E+003 0.44626161663982E-001 0.10132500000000E+006 0.94843910083891E-003 0.27816358823536E+002 0.10000000000000E+001 0.00000000000000E+000 0.10000000000000E+001 0.35741499353221E+003 0.84971584006930E-001
  28 -.44517953186072E-002 0.10720678104275E-003 0.31330016452389E-011 0.10338056084877E-008 0.21997228877706E+000 0.51819181673522E-007 0.47934908124855E-002 0.18382560641231E-004 0.63014859026835E-012 0.39725392843883E-013 0.31301794381402E-006 0.41253074200314E-001 0.11105446566532E-002 0.65089426745250E-003 0.27594618060162E-010 0.41184783105644E-004 0.92913357392585E-006 0.17272071873299E-004 0.14842295726793E-008 0.28749225722454E-004 0.13040279299208E-018 0.51010606281537E-008 0.73200561024246E+000 0.30184369159929E-023 0.36234123881249E+003 0.32418427810144E-001 -.19766639231070E+003 0.44626161663983E-001 0.10132500000000E+006 0.93545295010094E-003 0.27813636624648E+002 0.10000000000000E+001 0.00000000000000E+000 0.10000000000000E+001 0.36234123881249E+003 0.10266829234725E+000
  29 -.37416681430233E-002 0.11034325099490E-003 0.41522302189768E-011 0.11878171265154E-008 0.21966853927033E+000 0.58966846286421E-007 0.51552837571378E-002 0.19971192884002E-004 0.80343470099983E-012 0.51300886851748E-013 0.35631738696079E-006 0.41053115238040E-001 0.12084021334799E-002 0.72540217901933E-003 0.34979059552693E-010 0.45779269013165E-004 0.10868781437332E-005 0.19223485401739E-004 0.18375129106100E-008 0.32294749735821E-004 0.14172269481650E-018 0.55532372579017E-008 0.73196013469304E+000 0.32404862854468E-023 0.36738808709070E+003 0.32418427810144E-001 -.19720455266299E+003 0.44626161663983E-001 0.10132500000000E+006 0.92250908381876E-003 0.27810819332593E+002 0.10000000000000E+001 0.00000000000000E+000 0.10000000000000E+001 0.36738808709070E+003 0.12300407076292E+000
  30 -.30604476223478E-002 0.11345194235495E-003 0.54787048916666E-011 0.13618196296393E-008 0.21935032409454E+000 0.66789071784779E-007 0.55234496118071E-002 0.21605201905111E-004 0.10168444167844E-011 0.65753448206424E-013 0.40446821241772E-006 0.40852986374383E-001 0.13092874258095E-002 0.80389487940166E-003 0.43899242826375E-010 0.50597096035551E-004 0.12604932745688E-005 0.21277613118674E-004 0.22555424438761E-008 0.36060449472541E-004 0.15364649665228E-018 0.60195493030054E-008 0.73191532387325E+000 0.34817067437385E-023 0.37255247925298E+003 0.32418427810144E-001 -.19674097334641E+003 0.44626161663984E-001 0.10132500000000E+006 0.90962590813066E-003 0.27807909545474E+002 0.10000000000000E+001 0.00000000000000E+000 0.10000000000000E+001 0.37255247925298E+003 0.14626603492732E+000
  31 -.24051179001367E-002 0.11653774565326E-003 0.72112657827419E-011 0.15582841873892E-008 0.21901788016910E+000 0.75334371751884E-007 0.58977938314084E-002 0.23283850381020E-004 0.12783964888393E-011 0.83704970025440E-013 0.45793246029843E-006 0.40652655396384E-001 0.14131590440682E-002 0.88636972808003E-003 0.54604143460612E-010 0.55635424874173E-004 0.14504680601619E-005 0.23434479199012E-004 0.27479455560711E-008 0.40048169713421E-004 0.16622863174035E-018 0.64997967596594E-008 0.73187120755704E+000 0.37074277785780E-023 0.37783142647437E+003 0.32418427810144E-001 -.19627528945806E+003 0.44626161663984E-001 0.10132500000000E+006 0.89682014060278E-003 0.27804909996457E+002 0.10000000000000E+001 0.00000000000000E+000 0.10000000000000E+001 0.37783142647437E+003 0.17277063873896E+000
  32 -.17731205070818E-002 0.11960476667012E-003 0.94883909126459E-011 0.17799742299599E-008 0.21867144184954E+000 0.84654393971008E-007 0.62781262494034E-002 0.25006436135934E-004 0.15975185442778E-011 0.10589539882410E-012 0.51720411072758E-006 0.40452092585138E-001 0.15199757966656E-002 0.97282127225334E-003 0.67375233654076E-010 0.60891192957438E-004 0.16572316496525E-005 0.25694046011195E-004 0.33256845088794E-008 0.44259549613790E-004 0.17952987794891E-018 0.69937811934148E-008 0.73182781498745E+000 0.39214956275271E-023 0.38322196030571E+003 0.32418427810144E-001 -.19580715740547E+003 0.44626161663985E-001 0.10132500000000E+006 0.88410700522437E-003 0.27801823540314E+002 0.10000000000000E+001 0.00000000000000E+000 0.10000000000000E+001 0.38322196030571E+003 0.20286865180984E+000
  33 -.11622957751777E-002 0.12265631830191E-003 0.12506575199366E-010 0.20299677514364E-008 0.21831125985914E+000 0.94803837968483E-007 0.66642420747210E-002 0.26772200651685E-004 0.19852516961105E-011 0.13320132937167E-012 0.58280735849842E-006 0.40251279834291E-001 0.16296912465550E-002 0.10632367693793E-002 0.82529553563777E-010 0.66360845346907E-004 0.18811382846200E-005 0.28056095550883E-004 0.40012147286077E-008 0.48695798772355E-004 0.19361742304054E-018 0.75012800992330E-008 0.73178517657819E+000 0.41769497919103E-023 0.38872086131485E+003 0.32418427810144E-001 -.19533627602156E+003 0.44626161663985E-001 0.10132500000000E+006 0.87150091161490E-003 0.27798653278095E+002 0.10000000000000E+001 0.00000000000000E+000 0.10000000000000E+001 0.38872086131485E+003 0.23694988199188E+000
  34 -.57177065788227E-003 0.12569003429432E-003 0.16538873174652E-010 0.23111987364825E-008 0.21793823196733E+000 0.10582185795781E-006 0.70552706016726E-002 0.28577299631222E-004 0.24536470890040E-011 0.16659707065717E-012 0.65517144914927E-006 0.40050541748828E-001 0.17420651344989E-002 0.11574365842260E-002 0.10039156540796E-009 0.72030759201800E-004 0.21220475734294E-005 0.30516060597987E-004 0.47872855171858E-008 0.53349774016063E-004 0.20854016911046E-018 0.80211743750417E-008 0.73174339175561E+000 0.44240652000228E-023 0.39431531424910E+003 0.32418427810144E-001 -.19486317031673E+003 0.44626161663986E-001 0.10132500000000E+006 0.85903596331341E-003 0.27795407973350E+002 0.10000000000000E+001 0.00000000000000E+000 0.10000000000000E+001 0.39431531424910E+003 0.27538287175891E+000
  35 0.00000000000000E+000 0.12870746015775E-003 0.21976123913106E-010 0.26272241329398E-008 0.21755278820095E+000 0.11776313220097E-006 0.74508761283515E-002 0.30420275150022E-004 0.30170984508229E-011 0.20725287884192E-012 0.73482688742444E-006 0.39849919915925E-001 0.18570036377395E-002 0.12553534524961E-002 0.12134042527222E-009 0.77894182625127E-004 0.23800053193224E-005 0.33072318619727E-004 0.56990804463467E-008 0.58219643193793E-004 0.22437224762248E-018 0.85530222054273E-008 0.73170249516358E+000 0.46417201485420E-023 0.40000000000000E+003 0.32418427810144E-001 -.19438772471110E+003 0.44626161663986E-001 0.10132500000000E+006 0.84672656901898E-003 0.27792092177703E+002 0.10000000000000E+001 0.00000000000000E+000 0.10000000000000E+001 0.40000000000000E+003 0.31862333157454E+000
  36 0.55123397499658E-003 0.13169261238052E-003 0.29320092858826E-010 0.29798213030337E-008 0.21715767988785E+000 0.13060899639683E-006 0.78484229879512E-002 0.32288779383394E-004 0.36880059527656E-011 0.25622186380817E-012 0.82180223525716E-006 0.39650603788316E-001 0.19737312099252E-002 0.13563214789186E-002 0.14564672621760E-009 0.83908813388984E-004 0.26533384358789E-005 0.35707627597347E-004 0.67472087462941E-008 0.63273379439999E-004 0.24109627970866E-018 0.90932268427765E-008 0.73166274468601E+000 0.48849065459416E-023 0.40573627876585E+003 0.32418427810144E-001 -.19391259175862E+003 0.44626161663987E-001 0.10132500000000E+006 0.83465460846573E-003 0.27788730060922E+002 0.10000000000000E+001 0.00000000000000E+000 0.10000000000000E+001 0.40573627876585E+003 0.36688912742929E+000
  37 0.10941123545687E-002 0.13470689425032E-003 0.39509849567741E-010 0.33809851196121E-008 0.21674516891914E+000 0.14469558865415E-006 0.82557186737867E-002 0.34219766391747E-004 0.45007205972145E-011 0.31620860003198E-012 0.91854333166577E-006 0.39448584189111E-001 0.20945552596774E-002 0.14623609237086E-002 0.17432271761570E-009 0.90191891126828E-004 0.29476813173756E-005 0.38474852522905E-004 0.79740908104845E-008 0.68613779606382E-004 0.25915563940667E-018 0.96524604594680E-008 0.73162337270426E+000 0.51566819691907E-023 0.41163652632983E+003 0.32418427810144E-001 -.19342798295034E+003 0.44626161663987E-001 0.10132500000000E+006 0.82258815504331E-003 0.27785257048605E+002 0.10000000000000E+001 0.00000000000000E+000 0.10000000000000E+001 0.41163652632983E+003 0.42180906664501E+000
  38 0.16243836481581E-002 0.13772365214743E-003 0.53612164172699E-010 0.38333437694876E-008 0.21631905561364E+000 0.15999781492832E-006 0.86689167347403E-002 0.36195495307839E-004 0.54746092972659E-011 0.38887645559579E-012 0.10250555467767E-005 0.39245708893672E-001 0.22183682954268E-002 0.15725463655613E-002 0.20776889184804E-009 0.96684841792627E-004 0.32606700661263E-005 0.41349972900076E-004 0.93958460147899E-008 0.74196344459432E-004 0.27852474380516E-018 0.10225592097630E-007 0.73158478434490E+000 0.54500868212648E-023 0.41764505433234E+003 0.32418427810144E-001 -.19293808157013E+003 0.44626161663988E-001 0.10132500000000E+006 0.81065025094111E-003 0.27781707026043E+002 0.10000000000000E+001 0.00000000000000E+000 0.10000000000000E+001 0.41764505433234E+003 0.48374116204233E+000
  39 0.21419370852562E-002 0.14073819474500E-003 0.73123160558037E-010 0.43423004143721E-008 0.21588036354942E+000 0.17658166793657E-006 0.90870592571421E-002 0.38211558614470E-004 0.66366629168119E-011 0.47649858912871E-012 0.11419348988119E-005 0.39042354019089E-001 0.23448954406645E-002 0.16866527086979E-002 0.24659936267918E-009 0.10337113326069E-003 0.35916756265054E-005 0.44327254116499E-004 0.11037906828423E-007 0.80011163484676E-004 0.29930332995702E-018 0.10811343436601E-007 0.73154707901019E+000 0.57207215156875E-023 0.42374755370575E+003 0.32418427810144E-001 -.19244360174409E+003 0.44626161663988E-001 0.10132500000000E+006 0.79887183672146E-003 0.27778089804952E+002 0.10000000000000E+001 0.00000000000000E+000 0.10000000000000E+001 0.42374755370575E+003 0.55344093965768E+000
  40 0.26475401881124E-002 0.14375097053405E-003 0.10006399718061E-009 0.49146182402289E-008 0.21542940852218E+000 0.19454535208381E-006 0.95099041147756E-002 0.40266844703055E-004 0.80198039809644E-011 0.58185031070333E-012 0.12699786105081E-005 0.38838539516184E-001 0.24740708200375E-002 0.18046336125046E-002 0.29155978780082E-009 0.11024483532239E-003 0.39404724993287E-005 0.47405625557683E-004 0.12931331916743E-007 0.86057172827348E-004 0.32163676823806E-018 0.11409403682402E-007 0.73151028331333E+000 0.59846297721004E-023 0.42994001858936E+003 0.32418427810144E-001 -.19194441692661E+003 0.44626161663988E-001 0.10132500000000E+006 0.78726128593078E-003 0.27774409148220E+002 0.10000000000000E+001 0.00000000000000E+000 0.10000000000000E+001 0.42994001858936E+003 0.63186911622425E+000
  41 0.31419681376661E-002 0.14676280869868E-003 0.13709751042892E-009 0.55579566038303E-008 0.21496643014827E+000 0.21400002617185E-006 0.99372882030920E-002 0.42360526723421E-004 0.96626268650733E-011 0.70820324677980E-012 0.14100493020018E-005 0.38634248632567E-001 0.26058508121159E-002 0.19264603211735E-002 0.34350199446911E-009 0.11730101277357E-003 0.43068002121715E-005 0.50584472082657E-004 0.15111614232005E-007 0.92334087999803E-004 0.34569143507087E-018 0.12019565347410E-007 0.73147441494485E+000 0.62314663916003E-023 0.43621956357605E+003 0.32418427810144E-001 -.19144032127368E+003 0.44626161663989E-001 0.10132500000000E+006 0.77582385135584E-003 0.27770668143967E+002 0.10000000000000E+001 0.00000000000000E+000 0.10000000000000E+001 0.43621956357605E+003 0.72012730177766E+000
  42 0.36259451546200E-002 0.14977456265972E-003 0.18767078406918E-009 0.62809356785028E-008 0.21449164078618E+000 0.23506944603151E-006 0.10369077206948E-001 0.44491805547078E-004 0.11610255887254E-010 0.85940363926813E-012 0.15630670023041E-005 0.38429453256380E-001 0.27401994769759E-002 0.20521093489724E-002 0.40339637548853E-009 0.12453498774256E-003 0.46903275006071E-005 0.53863310897009E-004 0.17619054087531E-007 0.98841786307190E-004 0.37165495355312E-018 0.12641656829491E-007 0.73143948786226E+000 0.64698085837667E-023 0.44258370401688E+003 0.32418427810144E-001 -.19093108892508E+003 0.44626161663989E-001 0.10132500000000E+006 0.76456328545288E-003 0.27766869620565E+002 0.10000000000000E+001 0.00000000000000E+000 0.10000000000000E+001 0.44258370401688E+003 0.81946322532440E+000
  43 0.41001304553690E-002 0.15278699193726E-003 0.25617124223057E-009 0.70932342392191E-008 0.21400524448250E+000 0.25789043810256E-006 0.10805146727017E-001 0.46659796119258E-004 0.13915380101237E-010 0.10399660776504E-011 0.17300065922252E-005 0.38224123225124E-001 0.28770829974336E-002 0.21815577119079E-002 0.47234763263571E-009 0.13194205781438E-003 0.50906357515258E-005 0.57241665441204E-004 0.20499207048055E-007 0.10558006127555E-003 0.39973787231907E-018 0.13275516695239E-007 0.73140551413922E+000 0.67106023574578E-023 0.44903008516044E+003 0.32418427810144E-001 -.19041649558630E+003 0.44626161663990E-001 0.10132500000000E+006 0.75348245746107E-003 0.27763016301562E+002 0.10000000000000E+001 0.00000000000000E+000 0.10000000000000E+001 0.44903008516044E+003 0.93127702115862E+000
  44 0.45651330368104E-002 0.15580082116256E-003 0.34809650779654E-009 0.80057384121194E-008 0.21350742917012E+000 0.28261442916128E-006 0.11245388548511E-001 0.48863535267432E-004 0.16639550970467E-010 0.12551900368020E-011 0.19119030526433E-005 0.38018223474917E-001 0.30164717968498E-002 0.23147851592044E-002 0.55161582418812E-009 0.13951762137427E-003 0.55072230448767E-005 0.60719121977484E-004 0.23803471310432E-007 0.11254873574895E-003 0.43017703249019E-018 0.13921003501934E-007 0.73137250362652E+000 0.70105721236072E-023 0.45555657908187E+003 0.32418427810144E-001 -.18989631031469E+003 0.44626161663990E-001 0.10132500000000E+006 0.74258327541859E-003 0.27759110743375E+002 0.10000000000000E+001 0.00000000000000E+000 0.10000000000000E+001 0.45555657908187E+003 0.10571305553353E+001
  45 0.50215019942256E-002 0.15881664687329E-003 0.47022929164452E-009 0.90306643920268E-008 0.21299838357813E+000 0.30940771783263E-006 0.11689695019048E-001 0.51101880182108E-004 0.19854547466513E-010 0.15112843355390E-011 0.21098479365176E-005 0.37811721421370E-001 0.31583357379228E-002 0.24517698003813E-002 0.64263633558034E-009 0.14725692657785E-003 0.59394875387637E-005 0.64295213820362E-004 0.27589532293585E-007 0.11974742972356E-003 0.46323791339836E-018 0.14577973578247E-007 0.73134046527037E+000 0.73668576350945E-023 0.46216105694516E+003 0.32418427810144E-001 -.18937031320371E+003 0.44626161663990E-001 0.10132500000000E+006 0.73186714947751E-003 0.27755155468247E+002 0.10000000000000E+001 0.00000000000000E+000 0.10000000000000E+001 0.46216105694516E+003 0.11987488492474E+001
  46 0.54697288466402E-002 0.16183491833528E-003 0.63081581194127E-009 0.10181706342522E-007 0.21247830327152E+000 0.33845196558118E-006 0.12137953942111E-001 0.53373458358961E-004 0.23643950688222E-010 0.18155107847775E-011 0.23249880156157E-005 0.37604589215532E-001 0.33026424706537E-002 0.25924865258781E-002 0.74704292423996E-009 0.15515498677185E-003 0.63867190234104E-005 0.67969378421582E-004 0.31921821661654E-007 0.12717546899797E-003 0.49921779659866E-018 0.15246273384717E-007 0.73130940745130E+000 0.77161727554842E-023 0.46884131425815E+003 0.32418427810144E-001 -.18883830081139E+003 0.44626161663990E-001 0.10132500000000E+006 0.72133514844960E-003 0.27751153006871E+002 0.10000000000000E+001 0.00000000000000E+000 0.10000000000000E+001 0.46884131425815E+003 0.13580203644191E+001
  47 0.59102681070675E-002 0.16485604639164E-003 0.83975134563994E-009 0.11474251151077E-007 0.21194737428488E+000 0.36994576759706E-006 0.12590062772788E-001 0.55676717440777E-004 0.28105095635411E-010 0.21763610384645E-011 0.25585328712242E-005 0.37396797093969E-001 0.34493619942509E-002 0.27369114817303E-002 0.86669784579143E-009 0.16320683671171E-003 0.68481099770041E-005 0.71741072533966E-004 0.36872139489650E-007 0.13483211301800E-003 0.53845093365432E-018 0.15925760652574E-007 0.73127933698879E+000 0.79681631700462E-023 0.47559528375545E+003 0.32418427810144E-001 -.18830006876829E+003 0.44626161663991E-001 0.10132500000000E+006 0.71098770019541E-003 0.27747105769007E+002 0.10000000000000E+001 0.00000000000000E+000 0.10000000000000E+001 0.47559528375545E+003 0.15370018024929E+001
  48 0.63435404481274E-002 0.16788040498950E-003 0.11087627300811E-008 0.12925588144069E-007 0.21140577387971E+000 0.40410528411470E-006 0.13045927470438E-001 0.58009901469134E-004 0.33351201235471E-010 0.26037513048509E-011 0.28117566611042E-005 0.37188313940518E-001 0.35984664038582E-002 0.28850219884283E-002 0.10037227686881E-008 0.17140752797225E-003 0.73227526687094E-005 0.75609768507091E-004 0.42520160983609E-007 0.14271654536370E-003 0.58131334865367E-018 0.16616303225358E-007 0.73125025934364E+000 0.82233904627098E-023 0.48242102122604E+003 0.32418427810144E-001 -.18775541253675E+003 0.44626161663991E-001 0.10132500000000E+006 0.70082467896816E-003 0.27743016050471E+002 0.10000000000000E+001 0.00000000000000E+000 0.10000000000000E+001 0.48242102122604E+003 0.17379174516440E+001
  49 0.67699419078054E-002 0.17090837809943E-003 0.14515925156636E-008 0.14555168646680E-007 0.21085366293708E+000 0.44116526652920E-006 0.13505468374529E-001 0.60371066447680E-004 0.39513874604958E-010 0.31092511168569E-011 0.30860039962249E-005 0.36979104626299E-001 0.37499319414447E-002 0.30367987533673E-002 0.11605354113317E-008 0.17975225076843E-003 0.78096437688116E-005 0.79575010537890E-004 0.48954014541907E-007 0.15082798627624E-003 0.62822903531898E-018 0.17317788571930E-007 0.73122217838040E+000 0.84818106177642E-023 0.48931679635416E+003 0.32418427810144E-001 -.18720411975545E+003 0.44626161663991E-001 0.10132500000000E+006 0.69084533450614E-003 0.27738885977831E+002 0.10000000000000E+001 0.00000000000000E+000 0.10000000000000E+001 0.48931679635416E+003 0.19631606015136E+001
  50 0.71898318640374E-002 0.17394025854843E-003 0.18841618673603E-008 0.16384816330150E-007 0.21029120516910E+000 0.48137813667916E-006 0.13968603759641E-001 0.62757985064759E-004 0.46745633049331E-010 0.37063173162157E-011 0.33826826722610E-005 0.36769137498955E-001 0.39037336921426E-002 0.31922207140617E-002 0.13398823318520E-008 0.18823605019507E-003 0.83076655096604E-005 0.83636278428268E-004 0.56270522316195E-007 0.15916541107323E-003 0.67967474511614E-018 0.18030099238972E-007 0.73119509749653E+000 0.87433782302935E-023 0.49628084838275E+003 0.32418427810144E-001 -.18664598940286E+003 0.44626161663992E-001 0.10132500000000E+006 0.68104870324964E-003 0.27734717654386E+002 0.10000000000000E+001 0.00000000000000E+000 0.10000000000000E+001 0.49628084838275E+003 0.22152833154665E+001
  51 0.76034096490783E-002 0.17697531454716E-003 0.24245425383927E-008 0.18438330773484E-007 0.20971874647677E+000 0.52499979042127E-006 0.14435104586704E-001 0.65167388478901E-004 0.55220017665237E-010 0.44103297696097E-011 0.37031605614918E-005 0.36558449747262E-001 0.40597967897247E-002 0.33512151252917E-002 0.15448106374882E-008 0.19685113888400E-003 0.88154246950990E-005 0.87791681339800E-004 0.64572792536371E-007 0.16772484812023E-003 0.73616853166536E-018 0.18752886881454E-007 0.73116902752484E+000 0.90079636894853E-023 0.50330919600027E+003 0.32418427810144E-001 -.18608100818324E+003 0.44626161663992E-001 0.10132500000000E+006 0.67143658104801E-003 0.27730514468978E+002 0.10000000000000E+001 0.00000000000000E+000 0.10000000000000E+001 0.50330919600027E+003 0.24968986563327E+001
  52 0.80107238440835E-002 0.18001176751882E-003 0.30928768462417E-008 0.20741357893631E-007 0.20913683499211E+000 0.57228285666974E-006 0.14904585663585E-001 0.67594916335545E-004 0.65132357247017E-010 0.52386764043037E-011 0.40487219516913E-005 0.36347150195153E-001 0.42179916594342E-002 0.35136507185369E-002 0.17786606001130E-008 0.20558664097749E-003 0.93312353883083E-005 0.92037776305376E-004 0.73968587063158E-007 0.17649895425580E-003 0.79826777075582E-018 0.19485550244201E-007 0.73114398533818E+000 0.92753446127426E-023 0.51039548468768E+003 0.32418427810144E-001 -.18550936608449E+003 0.44626161663992E-001 0.10132500000000E+006 0.66201333392179E-003 0.27726281179194E+002 0.10000000000000E+001 0.00000000000000E+000 0.10000000000000E+001 0.51039548468768E+003 0.28106186027293E+001
  53 0.84120930371127E-002 0.18304991716970E-003 0.39120841272528E-008 0.23323942848662E-007 0.20854562346851E+000 0.62352318728046E-006 0.15376987946446E-001 0.70037624923941E-004 0.76712507954009E-010 0.62118465316316E-011 0.44209141689909E-005 0.36135202340388E-001 0.43782964517602E-002 0.36795044065328E-002 0.20453343154656E-008 0.21443758470238E-003 0.98536539133659E-005 0.96373924736060E-004 0.84579573357246E-007 0.18548600966979E-003 0.86663865352040E-018 0.20227987472949E-007 0.73111996806204E+000 0.95454781567052E-023 0.51753826903391E+003 0.32418427810144E-001 -.18493086930726E+003 0.44626161663992E-001 0.10132500000000E+006 0.65277623326386E-003 0.27722019557337E+002 0.10000000000000E+001 0.00000000000000E+000 0.10000000000000E+001 0.51753826903391E+003 0.31593537661865E+001
  54 0.88082023006508E-002 0.18609304379803E-003 0.49087745809263E-008 0.26222712252442E-007 0.20794465927604E+000 0.67908943933138E-006 0.15852728473700E-001 0.72494775247931E-004 0.90238436833314E-010 0.73546247889159E-011 0.48217602978500E-005 0.35922359661199E-001 0.45408523542161E-002 0.38489234189414E-002 0.23495480064065E-008 0.22340796366949E-003 0.10381660405951E-004 0.10080391847577E-003 0.96549202216553E-007 0.19469338576423E-003 0.94211020909366E-018 0.20980852309685E-007 0.73109695011012E+000 0.98185956964511E-023 0.52474332977589E+003 0.32418427810144E-001 -.18434474342591E+003 0.44626161663993E-001 0.10132500000000E+006 0.64371350985116E-003 0.27717727029199E+002 0.10000000000000E+001 0.00000000000000E+000 0.10000000000000E+001 0.52474332977589E+003 0.35465431241462E+001
  55 0.91996076071077E-002 0.18914372101833E-003 0.61128434066379E-008 0.29478937149921E-007 0.20733358699958E+000 0.73936998969565E-006 0.16332130682317E-001 0.74964878701726E-004 0.10603170169775E-009 0.86957671131006E-011 0.52533708009752E-005 0.35708421942102E-001 0.47057724433832E-002 0.40220299673412E-002 0.26966584273479E-008 0.23250015963329E-003 0.10914025341353E-004 0.10533087228514E-003 0.11003322028010E-006 0.20412699855667E-003 0.10256208635676E-017 0.21744668836192E-007 0.73107491438789E+000 0.10094882243812E-022 0.53201507966689E+003 0.32418427810144E-001 -.18375032356834E+003 0.44626161663993E-001 0.10132500000000E+006 0.63481595533588E-003 0.27713401819185E+002 0.10000000000000E+001 0.00000000000000E+000 0.10000000000000E+001 0.53201507966689E+003 0.39758153636929E+001
  56 0.95865035299648E-002 0.19220189011986E-003 0.75566040184068E-008 0.33136501763916E-007 0.20671255400962E+000 0.80472697394786E-006 0.16815115390458E-001 0.77444110376542E-004 0.12445010859785E-009 0.10267412842871E-010 0.57176228306568E-005 0.35493371568006E-001 0.48730331162297E-002 0.41988048471980E-002 0.30924551852433E-008 0.24170895340086E-003 0.11448955768642E-004 0.10995417669865E-003 0.12518919113636E-006 0.21378489530453E-003 0.11181700068890E-017 0.22519328671619E-007 0.73105386410822E+000 0.10374293953093E-022 0.53935184953680E+003 0.32418427810144E-001 -.18314744385767E+003 0.44626161663993E-001 0.10132500000000E+006 0.62608216825817E-003 0.27709045746493E+002 0.10000000000000E+001 0.00000000000000E+000 0.10000000000000E+001 0.53935184953680E+003 0.44506513787897E+001
  57 0.99689242679124E-002 0.19526628171310E-003 0.92747782201746E-008 0.37242810093060E-007 0.20608195301252E+000 0.87550879285963E-006 0.17301415956272E-001 0.79927459822439E-004 0.14589343765236E-009 0.12105595046883E-010 0.62162680518817E-005 0.35277275817581E-001 0.50425446910701E-002 0.43791578242359E-002 0.35432554160992E-008 0.25102545403082E-003 0.11984337690761E-004 0.11467133583138E-003 0.14217802649831E-006 0.22366099983674E-003 0.12208481935681E-017 0.23304417975735E-007 0.73103380935126E+000 0.10656676576958E-022 0.54674911851067E+003 0.32418427810144E-001 -.18253618204167E+003 0.44626161663993E-001 0.10132500000000E+006 0.61751385513087E-003 0.27704662282090E+002 0.10000000000000E+001 0.00000000000000E+000 0.10000000000000E+001 0.54674911851067E+003 0.49744470970930E+001
  58 0.10346938362801E-001 0.19833592188598E-003 0.11304993763796E-007 0.41850693846855E-007 0.20544212223847E+000 0.95207636819378E-006 0.17790814152107E-001 0.82409986210839E-004 0.17081538384426E-009 0.14251292616990E-010 0.67511332880910E-005 0.35060181621199E-001 0.52142323379290E-002 0.45630123550887E-002 0.40561165243017E-008 0.26044158354671E-003 0.12518008999587E-004 0.11948018206066E-003 0.16116964117060E-006 0.23374971555978E-003 0.13348914600693E-017 0.24099592295158E-007 0.73101475602118E+000 0.10941901140955E-022 0.55420309212168E+003 0.32418427810144E-001 -.18191656822506E+003 0.44626161663994E-001 0.10132500000000E+006 0.60911143215947E-003 0.27700254417052E+002 0.10000000000000E+001 0.00000000000000E+000 0.10000000000000E+001 0.55420309212168E+003 0.55506969976778E+001
  59 0.10720681954061E-001 0.20141042780385E-003 0.13688101302111E-007 0.47019570276427E-007 0.20479327841867E+000 0.10348116547479E-005 0.18283188546368E-001 0.84887095864925E-004 0.19973305796193E-009 0.16751286591975E-010 0.73241893821709E-005 0.34842094466701E-001 0.53880538028245E-002 0.47503253828489E-002 0.46389776164203E-008 0.26995105628037E-003 0.13047821930677E-004 0.12437939327616E-003 0.18234530083539E-006 0.24404701752271E-003 0.14617164728972E-017 0.24904658680942E-007 0.73099670475578E+000 0.11229893118841E-022 0.56171144784037E+003 0.32418427810144E-001 -.18128852136103E+003 0.44626161663994E-001 0.10132500000000E+006 0.60087336934252E-003 0.27695824226160E+002 0.10000000000000E+001 0.00000000000000E+000 0.10000000000000E+001 0.56171144784037E+003 0.61830643932205E+001
  60 0.11090310078309E-001 0.20448963604876E-003 0.16468111135603E-007 0.52815739744739E-007 0.20413558890027E+000 0.11241103900700E-005 0.18778456460329E-001 0.87354275180886E-004 0.23323240779364E-009 0.19658668605767E-010 0.79375087481331E-005 0.34623004411466E-001 0.55639798240659E-002 0.49410672147022E-002 0.53007082754546E-008 0.27954830262733E-003 0.13571587335813E-004 0.12936796584253E-003 0.20589617001739E-006 0.25454935190556E-003 0.16029363311039E-017 0.25719485018673E-007 0.73097965399799E+000 0.11520599790649E-022 0.56927245864508E+003 0.32418427810144E-001 -.18065192006445E+003 0.44626161663994E-001 0.10132500000000E+006 0.59279735860413E-003 0.27691373392575E+002 0.10000000000000E+001 0.00000000000000E+000 0.10000000000000E+001 0.56927245864508E+003 0.68753353706194E+001
  61 0.11455963819663E-001 0.20757333384475E-003 0.19692013330653E-007 0.59312594898240E-007 0.20346922738436E+000 0.12203741916919E-005 0.19276530927142E-001 0.89806909878646E-004 0.27197311202816E-009 0.23033300249793E-010 0.85932205664094E-005 0.34402905171840E-001 0.57419791391187E-002 0.51352055933978E-002 0.60511461134902E-008 0.28922765309253E-003 0.14087039072959E-004 0.13444479719327E-003 0.23202135008993E-006 0.26525275201781E-003 0.17603773709489E-017 0.26543930618098E-007 0.73096360178825E+000 0.11813965578638E-022 0.57688433883039E+003 0.32418427810144E-001 -.18000665698147E+003 0.44626161663994E-001 0.10132500000000E+006 0.58488108543602E-003 0.27686903596046E+002 0.10000000000000E+001 0.00000000000000E+000 0.10000000000000E+001 0.57688433883039E+003 0.76313628033389E+001
  62 0.11817779542489E-001 0.21066133105403E-003 0.23409798454424E-007 0.66591354941213E-007 0.20279435885801E+000 0.13240110848186E-005 0.19777331937362E-001 0.92240381621445E-004 0.31669667866350E-009 0.26942548185641E-010 0.92935247179601E-005 0.34181789113023E-001 0.59220225017451E-002 0.53327100891195E-002 0.69011952721532E-008 0.29898356392934E-003 0.14591859519125E-004 0.13960880001403E-003 0.26092795460756E-006 0.27615306854537E-003 0.19361121634400E-017 0.27377864849825E-007 0.73094854540844E+000 0.12109938957365E-022 0.58454541629785E+003 0.32418427810144E-001 -.17935262444694E+003 0.44626161663994E-001 0.10132500000000E+006 0.57712206002273E-003 0.27682416412297E+002 0.10000000000000E+001 0.00000000000000E+000 0.10000000000000E+001 0.58454541629785E+003 0.84550732504554E+001
  63 0.12175885599147E-001 0.21375342901136E-003 0.27674376967868E-007 0.74741640830901E-007 0.20211114637129E+000 0.14354333053591E-005 0.20280781165769E-001 0.94650082868487E-004 0.36823406092434E-009 0.31461975316649E-010 0.10040686336514E-004 0.33959649548233E-001 0.61040808512930E-002 0.55335501726108E-002 0.78629100616119E-008 0.30881052170235E-003 0.15083689349951E-004 0.14485885123872E-003 0.29283044029592E-006 0.28724585205121E-003 0.21324924126347E-017 0.28221158698492E-007 0.73093448161472E+000 0.12408469144968E-022 0.59225405271551E+003 0.32418427810144E-001 -.17868972130631E+003 0.44626161663995E-001 0.10132500000000E+006 0.56951772044261E-003 0.27677913361120E+002 0.10000000000000E+001 0.00000000000000E+000 0.10000000000000E+001 0.59225405271551E+003 0.93504525458925E+001
  64 0.12530380611322E-001 0.21684922554530E-003 0.32541177066187E-007 0.83861508528907E-007 0.20141979503271E+000 0.15550482780729E-005 0.20786769776078E-001 0.97031308664234E-004 0.42751012002099E-009 0.36675749018480E-010 0.10836984518939E-004 0.33736494895429E-001 0.62881135938200E-002 0.57376822200416E-002 0.89495172894231E-008 0.31870241807349E-003 0.15560115309317E-004 0.15019345196722E-003 0.32794783143151E-006 0.29852562303097E-003 0.23521733502455E-017 0.29073630511286E-007 0.73092140746868E+000 0.12709486905467E-022 0.60000815035755E+003 0.32418427810144E-001 -.17801789601110E+003 0.44626161663995E-001 0.10132500000000E+006 0.56206591359967E-003 0.27673396194235E+002 0.10000000000000E+001 0.00000000000000E+000 0.10000000000000E+001 0.60000815035755E+003 0.10321474670796E+002
  65 0.12881357839401E-001 0.21994831660802E-003 0.38068214760221E-007 0.94058439016316E-007 0.20072050874380E+000 0.16832634705064E-005 0.21295190723036E-001 0.99379460963525E-004 0.49555449218757E-009 0.42677605228276E-010 0.11684753452380E-004 0.33512334381743E-001 0.64740801428612E-002 0.59450621083279E-002 0.10175555679106E-007 0.32865318229897E-003 0.16018724891573E-004 0.15561105666004E-003 0.36650479346648E-006 0.30998655640201E-003 0.25981663858660E-017 0.29935099481016E-007 0.73090931930515E+000 0.13012923567403E-022 0.60780564627213E+003 0.32418427810144E-001 -.17733710507914E+003 0.44626161663995E-001 0.10132500000000E+006 0.55476439065558E-003 0.27668866605548E+002 0.10000000000000E+001 0.00000000000000E+000 0.10000000000000E+001 0.60780564627213E+003 0.11372140355464E+002
  66 0.13228942790986E-001 0.22305063103552E-003 0.44316662918427E-007 0.10545121368125E-006 0.20001341357454E+000 0.18205007435013E-005 0.21805993788277E-001 0.10169033827177E-003 0.57351963229457E-009 0.49572446082162E-010 0.12586482518143E-004 0.33287153764217E-001 0.66619602480861E-002 0.61556681035057E-002 0.11557132230663E-007 0.33865786312888E-003 0.16457175023592E-004 0.16111067060620E-003 0.40873588400013E-006 0.32162373691495E-003 0.28739193126982E-017 0.30805479853925E-007 0.73089821163367E+000 0.13318744084789E-022 0.61564535795128E+003 0.32418427810144E-001 -.17664723854055E+003 0.44626161663995E-001 0.10132500000000E+006 0.54761005997933E-003 0.27664325742929E+002 0.10000000000000E+001 0.00000000000000E+000 0.10000000000000E+001 0.61564535795128E+003 0.12506596551431E+002
  67 0.13573282896263E-001 0.22615635180410E-003 0.51350939540877E-007 0.11817088559422E-006 0.19929857229509E+000 0.19671970275735E-005 0.22319173352771E-001 0.10396009512805E-003 0.66269446450950E-009 0.57477549749483E-010 0.13544822166539E-004 0.33060920686816E-001 0.68517500420445E-002 0.63694970111722E-002 0.13112082295304E-007 0.34871239160970E-003 0.16873193046682E-004 0.16669174789244E-003 0.45488604369465E-006 0.33343293350837E-003 0.31833826923845E-017 0.31684762676498E-007 0.73088807795504E+000 0.13626940295070E-022 0.62352679870643E+003 0.32418427810144E-001 -.17594813359985E+003 0.44626161663995E-001 0.10132500000000E+006 0.54059925866463E-003 0.27659774322964E+002 0.10000000000000E+001 0.00000000000000E+000 0.10000000000000E+001 0.62352679870643E+003 0.13729146850865E+002
  68 0.13914510785748E-001 0.22926558904653E-003 0.59238091341961E-007 0.13236053963444E-006 0.19857605807228E+000 0.21237916340742E-005 0.22834714630168E-001 0.10618502557785E-003 0.76451045728144E-009 0.66523098430854E-010 0.14562501668018E-004 0.32833608307793E-001 0.70434424355915E-002 0.65865423979500E-002 0.14859989933292E-007 0.35881252230153E-003 0.17264549399976E-004 0.17235362155471E-003 0.50520673447333E-006 0.34540937977825E-003 0.35310560810429E-017 0.32572925029185E-007 0.73087891210594E+000 0.13937499139185E-022 0.63144935303397E+003 0.32418427810144E-001 -.17523964640612E+003 0.44626161663996E-001 0.10132500000000E+006 0.53372853728555E-003 0.27655213112063E+002 0.10000000000000E+001 0.00000000000000E+000 0.10000000000000E+001 0.63144935303397E+003 0.15044148204080E+002
  69 0.14252693651511E-001 0.23237790387079E-003 0.68046212997543E-007 0.14817338425973E-006 0.19784606766414E+000 0.22906997153355E-005 0.23352513924915E-001 0.10836127065462E-003 0.88053556132390E-009 0.76851604186758E-010 0.15642158167819E-004 0.32605230401965E-001 0.72369971302504E-002 0.68067603070774E-002 0.16822005975483E-007 0.36895226353663E-003 0.17629030105790E-004 0.17809460954081E-003 0.55994693255643E-006 0.35754587016434E-003 0.39220024586161E-017 0.33469791112413E-007 0.73087070935018E+000 0.14250354488053E-022 0.63941104926154E+003 0.32418427810144E-001 -.17452176386847E+003 0.44626161663996E-001 0.10132500000000E+006 0.52699566824687E-003 0.27650643629672E+002 0.10000000000000E+001 0.00000000000000E+000 0.10000000000000E+001 0.63941104926154E+003 0.16455784394928E+002
  70 0.14587824192898E-001 0.23549219360395E-003 0.77843098754478E-007 0.16577123549936E-006 0.19710895469796E+000 0.24682973506410E-005 0.23872357788112E-001 0.11048481939199E-003 0.10124700781385E-008 0.88617475835839E-010 0.16786242103437E-004 0.32375850587428E-001 0.74323318913487E-002 0.70300583769387E-002 0.19020715584030E-007 0.37912346896232E-003 0.17964476085857E-004 0.18391173426798E-003 0.61934696633167E-006 0.36983216417483E-003 0.43618798548042E-017 0.34374991777240E-007 0.73086346580418E+000 0.14565372628513E-022 0.64740823512607E+003 0.32418427810144E-001 -.17379463861504E+003 0.44626161663996E-001 0.10132500000000E+006 0.52039976871895E-003 0.27646068322108E+002 0.10000000000000E+001 0.00000000000000E+000 0.10000000000000E+001 0.64740823512607E+003 0.17967929189693E+002
  71 0.14919939590707E-001 0.23860778014036E-003 0.88698853344783E-007 0.18532998982509E-006 0.19636497557485E+000 0.26569784851966E-005 0.24394103689914E-001 0.11255231492271E-003 0.11621962675997E-008 0.10199137285979E-009 0.17997381098055E-004 0.32145502666860E-001 0.76293899108905E-002 0.72563723126611E-002 0.21480894146339E-007 0.38931937679326E-003 0.18268946550532E-004 0.18980271778589E-003 0.68365647202131E-006 0.38225920296167E-003 0.48571580197912E-017 0.35288276664442E-007 0.73085717542741E+000 0.14882460191179E-022 0.65543835591771E+003 0.32418427810144E-001 -.17305833978862E+003 0.44626161663996E-001 0.10132500000000E+006 0.51393893274966E-003 0.27641488965898E+002 0.10000000000000E+001 0.00000000000000E+000 0.10000000000000E+001 0.65543835591771E+003 0.19584622064837E+002
  72 0.15249249515517E-001 0.24172564720087E-003 0.10069130210867E-006 0.20705019805350E-006 0.19561398560246E+000 0.28572452513549E-005 0.24917889291602E-001 0.11456183176821E-003 0.13318746860172E-008 0.11716876634306E-009 0.19278946218417E-004 0.31914098059897E-001 0.78282201490437E-002 0.74857595091468E-002 0.24230952429568E-007 0.39953867986829E-003 0.18540828969260E-004 0.19576841339169E-003 0.75316612868715E-006 0.39482421491646E-003 0.54154905772010E-017 0.36209886704681E-007 0.73085182878276E+000 0.15201693461971E-022 0.66350318066595E+003 0.32418427810144E-001 -.17231254936621E+003 0.44626161663996E-001 0.10132500000000E+006 0.50760785208164E-003 0.27636904847603E+002 0.10000000000000E+001 0.00000000000000E+000 0.10000000000000E+001 0.66350318066595E+003 0.21310850358551E+002
  73 0.15576065538438E-001 0.24484783609201E-003 0.11390636005895E-006 0.23115890046660E-006 0.19485556942153E+000 0.30696997197380E-005 0.25444034732996E-001 0.11651236207557E-003 0.15239816036341E-008 0.13437324152025E-009 0.20634979460092E-004 0.31681468498854E-001 0.80289426175824E-002 0.77183614765587E-002 0.27303328819394E-007 0.40978356271614E-003 0.18778730985978E-004 0.20181181425852E-003 0.82820741937652E-006 0.40752856148712E-003 0.60459030587182E-017 0.37140393541270E-007 0.73084741633093E+000 0.15523263661320E-022 0.67160730454867E+003 0.32418427810144E-001 -.17155668567798E+003 0.44626161663996E-001 0.10132500000000E+006 0.50139936109127E-003 0.27632313652189E+002 0.10000000000000E+001 0.00000000000000E+000 0.10000000000000E+001 0.67160730454867E+003 0.23152500293060E+002
  74 0.15900611835358E-001 0.24797565363708E-003 0.12843173660878E-006 0.25789945006831E-006 0.19408947147268E+000 0.32949373734734E-005 0.25972741808111E-001 0.11840265296186E-003 0.17412515646181E-008 0.15385125122900E-009 0.22069497801420E-004 0.31447498702653E-001 0.82316344364665E-002 0.79542726930729E-002 0.30733360870943E-007 0.42005379606421E-003 0.18981332990791E-004 0.20793463681217E-003 0.90911615730299E-006 0.42037049670922E-003 0.67586924737310E-017 0.38080171554082E-007 0.73084393172668E+000 0.15847294594735E-022 0.67975351560241E+003 0.32418427810144E-001 -.17079033004180E+003 0.44626161663997E-001 0.10132500000000E+006 0.49530809754971E-003 0.27627714102758E+002 0.10000000000000E+001 0.00000000000000E+000 0.10000000000000E+001 0.67975351560241E+003 0.25115443701726E+002
  75 0.16222923745541E-001 0.25110864228903E-003 0.14435027897547E-006 0.28752008768603E-006 0.19331585915675E+000 0.35334582321431E-005 0.26503917036718E-001 0.12023069959591E-003 0.19866025801816E-008 0.17586523472449E-009 0.23585915643117E-004 0.31212204862510E-001 0.84362603490657E-002 0.81934580758635E-002 0.34557967140257E-007 0.43034331163664E-003 0.19147399921884E-004 0.21413518521300E-003 0.99619840854894E-006 0.43334069810281E-003 0.75652896299034E-017 0.39029075602586E-007 0.73084137139017E+000 0.16173730975411E-022 0.68794006244210E+003 0.32418427810144E-001 -.17001349452984E+003 0.44626161663997E-001 0.10132500000000E+006 0.48933228343263E-003 0.27623107479399E+002 0.10000000000000E+001 0.00000000000000E+000 0.10000000000000E+001 0.68794006244210E+003 0.27204748152481E+002
  76 0.16542783217710E-001 0.25424386572441E-003 0.16173194311385E-006 0.32025886343905E-006 0.19253551894986E+000 0.37855760919114E-005 0.27037045477668E-001 0.12199354925640E-003 0.22630224390937E-008 0.20068317290041E-009 0.25186454906904E-004 0.30975791232677E-001 0.86426210085971E-002 0.84356893630881E-002 0.38813817947625E-007 0.44063783859875E-003 0.19275882955382E-004 0.22040672364638E-003 0.10896924638983E-005 0.44641895621855E-003 0.84779991855041E-017 0.39986200790019E-007 0.73083973217372E+000 0.16502256595012E-022 0.69615870193126E+003 0.32418427810144E-001 -.16922682867405E+003 0.44626161663997E-001 0.10132500000000E+006 0.48347469483261E-003 0.27618498669035E+002 0.10000000000000E+001 0.00000000000000E+000 0.10000000000000E+001 0.69615870193126E+003 0.29423848250381E+002
  77 0.16859881300977E-001 0.25737741994812E-003 0.18063690225052E-006 0.35634830546262E-006 0.19174949979856E+000 0.40514983431056E-005 0.27571442683612E-001 0.12368838123968E-003 0.25736149766063E-008 0.22858249396153E-009 0.26872633173897E-004 0.30738539326091E-001 0.88504473656880E-002 0.86806526594008E-002 0.43538041324918E-007 0.45091989270105E-003 0.19366127284290E-004 0.22674029025665E-003 0.11897924222821E-005 0.45958019716787E-003 0.95102591499831E-017 0.40950319624123E-007 0.73083900765835E+000 0.16832446711737E-022 0.70439857884300E+003 0.32418427810144E-001 -.16843127055593E+003 0.44626161663997E-001 0.10132500000000E+006 0.47773946476719E-003 0.27613893938259E+002 0.10000000000000E+001 0.00000000000000E+000 0.10000000000000E+001 0.70439857884300E+003 0.31775207838205E+002
  78 0.17174478508742E-001 0.26051100407114E-003 0.20115690341612E-006 0.39609460553564E-006 0.19095745468033E+000 0.43319067469844E-005 0.28107377843036E-001 0.12531596047472E-003 0.29223129958731E-008 0.25991402593414E-009 0.28648914752169E-004 0.30500308970514E-001 0.90598390423436E-002 0.89284667491504E-002 0.48778829537426E-007 0.46119035504821E-003 0.19418017840238E-004 0.23313809063098E-003 0.12968671448881E-005 0.47282228272776E-003 0.10679141968466E-016 0.41921915861059E-007 0.73083918818071E+000 0.17164464343000E-022 0.71266354942289E+003 0.32418427810144E-001 -.16762636280864E+003 0.44626161663997E-001 0.10132500000000E+006 0.47212027275408E-003 0.27609291277650E+002 0.10000000000000E+001 0.00000000000000E+000 0.10000000000000E+001 0.71266354942289E+003 0.34265458997718E+002
  79 0.17487171353334E-001 0.26364979047063E-003 0.22341412880906E-006 0.43987999372599E-006 0.19015813124914E+000 0.46278875033974E-005 0.28645721654934E-001 0.12687899623807E-003 0.33139821599863E-008 0.29511113990576E-009 0.30522223781230E-004 0.30260692448874E-001 0.92711344012906E-002 0.91795372676196E-002 0.54596280732920E-007 0.47146139478875E-003 0.19431649481892E-004 0.23960965753379E-003 0.14114437289059E-005 0.48615763785944E-003 0.12005948546313E-016 0.42902583385924E-007 0.73084026789467E+000 0.17498849299843E-022 0.72096676116016E+003 0.32418427810144E-001 -.16681072650713E+003 0.44626161663997E-001 0.10132500000000E+006 0.46660508497770E-003 0.27604683547992E+002 0.10000000000000E+001 0.00000000000000E+000 0.10000000000000E+001 0.72096676116016E+003 0.36904859245970E+002
  80 0.17797902780031E-001 0.26679250267851E-003 0.24749304451316E-006 0.48803080585160E-006 0.18935189429031E+000 0.49400197101691E-005 0.29186245684991E-001 0.12837714594348E-003 0.37533001338297E-008 0.33458849426473E-009 0.32496138963062E-004 0.30019770988666E-001 0.94842437978599E-002 0.94337653140352E-002 0.61045262690865E-007 0.48172394642077E-003 0.19407261005250E-004 0.24615143405160E-003 0.15338551696787E-005 0.49957105553659E-003 0.13512677373326E-016 0.43891932182397E-007 0.73084224201572E+000 0.17835462007232E-022 0.72930441909324E+003 0.32418427810144E-001 -.16598463437775E+003 0.44626161663998E-001 0.10132500000000E+006 0.46119365503015E-003 0.27600073052358E+002 0.10000000000000E+001 0.00000000000000E+000 0.10000000000000E+001 0.72930441909324E+003 0.39699177230840E+002
  81 0.18106556740375E-001 0.26993724508768E-003 0.27347207895904E-006 0.54087641742976E-006 0.18853927469131E+000 0.52688460741702E-005 0.29728613665665E-001 0.12981028999569E-003 0.42452927312164E-008 0.37878995140056E-009 0.34573843771254E-004 0.29777675296249E-001 0.96990332528571E-002 0.96909977576389E-002 0.68183353455584E-007 0.49196688620981E-003 0.19345478514092E-004 0.25275843804983E-003 0.16644123963669E-005 0.51304406113131E-003 0.15224007223482E-016 0.44889367761612E-007 0.73084510378975E+000 0.18174094763666E-022 0.73767107003119E+003 0.32418427810144E-001 -.16514854796636E+003 0.44626161663998E-001 0.10132500000000E+006 0.45588664529580E-003 0.27595462963976E+002 0.10000000000000E+001 0.00000000000000E+000 0.10000000000000E+001 0.73767107003119E+003 0.42653820124686E+002
  82 0.18413619242141E-001 0.27308828943429E-003 0.30148385411333E-006 0.59887357532674E-006 0.18771920252728E+000 0.56156258134461E-005 0.30273555309329E-001 0.13118146476836E-003 0.47965655353197E-008 0.42829900852738E-009 0.36762839153947E-004 0.29534060814415E-001 0.99157914498347E-002 0.99515887661540E-002 0.76088129014653E-007 0.50219909102059E-003 0.19247094409372E-004 0.25943865859834E-003 0.18037043723886E-005 0.52658410552836E-003 0.17171897727517E-016 0.45896260480449E-007 0.73084885269321E+000 0.18515206700960E-022 0.74607771236698E+003 0.32418427810144E-001 -.16430129111610E+003 0.44626161663998E-001 0.10132500000000E+006 0.45067442136591E-003 0.27590847385102E+002 0.10000000000000E+001 0.00000000000000E+000 0.10000000000000E+001 0.74607771236698E+003 0.45780606180883E+002
  83 0.18719323537520E-001 0.27624742736696E-003 0.33165020809872E-006 0.66247828440271E-006 0.18689122455836E+000 0.59814932963434E-005 0.30821379312393E-001 0.13249272674605E-003 0.54142200572810E-008 0.48374064928314E-009 0.39069571982417E-004 0.29288770280566E-001 0.10134643628476E-001 0.10215700898361E-001 0.84840543879880E-007 0.51242116935003E-003 0.19113129064384E-004 0.26619505898461E-003 0.19522665354534E-005 0.54018756873640E-003 0.19392299253446E-016 0.46913224972969E-007 0.73085348912956E+000 0.18858997582772E-022 0.75452885540236E+003 0.32418427810144E-001 -.16344232367733E+003 0.44626161663998E-001 0.10132500000000E+006 0.44555194421588E-003 0.27586224036193E+002 0.10000000000000E+001 0.00000000000000E+000 0.10000000000000E+001 0.75452885540236E+003 0.49090231218641E+002
  84 0.19023424205060E-001 0.27941151683522E-003 0.36404907332785E-006 0.73207204635691E-006 0.18605617694267E+000 0.63670962324335E-005 0.31371540345905E-001 0.13374445416745E-003 0.61051707622664E-008 0.54571944371307E-009 0.41497111396151E-004 0.29042029437028E-001 0.10355373779762E-001 0.10483085554501E-001 0.94514984209325E-007 0.52261768759066E-003 0.18945112598214E-004 0.27302002113864E-003 0.21104235298554E-005 0.55382895356158E-003 0.21923001434483E-016 0.47939292529514E-007 0.73085900633680E+000 0.19205131444475E-022 0.76301583680988E+003 0.32418427810144E-001 -.16257245830438E+003 0.44626161663998E-001 0.10132500000000E+006 0.44052220754355E-003 0.27581597827922E+002 0.10000000000000E+001 0.00000000000000E+000 0.10000000000000E+001 0.76301583680988E+003 0.52588930022876E+002
  85 0.19325782851591E-001 0.28257846861008E-003 0.39876493735517E-006 0.80806384527266E-006 0.18521463379679E+000 0.67732370566872E-005 0.31923672678043E-001 0.13493799738469E-003 0.68771686536418E-008 0.61491113220758E-009 0.44049152715659E-004 0.28793985483571E-001 0.10577834678565E-001 0.10753574737093E-001 0.10519348068016E-006 0.53277669860053E-003 0.18744913861152E-004 0.27990797329047E-003 0.22785412561546E-005 0.56748662705876E-003 0.24807604255756E-016 0.48973815327858E-007 0.73086539652794E+000 0.19553383113141E-022 0.77153276991096E+003 0.32418427810144E-001 -.16169226152369E+003 0.44626161663998E-001 0.10132500000000E+006 0.43558622775408E-003 0.27576972085846E+002 0.10000000000000E+001 0.00000000000000E+000 0.10000000000000E+001 0.77153276991096E+003 0.56284218283852E+002
  86 0.19626452771882E-001 0.28574818061654E-003 0.43590357211757E-006 0.89092365604005E-006 0.18436664649229E+000 0.72010380985893E-005 0.32477756268399E-001 0.13607586826864E-003 0.77392481564135E-008 0.69210203266962E-009 0.46730998581729E-004 0.28544631663553E-001 0.10802016796161E-001 0.11027166941429E-001 0.11697102901857E-006 0.54289269614880E-003 0.18514578824759E-004 0.28685754942873E-003 0.24570942125108E-005 0.58114692696972E-003 0.28097728739488E-016 0.50016787661913E-007 0.73087265466062E+000 0.19903744766247E-022 0.78007910611577E+003 0.32418427810144E-001 -.16080177450203E+003 0.44626161663998E-001 0.10132500000000E+006 0.43074181139926E-003 0.27572347193627E+002 0.10000000000000E+001 0.00000000000000E+000 0.10000000000000E+001 0.78007910611577E+003 0.60186386035781E+002
  87 0.19925519291264E-001 0.28892090371251E-003 0.47557869559297E-006 0.98115540602560E-006 0.18351216714571E+000 0.76517784174875E-005 0.33033834661727E-001 0.13716098700371E-003 0.87015852210545E-008 0.77817540913870E-009 0.49548468022372E-004 0.28293933212655E-001 0.11027936372385E-001 0.11303892959956E-001 0.12995253769066E-006 0.55296131468360E-003 0.18256345193076E-004 0.29386814083369E-003 0.26465962923790E-005 0.59479711584088E-003 0.31853189179850E-016 0.51068326316906E-007 0.73088077676284E+000 0.20256249737574E-022 0.78865528184251E+003 0.32418427810144E-001 -.15990095079041E+003 0.44626161663999E-001 0.10132500000000E+006 0.42598628536092E-003 0.27567722988269E+002 0.10000000000000E+001 0.00000000000000E+000 0.10000000000000E+001 0.78865528184251E+003 0.64306998479861E+002
  88 0.20223055090165E-001 0.29209677255251E-003 0.51790745795041E-006 0.10792871450842E-005 0.18265117294610E+000 0.81268453174145E-005 0.33591933333205E-001 0.13819647618587E-003 0.97755200769089E-008 0.87411258917976E-009 0.52507529007694E-004 0.28041863991548E-001 0.11255602552208E-001 0.11583776023204E-001 0.14425208530216E-006 0.56297784667400E-003 0.17972640015699E-004 0.30093887712530E-003 0.28475759181816E-005 0.60842333459954E-003 0.36142823878722E-016 0.52128517948904E-007 0.73088975903150E+000 0.20610921005688E-022 0.79726145816929E+003 0.32418427810144E-001 -.15898978737759E+003 0.44626161663999E-001 0.10132500000000E+006 0.42131722951637E-003 0.27563099445473E+002 0.10000000000000E+001 0.00000000000000E+000 0.10000000000000E+001 0.79726145816929E+003 0.68658415287999E+002
  89 0.20519112339698E-001 0.29527571521325E-003 0.56300924187900E-006 0.11858677962511E-005 0.18178369180627E+000 0.86277267168476E-005 0.34152043562294E-001 0.13918561392076E-003 0.10973652413935E-007 0.98100048918387E-009 0.55614187596510E-004 0.27788413841295E-001 0.11485010598718E-001 0.11866823292176E-001 0.15999308557293E-006 0.57293699802443E-003 0.17666059452966E-004 0.30806841232721E-003 0.30605670083075E-005 0.62201019996115E-003 0.41045696822019E-016 0.53197387567130E-007 0.73089959739686E+000 0.20967760798033E-022 0.80589727171468E+003 0.32418427810144E-001 -.15806835379220E+003 0.44626161663999E-001 0.10132500000000E+006 0.41673258666151E-003 0.27558476809851E+002 0.10000000000000E+001 0.00000000000000E+000 0.10000000000000E+001 0.80589727171468E+003 0.73253670885785E+002
  90 0.20813720882823E-001 0.29845742560125E-003 0.61100493739609E-006 0.13014645796800E-005 0.18090981164343E+000 0.91560091173789E-005 0.34714117170718E-001 0.14013180878119E-003 0.12309951908400E-007 0.11000404023724E-008 0.58874412411967E-004 0.27533591101172E-001 0.11716139428919E-001 0.12153022537683E-001 0.17730853873680E-006 0.58283285501527E-003 0.17339341273045E-004 0.31525484549137E-003 0.32861016321195E-005 0.63554068909708E-003 0.46652481398360E-016 0.54274887060176E-007 0.73091028716672E+000 0.21326746755164E-022 0.81456175339447E+003 0.32418427810144E-001 -.15713680434841E+003 0.44626161663999E-001 0.10132500000000E+006 0.41223067111969E-003 0.27553855632888E+002 0.10000000000000E+001 0.00000000000000E+000 0.10000000000000E+001 0.81456175339447E+003 0.78106398031478E+002
  91 0.21106894849782E-001 0.30164142745550E-003 0.66201750199272E-006 0.14266632711713E-005 0.18002966452209E+000 0.97133891953534E-005 0.35278077433461E-001 0.14103859718868E-003 0.13799911025275E-007 0.12325604367747E-008 0.62294144112317E-004 0.27277417812258E-001 0.11948955795279E-001 0.12442347032323E-001 0.19634169659203E-006 0.59265914224681E-003 0.16995323766235E-004 0.32249584916768E-003 0.35247080051820E-005 0.64899643083946E-003 0.53067163755936E-016 0.55360914665100E-007 0.73092182297676E+000 0.21687838165526E-022 0.82325349673334E+003 0.32418427810144E-001 -.15619536362130E+003 0.44626161663999E-001 0.10132500000000E+006 0.40781004918062E-003 0.27549236677679E+002 0.10000000000000E+001 0.00000000000000E+000 0.10000000000000E+001 0.82325349673334E+003 0.83230869912767E+002
  92 0.21398672804304E-001 0.30482750823848E-003 0.71617927186572E-006 0.15620855139797E-005 0.17914330687256E+000 0.10301757409359E-004 0.35843895942907E-001 0.14190973019310E-003 0.15460923524176E-007 0.13800478684809E-008 0.65879742074177E-004 0.27019894825970E-001 0.12183445964914E-001 0.12734794911506E-001 0.21724938634308E-006 0.60241060245192E-003 0.16636856921847E-004 0.32978965468483E-003 0.37769390567461E-005 0.66235954855711E-003 0.60409931347018E-016 0.56455462874233E-007 0.73093420033195E+000 0.22051024687220E-022 0.83197184231557E+003 0.32418427810144E-001 -.15524419974100E+003 0.44626161663999E-001 0.10132500000000E+006 0.40346893237467E-003 0.27544620288669E+002 0.10000000000000E+001 0.00000000000000E+000 0.10000000000000E+001 0.83197184231557E+003 0.88642699148995E+002
  93 0.21689170821571E-001 0.30801630932964E-003 0.77364480720906E-006 0.17084222780925E-005 0.17825055119736E+000 0.10923338788676E-004 0.36411698567656E-001 0.14274927179181E-003 0.17312925325654E-007 0.15442044150279E-008 0.69638754059561E-004 0.26760953216049E-001 0.12419660260511E-001 0.13030445509653E-001 0.24020814712930E-006 0.61208477866388E-003 0.16266685212648E-004 0.33713643746695E-003 0.40434250730247E-005 0.67561506136459E-003 0.68821629244503E-016 0.57558827051690E-007 0.73094741849583E+000 0.22416396104488E-022 0.84071850863384E+003 0.32418427810144E-001 -.15428324299074E+003 0.44626161663999E-001 0.10132500000000E+006 0.39920442992667E-003 0.27540005539923E+002 0.10000000000000E+001 0.00000000000000E+000 0.10000000000000E+001 0.84071850863384E+003 0.94360056640469E+002
  94 0.21978559886817E-001 0.31120909607200E-003 0.83459171978832E-006 0.18664393948019E-005 0.17735102326143E+000 0.11580703241310E-004 0.36981726504621E-001 0.14356146760341E-003 0.19378771837129E-007 0.17269775304065E-008 0.73579857583703E-004 0.26500471375673E-001 0.12657697962789E-001 0.13329441855950E-001 0.26541643720547E-006 0.62168123375516E-003 0.15887425883405E-004 0.34453784337935E-003 0.43248688019575E-005 0.68874974652197E-003 0.78467588863366E-016 0.58671536204716E-007 0.73096148057185E+000 0.22784119565304E-022 0.84949698845692E+003 0.32418427810144E-001 -.15331224561410E+003 0.44626161663999E-001 0.10132500000000E+006 0.39501295103666E-003 0.27535390574220E+002 0.10000000000000E+001 0.00000000000000E+000 0.10000000000000E+001 0.84949698845692E+003 0.10040367689831E+003
  95 0.22266977841475E-001 0.31440679114829E-003 0.89920530935002E-006 0.20369401460485E-005 0.17644443114718E+000 0.12276604950632E-004 0.37554164694072E-001 0.14435046044293E-003 0.21684077527032E-007 0.19305437641183E-008 0.77711773513716E-004 0.26238353103980E-001 0.12897636120479E-001 0.13631901954202E-001 0.29308998610936E-006 0.63119861175844E-003 0.15501651874336E-004 0.35199476791747E-003 0.46219653517459E-005 0.70174802186648E-003 0.89539329967351E-016 0.59794021144066E-007 0.73097638968717E+000 0.23154330072718E-022 0.85830990375178E+003 0.32418427810144E-001 -.15233107325815E+003 0.44626161664000E-001 0.10132500000000E+006 0.39089150737492E-003 0.27530774002331E+002 0.10000000000000E+001 0.00000000000000E+000 0.10000000000000E+001 0.85830990375178E+003 0.10679527561828E+003
  96 0.22554484522294E-001 0.31760946137455E-003 0.96766680580782E-006 0.22207332495692E-005 0.17553071478488E+000 0.13013863181455E-004 0.38129048981590E-001 0.14512015885803E-003 0.24257063846201E-007 0.21572930233554E-008 0.82042472112585E-004 0.25974570487531E-001 0.13139489939058E-001 0.13937868182014E-001 0.32345745534433E-006 0.64063319528808E-003 0.15111933046476E-004 0.35950612134269E-003 0.49353394635241E-005 0.71458991060174E-003 0.10225638343635E-015 0.60926429042628E-007 0.73099214597137E+000 0.23527068652243E-022 0.86715757720499E+003 0.32418427810144E-001 -.15133987136606E+003 0.44626161664000E-001 0.10132500000000E+006 0.38683830807663E-003 0.27526155638652E+002 0.10000000000000E+001 0.00000000000000E+000 0.10000000000000E+001 0.86715757720499E+003 0.11355634281554E+003
  97 0.22841093140451E-001 0.32081664678359E-003 0.10401571342680E-005 0.24186402722451E-005 0.17460995842655E+000 0.13795408719661E-004 0.38706323563293E-001 0.14587430955031E-003 0.27128913930944E-007 0.24098576494408E-008 0.86579388574472E-004 0.25709138160906E-001 0.13383235897020E-001 0.14247335394610E-001 0.35676217716485E-006 0.64998000621371E-003 0.14720772884382E-004 0.36706954839608E-003 0.52655540530797E-005 0.72725253316330E-003 0.11687079684801E-015 0.62068731017403E-007 0.73100874722219E+000 0.23902317767372E-022 0.87603891899022E+003 0.32418427810144E-001 -.15033897523461E+003 0.44626161664000E-001 0.10132500000000E+006 0.38285225160480E-003 0.27521536019297E+002 0.10000000000000E+001 0.00000000000000E+000 0.10000000000000E+001 0.87603891899022E+003 0.12070845881757E+003
  98 0.23126813674311E-001 0.32402783601966E-003 0.11168661946116E-005 0.26315195232025E-005 0.17368225722824E+000 0.14624387848671E-004 0.39285925798896E-001 0.14661658175269E-003 0.30334414397500E-007 0.26911663869680E-008 0.91329957986991E-004 0.25442074635290E-001 0.13628847030649E-001 0.14560295179310E-001 0.39326678919901E-006 0.65923426946798E-003 0.14330523237552E-004 0.37468252545206E-003 0.56131426690991E-005 0.73971210375295E-003 0.13367370255336E-015 0.63220887249686E-007 0.73102619090045E+000 0.24280055713199E-022 0.88495273315414E+003 0.32418427810144E-001 -.14932876816976E+003 0.44626161664000E-001 0.10132500000000E+006 0.37893229132588E-003 0.27516915713393E+002 0.10000000000000E+001 0.00000000000000E+000 0.10000000000000E+001 0.88495273315414E+003 0.12827413233718E+003
  99 0.23411660823878E-001 0.32724255418461E-003 0.11979955820926E-005 0.28602738740566E-005 0.17274769170863E+000 0.15504195542838E-004 0.39867802192052E-001 0.14735054923830E-003 0.33912439186747E-007 0.30044838647275E-008 0.96301711603977E-004 0.25173394958815E-001 0.13876299676645E-001 0.14876744511716E-001 0.43325541597025E-006 0.66839168497136E-003 0.13943348935758E-004 0.38234256894776E-003 0.59786106565199E-005 0.75194429902173E-003 0.15300191014013E-015 0.64382878920191E-007 0.73104447460437E+000 0.24660267509089E-022 0.89389796331805E+003 0.32418427810144E-001 -.14830965564060E+003 0.44626161664000E-001 0.10132500000000E+006 0.37507732686392E-003 0.27512295195854E+002 0.10000000000000E+001 0.00000000000000E+000 0.10000000000000E+001 0.89389796331805E+003 0.13627697942448E+003
 100 0.23695658091252E-001 0.33046040884454E-003 0.12837608912226E-005 0.31058581511171E-005 0.17180631350209E+000 0.16438504767952E-004 0.40451917043704E-001 0.14807966320853E-003 0.37906479958598E-007 0.33534536882979E-008 0.10150233689978E-003 0.24903106677374E-001 0.14125577225233E-001 0.15196690761621E-001 0.47703586072562E-006 0.67744855900165E-003 0.13561203221312E-004 0.39004734942072E-003 0.63624335226034E-005 0.76392443646097E-003 0.17524560598862E-015 0.65554726307200E-007 0.73106359642507E+000 0.25042950960356E-022 0.90287382524834E+003 0.32418427810144E-001 -.14728205158527E+003 0.44626161664000E-001 0.10132500000000E+006 0.37128615552843E-003 0.27507674781052E+002 0.10000000000000E+001 0.00000000000000E+000 0.10000000000000E+001 0.90287382524834E+003 0.14474185654711E+003
 101 0.23978847662719E-001 0.33368120296026E-003 0.13743964253254E-005 0.33692942275434E-005 0.17085811079787E+000 0.17431323245729E-004 0.41038273470874E-001 0.14880724300334E-003 0.42365366734028E-007 0.37421576316352E-008 0.10693987200206E-003 0.24631200002938E-001 0.14376679250712E-001 0.15520163754982E-001 0.52494328500782E-006 0.68640210433714E-003 0.13185801903455E-004 0.39779496921218E-003 0.67650650463294E-005 0.77562786692535E-003 0.20085816173101E-015 0.66736532380438E-007 0.73108355579599E+000 0.25428130750236E-022 0.91188012895761E+003 0.32418427810144E-001 -.14624634257772E+003 0.44626161664000E-001 0.10132500000000E+006 0.36755735205448E-003 0.27503054460927E+002 0.10000000000000E+001 0.00000000000000E+000 0.10000000000000E+001 0.91188012895761E+003 0.15369522847257E+003
 102 0.24261287670802E-001 0.33690490551033E-003 0.14701567671428E-005 0.36516780532631E-005 0.16990301473888E+000 0.18487018019522E-004 0.41626908802790E-001 0.14953643879981E-003 0.47343940253092E-007 0.41751699198303E-008 0.11262269579950E-003 0.24357649774953E-001 0.14629619791307E-001 0.15847214058234E-001 0.57734261715484E-006 0.69525032179378E-003 0.12818621409432E-004 0.40558390148526E-003 0.71869300752254E-005 0.78702979692999E-003 0.23036699971427E-015 0.67928475632731E-007 0.73110435357899E+000 0.25815855834055E-022 0.92091720653569E+003 0.32418427810144E-001 -.14520289699880E+003 0.44626161664000E-001 0.10132500000000E+006 0.36388932137033E-003 0.27498433947699E+002 0.10000000000000E+001 0.00000000000000E+000 0.10000000000000E+001 0.92091720653569E+003 0.16316522534825E+003
 103 0.24543056136843E-001 0.34013169739875E-003 0.15713207466760E-005 0.39541943274361E-005 0.16894088352679E+000 0.19610368442305E-004 0.42217903744577E-001 0.15027021634917E-003 0.52903939352718E-007 0.46576295624290E-008 0.11855965043392E-003 0.24082411028957E-001 0.14884431524034E-001 0.16177918903561E-001 0.63463247684408E-006 0.70399208399768E-003 0.12460894134280E-004 0.41341310837007E-003 0.76284267088499E-005 0.79810536494365E-003 0.26438726630358E-015 0.69130830812715E-007 0.73112599262136E+000 0.26206205853495E-022 0.92998605126204E+003 0.32418427810144E-001 -.14415205036366E+003 0.44626161664000E-001 0.10132500000000E+006 0.36028026284407E-003 0.27493812608291E+002 0.10000000000000E+001 0.00000000000000E+000 0.10000000000000E+001 0.92998605126204E+003 0.17318193484365E+003
 104 0.24824246694939E-001 0.34336192291721E-003 0.16781929693277E-005 0.42781247358397E-005 0.16797151429998E+000 0.20806594883917E-004 0.42811374385053E-001 0.15101132503311E-003 0.59114877348363E-007 0.51953108851004E-008 0.12476000468993E-003 0.23805422525274E-001 0.15141162573680E-001 0.16512378654389E-001 0.69724805775987E-006 0.71262695290972E-003 0.12113619885784E-004 0.42128192901619E-003 0.80899162122725E-005 0.80882936001770E-003 0.30363737923040E-015 0.70343955139697E-007 0.73114847771615E+000 0.26599286464485E-022 0.93908819308217E+003 0.32418427810144E-001 -.14309412163560E+003 0.44626161664001E-001 0.10132500000000E+006 0.35672824126453E-003 0.27489189533779E+002 0.10000000000000E+001 0.00000000000000E+000 0.10000000000000E+001 0.93908819308217E+003 0.18377745029956E+003
 105 0.25104954260172E-001 0.34659592344362E-003 0.17911009679660E-005 0.46248430599986E-005 0.16699469109409E+000 0.22081339942846E-004 0.43407442378745E-001 0.15176224193866E-003 0.66054744734779E-007 0.57946782607696E-008 0.13123315789112E-003 0.23526620546239E-001 0.15399863752491E-001 0.16850700677097E-001 0.76566143679117E-006 0.72115469477437E-003 0.11777592697156E-004 0.42918967377407E-003 0.85716930514994E-005 0.81917558282683E-003 0.34895563762316E-015 0.71568229246026E-007 0.73117181462788E+000 0.26995209966141E-022 0.94822523982711E+003 0.32418427810144E-001 -.14202946953046E+003 0.44626161664001E-001 0.10132500000000E+006 0.35323137717534E-003 0.27484563776445E+002 0.10000000000000E+001 0.00000000000000E+000 0.10000000000000E+001 0.94822523982711E+003 0.19498547837860E+003
 106 0.25385274783689E-001 0.34983403069856E-003 0.19103967885478E-005 0.49958235490693E-005 0.16601018594993E+000 0.23440699651399E-004 0.44006234156390E-001 0.15252515336533E-003 0.73811023074954E-007 0.64629671505486E-008 0.13798860108094E-003 0.23245939254696E-001 0.15660588197057E-001 0.17192999169819E-001 0.84038425744623E-006 0.72957523979288E-003 0.11453411428336E-004 0.43713559941874E-003 0.90739737009633E-005 0.82911679932939E-003 0.40132126315128E-015 0.72804056520114E-007 0.73119601008100E+000 0.27394095091582E-022 0.95739886449402E+003 0.32418427810144E-001 -.14095849798827E+003 0.44626161664001E-001 0.10132500000000E+006 0.34978785014413E-003 0.27479934357641E+002 0.10000000000000E+001 0.00000000000000E+000 0.10000000000000E+001 0.95739886449402E+003 0.20684137586871E+003
 107 0.25665310381368E-001 0.35307662191765E-003 0.20364611211802E-005 0.53926578505268E-005 0.16501774097065E+000 0.24891285777068E-004 0.44607891671138E-001 0.15330195251101E-003 0.82481986224581E-007 0.72082890144361E-008 0.14503600870416E-003 0.22963305635839E-001 0.15923396038966E-001 0.17539401658690E-001 0.92197213538209E-006 0.73788879822769E-003 0.11141486578077E-004 0.44511903491558E-003 0.95968949633013E-005 0.83862487813821E-003 0.46188056024572E-015 0.74051886469566E-007 0.73122107222972E+000 0.27796074223791E-022 0.96661096918309E+003 0.32418427810144E-001 -.13988164137503E+003 0.44626161664001E-001 0.10132500000000E+006 0.34639583711813E-003 0.27475300186947E+002 0.10000000000000E+001 0.00000000000000E+000 0.10000000000000E+001 0.96661096918309E+003 0.21938242977442E+003
 108 0.25945175544300E-001 0.35632418794853E-003 0.21697088790392E-005 0.58170776752124E-005 0.16401704555766E+000 0.26440308634063E-004 0.45212585833502E-001 0.15409424310338E-003 0.92178287861121E-007 0.80397596600600E-008 0.15238538647177E-003 0.22678633110193E-001 0.16188360336250E-001 0.17890057351062E-001 0.10110303909127E-005 0.74609599452938E-003 0.10842048933467E-004 0.45313953947019E-003 0.10140516162725E-004 0.84767091453844E-003 0.53197917053217E-015 0.75312244465422E-007 0.73124701132430E+000 0.28201303149653E-022 0.97586388958906E+003 0.32418427810144E-001 -.13879934532433E+003 0.44626161664001E-001 0.10132500000000E+006 0.34305344314264E-003 0.27470659962744E+002 0.10000000000000E+001 0.00000000000000E+000 0.10000000000000E+001 0.97586388958906E+003 0.23264827091258E+003
 109 0.26224993279301E-001 0.35957728428679E-003 0.23105908345020E-005 0.62709661068060E-005 0.16300774902128E+000 0.28095618415617E-004 0.45820508401092E-001 0.15490331700176E-003 0.10302447387348E-006 0.89676197642799E-008 0.16004697422165E-003 0.22391825244547E-001 0.16455563618161E-001 0.18245133234089E-001 0.11082175327035E-005 0.75419769519775E-003 0.10555171114152E-004 0.46119677003390E-003 0.10704802796562E-004 0.85622498438427E-003 0.61319885214606E-015 0.76585717232803E-007 0.73127383951109E+000 0.28609955812656E-022 0.98516026929597E+003 0.32418427810144E-001 -.13771208695153E+003 0.44626161664001E-001 0.10132500000000E+006 0.33975875594259E-003 0.27466012239607E+002 0.10000000000000E+001 0.00000000000000E+000 0.10000000000000E+001 0.98516026929597E+003 0.24668088120023E+003
 110 0.26504887090627E-001 0.36283643224098E-003 0.24595926800705E-005 0.67563610559092E-005 0.16198948919389E+000 0.29865718185773E-004 0.46431854417247E-001 0.15573011872106E-003 0.11516043663963E-006 0.10003349213590E-007 0.16803099607454E-003 0.22102783990123E-001 0.16725090176407E-001 0.18604804435957E-001 0.12142468500685E-005 0.76219472446760E-003 0.10280792606174E-004 0.46929021887213E-003 0.11289598886671E-004 0.86425581311239E-003 0.70739962217569E-015 0.77872918066261E-007 0.73130157013592E+000 0.29022213465227E-022 0.99450279009869E+003 0.32418427810144E-001 -.13662041282541E+003 0.44626161664001E-001 0.10132500000000E+006 0.33650994436432E-003 0.27461355566317E+002 0.10000000000000E+001 0.00000000000000E+000 0.10000000000000E+001 0.99450279009869E+003 0.26152432582038E+003
 111 0.26784955560012E-001 0.36610179691742E-003 0.26172227283290E-005 0.72754215717450E-005 0.16096198727976E+000 0.31759641100589E-004 0.47046765275578E-001 0.15657515469459E-003 0.12874196719350E-006 0.11159703435799E-007 0.17634681633706E-003 0.21811436139807E-001 0.16997000980247E-001 0.18969221271492E-001 0.13298792206021E-005 0.77008711119004E-003 0.10018758530820E-004 0.47741843388460E-003 0.11894556988764E-004 0.87173009314420E-003 0.81676122739602E-015 0.79174368712816E-007 0.73133021509077E+000 0.29438225753597E-022 0.10038932035642E+004 0.32418427810144E-001 -.13552528016679E+003 0.44626161664001E-001 0.10132500000000E+006 0.33330558186767E-003 0.27456688940646E+002 0.10000000000000E+001 0.00000000000000E+000 0.10000000000000E+001 0.10038932035642E+004 0.27722342225257E+003
 112 0.27065246416006E-001 0.36937295223359E-003 0.27839950914849E-005 0.78303752907859E-005 0.15992514626696E+000 0.33786756527457E-004 0.47665271343980E-001 0.15743838736428E-003 0.14394057300193E-006 0.12450688624125E-007 0.18500189925159E-003 0.21517763235199E-001 0.17271306848398E-001 0.19338471972846E-001 0.14559100028912E-005 0.77787337691458E-003 0.97688512027396E-005 0.48557820538811E-003 0.12519056268006E-004 0.87861212665570E-003 0.94382450047809E-015 0.80490370569325E-007 0.73135978155879E+000 0.29858077695463E-022 0.10133318630673E+004 0.32418427810144E-001 -.13442816880844E+003 0.44626161664001E-001 0.10132500000000E+006 0.33014476939489E-003 0.27452012150124E+002 0.10000000000000E+001 0.00000000000000E+000 0.10000000000000E+001 0.10133318630673E+004 0.29382137921002E+003
 113 0.27345940230398E-001 0.37265089516709E-003 0.29605408568169E-005 0.84238988814373E-005 0.15887837549179E+000 0.35958157358232E-004 0.48287693828743E-001 0.15831979327024E-003 0.16095557813260E-006 0.13892577398266E-007 0.19400738003338E-003 0.21221607032598E-001 0.17548148028234E-001 0.19712826494390E-001 0.15932549808086E-005 0.78555559436324E-003 0.95306434670018E-005 0.49376986795052E-003 0.13162599244456E-004 0.88486834268249E-003 0.10916467030799E-014 0.81821869460594E-007 0.73139029148596E+000 0.30282045123577E-022 0.10228232066925E+004 0.32418427810144E-001 -.13332969693250E+003 0.44626161664002E-001 0.10132500000000E+006 0.32702530197291E-003 0.27447322876593E+002 0.10000000000000E+001 0.00000000000000E+000 0.10000000000000E+001 0.10228232066925E+004 0.31137137738396E+003
 114 0.27627382387671E-001 0.37593850224224E-003 0.31476564117978E-005 0.90593038334676E-005 0.15782044805713E+000 0.38287346285114E-004 0.48914724889665E-001 0.15921948762310E-003 0.18002329353011E-006 0.15504665321703E-007 0.20337985313974E-003 0.20922632501460E-001 0.17827830688059E-001 0.20092789840221E-001 0.17429988371425E-005 0.79313991872351E-003 0.93035146056141E-005 0.50199822033354E-003 0.13824914980681E-004 0.89046636629563E-003 0.12639629191422E-014 0.83170641650795E-007 0.73142178724155E+000 0.30710663406173E-022 0.10323774220588E+004 0.32418427810144E-001 -.13222952068159E+003 0.44626161664002E-001 0.10132500000000E+006 0.32394326012162E-003 0.27442616039770E+002 0.10000000000000E+001 0.00000000000000E+000 0.10000000000000E+001 0.10323774220588E+004 0.32994058282836E+003
 115 0.27909794877348E-001 0.37923712706171E-003 0.33461314813159E-005 0.97399754397573E-005 0.15675057466671E+000 0.40788187775639E-004 0.49546787928184E-001 0.16013680416884E-003 0.20140408883254E-006 0.17308152293630E-007 0.21313213186294E-003 0.20620631371907E-001 0.18110542728731E-001 0.20478719826860E-001 0.19062664449527E-005 0.80062859877880E-003 0.90869094980918E-005 0.51026402469101E-003 0.14505282947020E-004 0.89536820456352E-003 0.14651694902715E-014 0.84537932810994E-007 0.73145430058272E+000 0.31144308263530E-022 0.10420005718103E+004 0.32418427810144E-001 -.13112784851330E+003 0.44626161664002E-001 0.10132500000000E+006 0.32089627022519E-003 0.27437888651213E+002 0.10000000000000E+001 0.00000000000000E+000 0.10000000000000E+001 0.10420005718103E+004 0.34959277727655E+003
 116 0.28193283197374E-001 0.38254666507813E-003 0.35567370454637E-005 0.10469334017769E-004 0.15566839682701E+000 0.43474754568323E-004 0.50184045633409E-001 0.16107026054316E-003 0.22538234394869E-006 0.19326125854499E-007 0.22327259617116E-003 0.20315519700821E-001 0.18396355471167E-001 0.20870826714622E-001 0.20842069602796E-005 0.80802035960559E-003 0.88803178104550E-005 0.51856408136656E-003 0.15202492738105E-004 0.89953178281761E-003 0.17004221079566E-014 0.85924462632102E-007 0.73148785143131E+000 0.31583185436079E-022 0.10516947316211E+004 0.32418427810144E-001 -.13002542116171E+003 0.44626161664002E-001 0.10132500000000E+006 0.31788333038906E-003 0.27433139721354E+002 0.10000000000000E+001 0.00000000000000E+000 0.10000000000000E+001 0.10516947316211E+004 0.37038683907214E+003
 117 0.28477994554714E-001 0.38586738885259E-003 0.37803334221215E-005 0.11251217387726E-004 0.15457339430984E+000 0.46362721698669E-004 0.50826751165992E-001 0.16201804086028E-003 0.25228064696498E-006 0.21584743084252E-007 0.23381024337544E-003 0.20007170583160E-001 0.18685379972155E-001 0.21269386389175E-001 0.22780808638155E-005 0.81531462507434E-003 0.86831545905717E-005 0.52689575620067E-003 0.15915196823811E-004 0.90291422189022E-003 0.19758978290923E-014 0.87331182200145E-007 0.73152246540206E+000 0.32027571543951E-022 0.10614633428551E+004 0.32418427810144E-001 -.12892290093391E+003 0.44626161664002E-001 0.10132500000000E+006 0.31490307277491E-003 0.27428367625753E+002 0.10000000000000E+001 0.00000000000000E+000 0.10000000000000E+001 0.10614633428551E+004 0.39238706703397E+003
 118 0.28764124066496E-001 0.38920000427785E-003 0.40178885289371E-005 0.12089968387956E-004 0.15346485643074E+000 0.49469683676148E-004 0.51475263178043E-001 0.16297800178798E-003 0.28246658527867E-006 0.24113777172397E-007 0.24475497845607E-003 0.19695406576439E-001 0.18977774081815E-001 0.21674752766848E-001 0.24892795469786E-005 0.82251152320579E-003 0.84947721551507E-005 0.53525704976743E-003 0.16641918004244E-004 0.90547139677125E-003 0.22990352562692E-014 0.88759316229039E-007 0.73155817516187E+000 0.32477827403590E-022 0.10713114354028E+004 0.32418427810144E-001 -.12782085980496E+003 0.44626161664002E-001 0.10132500000000E+006 0.31195373328292E-003 0.27423570011670E+002 0.10000000000000E+001 0.00000000000000E+000 0.10000000000000E+001 0.10713114354028E+004 0.41566448055954E+003
 119 0.29051880077188E-001 0.39254522637425E-003 0.42704628474956E-005 0.12990409105225E-004 0.15234201278823E+000 0.52815050117044E-004 0.52129967622473E-001 0.16394753361448E-003 0.31635605260511E-006 0.26946867442061E-007 0.25611627910681E-003 0.19380037006421E-001 0.19273707343753E-001 0.22087311951850E-001 0.27193152996532E-005 0.82961086354124E-003 0.83144956500001E-005 0.54364544160372E-003 0.17380948049835E-004 0.90715715533508E-003 0.26787851533899E-014 0.90210200377783E-007 0.73159501659350E+000 0.32934345993475E-022 0.10812444353838E+004 0.32418427810144E-001 -.12671992786176E+003 0.44626161664002E-001 0.10132500000000E+006 0.30903353863008E-003 0.27418744393720E+002 0.10000000000000E+001 0.00000000000000E+000 0.10000000000000E+001 0.10812444353838E+004 0.44029476625970E+003
 120 0.29341461860012E-001 0.39590349906718E-003 0.45391976530168E-005 0.13957826663869E-004 0.15120412131528E+000 0.56419974770958E-004 0.52791225789471E-001 0.16492345353870E-003 0.35441671475608E-006 0.30121781975460E-007 0.26790207604009E-003 0.19060883075392E-001 0.19573337185063E-001 0.22507450987835E-001 0.29698108341188E-005 0.83661150071586E-003 0.81416427804570E-005 0.55205707808847E-003 0.18130269477253E-004 0.90792317993094E-003 0.31259129409725E-014 0.91685171682270E-007 0.73163302591373E+000 0.33397517445021E-022 0.10912673767142E+004 0.32418427810144E-001 -.12562089226954E+003 0.44626161664002E-001 0.10132500000000E+006 0.30614093752433E-003 0.27413888545648E+002 0.10000000000000E+001 0.00000000000000E+000 0.10000000000000E+001 0.10912673767142E+004 0.46635651468511E+003
 121 0.29633079901171E-001 0.39927520835442E-003 0.48253397447928E-005 0.14998093264160E-004 0.15005039116912E+000 0.60307775534512E-004 0.53459418816336E-001 0.16590203956789E-003 0.39717676308770E-006 0.33681120035909E-007 0.28011923755035E-003 0.18737756584108E-001 0.19876828572969E-001 0.22935587200801E-001 0.32425206845656E-005 0.84351175515371E-003 0.79755149378437E-005 0.56048718096219E-003 0.18887585861438E-004 0.90771922948772E-003 0.36534291548207E-014 0.93185672436462E-007 0.73167224213200E+000 0.33867761434710E-022 0.11013855777514E+004 0.32418427810144E-001 -.12452463362401E+003 0.44626161664002E-001 0.10132500000000E+006 0.30327439552242E-003 0.27409000180372E+002 0.10000000000000E+001 0.00000000000000E+000 0.10000000000000E+001 0.11013855777514E+004 0.49393294842900E+003
 122 0.29926945935320E-001 0.40266054085889E-003 0.51302408682431E-005 0.16117702351314E-004 0.14888002348262E+000 0.64504034694803E-004 0.54134923315893E-001 0.16687896019217E-003 0.44523096626850E-006 0.37672784078651E-007 0.29277283020252E-003 0.18410471828113E-001 0.20184342495116E-001 0.23372154452317E-001 0.35393287514210E-005 0.85030907213261E-003 0.78154067787631E-005 0.56892954701805E-003 0.19650274974392E-004 0.90649320961107E-003 0.42770802066809E-014 0.94713202536206E-007 0.73171270566055E+000 0.34345512378006E-022 0.11116042729211E+004 0.32418427810144E-001 -.12343217969738E+003 0.44626161664002E-001 0.10132500000000E+006 0.30043249960946E-003 0.27404077139905E+002 0.10000000000000E+001 0.00000000000000E+000 0.10000000000000E+001 0.11116042729211E+004 0.52311108989449E+003
 123 0.30223258288665E-001 0.40605928819288E-003 0.54553490010226E-005 0.17323779510545E-004 0.14769227287992E+000 0.69036590619908E-004 0.54818075499566E-001 0.16784918831569E-003 0.49924551905959E-006 0.42150349676223E-007 0.30586504531767E-003 0.18078863240561E-001 0.20496018948418E-001 0.23817581261120E-001 0.38622351965955E-005 0.85699959849181E-003 0.76606158371626E-005 0.57737589589958E-003 0.20415330264635E-004 0.90419155627139E-003 0.50159302029811E-014 0.96269244102081E-007 0.73175445603238E+000 0.34831195749240E-022 0.11219280732595E+004 0.32418427810144E-001 -.12234477516248E+003 0.44626161664003E-001 0.10132500000000E+006 0.29761409774226E-003 0.27399117666254E+002 0.10000000000000E+001 0.00000000000000E+000 0.10000000000000E+001 0.11219280732595E+004 0.55398009876488E+003
 124 0.30522261988748E-001 0.40947150497149E-003 0.58022833551971E-005 0.18624412846399E-004 0.14648620900312E+000 0.73936716485191E-004 0.55509307613971E-001 0.16880715836375E-003 0.55997754113565E-006 0.47174647427317E-007 0.31939739953798E-003 0.17742719373840E-001 0.20812038494632E-001 0.24272381730394E-001 0.42134251546401E-005 0.86357942423047E-003 0.75104131093093E-005 0.58581731444983E-003 0.21179496764532E-004 0.90075903062899E-003 0.58932872378216E-014 0.97855580161118E-007 0.73179754019637E+000 0.35069608782928E-022 0.11323630310118E+004 0.32418427810144E-001 -.12126367896859E+003 0.44626161664003E-001 0.10132500000000E+006 0.29481773126216E-003 0.27394119424443E+002 0.10000000000000E+001 0.00000000000000E+000 0.10000000000000E+001 0.11323630310118E+004 0.58663743899849E+003
 125 0.30824295146310E-001 0.41289798462381E-003 0.61729162501082E-005 0.20029035340176E-004 0.14526052541904E+000 0.79240490019196E-004 0.56209254342883E-001 0.16974684900282E-003 0.62830007848326E-006 0.52815784778124E-007 0.33337259922062E-003 0.17401730837637E-001 0.21132670676434E-001 0.24737231700457E-001 0.45953497225749E-005 0.87004530854494E-003 0.73640262181674E-005 0.59424517227819E-003 0.21939361115588E-004 0.89613746612227E-003 0.69379519894801E-014 0.99474559296908E-007 0.73184201987466E+000 0.35369458306399E-022 0.11429182390564E+004 0.32418427810144E-001 -.12019003282994E+003 0.44626161664003E-001 0.10132500000000E+006 0.29204125017856E-003 0.27389078767516E+002 0.10000000000000E+001 0.00000000000000E+000 0.10000000000000E+001 0.11429182390564E+004 0.62119522213484E+003
 126 0.31129754685011E-001 0.41633979674577E-003 0.65693705112256E-005 0.21548513868565E-004 0.14401367308424E+000 0.84989038121703E-004 0.56918672277671E-001 0.17066157809949E-003 0.70521537474016E-006 0.59154182735128E-007 0.34779269133107E-003 0.17055529069355E-001 0.21458236866382E-001 0.25212923793487E-001 0.50107217760322E-005 0.87639354614982E-003 0.72206618938979E-005 0.60264964081136E-003 0.22691221139575E-004 0.89026515598780E-003 0.81856066179838E-014 0.10112893767619E-006 0.73188796747393E+000 0.35688380315374E-022 0.11536046057120E+004 0.32418427810144E-001 -.11912503414136E+003 0.44626161664003E-001 0.10132500000000E+006 0.28928219569478E-003 0.27383991362469E+002 0.10000000000000E+001 0.00000000000000E+000 0.10000000000000E+001 0.11536046057120E+004 0.65777818562577E+003
 127 0.31439081571711E-001 0.41979804142273E-003 0.69940345910935E-005 0.23195322442472E-004 0.14274391983494E+000 0.91229060956130E-004 0.57638402626496E-001 0.17154384873176E-003 0.79187214364841E-006 0.66281937110136E-007 0.36265778326820E-003 0.16703704454537E-001 0.21789092270206E-001 0.25700349843563E-001 0.54625244338314E-005 0.88261929728667E-003 0.70795140549675E-005 0.61101869668284E-003 0.23430998915419E-004 0.88307658712936E-003 0.96806340705127E-014 0.10282181821358E-006 0.73193546428443E+000 0.36183528689875E-022 0.11644342881724E+004 0.32418427810144E-001 -.11807003884109E+003 0.44626161664003E-001 0.10132500000000E+006 0.28653797943808E-003 0.27378852499133E+002 0.10000000000000E+001 0.00000000000000E+000 0.10000000000000E+001 0.11644342881724E+004 0.69652308478281E+003
 128 0.31752713644216E-001 0.42327323892326E-003 0.74495264920802E-005 0.24983537100317E-004 0.14144954738183E+000 0.98012630949328E-004 0.58369256886819E-001 0.17238510287860E-003 0.88957272177608E-006 0.74303339998757E-007 0.37796289774516E-003 0.16345862474473E-001 0.22125571903859E-001 0.26200429896000E-001 0.59539583616661E-005 0.88871530621269E-003 0.69397835941272E-005 0.61933619789106E-003 0.24154077667760E-004 0.87450359309800E-003 0.11478238425188E-013 0.10455640579832E-006 0.73198459317362E+000 0.36414790712430E-022 0.11754189734383E+004 0.32418427810144E-001 -.11702677224056E+003 0.44626161664003E-001 0.10132500000000E+006 0.28380632931155E-003 0.27373657944710E+002 0.10000000000000E+001 0.00000000000000E+000 0.10000000000000E+001 0.11754189734383E+004 0.73757318815803E+003
 129 0.32070487139049E-001 0.42675872114028E-003 0.79377664393551E-005 0.26925277530812E-004 0.14013134839969E+000 0.10538343542686E-003 0.59110613835952E-001 0.17317420350347E-003 0.99957232378605E-006 0.83318356379794E-007 0.39366702730077E-003 0.15982312914348E-001 0.22467341269917E-001 0.26713141230481E-001 0.64873986271357E-005 0.89466066382547E-003 0.68009335994114E-005 0.62756591716534E-003 0.24853977869758E-004 0.86449639312970E-003 0.13642917971909E-013 0.10633264912791E-006 0.73203534141071E+000 0.36647613374308E-022 0.11865488362201E+004 0.32418427810144E-001 -.11599927769897E+003 0.44626161664003E-001 0.10132500000000E+006 0.28109035784745E-003 0.27368413875881E+002 0.10000000000000E+001 0.00000000000000E+000 0.10000000000000E+001 0.11865488362201E+004 0.78099410160796E+003
 130 0.32390812820310E-001 0.43023206067790E-003 0.84583451783483E-005 0.29024004332993E-004 0.13879613667998E+000 0.11335102209820E-003 0.59858484790321E-001 0.17389631798197E-003 0.11226443245324E-005 0.93387134810397E-007 0.40964929046324E-003 0.15615026438939E-001 0.22812497236255E-001 0.27236107776631E-001 0.70624971875368E-005 0.90040840864166E-003 0.66630226132905E-005 0.63563265460425E-003 0.25521048020609E-004 0.85306853356782E-003 0.16240694221306E-013 0.10814238469391E-006 0.73208745569864E+000 0.36801810478557E-022 0.11977636745715E+004 0.32418427810144E-001 -.11499617818864E+003 0.44626161664003E-001 0.10132500000000E+006 0.27840491272887E-003 0.27363150243764E+002 0.10000000000000E+001 0.00000000000000E+000 0.10000000000000E+001 0.11977636745715E+004 0.82663533924678E+003
 131 0.32711679205235E-001 0.43366677417115E-003 0.90096023165755E-005 0.31278362931183E-004 0.13745266929116E+000 0.12190522613848E-003 0.60607853955539E-001 0.17453685072781E-003 0.12592140172131E-005 0.10454132324321E-006 0.42575741096535E-003 0.15246494092071E-001 0.23158642642715E-001 0.27766127914466E-001 0.76772413697511E-005 0.90590812385247E-003 0.65262665877345E-005 0.64345228196286E-003 0.26145465918049E-004 0.84028591839515E-003 0.19340541929084E-013 0.10997465770598E-006 0.73214058884870E+000 0.36834638729564E-022 0.12089882438314E+004 0.32418427810144E-001 -.11402686502042E+003 0.44626161664003E-001 0.10132500000000E+006 0.27576724334286E-003 0.27357903813688E+002 0.10000000000000E+001 0.00000000000000E+000 0.10000000000000E+001 0.12089882438314E+004 0.87423813458813E+003
 132 0.33032262864577E-001 0.43704973114109E-003 0.95913441311228E-005 0.33693168044260E-004 0.13610487864622E+000 0.13105784959895E-003 0.61356454906590E-001 0.17508514718462E-003 0.14099943592946E-005 0.11683616901089E-006 0.44189123230700E-003 0.14877868007469E-001 0.23504634489030E-001 0.28301838447430E-001 0.83309772640808E-005 0.91113383414999E-003 0.63903933975011E-005 0.65097225445123E-003 0.26720663252303E-004 0.82620173884325E-003 0.23029062922023E-013 0.11182492418514E-006 0.73219456851403E+000 0.36701520253062E-022 0.12201888169062E+004 0.32418427810144E-001 -.11309651516681E+003 0.44626161664004E-001 0.10132500000000E+006 0.27318381609619E-003 0.27352691698287E+002 0.10000000000000E+001 0.00000000000000E+000 0.10000000000000E+001 0.12201888169062E+004 0.92367429495070E+003
 133 0.33352308732778E-001 0.44037401892141E-003 0.10204148415022E-004 0.36276915422086E-004 0.13475437396229E+000 0.14083309623092E-003 0.62103334675413E-001 0.17553243347399E-003 0.15758676929862E-005 0.13034067680396E-006 0.45797448755816E-003 0.14509659657691E-001 0.23849926511738E-001 0.28842775155585E-001 0.90236999543721E-005 0.91607011338556E-003 0.62549435660786E-005 0.65815376604191E-003 0.27241701034476E-004 0.81086275997822E-003 0.27411721228042E-013 0.11369177521193E-006 0.73224930805313E+000 0.36673425974954E-022 0.12313515006554E+004 0.32418427810144E-001 -.11220837342045E+003 0.44626161664004E-001 0.10132500000000E+006 0.27065613136874E-003 0.27347521763467E+002 0.10000000000000E+001 0.00000000000000E+000 0.10000000000000E+001 0.12313515006554E+004 0.97487940988450E+003
 134 0.33670250679445E-001 0.44361951850905E-003 0.10845736344028E-004 0.39026415715435E-004 0.13340835981625E+000 0.15120940827673E-003 0.62844475898068E-001 0.17586945109639E-003 0.17568774974399E-005 0.14505552042084E-006 0.47386201399616E-003 0.14143897057198E-001 0.24192547258640E-001 0.29386197107932E-001 0.97519529951305E-005 0.92068332733441E-003 0.61200783226677E-005 0.66493040779337E-003 0.27702357206454E-004 0.79439864468790E-003 0.32587409000618E-013 0.11556597375297E-006 0.73230448605061E+000 0.36489959999163E-022 0.12424167971299E+004 0.32418427810144E-001 -.11136890476131E+003 0.44626161664004E-001 0.10132500000000E+006 0.26819558189974E-003 0.27342422905473E+002 0.10000000000000E+001 0.00000000000000E+000 0.10000000000000E+001 0.12424167971299E+004 0.10275524000495E+004
 135 0.33983367416734E-001 0.44675580071775E-003 0.11510592559990E-004 0.41924110451482E-004 0.13207904106193E+000 0.16211004532546E-003 0.63573191338976E-001 0.17608911386725E-003 0.19519445487886E-005 0.16089050080819E-006 0.48935236529941E-003 0.13783935768992E-001 0.24529287221415E-001 0.29927235016921E-001 0.10508368937976E-004 0.92493011611361E-003 0.59865367901735E-005 0.67122008421742E-003 0.28096670762669E-004 0.77703607010269E-003 0.38632077339178E-013 0.11743098255254E-006 0.73235955945055E+000 0.36190928289210E-022 0.12532857055579E+004 0.32418427810144E-001 -.11058642929718E+003 0.44626161664004E-001 0.10132500000000E+006 0.26582126484722E-003 0.27337441656523E+002 0.10000000000000E+001 0.00000000000000E+000 0.10000000000000E+001 0.12532857055579E+004 0.10811467420204E+004
 136 0.34289920781763E-001 0.44976431136950E-003 0.12194185445654E-004 0.44955613843489E-004 0.13077453499818E+000 0.17347004138375E-003 0.64285135034801E-001 0.17618938615554E-003 0.21599947956808E-005 0.17775655649186E-006 0.50430002524724E-003 0.13431982884854E-001 0.24858023988857E-001 0.30462543712075E-001 0.11286535463644E-004 0.92878954282440E-003 0.58547524269337E-005 0.67697350927590E-003 0.28422337743322E-004 0.75898467380930E-003 0.45624197219108E-013 0.11927554638239E-006 0.73241413743929E+000 0.36119475658197E-022 0.12638945094778E+004 0.32418427810144E-001 -.10986527028486E+003 0.44626161664004E-001 0.10132500000000E+006 0.26354341916277E-003 0.27332607571419E+002 0.10000000000000E+001 0.00000000000000E+000 0.10000000000000E+001 0.12638945094778E+004 0.11352262662317E+004
 137 0.34589650716734E-001 0.45264230628889E-003 0.12894652427419E-004 0.48117613394607E-004 0.12949666998639E+000 0.18526587687601E-003 0.64979446582210E-001 0.17617160400090E-003 0.23805641322737E-005 0.19561459524527E-006 0.51864020911437E-003 0.13088522993003E-001 0.25178254105584E-001 0.30991277954870E-001 0.12083015497687E-004 0.93226440282533E-003 0.57246315704285E-005 0.68217807510536E-003 0.28680230662877E-004 0.74038285795246E-003 0.53666749270957E-013 0.12109702559396E-006 0.73246808562642E+000 0.35935077213979E-022 0.12742315898723E+004 0.32418427810144E-001 -.10920531939959E+003 0.44626161664004E-001 0.10132500000000E+006 0.26136067454437E-003 0.27327925977259E+002 0.10000000000000E+001 0.00000000000000E+000 0.10000000000000E+001 0.12742315898723E+004 0.11895876874658E+004
 138 0.34882843743607E-001 0.45539271509420E-003 0.13611269126124E-004 0.51411764820889E-004 0.12824489244267E+000 0.19749218998217E-003 0.65656566549222E-001 0.17603823130335E-003 0.26134425593863E-005 0.21444631076491E-006 0.53234089120945E-003 0.12753392924980E-001 0.25490082036823E-001 0.31513560254466E-001 0.12895649015985E-004 0.93536469243015E-003 0.55959263902929E-005 0.68683411606598E-003 0.28872363780353E-004 0.72133326593244E-003 0.62881574222304E-013 0.12289610148141E-006 0.73252137193166E+000 0.35985845210644E-022 0.12843046870651E+004 0.32418427810144E-001 -.10860496940018E+003 0.44626161664004E-001 0.10132500000000E+006 0.25926775292081E-003 0.27323393322335E+002 0.10000000000000E+001 0.00000000000000E+000 0.10000000000000E+001 0.12843046870651E+004 0.12441249968107E+004
 139 0.35169862622619E-001 0.45801927230297E-003 0.14343527718763E-004 0.54840787936317E-004 0.12701826319187E+000 0.21014702347510E-003 0.66317135526575E-001 0.17579216938277E-003 0.28584222041150E-005 0.23423366187416E-006 0.54537877640990E-003 0.12426325399009E-001 0.25793710340011E-001 0.32029678317648E-001 0.13722517007868E-004 0.93810059726697E-003 0.54684187549629E-005 0.69094449894099E-003 0.29001095230297E-004 0.70192641457511E-003 0.73403260190108E-013 0.12467400973684E-006 0.73257398479593E+000 0.36169254239455E-022 0.12941244563545E+004 0.32418427810144E-001 -.10806240700635E+003 0.44626161664004E-001 0.10132500000000E+006 0.25725911223952E-003 0.27319004765388E+002 0.10000000000000E+001 0.00000000000000E+000 0.10000000000000E+001 0.12941244563545E+004 0.12987525267047E+004
 140 0.35451078836472E-001 0.46052580364527E-003 0.15091004708190E-004 0.58407915315702E-004 0.12581575039092E+000 0.22322973940491E-003 0.66961833290660E-001 0.17543658279098E-003 0.31152632290969E-005 0.25495609411319E-006 0.55773550065856E-003 0.12107028904800E-001 0.26089364551918E-001 0.32539967210442E-001 0.14561798246372E-004 0.94048152084743E-003 0.53419363309760E-005 0.69451305639500E-003 0.29068963001990E-004 0.68224433918352E-003 0.85379016134855E-013 0.12643213598332E-006 0.73262592083919E+000 0.36151149142534E-022 0.13037020682603E+004 0.32418427810144E-001 -.10757580926895E+003 0.44626161664004E-001 0.10132500000000E+006 0.25532944230927E-003 0.27314755276874E+002 0.10000000000000E+001 0.00000000000000E+000 0.10000000000000E+001 0.13037020682603E+004 0.13533934609246E+004
 141 0.35726801922946E-001 0.46291557796206E-003 0.15853175326751E-004 0.62116014818515E-004 0.12463653779480E+000 0.23673780449448E-003 0.67591213951089E-001 0.17497490376895E-003 0.33836327856057E-005 0.27658561340653E-006 0.56939415610813E-003 0.11795269791637E-001 0.26377216954096E-001 0.33044678847076E-001 0.15411567062383E-004 0.94251550579212E-003 0.52163741267595E-005 0.69754359413244E-003 0.29078613372955E-004 0.66236572958330E-003 0.98966517631641E-013 0.12817156778795E-006 0.73267717125469E+000 0.36097743246610E-022 0.13130467611167E+004 0.32418427810144E-001 -.10714347947971E+003 0.44626161664004E-001 0.10132500000000E+006 0.25347412560315E-003 0.27310640720909E+002 0.10000000000000E+001 0.00000000000000E+000 0.10000000000000E+001 0.13130467611167E+004 0.14079657856287E+004
 142 0.35997230748985E-001 0.46519094993680E-003 0.16629246154086E-004 0.65966698166600E-004 0.12348023853050E+000 0.25066365668469E-003 0.68205595552164E-001 0.17441097287306E-003 0.36630416048991E-005 0.29908170303748E-006 0.58033743842386E-003 0.11490927394375E-001 0.26657336481553E-001 0.33543885637166E-001 0.16269619367391E-004 0.94420925007112E-003 0.50917099906691E-005 0.70003982371119E-003 0.29032819089721E-004 0.64237031565577E-003 0.11433004910069E-012 0.12989276338896E-006 0.73272771188793E+000 0.36376472148913E-022 0.13221642098201E+004 0.32418427810144E-001 -.10676388220245E+003 0.44626161664004E-001 0.10132500000000E+006 0.25168950113273E-003 0.27306658532758E+002 0.10000000000000E+001 0.00000000000000E+000 0.10000000000000E+001 0.13221642098201E+004 0.14623712024931E+004
 143 0.36262612516765E-001 0.46735475445361E-003 0.17418585603801E-004 0.69962376041203E-004 0.12234621885339E+000 0.26500227082814E-003 0.68805422396035E-001 0.17374874964015E-003 0.39529964012753E-005 0.32240362095357E-006 0.59055430534018E-003 0.11193814861825E-001 0.26929854465438E-001 0.34037768350419E-001 0.17133962751484E-004 0.94556942482817E-003 0.49679256136553E-005 0.70200723337244E-003 0.28934463878218E-004 0.62232769549522E-003 0.13164786132138E-012 0.13159654442018E-006 0.73277753232835E+000 0.36397572065701E-022 0.13310619078162E+004 0.32418427810144E-001 -.10643538611294E+003 0.44626161664005E-001 0.10132500000000E+006 0.24997176396432E-003 0.27302805332553E+002 0.10000000000000E+001 0.00000000000000E+000 0.10000000000000E+001 0.13310619078162E+004 0.15165261451383E+004
 144 0.36523401640268E-001 0.46941145365073E-003 0.18221253144744E-004 0.74109086209925E-004 0.12123292453070E+000 0.27976112091378E-003 0.69391616214441E-001 0.17299164143102E-003 0.42532088107841E-005 0.34652716281055E-006 0.60004476276800E-003 0.10903505556378E-001 0.27195121867213E-001 0.34526918195310E-001 0.18003384777633E-004 0.94660290902687E-003 0.48449235192850E-005 0.70345322797353E-003 0.28786341127915E-004 0.60228470334269E-003 0.15112749635445E-012 0.13328514092602E-006 0.73282666580681E+000 0.36289082230284E-022 0.13397543703839E+004 0.32418427810144E-001 -.10615616349830E+003 0.44626161664005E-001 0.10132500000000E+006 0.24831598774818E-003 0.27299074736200E+002 0.10000000000000E+001 0.00000000000000E+000 0.10000000000000E+001 0.13397543703839E+004 0.15703955143524E+004
 145 0.36780011148918E-001 0.47136496932634E-003 0.19037307299715E-004 0.78413175873986E-004 0.12013895041749E+000 0.29494799445331E-003 0.69965005970685E-001 0.17214288936937E-003 0.45633535344182E-005 0.37142516322153E-006 0.60880887951203E-003 0.10619615992302E-001 0.27453447533850E-001 0.35011879023654E-001 0.18876674903737E-004 0.94731497158463E-003 0.47226359050890E-005 0.70438429004203E-003 0.28591129905320E-004 0.58228410582263E-003 0.17299566271440E-012 0.13496061611069E-006 0.73287514229853E+000 0.36219282286356E-022 0.13482546759881E+004 0.32418427810144E-001 -.10592458375801E+003 0.44626161664005E-001 0.10132500000000E+006 0.24671777346764E-003 0.27295461082064E+002 0.10000000000000E+001 0.00000000000000E+000 0.10000000000000E+001 0.13482546759881E+004 0.16239424703358E+004
 146 0.37032605649740E-001 0.47321721819503E-003 0.19866097268237E-004 0.82877462775352E-004 0.11906392591220E+000 0.31055757487331E-003 0.70525868857035E-001 0.17120640969685E-003 0.48827923962587E-005 0.39704538368975E-006 0.61684031478016E-003 0.10342033370093E-001 0.27704892574280E-001 0.35492747391342E-001 0.19751878248204E-004 0.94770924022250E-003 0.46011220600753E-005 0.70480599561112E-003 0.28351626859486E-004 0.56238189183661E-003 0.19747799120855E-012 0.13662348448563E-006 0.73292294860116E+000 0.36150165626882E-022 0.13565676720778E+004 0.32418427810144E-001 -.10573932793392E+003 0.44626161664005E-001 0.10132500000000E+006 0.24517446487099E-003 0.27291962261641E+002 0.10000000000000E+001 0.00000000000000E+000 0.10000000000000E+001 0.13565676720778E+004 0.16770834165069E+004
 147 0.37281315759523E-001 0.47496992160590E-003 0.20706877086330E-004 0.87504244695327E-004 0.11800759937902E+000 0.32658241430923E-003 0.71074417254814E-001 0.17018631851492E-003 0.52107987923070E-005 0.42332859664111E-006 0.62413492534272E-003 0.10070674474895E-001 0.27949492538342E-001 0.35969567250990E-001 0.20626983137880E-004 0.94778911381168E-003 0.44804659916350E-005 0.70472501618153E-003 0.28070689550391E-004 0.54263147306560E-003 0.22481068234203E-012 0.13827407269219E-006 0.73297006825696E+000 0.36081716583493E-022 0.13646972015333E+004 0.32418427810144E-001 -.10559908755837E+003 0.44626161664005E-001 0.10132500000000E+006 0.24368372156852E-003 0.27288576556194E+002 0.10000000000000E+001 0.00000000000000E+000 0.10000000000000E+001 0.13646972015333E+004 0.17297312089481E+004
 148 0.37526347799334E-001 0.47662536647572E-003 0.21559180323505E-004 0.92297355740773E-004 0.11696937432558E+000 0.34302008585022E-003 0.71611039471048E-001 0.16908643706444E-003 0.55467082650815E-005 0.45022065609234E-006 0.63069372946042E-003 0.98053667623575E-002 0.28187364504763E-001 0.36442539802177E-001 0.21500314081004E-004 0.94755779015530E-003 0.43607200550855E-005 0.70414897445721E-003 0.27751086266464E-004 0.52307509782048E-003 0.25525299573761E-012 0.13991324653636E-006 0.73301650215390E+000 0.36013897415874E-022 0.13726496710844E+004 0.32418427810144E-001 -.10550251198121E+003 0.44626161664005E-001 0.10132500000000E+006 0.24224285622497E-003 0.27285301153625E+002 0.10000000000000E+001 0.00000000000000E+000 0.10000000000000E+001 0.13726496710844E+004 0.17818184139935E+004
 149 0.37767910291448E-001 0.47818581601661E-003 0.22422594251252E-004 0.97261013358927E-004 0.11594862593000E+000 0.35986906259170E-003 0.72136133179668E-001 0.16791047796791E-003 0.58898372954127E-005 0.47766597684434E-006 0.63651995906982E-003 0.95459310668705E-002 0.28418631300765E-001 0.36911884669227E-001 0.22370285836364E-004 0.94701797572817E-003 0.42419373593728E-005 0.70308594578212E-003 0.27395522934981E-004 0.50374982171413E-003 0.28908283400356E-012 0.14154193282778E-006 0.73306225439536E+000 0.35946667797677E-022 0.13804315841966E+004 0.32418427810144E-001 -.10544829228862E+003 0.44626161664005E-001 0.10132500000000E+006 0.24084929258611E-003 0.27282133210351E+002 0.10000000000000E+001 0.00000000000000E+000 0.10000000000000E+001 0.13804315841966E+004 0.18332818557495E+004
 150 0.38006247395896E-001 0.47965369183938E-003 0.23296887528929E-004 0.10240060483450E-003 0.11494456329699E+000 0.37713130915154E-003 0.72650175472673E-001 0.16666182827636E-003 0.62395380808483E-005 0.50561191177096E-006 0.64161938430322E-003 0.92921472600434E-002 0.28643451408288E-001 0.37377905048615E-001 0.23235525073521E-004 0.94617170164070E-003 0.41241532687425E-005 0.70154405078886E-003 0.27006567913539E-004 0.48468514143515E-003 0.32660393827688E-012 0.14316134725513E-006 0.73310733835567E+000 0.35879975751201E-022 0.13880505821838E+004 0.32418427810144E-001 -.10543517259022E+003 0.44626161664005E-001 0.10132500000000E+006 0.23950037408262E-003 0.27279069444256E+002 0.10000000000000E+001 0.00000000000000E+000 0.10000000000000E+001 0.13880505821838E+004 0.18840694877439E+004
 151 0.38241637373531E-001 0.48103149555999E-003 0.24182022332040E-004 0.10772287945164E-003 0.11395624124468E+000 0.39481273128177E-003 0.73153714834181E-001 0.16534346929290E-003 0.65952074410928E-005 0.53400944728188E-006 0.64599948107980E-003 0.90437585897886E-002 0.28862013608826E-001 0.37840986207313E-001 0.24094865281481E-004 0.94502006128541E-003 0.40073844296629E-005 0.69953097083385E-003 0.26586616009136E-004 0.46590350004696E-003 0.36815082818090E-012 0.14477299237968E-006 0.73315177604808E+000 0.35813757008111E-022 0.13955153295421E+004 0.32418427810144E-001 -.10546198719811E+003 0.44626161664005E-001 0.10132500000000E+006 0.23819338636568E-003 0.27276106217329E+002 0.10000000000000E+001 0.00000000000000E+000 0.10000000000000E+001 0.13955153295421E+004 0.19341396577165E+004
 152 0.38474296912994E-001 0.48232122458339E-003 0.25077797245421E-004 0.11323386733415E-003 0.11298296560597E+000 0.41291614397383E-003 0.73647164206065E-001 0.16395848733699E-003 0.69561448788750E-005 0.56280187252949E-006 0.64966726502062E-003 0.88005740190264E-002 0.29074446206859E-001 0.38301406863128E-001 0.24946990190116E-004 0.94356360069194E-003 0.38916753946740E-005 0.69705458881938E-003 0.26138049815206E-004 0.44742834939738E-003 0.41407519752722E-012 0.14637800328054E-006 0.73319557973398E+000 0.35747962058049E-022 0.14028324506649E+004 0.32418427810144E-001 -.10552766041805E+003 0.44626161664005E-001 0.10132500000000E+006 0.23692608610811E-003 0.27273240765344E+002 0.10000000000000E+001 0.00000000000000E+000 0.10000000000000E+001 0.14028324506649E+004 0.19834402112082E+004
 153 0.38704346496352E-001 0.48352427790405E-003 0.25983681697771E-004 0.11893771789841E-003 0.11202443535079E+000 0.43143767631387E-003 0.74130732551204E-001 0.16251039382194E-003 0.73214858191235E-005 0.59191949825332E-006 0.65262949906353E-003 0.85625018025556E-002 0.29280789631043E-001 0.38759265829019E-001 0.25790295855906E-004 0.94180299324273E-003 0.37771156840901E-005 0.69412400496379E-003 0.25663353739648E-004 0.42928713312300E-003 0.46473414074039E-012 0.14797688941892E-006 0.73323874530941E+000 0.35682567593586E-022 0.14100055157210E+004 0.32418427810144E-001 -.10563114144228E+003 0.44626161664005E-001 0.10132500000000E+006 0.23569684723100E-003 0.27270471542112E+002 0.10000000000000E+001 0.00000000000000E+000 0.10000000000000E+001 0.14100055157210E+004 0.20319009850977E+004
 154 0.38931841371636E-001 0.48464174471200E-003 0.26898901164140E-004 0.12483700967979E-003 0.11108060806377E+000 0.45036814917758E-003 0.74604497147506E-001 0.16100306249783E-003 0.76902384778793E-005 0.62128265025401E-006 0.65489413136104E-003 0.83295135718470E-002 0.29481030406292E-001 0.39214538377467E-001 0.26623001512877E-004 0.93973939384429E-003 0.36638238214155E-005 0.69074995944330E-003 0.25165100330810E-004 0.41150884425416E-003 0.52048837498090E-012 0.14956972711843E-006 0.73328125821994E+000 0.35617568033857E-022 0.14170361104684E+004 0.32418427810144E-001 -.10577135050088E+003 0.44626161664005E-001 0.10132500000000E+006 0.23450444743266E-003 0.27267797736234E+002 0.10000000000000E+001 0.00000000000000E+000 0.10000000000000E+001 0.14170361104684E+004 0.20794407112941E+004
 155 0.39156816126582E-001 0.48567469883136E-003 0.27822597035419E-004 0.13093361292767E-003 0.11015151127725E+000 0.46969613603282E-003 0.75068500892253E-001 0.15944049925188E-003 0.80613537180603E-005 0.65080726938127E-006 0.65647131048075E-003 0.81015962758663E-002 0.29675144374974E-001 0.39667162468359E-001 0.27443318000858E-004 0.93737440549190E-003 0.35519241029087E-005 0.68694462150876E-003 0.24645872633188E-004 0.39412049602759E-003 0.58170665631647E-012 0.15115645812038E-006 0.73332310190095E+000 0.35552964459960E-022 0.14239252775915E+004 0.32418427810144E-001 -.10594716840784E+003 0.44626161664005E-001 0.10132500000000E+006 0.23334780653556E-003 0.27265218680073E+002 0.10000000000000E+001 0.00000000000000E+000 0.10000000000000E+001 0.14239252775915E+004 0.21259768871841E+004
 156 0.39379331322975E-001 0.48662441766701E-003 0.28754018567106E-004 0.13722990710661E-003 0.10923704978318E+000 0.48941193167553E-003 0.75522848750420E-001 0.15782650715771E-003 0.84338083840986E-005 0.68041155171571E-006 0.65737362763346E-003 0.78787048372148E-002 0.29863137333097E-001 0.40117132189991E-001 0.28249623978544E-004 0.93470964683180E-003 0.34415223478875E-005 0.68272077242270E-003 0.24108146398100E-004 0.37714360002618E-003 0.64877677951873E-012 0.15273721665433E-006 0.73336426642648E+000 0.35488750348233E-022 0.14306749484869E+004 0.32418427810144E-001 -.10615747287695E+003 0.44626161664005E-001 0.10132500000000E+006 0.23222574239413E-003 0.27262733310680E+002 0.10000000000000E+001 0.00000000000000E+000 0.10000000000000E+001 0.14306749484869E+004 0.21714357254709E+004
 157 0.39599546414722E-001 0.48749260964326E-003 0.29692849837779E-004 0.14373112919542E-003 0.10833671154351E+000 0.50951470816179E-003 0.75967851203858E-001 0.15616406670117E-003 0.88067396377057E-005 0.71002659909473E-006 0.65761551613350E-003 0.76606921720001E-002 0.30045102022895E-001 0.40564647586375E-001 0.29040728020590E-004 0.93174553318154E-003 0.33326692810106E-005 0.67808982881646E-003 0.23554076977015E-004 0.36058899569462E-003 0.72213412520287E-012 0.15431285952742E-006 0.73340476167990E+000 0.35424890517189E-022 0.14372900794008E+004 0.32418427810144E-001 -.10640125144209E+003 0.44626161664006E-001 0.10132500000000E+006 0.23113662551469E-003 0.27260339432140E+002 0.10000000000000E+001 0.00000000000000E+000 0.10000000000000E+001 0.14372900794008E+004 0.22157665659774E+004
 158 0.39817778409162E-001 0.48828144778380E-003 0.30639505062902E-004 0.15044784161198E-003 0.10744934181521E+000 0.53001947278922E-003 0.76404129591136E-001 0.15445471543890E-003 0.91795583121033E-005 0.73960534794006E-006 0.65721140953937E-003 0.74472584918605E-002 0.30221255027436E-001 0.41010239321284E-001 0.29816057075961E-004 0.92847960975221E-003 0.32253325233393E-005 0.67305933836666E-003 0.22985291628515E-004 0.34445335317649E-003 0.80230113601572E-012 0.15588541529146E-006 0.73344462732844E+000 0.35361302169907E-022 0.14437802313519E+004 0.32418427810144E-001 -.10667776378037E+003 0.44626161664006E-001 0.10132500000000E+006 0.23007814298158E-003 0.27258033261794E+002 0.10000000000000E+001 0.00000000000000E+000 0.10000000000000E+001 0.14437802313519E+004 0.22589517107718E+004
 159 0.40034426319037E-001 0.48899306562190E-003 0.31594847577616E-004 0.15739451238482E-003 0.10657346819859E+000 0.55095179051391E-003 0.76832449028040E-001 0.15269896084426E-003 0.95518259663392E-005 0.76911273406781E-006 0.65617373964975E-003 0.72380341627166E-002 0.30391861446144E-001 0.41454620185886E-001 0.30575346385202E-004 0.92490663062793E-003 0.31194361760152E-005 0.66763332274469E-003 0.22403035986312E-004 0.32872597894627E-003 0.88988751339647E-012 0.15745757388556E-006 0.73348391791400E+000 0.35297875368982E-022 0.14501571040934E+004 0.32418427810144E-001 -.10698655416356E+003 0.44626161664006E-001 0.10132500000000E+006 0.22904772528261E-003 0.27255810447671E+002 0.10000000000000E+001 0.00000000000000E+000 0.10000000000000E+001 0.14501571040934E+004 0.23009884054604E+004
 160 0.40249775045414E-001 0.48962886416798E-003 0.32559326985646E-004 0.16458346035372E-003 0.10570809981155E+000 0.57232914193973E-003 0.77253326297544E-001 0.15089786302081E-003 0.99229101606965E-005 0.79849836418899E-006 0.65451343289596E-003 0.70327715967301E-002 0.30557076292783E-001 0.41898282926310E-001 0.31317924466379E-004 0.92102156530521E-003 0.30149583616297E-005 0.66181696799799E-003 0.21808710744865E-004 0.31340364527627E-003 0.98552290602085E-012 0.15903126923403E-006 0.73352266677279E+000 0.35234530077630E-022 0.14564287071534E+004 0.32418427810144E-001 -.10732718821684E+003 0.44626161664006E-001 0.10132500000000E+006 0.22804348532589E-003 0.27253668133630E+002 0.10000000000000E+001 0.00000000000000E+000 0.10000000000000E+001 0.14564287071534E+004 0.23418492252830E+004
 161 0.40463893186649E-001 0.49018944227275E-003 0.33532466121936E-004 0.17202055909930E-003 0.10485312327021E+000 0.59414885452782E-003 0.77666845001616E-001 0.14905409777529E-003 0.10291797625896E-004 0.82768182313292E-006 0.65224274021719E-003 0.68314344379889E-002 0.30716879217468E-001 0.42341282351997E-001 0.32042383612923E-004 0.91682252588941E-003 0.29119792337361E-005 0.65562082129364E-003 0.21204221102802E-004 0.29849716234800E-003 0.10897896985966E-011 0.16060689568730E-006 0.73356086837980E+000 0.35171248746287E-022 0.14625965915183E+004 0.32418427810144E-001 -.10769897620680E+003 0.44626161664006E-001 0.10132500000000E+006 0.22706462410922E-003 0.27251605764531E+002 0.10000000000000E+001 0.00000000000000E+000 0.10000000000000E+001 0.14625965915183E+004 0.23814648788134E+004
 162 0.40676738310085E-001 0.49067517675220E-003 0.34513277166003E-004 0.17970766440757E-003 0.10400886012425E+000 0.61639640094377E-003 0.78072879563223E-001 0.14717128139577E-003 0.10657276492423E-004 0.85656721086523E-006 0.64937670911910E-003 0.66340871024571E-002 0.30871171721835E-001 0.42783444727463E-001 0.32746991071949E-004 0.91231015134656E-003 0.28106266464170E-005 0.64905950006827E-003 0.20591739489089E-004 0.28402280991137E-003 0.12032373365093E-011 0.16218403561364E-006 0.73359849840351E+000 0.35108047253069E-022 0.14686591669696E+004 0.32418427810144E-001 -.10810101372413E+003 0.44626161664006E-001 0.10132500000000E+006 0.22611086303366E-003 0.27249623787183E+002 0.10000000000000E+001 0.00000000000000E+000 0.10000000000000E+001 0.14686591669696E+004 0.24197478012090E+004
 163 0.40888287780054E-001 0.49108663979472E-003 0.35500844392027E-004 0.18764681881604E-003 0.10317553833655E+000 0.63905815844403E-003 0.78471353256388E-001 0.14525288527884E-003 0.11018170512076E-004 0.88506169824956E-006 0.64593232419060E-003 0.64407688000803E-002 0.31019879817032E-001 0.43224636585796E-001 0.33430154250309E-004 0.90748543010423E-003 0.27110116562598E-005 0.64214826069469E-003 0.19973338875331E-004 0.26999292802765E-003 0.13264339777415E-011 0.16376241038958E-006 0.73363553741369E+000 0.35044936328428E-022 0.14746155438958E+004 0.32418427810144E-001 -.10853237725020E+003 0.44626161664006E-001 0.10132500000000E+006 0.22518182499726E-003 0.27247722318762E+002 0.10000000000000E+001 0.00000000000000E+000 0.10000000000000E+001 0.14746155438958E+004 0.24566178537222E+004
 164 0.41098556497329E-001 0.49142458931866E-003 0.36494418050154E-004 0.19584106182753E-003 0.10235322549532E+000 0.66212366979502E-003 0.78862268691161E-001 0.14330203183847E-003 0.11373377098299E-004 0.91307851355160E-006 0.64192771872590E-003 0.62514789767282E-002 0.31162964004696E-001 0.43664802902764E-001 0.34090475723258E-004 0.90234912271866E-003 0.26132202745748E-005 0.63490209254338E-003 0.19350923618729E-004 0.25641501144784E-003 0.14599802525478E-011 0.16534201908541E-006 0.73367197379435E+000 0.34981915833909E-022 0.14804659925695E+004 0.32418427810144E-001 -.10899218312195E+003 0.44626161664006E-001 0.10132500000000E+006 0.22427696800302E-003 0.27245901028954E+002 0.10000000000000E+001 0.00000000000000E+000 0.10000000000000E+001 0.14804659925695E+004 0.24920051589991E+004
 165 0.41307594671765E-001 0.49168990063157E-003 0.37493416926914E-004 0.20429458571339E-003 0.10154184272556E+000 0.68558590379953E-003 0.79245699096233E-001 0.14132146590083E-003 0.11721867964189E-004 0.94053696557137E-006 0.63738156863844E-003 0.60661818884582E-002 0.31300413703947E-001 0.44103963941309E-001 0.34726734889480E-004 0.89690153906313E-003 0.25173152600173E-005 0.62733537906618E-003 0.18726221178115E-004 0.24329226757202E-003 0.16045155955337E-011 0.16692313111838E-006 0.73370780301619E+000 0.34918975669048E-022 0.14862118191262E+004 0.32418427810144E-001 -.10947961314690E+003 0.44626161664006E-001 0.10132500000000E+006 0.22339561097260E-003 0.27244159221811E+002 0.10000000000000E+001 0.00000000000000E+000 0.10000000000000E+001 0.14862118191262E+004 0.25258489254871E+004
 166 0.41515563569571E-001 0.49188356173225E-003 0.38497806920432E-004 0.21301621578699E-003 0.10074087959567E+000 0.70945051300221E-003 0.79621919779398E-001 0.13931277627728E-003 0.12062813650103E-004 0.96737220607345E-006 0.63231054849691E-003 0.58847436352442E-002 0.31432290232629E-001 0.44542376480807E-001 0.35338091512043E-004 0.89114010436438E-003 0.24233031795879E-005 0.61945859135239E-003 0.18100544285213E-004 0.23061950670029E-003 0.17607865234023E-011 0.16850687408381E-006 0.73374304001815E+000 0.34856072216994E-022 0.14918573469189E+004 0.32418427810144E-001 -.10999413524833E+003 0.44626161664006E-001 0.10132500000000E+006 0.22253663903028E-003 0.27242495303955E+002 0.10000000000000E+001 0.00000000000000E+000 0.10000000000000E+001 0.14918573469189E+004 0.25581079447234E+004
 167 0.41722810532589E-001 0.49200651499854E-003 0.39508494904701E-004 0.22202357133812E-003 0.99949126544527E-001 0.73374610543914E-003 0.79991526390024E-001 0.13727555727991E-003 0.12395687427684E-004 0.99354330666412E-006 0.62672569926015E-003 0.57068764033457E-002 0.31558758149075E-001 0.44980696399475E-001 0.35924230811512E-004 0.88505618904465E-003 0.23311054419254E-005 0.61127432456313E-003 0.17474556760204E-004 0.21837995830066E-003 0.19297460476901E-011 0.17009583959382E-006 0.73377773047691E+000 0.34793103538656E-022 0.14974117185597E+004 0.32418427810144E-001 -.11053578326018E+003 0.44626161664006E-001 0.10132500000000E+006 0.22169824946305E-003 0.27240906411775E+002 0.10000000000000E+001 0.00000000000000E+000 0.10000000000000E+001 0.14974117185597E+004 0.25887674206414E+004
 168 0.41929737633758E-001 0.49205932984334E-003 0.40526716000741E-004 0.23133852584838E-003 0.99165201764942E-001 0.75851059838046E-003 0.80355180832369E-001 0.13520860099752E-003 0.12720021758959E-004 0.10190140176196E-005 0.62063416187910E-003 0.55322621681367E-002 0.31679986393591E-001 0.45419705153650E-001 0.36484894776720E-004 0.87863775117509E-003 0.22406230025730E-005 0.60278139321228E-003 0.16848677254398E-004 0.20655459081290E-003 0.21125019848300E-011 0.17169311466241E-006 0.73381192709312E+000 0.34729946891962E-022 0.15028851104366E+004 0.32418427810144E-001 -.11110491102822E+003 0.44626161664006E-001 0.10132500000000E+006 0.22087854257937E-003 0.27239389672158E+002 0.10000000000000E+001 0.00000000000000E+000 0.10000000000000E+001 0.15028851104366E+004 0.26178135143181E+004
 169 0.42136546930723E-001 0.49204217374647E-003 0.41552765973220E-004 0.24097563844655E-003 0.98388515732595E-001 0.78376036456151E-003 0.80713165105761E-001 0.13311249481603E-003 0.13035001219805E-004 0.10437208362112E-005 0.61404710072710E-003 0.53607667653069E-002 0.31796000207097E-001 0.45859767607195E-001 0.37019185070974E-004 0.87187741986873E-003 0.21518481522882E-005 0.59398560790641E-003 0.16223870709141E-004 0.19513663557684E-003 0.23100966892170E-011 0.17330031052580E-006 0.73384564745181E+000 0.34666537832317E-022 0.15082820175260E+004 0.32418427810144E-001 -.11170146973457E+003 0.44626161664006E-001 0.10132500000000E+006 0.22007651866355E-003 0.27237944043137E+002 0.10000000000000E+001 0.00000000000000E+000 0.10000000000000E+001 0.15082820175260E+004 0.26451974275688E+004
 170 0.42343234933734E-001 0.49195515403689E-003 0.42585926499231E-004 0.25094033608640E-003 0.97619260875813E-001 0.80948704359690E-003 0.81065397482723E-001 0.13098984895087E-003 0.13339492357651E-004 0.10675754986980E-005 0.60698241343846E-003 0.51924302057465E-002 0.31906702126043E-001 0.46300813198496E-001 0.37525663801485E-004 0.86477437847809E-003 0.20648595639966E-005 0.58490161213706E-003 0.15601673741503E-004 0.18413005613520E-003 0.25234375745487E-011 0.17491746761580E-006 0.73387887515687E+000 0.34602874768501E-022 0.15136014565494E+004 0.32418427810144E-001 -.11232485180169E+003 0.44626161664006E-001 0.10132500000000E+006 0.21929201340313E-003 0.27236570016976E+002 0.10000000000000E+001 0.00000000000000E+000 0.10000000000000E+001 0.15136014565494E+004 0.26708421028786E+004
 171 0.42549792040409E-001 0.49179848103468E-003 0.43625434240364E-004 0.26123733743983E-003 0.96857645162326E-001 0.83568060835547E-003 0.81411791737531E-001 0.12884334876801E-003 0.13632377078781E-004 0.10904911890657E-005 0.59945958093095E-003 0.50272935601551E-002 0.32011997158194E-001 0.46742756935050E-001 0.38002939871217E-004 0.85732876743134E-003 0.19797322921019E-005 0.57554514107587E-003 0.14983585425255E-004 0.17353756843042E-003 0.27534482910060E-011 0.17654457775432E-006 0.73391159350585E+000 0.34538958930842E-022 0.15188423588155E+004 0.32418427810144E-001 -.11297439631295E+003 0.44626161664006E-001 0.10132500000000E+006 0.21852488008690E-003 0.27235268046928E+002 0.10000000000000E+001 0.00000000000000E+000 0.10000000000000E+001 0.15188423588155E+004 0.26946731134270E+004
 172 0.42756306923637E-001 0.49157234698030E-003 0.44671012190341E-004 0.27187602519720E-003 0.96103511358590E-001 0.86234289877844E-003 0.81752428878920E-001 0.12667464891470E-003 0.13912700854431E-004 0.11123941006475E-005 0.59149549113312E-003 0.48653173468148E-002 0.32111842963521E-001 0.47185723469716E-001 0.38449898261331E-004 0.84953774870960E-003 0.18964956647191E-005 0.56592806286904E-003 0.14370751462389E-004 0.16335559231230E-003 0.30011930296377E-011 0.17818241308978E-006 0.73394380172960E+000 0.34474761331320E-022 0.15240061744818E+004 0.32418427810144E-001 -.11364973511123E+003 0.44626161664006E-001 0.10132500000000E+006 0.21777461207314E-003 0.27234037932902E+002 0.10000000000000E+001 0.00000000000000E+000 0.10000000000000E+001 0.15240061744818E+004 0.27166299622981E+004
 173 0.42962913523032E-001 0.49127684658087E-003 0.45722613907434E-004 0.28286837343380E-003 0.95356545403161E-001 0.88948170416499E-003 0.82087458312780E-001 0.12448488541899E-003 0.14179580457457E-004 0.11332161613541E-005 0.58310555208317E-003 0.47064293737268E-002 0.32206213422258E-001 0.47629935481911E-001 0.38865527687797E-004 0.84139685340033E-003 0.18151583807398E-005 0.55606029828331E-003 0.13764129658747E-004 0.15357774070585E-003 0.32678482103098E-011 0.17983212787079E-006 0.73397550569044E+000 0.34410238010232E-022 0.15290953951241E+004 0.32418427810144E-001 -.11435067131063E+003 0.44626161664006E-001 0.10132500000000E+006 0.21704056823288E-003 0.27232879281188E+002 0.10000000000000E+001 0.00000000000000E+000 0.10000000000000E+001 0.15290953951241E+004 0.27366569259616E+004
 174 0.43169705341383E-001 0.49091206890537E-003 0.46779988104968E-004 0.29422453518290E-003 0.94616590423142E-001 0.91709967814837E-003 0.82416955918478E-001 0.12227558194647E-003 0.14432088831967E-004 0.11528860369260E-005 0.57430697991585E-003 0.45505922434861E-002 0.32295056690336E-001 0.48075529597155E-001 0.39248732900432E-004 0.83290323888801E-003 0.17357433254846E-005 0.54595381482257E-003 0.13164746177307E-004 0.14419912739341E-003 0.35546030209769E-011 0.18149457975362E-006 0.73400670441869E+000 0.34345356556152E-022 0.15341114040009E+004 0.32418427810144E-001 -.11507689889205E+003 0.44626161664007E-001 0.10132500000000E+006 0.21632228441204E-003 0.27231792021176E+002 0.10000000000000E+001 0.00000000000000E+000 0.10000000000000E+001 0.15341114040009E+004 0.27546938796551E+004
 175 0.43376716483731E-001 0.49047821023426E-003 0.47842574778437E-004 0.30595138266055E-003 0.93883706531989E-001 0.94519125193745E-003 0.82740900169185E-001 0.12004887843045E-003 0.14669250888332E-004 0.11713288340041E-005 0.56512005471616E-003 0.43978141540926E-002 0.32378293188593E-001 0.48522514142529E-001 0.39598336756065E-004 0.82405690049664E-003 0.16582927487506E-005 0.53562382143680E-003 0.12573742722783E-004 0.13521682530735E-003 0.38626126701891E-011 0.18317016516239E-006 0.73403738778764E+000 0.34280103413904E-022 0.15390541012472E+004 0.32418427810144E-001 -.11582790715727E+003 0.44626161664007E-001 0.10132500000000E+006 0.21561952016551E-003 0.27230776425850E+002 0.10000000000000E+001 0.00000000000000E+000 0.10000000000000E+001 0.15390541012472E+004 0.27706769832765E+004
 176 0.43583994279885E-001 0.48997548627260E-003 0.48909874184671E-004 0.31805625966362E-003 0.93157906760525E-001 0.97375205725740E-003 0.83059291107948E-001 0.11780676513718E-003 0.14890145637754E-004 0.11884740568956E-005 0.55556520065494E-003 0.42480923835558E-002 0.32455850040980E-001 0.48970924957122E-001 0.39913237086276E-004 0.81485792650316E-003 0.15828392483309E-005 0.52508531562743E-003 0.11992159537462E-004 0.12662640105586E-003 0.41930868179566E-011 0.18485939695991E-006 0.73406754774435E+000 0.34214461304866E-022 0.15439237093841E+004 0.32418427810144E-001 -.11660322219807E+003 0.44626161664007E-001 0.10132500000000E+006 0.21493199689181E-003 0.27229832690144E+002 0.10000000000000E+001 0.00000000000000E+000 0.10000000000000E+001 0.15439237093841E+004 0.27845464098190E+004
 177 0.43791741404531E-001 0.48940369775864E-003 0.49982182880620E-004 0.33055573272244E-003 0.92438670440468E-001 0.10027990595830E-002 0.83372360568782E-001 0.11554953076967E-003 0.15094039879347E-004 0.12042659174433E-005 0.54565591939920E-003 0.41013150297247E-002 0.32527706503152E-001 0.49421133804025E-001 0.40192578542978E-004 0.80529977923647E-003 0.15093568947416E-005 0.51434557638023E-003 0.11420549336042E-004 0.11841662147503E-003 0.45475453514071E-011 0.18656407838078E-006 0.73409719819445E+000 0.34148363449465E-022 0.15487240051422E+004 0.32418427810144E-001 -.11740296954068E+003 0.44626161664007E-001 0.10132500000000E+006 0.21425894760109E-003 0.27228960383235E+002 0.10000000000000E+001 0.00000000000000E+000 0.10000000000000E+001 0.15487240051422E+004 0.27962532132870E+004
 178 0.44000257683509E-001 0.48876217040365E-003 0.51060298420670E-004 0.34347327998397E-003 0.91725172758557E-001 0.10323637283539E-002 0.83680464175788E-001 0.11327637468398E-003 0.15280274048542E-004 0.12186543694824E-005 0.53540053303140E-003 0.39573131069049E-002 0.32593854106971E-001 0.49873724360273E-001 0.40435553526146E-004 0.79537091935866E-003 0.14377891103686E-005 0.50340664587034E-003 0.10859178347488E-004 0.11057310889213E-003 0.49278002077465E-011 0.18828686480870E-006 0.73412636469131E+000 0.34081709711502E-022 0.15534607057065E+004 0.32418427810144E-001 -.11822772175317E+003 0.44626161664007E-001 0.10132500000000E+006 0.21359935746961E-003 0.27228158938449E+002 0.10000000000000E+001 0.00000000000000E+000 0.10000000000000E+001 0.15534607057065E+004 0.28057488250060E+004
 179 0.44209714721675E-001 0.48805040900976E-003 0.52144348654291E-004 0.35682556786321E-003 0.91017063329066E-001 0.10624602160877E-002 0.83983743556352E-001 0.11098788204023E-003 0.15448046216114E-004 0.12315784014823E-005 0.52481322968965E-003 0.38160186761826E-002 0.32654220470762E-001 0.50329002737495E-001 0.40641109886206E-004 0.78506539960195E-003 0.13681278449966E-005 0.49227718219809E-003 0.10308648715190E-004 0.10308709397221E-003 0.53355703577632E-011 0.19002941135265E-006 0.73415505235521E+000 0.34014437508474E-022 0.15581362867673E+004 0.32418427810144E-001 -.11907761579011E+003 0.44626161664007E-001 0.10132500000000E+006 0.21295268633567E-003 0.27227428573809E+002 0.10000000000000E+001 0.00000000000000E+000 0.10000000000000E+001 0.15581362867673E+004 0.28129731242061E+004
 180 0.44420370265449E-001 0.48726748114375E-003 0.53234892970048E-004 0.37063550665876E-003 0.90313729814710E-001 0.10931153886336E-002 0.84282445777350E-001 0.10868371211404E-003 0.15596612717504E-004 0.12429815450517E-005 0.51390384136944E-003 0.36773152494885E-002 0.32708739921045E-001 0.50787461618754E-001 0.40808218351191E-004 0.77437293436211E-003 0.13003390884591E-005 0.48096142355813E-003 0.97693204024682E-005 0.95947142833945E-004 0.57728682385485E-011 0.19179413939794E-006 0.73418327602299E+000 0.33946454487747E-022 0.15627548888593E+004 0.32418427810144E-001 -.11995318340006E+003 0.44626161664007E-001 0.10132500000000E+006 0.21231818094267E-003 0.27226769432313E+002 0.10000000000000E+001 0.00000000000000E+000 0.10000000000000E+001 0.15627548888593E+004 0.28178653479188E+004
 181 0.44632742850005E-001 0.48641115883788E-003 0.54333819787553E-004 0.38494490848127E-003 0.89613745489851E-001 0.11243953154548E-002 0.84577149756853E-001 0.10636070518306E-003 0.15725344815864E-004 0.12528160663291E-005 0.50266815501120E-003 0.35409341021765E-002 0.32757377860769E-001 0.51250161293864E-001 0.40935879760429E-004 0.76326909145444E-003 0.12343143016641E-005 0.46944957000328E-003 0.92409169184424E-005 0.89134483914427E-004 0.62424617778833E-011 0.19358574171439E-006 0.73421108142451E+000 0.33877582624270E-022 0.15673258659742E+004 0.32418427810144E-001 -.12085613763010E+003 0.44626161664007E-001 0.10132500000000E+006 0.21169439933404E-003 0.27226181285169E+002 0.10000000000000E+001 0.00000000000000E+000 0.10000000000000E+001 0.15673258659742E+004 0.28203603849707E+004
 182 0.44846993146149E-001 0.48548031126751E-003 0.55441133086738E-004 0.39977343104475E-003 0.88916926684434E-001 0.11563145245416E-002 0.84867895747034E-001 0.10401968675839E-003 0.15833315035040E-004 0.12610113010360E-005 0.49112056967943E-003 0.34068578067647E-002 0.32799977247829E-001 0.51717381332837E-001 0.41022679187148E-004 0.75174725872562E-003 0.11700669941941E-005 0.45775139702181E-003 0.87240993591614E-005 0.82643449374642E-004 0.67465728866189E-011 0.19540598824775E-006 0.73423846283499E+000 0.33807757568443E-022 0.15718503120016E+004 0.32418427810144E-001 -.12178676656085E+003 0.44626161664007E-001 0.10132500000000E+006 0.21108105404936E-003 0.27225665382296E+002 0.10000000000000E+001 0.00000000000000E+000 0.10000000000000E+001 0.15718503120016E+004 0.28203772665043E+004
 183 0.45063026860694E-001 0.48447498352188E-003 0.56555486570683E-004 0.41512262196256E-003 0.88223928329270E-001 0.11888483296868E-002 0.85154374678238E-001 0.10166434967929E-003 0.15919519175771E-004 0.12674909939419E-005 0.47929040020818E-003 0.32752290956580E-002 0.32836328121824E-001 0.52188840644382E-001 0.41067151670513E-004 0.73981573114291E-003 0.11076838252309E-005 0.44589145505055E-003 0.82200971016119E-005 0.76475385866083E-004 0.72868976587098E-011 0.19725450496719E-006 0.73426538118238E+000 0.33736997385634E-022 0.15763238933044E+004 0.32418427810144E-001 -.12274422154322E+003 0.44626161664007E-001 0.10132500000000E+006 0.21047859417326E-003 0.27225223614423E+002 0.10000000000000E+001 0.00000000000000E+000 0.10000000000000E+001 0.15763238933044E+004 0.28178385711719E+004
 184 0.45280976981443E-001 0.48339433076646E-003 0.57676677643816E-004 0.43100905782301E-003 0.87534672117211E-001 0.12220044918339E-002 0.85436585069947E-001 0.99295981655394E-004 0.15983136734814E-004 0.12721930609462E-005 0.46719588110515E-003 0.31460477267214E-002 0.32866266183459E-001 0.52664748754332E-001 0.41068003927664E-004 0.72747198065142E-003 0.10471789711371E-005 0.43388271381644E-003 0.77295339561250E-005 0.70623947645487E-004 0.78657256272746E-011 0.19913286713933E-006 0.73429182589801E+000 0.33665245551818E-022 0.15807470660790E+004 0.32418427810144E-001 -.12372860526309E+003 0.44626161664007E-001 0.10132500000000E+006 0.20988681890605E-003 0.27224857323874E+002 0.10000000000000E+001 0.00000000000000E+000 0.10000000000000E+001 0.15807470660790E+004 0.28126720436329E+004
 185 0.45501049279127E-001 0.48223711797104E-003 0.58804840669104E-004 0.44745462470541E-003 0.86848875712953E-001 0.12558010152934E-002 0.85714605143742E-001 0.96915176043602E-004 0.16023399280373E-004 0.12750594243930E-005 0.45485202127630E-003 0.30192767931878E-002 0.32889624317068E-001 0.53145469260379E-001 0.41023944810518E-004 0.71471024821939E-003 0.98854683623150E-006 0.42173485285911E-003 0.72528452693179E-005 0.65080801856505E-004 0.84856634319270E-011 0.20104332391582E-006 0.73431779322635E+000 0.33592419892271E-022 0.15851215733383E+004 0.32418427810144E-001 -.12474034941267E+003 0.44626161664007E-001 0.10132500000000E+006 0.20930536279723E-003 0.27224567890060E+002 0.10000000000000E+001 0.00000000000000E+000 0.10000000000000E+001 0.15851215733383E+004 0.28048043058066E+004
 186 0.45723465246556E-001 0.48100195214733E-003 0.59940145380362E-004 0.46448262868235E-003 0.86166244014050E-001 0.12902575864541E-002 0.85988512073229E-001 0.94522476687481E-004 0.16039558223336E-004 0.12760335410811E-005 0.44227373882861E-003 0.28948800514586E-002 0.32906218205166E-001 0.53631394585786E-001 0.40933652030610E-004 0.70152465858394E-003 0.93178013414782E-006 0.40945745926575E-003 0.67904233226777E-005 0.59837491610913E-004 0.91495200723311E-011 0.20298832205007E-006 0.73434327848794E+000 0.33518431160568E-022 0.15894491972270E+004 0.32418427810144E-001 -.12577996904829E+003 0.44626161664007E-001 0.10132500000000E+006 0.20873386539240E-003 0.27224356903655E+002 0.10000000000000E+001 0.00000000000000E+000 0.10000000000000E+001 0.15894491972270E+004 0.27941603478935E+004
 187 0.45948431715679E-001 0.47968746025924E-003 0.61082635798233E-004 0.48211537037113E-003 0.85486564746546E-001 0.13253906671413E-002 0.86258343606229E-001 0.92118724466440E-004 0.16030888287349E-004 0.12750606946220E-005 0.42947770198179E-003 0.27728392677245E-002 0.32915843400739E-001 0.54122878593699E-001 0.40795791519244E-004 0.68791119492507E-003 0.87687773097457E-006 0.39706180808020E-003 0.63426816025071E-005 0.54886151669827E-004 0.98602238131929E-011 0.20497024437993E-006 0.73436827239043E+000 0.33443192569410E-022 0.15937311564288E+004 0.32418427810144E-001 -.12684791587735E+003 0.44626161664007E-001 0.10132500000000E+006 0.20817205001552E-003 0.27224226204614E+002 0.10000000000000E+001 0.00000000000000E+000 0.10000000000000E+001 0.15937311564288E+004 0.27806654967123E+004
 188 0.46176125773741E-001 0.47829242557950E-003 0.62232151223655E-004 0.50037260455303E-003 0.84809750098130E-001 0.13612107647897E-002 0.86524083237500E-001 0.89705227921079E-004 0.15996709551442E-004 0.12720897163015E-005 0.41648333956138E-003 0.26531605335386E-002 0.32918278274193E-001 0.54620202588454E-001 0.40609063014663E-004 0.67386895856557E-003 0.82384691586296E-006 0.38456177420975E-003 0.59100736005249E-005 0.50219636768855E-004 0.10620757968568E-010 0.20699127283119E-006 0.73439275960032E+000 0.33366625100969E-022 0.15979678635386E+004 0.32418427810144E-001 -.12794449246908E+003 0.44626161664007E-001 0.10132500000000E+006 0.20761975276419E-003 0.27224177851897E+002 0.10000000000000E+001 0.00000000000000E+000 0.10000000000000E+001 0.15979678635386E+004 0.27642485516567E+004
 189 0.46406701970450E-001 0.47681580346988E-003 0.63388363024799E-004 0.51927166486374E-003 0.84135808933058E-001 0.13977231645156E-002 0.86785673415805E-001 0.87283687934628E-004 0.15936413913057E-004 0.12670750147121E-005 0.40331253303244E-003 0.25358678317815E-002 0.32913289268945E-001 0.55123590131402E-001 0.40372241920426E-004 0.65940011020512E-003 0.77269980709936E-006 0.37197346644963E-003 0.54930629455304E-005 0.45831122726666E-004 0.11434156849438E-010 0.20905344520083E-006 0.73441671994431E+000 0.33288655423272E-022 0.16021591238600E+004 0.32418427810144E-001 -.12906987109181E+003 0.44626161664007E-001 0.10132500000000E+006 0.20707689338798E-003 0.27224214066244E+002 0.10000000000000E+001 0.00000000000000E+000 0.10000000000000E+001 0.16021591238600E+004 0.27448441484024E+004
 190 0.46640361365707E-001 0.47525630304946E-003 0.64551118351803E-004 0.53883288257255E-003 0.83464644664718E-001 0.14349386166314E-002 0.87043094631584E-001 0.84855481685783E-004 0.15849461142454E-004 0.12599761428443E-005 0.38998571377625E-003 0.24209673876777E-002 0.32900630636740E-001 0.55633356820067E-001 0.40084131726063E-004 0.64450576973780E-003 0.72343753318503E-006 0.35931148562219E-003 0.50919933742626E-005 0.41712746698722E-004 0.12303741441937E-010 0.21115927391388E-006 0.73444013556959E+000 0.33209192573460E-022 0.16063054019078E+004 0.32418427810144E-001 -.13022442434114E+003 0.44626161664007E-001 0.10132500000000E+006 0.20654331029206E-003 0.27224337231857E+002 0.10000000000000E+001 0.00000000000000E+000 0.10000000000000E+001 0.16063054019078E+004 0.27223883949834E+004
 191 0.46877407522624E-001 0.47361195281251E-003 0.65720703082607E-004 0.55908457125590E-003 0.82795910630205E-001 0.14728822674405E-002 0.87296417213768E-001 0.82421127797347E-004 0.15735337230247E-004 0.12507544417873E-005 0.37651875744410E-003 0.23084250835205E-002 0.32880032156223E-001 0.56150030811458E-001 0.39743453942798E-004 0.62918238632955E-003 0.67604145142168E-006 0.34658606345247E-003 0.47070172137852E-005 0.37855020795816E-004 0.13233382322693E-010 0.21331227469956E-006 0.73446299532463E+000 0.33128107897285E-022 0.16104086863605E+004 0.32418427810144E-001 -.13140901396699E+003 0.44626161664008E-001 0.10132500000000E+006 0.20601865304147E-003 0.27224550036407E+002 0.10000000000000E+001 0.00000000000000E+000 0.10000000000000E+001 0.16104086863605E+004 0.26968112134933E+004
 192 0.47118201680268E-001 0.47188032733262E-003 0.66897595572344E-004 0.58005964478216E-003 0.82129160058925E-001 0.15115864557212E-002 0.87545739196954E-001 0.79980821142928E-004 0.15593543788955E-004 0.12393722492218E-005 0.36292577091976E-003 0.21981948197268E-002 0.32851189614814E-001 0.56674252604542E-001 0.39348850344625E-004 0.61342456958723E-003 0.63048637100035E-006 0.33380579782776E-003 0.43382042747398E-005 0.34248078404157E-004 0.14227407759478E-010 0.21551659406555E-006 0.73448528865590E+000 0.33045249086934E-022 0.16144715288690E+004 0.32418427810144E-001 -.13262478156814E+003 0.44626161664008E-001 0.10132500000000E+006 0.20550251033187E-003 0.27224855588155E+002 0.10000000000000E+001 0.00000000000000E+000 0.10000000000000E+001 0.16144715288690E+004 0.26680377201215E+004
 193 0.47363133169527E-001 0.47005873934125E-003 0.68082301931885E-004 0.60179305821517E-003 0.81463941821835E-001 0.15510856239832E-002 0.87791148055835E-001 0.77534792860985E-004 0.15423608991555E-004 0.12257937677816E-005 0.34922106332715E-003 0.20902356502061E-002 0.32813761645344E-001 0.57206707904421E-001 0.38898917015991E-004 0.59722725479473E-003 0.58674803093495E-006 0.32097952747827E-003 0.39856036060413E-005 0.30882310220170E-004 0.15290527533023E-010 0.21777676060663E-006 0.73450700178674E+000 0.32960449848903E-022 0.16184964470445E+004 0.32418427810144E-001 -.13387299823173E+003 0.44626161664008E-001 0.10132500000000E+006 0.20499448738018E-003 0.27225257460179E+002 0.10000000000000E+001 0.00000000000000E+000 0.10000000000000E+001 0.16184964470445E+004 0.26359911068082E+004
 194 0.47612660889621E-001 0.46814393063004E-003 0.69275536073744E-004 0.62432534809662E-003 0.80799699888203E-001 0.15914225264829E-002 0.88032756024320E-001 0.75082957411625E-004 0.15225060799492E-004 0.12099828965331E-005 0.33541717154742E-003 0.19844963034254E-002 0.32767358269869E-001 0.57748214634707E-001 0.38392129539107E-004 0.58058331888502E-003 0.54479695390701E-006 0.30811448382807E-003 0.36491949132113E-005 0.27747899356685E-004 0.16428050099078E-010 0.22009808833871E-006 0.73452812042755E+000 0.32873514447446E-022 0.16224865270771E+004 0.32418427810144E-001 -.13515526951698E+003 0.44626161664008E-001 0.10132500000000E+006 0.20449413048668E-003 0.27225759823527E+002 0.10000000000000E+001 0.00000000000000E+000 0.10000000000000E+001 0.16224865270771E+004 0.26005875110504E+004
 195 0.47867266378151E-001 0.46613242479056E-003 0.70477968330230E-004 0.64769826423106E-003 0.80135914735462E-001 0.16326400600488E-002 0.88270645991168E-001 0.72625453154190E-004 0.14997463604840E-004 0.11919061209741E-005 0.32152790220188E-003 0.18809390125638E-002 0.32711542389183E-001 0.58299617079166E-001 0.37826934436054E-004 0.56348713277169E-003 0.50460816862077E-006 0.29521913301183E-003 0.33289677726224E-005 0.24835569107970E-004 0.17645720448555E-010 0.22248626783965E-006 0.73454862450079E+000 0.32784233391970E-022 0.16264445631337E+004 0.32418427810144E-001 -.13647328765635E+003 0.44626161664008E-001 0.10132500000000E+006 0.20400103631855E-003 0.27226367443661E+002 0.10000000000000E+001 0.00000000000000E+000 0.10000000000000E+001 0.16264445631337E+004 0.25617427033970E+004
 196 0.48127374862478E-001 0.46402121885440E-003 0.71689840524924E-004 0.67194684891013E-003 0.79472310399589E-001 0.16747677070782E-002 0.88504798801491E-001 0.70163439347973E-004 0.14740520996802E-004 0.11715405854477E-005 0.30757289907835E-003 0.17795706072792E-002 0.32645849707996E-001 0.58861611552797E-001 0.37201984090470E-004 0.54594051107894E-003 0.46617239222286E-006 0.28230736312307E-003 0.30250091684944E-005 0.22137299255038E-004 0.18949327623745E-010 0.22494663318459E-006 0.73456848161078E+000 0.32692409830870E-022 0.16303718481736E+004 0.32418427810144E-001 -.13782840236466E+003 0.44626161664008E-001 0.10132500000000E+006 0.20351500003721E-003 0.27227085474962E+002 0.10000000000000E+001 0.00000000000000E+000 0.10000000000000E+001 0.16303718481736E+004 0.25193877825184E+004
 197 0.48393325728703E-001 0.46180816284406E-003 0.72910838737841E-004 0.69709549099150E-003 0.78808912532853E-001 0.17178159621792E-002 0.88735079045048E-001 0.67699343354868E-004 0.14454168592720E-004 0.11488813133079E-005 0.29357910682850E-003 0.16804473853081E-002 0.32569810080857E-001 0.59434680851933E-001 0.36516331371246E-004 0.52795543364264E-003 0.42949584685027E-006 0.26939974664196E-003 0.27374967497557E-005 0.19646129920057E-004 0.20344459076475E-010 0.22748386459694E-006 0.73458764601078E+000 0.32597871928324E-022 0.16342678945270E+004 0.32418427810144E-001 -.13922143686607E+003 0.44626161664008E-001 0.10132500000000E+006 0.20303604359075E-003 0.27227919238679E+002 0.10000000000000E+001 0.00000000000000E+000 0.10000000000000E+001 0.16342678945270E+004 0.24734811996404E+004
 198 0.48665461192945E-001 0.45949135013620E-003 0.74140513735316E-004 0.72316516045280E-003 0.78145810367568E-001 0.17617900239675E-002 0.88961323682249E-001 0.65235996064705E-004 0.14138536381962E-004 0.11239381139296E-005 0.27957583469959E-003 0.15836357918994E-002 0.32482935648029E-001 0.60019283864269E-001 0.35769318693707E-004 0.50954864196498E-003 0.39458391852942E-006 0.25651893175041E-003 0.24665651917467E-005 0.17354924710945E-004 0.21836862349529E-010 0.23010281718099E-006 0.73460606620155E+000 0.32500442457004E-022 0.16381318922436E+004 0.32418427810144E-001 -.14065312739176E+003 0.44626161664008E-001 0.10132500000000E+006 0.20256423112061E-003 0.27228874367338E+002 0.10000000000000E+001 0.00000000000000E+000 0.10000000000000E+001 0.16381318922436E+004 0.24240002577371E+004
 199 0.48944452598928E-001 0.45706631679237E-003 0.75379712316522E-004 0.75020444634089E-003 0.77482390550300E-001 0.18067416473924E-002 0.89183597869576E-001 0.62773799236242E-004 0.13793561074882E-004 0.10967049582223E-005 0.26557854553812E-003 0.14891035111568E-002 0.32384604050619E-001 0.60616549680831E-001 0.34959669902353E-004 0.49072011642817E-003 0.36140289468787E-006 0.24367479564702E-003 0.22120122106073E-005 0.15253998905650E-004 0.23434312420031E-010 0.23281171081738E-006 0.73462370477273E+000 0.32399819735429E-022 0.16419671451296E+004 0.32418427810144E-001 -.14212583375902E+003 0.44626161664008E-001 0.10132500000000E+006 0.20209913173904E-003 0.27229958112359E+002 0.10000000000000E+001 0.00000000000000E+000 0.10000000000000E+001 0.16419671451296E+004 0.23708814303927E+004
 200 0.49231488868778E-001 0.45452417012856E-003 0.76631250549206E-004 0.77830878224354E-003 0.76817003738402E-001 0.18527974135522E-002 0.89402280288700E-001 0.60309536384100E-004 0.13418653366833E-004 0.10671338359636E-005 0.25158207978751E-003 0.13966865087252E-002 0.32273933138830E-001 0.61228661099303E-001 0.34084740934636E-004 0.47144155960697E-003 0.32987371072025E-006 0.23085840914282E-003 0.19732688834871E-005 0.13331194120933E-004 0.25148111398514E-010 0.23562413914098E-006 0.73464054151051E+000 0.32295500257296E-022 0.16457828231918E+004 0.32418427810144E-001 -.14364453828877E+003 0.44626161664008E-001 0.10132500000000E+006 0.20163962685688E-003 0.27231180766946E+002 0.10000000000000E+001 0.00000000000000E+000 0.10000000000000E+001 0.16457828231918E+004 0.23139740202474E+004
 201 0.49527882200314E-001 0.45185493196300E-003 0.77898000230284E-004 0.80758195028680E-003 0.76148002502313E-001 0.19000920864249E-002 0.89617695333890E-001 0.57840317194083E-004 0.13013152838634E-004 0.10351706418583E-005 0.23758324560592E-003 0.13062473290088E-002 0.32149873982175E-001 0.61857987689468E-001 0.33141585814278E-004 0.45168511259029E-003 0.29993033182290E-006 0.21806281584261E-003 0.17498583913702E-005 0.11575753923333E-004 0.26991170916901E-010 0.23855540757755E-006 0.73465654066867E+000 0.32186912766381E-022 0.16495878547767E+004 0.32418427810144E-001 -.14521473203171E+003 0.44626161664008E-001 0.10132500000000E+006 0.20118466372323E-003 0.27232554695129E+002 0.10000000000000E+001 0.00000000000000E+000 0.10000000000000E+001 0.16495878547767E+004 0.22531119742967E+004
 202 0.49834598449922E-001 0.44905201260188E-003 0.79180848784672E-004 0.83808716640702E-003 0.75474802191244E-001 0.19486911206952E-002 0.89829777428071E-001 0.55367566663423E-004 0.12577076889451E-004 0.10008139805988E-005 0.22360351618430E-003 0.12178140344068E-002 0.32011419538358E-001 0.62506076912258E-001 0.32128664171967E-004 0.43145663105759E-003 0.27156257287925E-006 0.20530365809260E-003 0.15417043778983E-005 0.99805210038918E-005 0.28974998228508E-010 0.24161791442667E-006 0.73467162538529E+000 0.32073591434179E-022 0.16533849852682E+004 0.32418427810144E-001 -.14683985988807E+003 0.44626161664008E-001 0.10132500000000E+006 0.20073395861949E-003 0.27234092071957E+002 0.10000000000000E+001 0.00000000000000E+000 0.10000000000000E+001 0.16533849852682E+004 0.21882229141294E+004
 203 0.50152213080075E-001 0.44611307933747E-003 0.80478647853032E-004 0.86983893404011E-003 0.74797869232989E-001 0.19985832851195E-002 0.90038107892799E-001 0.52896959982770E-004 0.12111371791103E-004 0.96413468550469E-006 0.20968834500251E-003 0.11315593904031E-002 0.31857694606438E-001 0.63173567400631E-001 0.31046402669553E-004 0.41079904155714E-003 0.24480127021486E-006 0.19261838453108E-003 0.13489899958183E-005 0.85404811130179E-005 0.31108857585810E-010 0.24482057165242E-006 0.73468568376611E+000 0.31955197630745E-022 0.16571711184553E+004 0.32418427810144E-001 -.14852102584949E+003 0.44626161664008E-001 0.10132500000000E+006 0.20028793110577E-003 0.27235803920912E+002 0.10000000000000E+001 0.00000000000000E+000 0.10000000000000E+001 0.16571711184553E+004 0.21193603380580E+004
 204 0.50481288559630E-001 0.44303691105600E-003 0.81789875838395E-004 0.90283786479406E-003 0.74117827025344E-001 0.20497401496230E-002 0.90242217323334E-001 0.50435093875405E-004 0.11617483365092E-004 0.92524193117689E-006 0.19588790520439E-003 0.10476715195692E-002 0.31687830685230E-001 0.63860988344123E-001 0.29896217515724E-004 0.38976751566318E-003 0.21967239524464E-006 0.18004865374377E-003 0.11718036689213E-005 0.72499510996513E-005 0.33401821463507E-010 0.24817249592986E-006 0.73469859255673E+000 0.32108723058890E-022 0.16609425354660E+004 0.32418427810144E-001 -.15025895544495E+003 0.44626161664008E-001 0.10132500000000E+006 0.19984707071131E-003 0.27237701543057E+002 0.10000000000000E+001 0.00000000000000E+000 0.10000000000000E+001 0.16609425354660E+004 0.20466384033567E+004
 205 0.50823132740696E-001 0.43981639473110E-003 0.83115543045792E-004 0.93714482161428E-003 0.73433954463638E-001 0.21022307155238E-002 0.90442024434532E-001 0.47984103503046E-004 0.11096231813457E-004 0.88419476649037E-006 0.18222677870725E-003 0.96617440361392E-003 0.31500554053533E-001 0.64570320502286E-001 0.28677923835032E-004 0.36838290142707E-003 0.19614517918111E-006 0.16761282655774E-003 0.10097824964768E-005 0.61001553619236E-005 0.35868159106468E-010 0.25169086473255E-006 0.73471024189710E+000 0.32241352560553E-022 0.16647031901900E+004 0.32418427810144E-001 -.15205794790663E+003 0.44626161664009E-001 0.10132500000000E+006 0.19941097600767E-003 0.27239801195352E+002 0.10000000000000E+001 0.00000000000000E+000 0.10000000000000E+001 0.16647031901900E+004 0.19700686692533E+004
 206 0.51180107421303E-001 0.43643561822421E-003 0.84459912666117E-004 0.97290870824227E-003 0.72743844832844E-001 0.21562580018113E-002 0.90637874563462E-001 0.45540763827340E-004 0.10547332994120E-004 0.84096445887445E-006 0.16869961978941E-003 0.88691812729971E-003 0.31293903477075E-001 0.65305561328716E-001 0.27388592950502E-004 0.34661962934601E-003 0.17413836864770E-006 0.15530212872502E-003 0.86219763093235E-006 0.50802007188106E-005 0.38530386816497E-010 0.25540458016134E-006 0.73472052441774E+000 0.32378713971858E-022 0.16684662976839E+004 0.32418427810144E-001 -.15392734733470E+003 0.44626161664009E-001 0.10132500000000E+006 0.19897820964710E-003 0.27242127430003E+002 0.10000000000000E+001 0.00000000000000E+000 0.10000000000000E+001 0.16684662976839E+004 0.18894924796350E+004
 207 0.51554748366471E-001 0.43287853406268E-003 0.85826677829045E-004 0.10102716894106E-002 0.72045378878075E-001 0.22120119631436E-002 0.90829925476775E-001 0.43103873046336E-004 0.99708736243002E-005 0.79555033624376E-006 0.15531274344586E-003 0.80983105496411E-003 0.31065646414327E-001 0.66070821944143E-001 0.26025958960070E-004 0.32446873997834E-003 0.15359572816272E-006 0.14311849590375E-003 0.72848656937730E-006 0.41809040207561E-005 0.41413361014259E-010 0.25934563311313E-006 0.73472928875861E+000 0.32504031640265E-022 0.16722434045081E+004 0.32418427810144E-001 -.15587669683849E+003 0.44626161664009E-001 0.10132500000000E+006 0.19854758714332E-003 0.27244708655006E+002 0.10000000000000E+001 0.00000000000000E+000 0.10000000000000E+001 0.16722434045081E+004 0.18047964295733E+004
 208 0.51949023374711E-001 0.42913669610004E-003 0.87216196373603E-004 0.10492875106696E-002 0.71338099544917E-001 0.22695530041288E-002 0.91017789033462E-001 0.40679073243370E-004 0.93686639542628E-005 0.74808604594130E-006 0.14211001582545E-003 0.73505842733347E-003 0.30813777899985E-001 0.66868775609887E-001 0.24591649902282E-004 0.30198504072438E-003 0.13451636500033E-006 0.13109811655474E-003 0.60841790449045E-006 0.33956634658269E-005 0.44538095711836E-010 0.26354138108477E-006 0.73473632324724E+000 0.32556256048977E-022 0.16760372276778E+004 0.32418427810144E-001 -.15791170936260E+003 0.44626161664009E-001 0.10132500000000E+006 0.19811897858197E-003 0.27247571683349E+002 0.10000000000000E+001 0.00000000000000E+000 0.10000000000000E+001 0.16760372276778E+004 0.17161097892027E+004
 209 0.52364876810180E-001 0.42520477635038E-003 0.88627587786037E-004 0.10899690098713E-002 0.70622093757536E-001 0.23288911259063E-002 0.91200881229935E-001 0.38274761779739E-004 0.87435508777691E-005 0.69878563559170E-006 0.12914919768978E-003 0.66281488871165E-003 0.30536278780721E-001 0.67701756149517E-001 0.23089692935716E-004 0.27925447497435E-003 0.11690738155585E-006 0.11928999172136E-003 0.50174558929056E-006 0.27179593251916E-005 0.47925108691458E-010 0.26802020860056E-006 0.73474137755762E+000 0.32558425313586E-022 0.16798480803646E+004 0.32418427810144E-001 -.16003698843814E+003 0.44626161664009E-001 0.10132500000000E+006 0.19769255011381E-003 0.27250744615367E+002 0.10000000000000E+001 0.00000000000000E+000 0.10000000000000E+001 0.16798480803646E+004 0.16237067540787E+004
 210 0.52805357077148E-001 0.42107067535930E-003 0.90062293352229E-004 0.11323884807823E-002 0.69896157491708E-001 0.23901360341555E-002 0.91378884517285E-001 0.35896020507365E-004 0.80978831852934E-005 0.64782288796066E-006 0.11646879933429E-003 0.59320000067985E-003 0.30230373780793E-001 0.68573939083171E-001 0.21522919017413E-004 0.25633772592335E-003 0.10073815358385E-006 0.10772585396142E-003 0.40793159330575E-006 0.21396538293121E-005 0.51603346700636E-010 0.27282399036001E-006 0.73474416941873E+000 0.32657969931161E-022 0.16836838011325E+004 0.32418427810144E-001 -.16226153127353E+003 0.44626161664009E-001 0.10132500000000E+006 0.19726765763037E-003 0.27254265604791E+002 0.10000000000000E+001 0.00000000000000E+000 0.10000000000000E+001 0.16836838011325E+004 0.15277840550200E+004
 211 0.53274212844016E-001 0.41672060167284E-003 0.91522002227846E-004 0.11766206433798E-002 0.69158812657954E-001 0.24534157607053E-002 0.91551438171306E-001 0.33548468153055E-004 0.74344291889932E-005 0.59540354609687E-006 0.10410913225698E-003 0.52632071812794E-003 0.29892753964550E-001 0.69490368318960E-001 0.19895197348911E-004 0.23330570187761E-003 0.85973218778704E-007 0.96439401314151E-004 0.32636399062728E-006 0.16525055804076E-005 0.55607019927760E-010 0.27800451781510E-006 0.73474435652452E+000 0.32819662800523E-022 0.16875544258384E+004 0.32418427810144E-001 -.16459615014322E+003 0.44626161664009E-001 0.10132500000000E+006 0.19684347231704E-003 0.27258180834179E+002 0.10000000000000E+001 0.00000000000000E+000 0.10000000000000E+001 0.16875544258384E+004 0.14285980910102E+004
 212 0.53775812435229E-001 0.41214148473569E-003 0.93007781851310E-004 0.12227139142866E-002 0.68408677114799E-001 0.25188420204142E-002 0.91718028634303E-001 0.31239704919960E-004 0.67568366082549E-005 0.54180175031548E-006 0.92119584498180E-004 0.46233038711422E-003 0.29519653462005E-001 0.70456624593302E-001 0.18212673493563E-004 0.21025501256975E-003 0.72579867486460E-007 0.85473048164680E-004 0.25639694846956E-006 0.12484256877294E-005 0.59974453333804E-010 0.28362333856505E-006 0.73474152085937E+000 0.32771853567456E-022 0.16914705577460E+004 0.32418427810144E-001 -.16705248501581E+003 0.44626161664009E-001 0.10132500000000E+006 0.19641917274683E-003 0.27262544220839E+002 0.10000000000000E+001 0.00000000000000E+000 0.10000000000000E+001 0.16914705577460E+004 0.13265374961454E+004
 213 0.54318187638290E-001 0.40729615487987E-003 0.94527721862228E-004 0.12709311470956E-002 0.67640497896708E-001 0.25868583969424E-002 0.91878780375049E-001 0.28967994249648E-004 0.60662239174736E-005 0.48709108717744E-006 0.80500578034138E-004 0.40112366866723E-003 0.29104552329040E-001 0.71484339231471E-001 0.16475320110849E-004 0.18719426343339E-003 0.60467409010267E-007 0.74824862842999E-004 0.19705766945022E-006 0.91787833719727E-006 0.64774348851445E-010 0.28978740657270E-006 0.73473511148901E+000 0.32652309819035E-022 0.16954644228128E+004 0.32418427810144E-001 -.16965676280011E+003 0.44626161664009E-001 0.10132500000000E+006 0.19599171263378E-003 0.27267445369953E+002 0.10000000000000E+001 0.00000000000000E+000 0.10000000000000E+001 0.16954644228128E+004 0.12216122036870E+004
 214 0.54911434080604E-001 0.40214367200720E-003 0.96089531802711E-004 0.13215277344250E-002 0.66848674010825E-001 0.26579369552338E-002 0.92033498530378E-001 0.26734914952199E-004 0.53647636804468E-005 0.43142688347337E-006 0.69270892680741E-004 0.34270133211564E-003 0.28639298560477E-001 0.72587440444759E-001 0.14685736427197E-004 0.16416926254071E-003 0.49567902118480E-007 0.64510047877647E-004 0.14749371046094E-006 0.65252615282622E-006 0.70091499535514E-010 0.29663416224816E-006 0.73472437589091E+000 0.32465284683151E-022 0.16995721384962E+004 0.32418427810144E-001 -.17243975344670E+003 0.44626161664010E-001 0.10132500000000E+006 0.19555783641966E-003 0.27272998551581E+002 0.10000000000000E+001 0.00000000000000E+000 0.10000000000000E+001 0.16995721384962E+004 0.11139856762908E+004
 215 0.55565512438549E-001 0.39666443928661E-003 0.97692964427928E-004 0.13744927097113E-002 0.66030759275541E-001 0.27322434325468E-002 0.92180974977568E-001 0.24555493137730E-004 0.46592383422958E-005 0.37532849951293E-006 0.58516602526189E-004 0.28741437831770E-003 0.28116069739847E-001 0.73777470526564E-001 0.12858631771405E-004 0.14137487216177E-003 0.39871614487993E-007 0.54606275819219E-004 0.10707223988419E-006 0.44555958756235E-006 0.76004305965708E-010 0.30430846079452E-006 0.73470837422602E+000 0.32297086757112E-022 0.17038170157629E+004 0.32418427810144E-001 -.17542438596445E+003 0.44626161664010E-001 0.10132500000000E+006 0.19511584857645E-003 0.27279321292623E+002 0.10000000000000E+001 0.00000000000000E+000 0.10000000000000E+001 0.17038170157629E+004 0.10045310731587E+004
 216 0.56293624543352E-001 0.39083831115267E-003 0.99336555226633E-004 0.14297512399653E-002 0.65183563861627E-001 0.28099599415080E-002 0.92319781091587E-001 0.22446826822833E-004 0.39578726412958E-005 0.31943126915040E-006 0.48331040478440E-004 0.23564310951009E-003 0.27525110287242E-001 0.75069089748342E-001 0.11013445735430E-004 0.11904611557789E-003 0.31357440615399E-007 0.45199158931485E-004 0.75016494366205E-007 0.28965966712921E-006 0.82611083248913E-010 0.31300447950348E-006 0.73468590284169E+000 0.32240161650130E-022 0.17082317180178E+004 0.32418427810144E-001 -.17863890390798E+003 0.44626161664010E-001 0.10132500000000E+006 0.19466326478028E-003 0.27286563715190E+002 0.10000000000000E+001 0.00000000000000E+000 0.10000000000000E+001 0.17082317180178E+004 0.89437213806972E+003
 217 0.57115584004789E-001 0.38463176267652E-003 0.10102011588935E-003 0.14872527214785E-002 0.64300954492183E-001 0.28914635964270E-002 0.92448455861333E-001 0.20424122103618E-004 0.32691081090807E-005 0.26439134451460E-006 0.38796179461616E-004 0.18770580486602E-003 0.26852483068956E-001 0.76484431218071E-001 0.91715489698990E-005 0.97420415996456E-004 0.23979151120613E-007 0.36365317630064E-004 0.50378595010583E-007 0.17698168462355E-006 0.90055367971541E-010 0.32301255817741E-006 0.73465531583246E+000 0.32454428661071E-022 0.17128726922112E+004 0.32418427810144E-001 -.18212624931154E+003 0.44626161664010E-001 0.10132500000000E+006 0.19419543078434E-003 0.27294940724174E+002 0.10000000000000E+001 0.00000000000000E+000 0.10000000000000E+001 0.17128726922112E+004 0.78470133914772E+003
 218 0.58060517842112E-001 0.37800321646947E-003 0.10274080975655E-003 0.15468569958718E-002 0.63374071485193E-001 0.29772653358041E-002 0.92565132559625E-001 0.18504315138949E-004 0.26029512909291E-005 0.21099550709578E-006 0.30002179663243E-004 0.14396204274898E-003 0.26078823943669E-001 0.78054703392318E-001 0.73602278221160E-005 0.76782462426069E-004 0.17684799953099E-007 0.28190618930089E-004 0.32143346848364E-007 0.99757430501244E-007 0.98540762830389E-010 0.33476446787815E-006 0.73461430201918E+000 0.32812811760449E-022 0.17178245981975E+004 0.32418427810144E-001 -.18594522514312E+003 0.44626161664010E-001 0.10132500000000E+006 0.19370526225802E-003 0.27304755942117E+002 0.10000000000000E+001 0.00000000000000E+000 0.10000000000000E+001 0.17178245981975E+004 0.67699159811407E+003
 219 0.59165208022238E-001 0.37095036017159E-003 0.10447734385462E-003 0.16078274789477E-002 0.62396605889270E-001 0.30674383086569E-002 0.92666680673090E-001 0.16718009231356E-004 0.19755805421883E-005 0.16053436121274E-006 0.22101728832755E-004 0.10507947325918E-003 0.25182703819640E-001 0.79812896537417E-001 0.56261659920620E-005 0.57604743369718E-004 0.12451715677813E-007 0.20821190975047E-004 0.19320851573327E-007 0.50682744866638E-007 0.10829966954513E-009 0.34883089680361E-006 0.73455990076788E+000 0.33005763836074E-022 0.17231809689620E+004 0.32418427810144E-001 -.19014851242123E+003 0.44626161664011E-001 0.10132500000000E+006 0.19318528464762E-003 0.27316370492770E+002 0.10000000000000E+001 0.00000000000000E+000 0.10000000000000E+001 0.17231809689620E+004 0.57374565490471E+003
 220 0.60479770795822E-001 0.36351500057839E-003 0.10618333343435E-003 0.16687086994585E-002 0.61363322669984E-001 0.31616320656331E-002 0.92749094854002E-001 0.15102292502741E-004 0.14074549527506E-005 0.11466226917872E-006 0.15273554148690E-004 0.71843452845525E-004 0.24139554720596E-001 0.81796536911560E-001 0.40317157091321E-005 0.40481683716504E-004 0.82545827162082E-008 0.14430168063571E-004 0.10850464639177E-007 0.22515830407445E-007 0.11962063592065E-009 0.36601878457430E-006 0.73448835900126E+000 0.33144828603070E-022 0.17290638689839E+004 0.32418427810144E-001 -.19478342414904E+003 0.44626161664011E-001 0.10132500000000E+006 0.19262567778471E-003 0.27330229481216E+002 0.10000000000000E+001 0.00000000000000E+000 0.10000000000000E+001 0.17290638689839E+004 0.47821029172292E+003
 221 0.62075796905466E-001 0.35579625370233E-003 0.10777170652784E-003 0.17270769627306E-002 0.60269443271068E-001 0.32589603260218E-002 0.92807941414044E-001 0.13693381063305E-004 0.92102421882084E-006 0.75224278624921E-007 0.96897126376146E-005 0.44991364896504E-004 0.22921428943465E-001 0.84048871882758E-001 0.26490362045120E-005 0.26052066953027E-004 0.50507194588682E-008 0.91868115626369E-005 0.56413696084369E-008 0.84079549588852E-008 0.13288530059529E-009 0.38752326815642E-006 0.73439504386167E+000 0.32916676841371E-022 0.17356452363680E+004 0.32418427810144E-001 -.19988461561153E+003 0.44626161664011E-001 0.10132500000000E+006 0.19201219602941E-003 0.27346883343353E+002 0.10000000000000E+001 0.00000000000000E+000 0.10000000000000E+001 0.17356452363680E+004 0.39395907406229E+003
 222 0.64043727352100E-001 0.34801716184430E-003 0.10907821211249E-003 0.17788714237859E-002 0.59118762027492E-001 0.33570913962138E-002 0.92839259933898E-001 0.12523245308172E-004 0.53898180858289E-006 0.44120602832125E-007 0.54960296661910E-005 0.25107906151144E-004 0.21509024580314E-001 0.86598501337623E-001 0.15540281848558E-005 0.14932604889669E-004 0.27828405828116E-008 0.52366683193670E-005 0.26903666635761E-008 0.25347498011887E-008 0.14850888316773E-009 0.41496444460183E-006 0.73427553722087E+000 0.31936013936071E-022 0.17431177393944E+004 0.32418427810144E-001 -.20541416519800E+003 0.44626161664012E-001 0.10132500000000E+006 0.19132858768531E-003 0.27366839871941E+002 0.10000000000000E+001 0.00000000000000E+000 0.10000000000000E+001 0.17431177393944E+004 0.32451854260975E+003
 223 0.66472271265310E-001 0.34055131157675E-003 0.10983603831094E-003 0.18183436118672E-002 0.57934696810817E-001 0.34513756700602E-002 0.92842981027895E-001 0.11602905762881E-004 0.27517531689321E-006 0.22561274345911E-007 0.27212229899503E-005 0.12178939819059E-004 0.19916525013015E-001 0.89418863356022E-001 0.79660928473139E-006 0.74328971381924E-005 0.13497128101957E-008 0.26139019597501E-005 0.11657567185084E-008 0.60485672853906E-009 0.16677517504988E-009 0.45017390203051E-006 0.73412872948589E+000 0.31125964023973E-022 0.17516115400493E+004 0.32418427810144E-001 -.21116907287659E+003 0.44626161664013E-001 0.10132500000000E+006 0.19056328202035E-003 0.27390192493243E+002 0.10000000000000E+001 0.00000000000000E+000 0.10000000000000E+001 0.17516115400493E+004 0.27185016082823E+003
 224 0.69416345548754E-001 0.33375730286606E-003 0.10972311843704E-003 0.18398746931281E-002 0.56760913203814E-001 0.35355528932122E-002 0.92827993837161E-001 0.10900413796194E-004 0.12106754937301E-006 0.99307074602509E-008 0.11630892779880E-005 0.50753320960005E-005 0.18210546997521E-001 0.92398774039933E-001 0.35675417659418E-006 0.31753745367335E-005 0.56971694111073E-009 0.11329589432152E-005 0.45473766468898E-009 0.11735276553666E-009 0.18767411796836E-009 0.49473992002596E-006 0.73396043292344E+000 0.30841870359874E-022 0.17610988021699E+004 0.32418427810144E-001 -.21675198130268E+003 0.44626161664013E-001 0.10132500000000E+006 0.18971696383358E-003 0.27416243591564E+002 0.10000000000000E+001 0.00000000000000E+000 0.10000000000000E+001 0.17610988021699E+004 0.23433636386902E+003
 225 0.72886768012598E-001 0.32766657801438E-003 0.10848852696478E-003 0.18406853805822E-002 0.55643396310219E-001 0.36042939433719E-002 0.92812981700430E-001 0.10347932800494E-004 0.46017066184632E-007 0.37710353567490E-008 0.43068492110037E-006 0.18240353846684E-005 0.16492721604435E-001 0.95371795271814E-001 0.14491165868960E-006 0.11690518980502E-005 0.20967746644795E-009 0.42940465944459E-006 0.15878399653879E-009 0.20209629655529E-010 0.21093260787313E-009 0.54974557304403E-006 0.73378302452957E+000 0.30684012413968E-022 0.17713905276753E+004 0.32418427810144E-001 -.22170077078320E+003 0.44626161664014E-001 0.10132500000000E+006 0.18880307469360E-003 0.27443622911911E+002 0.10000000000000E+001 0.00000000000000E+000 0.10000000000000E+001 0.17713905276753E+004 0.20721179845522E+003
 226 0.76870386056738E-001 0.32188222017640E-003 0.10604719989377E-003 0.18214956736739E-002 0.54612456027834E-001 0.36549568456875E-002 0.92820195611458E-001 0.98784281603004E-005 0.15261190332555E-007 0.12476940975312E-008 0.13963639351088E-006 0.57173765567348E-006 0.14859026436232E-001 0.98181533659942E-001 0.58665705558123E-007 0.37531569267582E-006 0.67856918255821E-010 0.14431422969439E-006 0.49629691521140E-010 0.35250579740404E-011 0.23615767673139E-009 0.61592264128143E-006 0.73361060543857E+000 0.30349196264833E-022 0.17822256140166E+004 0.32418427810144E-001 -.22566799149242E+003 0.44626161664015E-001 0.10132500000000E+006 0.18784142531084E-003 0.27470851337172E+002 0.10000000000000E+001 0.00000000000000E+000 0.10000000000000E+001 0.17822256140166E+004 0.18561157115909E+003
 227 0.81373908177733E-001 0.31576780884126E-003 0.10245538227904E-003 0.17848650570686E-002 0.53676177215835E-001 0.36873512492214E-002 0.92868190654270E-001 0.94475016616047E-005 0.44445952734785E-008 0.36207338829232E-009 0.39903765056211E-007 0.15742392341586E-006 0.13368215523623E-001 0.10073262575097E+000 0.27545897260297E-007 0.10589828879357E-006 0.19407452317935E-010 0.43426196984781E-007 0.13890019030451E-010 0.67908374261862E-012 0.26302709812103E-009 0.69428545043780E-006 0.73345383026904E+000 0.29903054331848E-022 0.17934035397136E+004 0.32418427810144E-001 -.22850249071098E+003 0.44626161664016E-001 0.10132500000000E+006 0.18684766760150E-003 0.27496902028428E+002 0.10000000000000E+001 0.00000000000000E+000 0.10000000000000E+001 0.17934035397136E+004 0.16653463429349E+003
 228 0.86426029488169E-001 0.30872742075339E-003 0.97849875862635E-004 0.17336242816071E-002 0.52831201150851E-001 0.37022481583191E-002 0.92968689107308E-001 0.90332195825779E-005 0.11406312021220E-008 0.92494665326813E-010 0.10085612241298E-007 0.38215202142137E-007 0.12047424236118E-001 0.10298121889008E+000 0.16680629969506E-007 0.26378926145229E-007 0.49174699802357E-011 0.11770418525554E-007 0.34851129717299E-011 0.13995106516935E-012 0.29121313163216E-009 0.78619233787374E-006 0.73331909280351E+000 0.29570448255084E-022 0.18047799745628E+004 0.32418427810144E-001 -.23019592747816E+003 0.44626161664018E-001 0.10132500000000E+006 0.18583394917441E-003 0.27521201014394E+002 0.10000000000000E+001 0.00000000000000E+000 0.10000000000000E+001 0.18047799745628E+004 0.14877961039122E+003
 229 0.92059473195631E-001 0.30037483171178E-003 0.92419712488850E-004 0.16704912078578E-002 0.52071227701670E-001 0.37006169685764E-002 0.93125886596604E-001 0.86272143214053E-005 0.25897541626760E-009 0.20887690824474E-010 0.22635119004569E-008 0.82100751067817E-008 0.10903962034301E-001 0.10491624899145E+000 0.12322910639714E-007 0.58343499082612E-008 0.11075653336780E-011 0.28903979432965E-008 0.78703485353686E-012 0.28458904344807E-013 0.32026071116538E-009 0.89302854376857E-006 0.73320921958919E+000 0.29267271016596E-022 0.18162227356872E+004 0.32418427810144E-001 -.23083103794674E+003 0.44626161664019E-001 0.10132500000000E+006 0.18481260171576E-003 0.27543476251197E+002 0.10000000000000E+001 0.00000000000000E+000 0.10000000000000E+001 0.18162227356872E+004 0.13212000534433E+003
 230 0.98320260800559E-001 0.29055162022381E-003 0.86370194529442E-004 0.15978922465555E-002 0.51387382596214E-001 0.36834682609770E-002 0.93337644250450E-001 0.82261860582981E-005 0.52193473763286E-010 0.41845236418556E-011 0.45256984192606E-009 0.15652375267489E-008 0.99282605850834E-002 0.10655529951322E+000 0.99345457944398E-008 0.11576209105200E-008 0.22238626451450E-012 0.64597444449938E-009 0.16058933095425E-012 0.54211361567658E-014 0.34965674176375E-009 0.10163464955351E-005 0.73312387403782E+000 0.28934944832518E-022 0.18276325099107E+004 0.32418427810144E-001 -.23055333827708E+003 0.44626161664021E-001 0.10132500000000E+006 0.18379390906513E-003 0.27563734125037E+002 0.10000000000000E+001 0.00000000000000E+000 0.10000000000000E+001 0.18276325099107E+004 0.11662351267346E+003
 231 0.10525684035352E+000 0.27930694199618E-003 0.79914762676663E-004 0.15181122394744E-002 0.50770615024340E-001 0.36518458711117E-002 0.93596952264123E-001 0.78291078974046E-005 0.93811742058070E-011 0.74731299738653E-012 0.80992129635524E-010 0.26577820150576E-009 0.91012725755161E-002 0.10793236449236E+000 0.82217590236524E-008 0.21450706189902E-009 0.39984795089227E-013 0.13206954821443E-009 0.29757251901940E-013 0.95054889443112E-015 0.37880482627129E-009 0.11576223027014E-005 0.73306061979410E+000 0.28355679171893E-022 0.18389187090752E+004 0.32418427810144E-001 -.22954370335596E+003 0.44626161664023E-001 0.10132500000000E+006 0.18278786219643E-003 0.27582139305620E+002 0.10000000000000E+001 0.00000000000000E+000 0.10000000000000E+001 0.18389187090752E+004 0.10239584483468E+003
 232 0.11292142707127E+000 0.26683389027653E-003 0.73259517474739E-004 0.14333077496040E-002 0.50211817696237E-001 0.36068976492940E-002 0.93893859520894E-001 0.74357967722877E-005 0.15119872134637E-011 0.11964789857307E-012 0.13044147370628E-010 0.40348823019888E-010 0.83984171811551E-002 0.10909109738431E+000 0.68415162156642E-008 0.44127170412128E-010 0.64750707826215E-014 0.24827002610410E-010 0.50338852349565E-014 0.15316461526688E-015 0.40707238494992E-009 0.13182224476860E-005 0.73301574801896E+000 0.28141715858601E-022 0.18500024312944E+004 0.32418427810144E-001 -.22799705198173E+003 0.44626161664025E-001 0.10132500000000E+006 0.18180350325374E-003 0.27598953162196E+002 0.10000000000000E+001 0.00000000000000E+000 0.10000000000000E+001 0.18500024312944E+004 0.89486631097512E+002
 233 0.12138104072695E+000 0.25338902435221E-003 0.66583086577443E-004 0.13453845328191E-002 0.49701752824395E-001 0.35498261663453E-002 0.94217672425149E-001 0.70461103094242E-005 0.21963438480809E-012 0.17263920256116E-013 0.19002577307539E-011 0.54915492882105E-011 0.77929722376316E-002 0.11007878675087E+000 0.56893960042475E-008 0.15487498332192E-010 0.95240462288583E-015 0.43074088268452E-011 0.78047776577627E-015 0.22735913349180E-016 0.43385778456493E-009 0.14995814552056E-005 0.73298508110941E+000 0.27967360353880E-022 0.18608281099867E+004 0.32418427810144E-001 -.22609982903167E+003 0.44626161664027E-001 0.10132500000000E+006 0.18084756591716E-003 0.27614487561781E+002 0.10000000000000E+001 0.00000000000000E+000 0.10000000000000E+001 0.18608281099867E+004 0.77870876040642E+002
 234 0.13071436337963E+000 0.23925060105845E-003 0.60034791007564E-004 0.12560354321102E-002 0.49232173341778E-001 0.34818797032402E-002 0.94558109774556E-001 0.66602481065845E-005 0.28929729194841E-013 0.22589450639073E-014 0.25192049715245E-012 0.67189833094784E-012 0.72600592821316E-002 0.11093943166341E+000 0.47176203714083E-008 0.10170479862721E-010 0.13073351821592E-015 0.69210122697999E-012 0.11131239585767E-015 0.31205272197774E-017 0.45858729279258E-009 0.17030902650215E-005 0.73296465688431E+000 0.27499866392424E-022 0.18713511356590E+004 0.32418427810144E-001 -.22401609213957E+003 0.44626161664029E-001 0.10132500000000E+006 0.17992537515676E-003 0.27629038060278E+002 0.10000000000000E+001 0.00000000000000E+000 0.10000000000000E+001 0.18713511356590E+004 0.67482572446642E+002
 235 0.14100656422106E+000 0.22469609087039E-003 0.53735880627839E-004 0.11667776981522E-002 0.48796501942213E-001 0.34043673703686E-002 0.94905880900459E-001 0.62789997227068E-005 0.34884427063504E-014 0.27065334348980E-015 0.30683750435554E-013 0.74284875073427E-013 0.67789138172668E-002 0.11170980223293E+000 0.38951920137963E-008 0.84144227765605E-011 0.19044246056421E-016 0.10351143079820E-012 0.14681988590079E-016 0.39827736523273E-018 0.48071535223897E-009 0.19299178150148E-005 0.73295111076504E+000 0.26704778857163E-022 0.18815285717832E+004 0.32418427810144E-001 -.22188100861262E+003 0.44626161664032E-001 0.10132500000000E+006 0.17904155583091E-003 0.27642844038878E+002 0.10000000000000E+001 0.00000000000000E+000 0.10000000000000E+001 0.18815285717832E+004 0.58240916122930E+002
 236 0.15230588725590E+000 0.21003603682585E-003 0.47798844488844E-004 0.10792339322546E-002 0.48391196253336E-001 0.33189560260844E-002 0.95251916520253E-001 0.59049501947302E-005 0.39188375999196E-015 0.30217463280484E-016 0.34929913950483E-014 0.75094178925230E-014 0.63350745761008E-002 0.11241588384695E+000 0.32013137390588E-008 0.72546275513814E-011 0.45072968865908E-017 0.14558000792518E-013 0.18108388448477E-017 0.47807997875171E-019 0.49969140646030E-009 0.21800045386911E-005 0.73294181530069E+000 0.25778741471842E-022 0.18912867107254E+004 0.32418427810144E-001 -.21980477155103E+003 0.44626161664035E-001 0.10132500000000E+006 0.17820276511714E-003 0.27656032202710E+002 0.10000000000000E+001 0.00000000000000E+000 0.10000000000000E+001 0.18912867107254E+004 0.50086813426403E+002
 237 0.16462079706411E+000 0.19557888563071E-003 0.42312990561940E-004 0.99493581186057E-003 0.48014667699396E-001 0.32276023163524E-002 0.95588217143884E-001 0.55416640009973E-005 0.41791046013869E-016 0.31986456927974E-017 0.37759221770084E-015 0.69367439545147E-015 0.59194593310559E-002 0.11307436901681E+000 0.26200742700373E-008 0.62795247041093E-011 0.22470764904982E-017 0.19487719852207E-014 0.21165767071217E-018 0.54703459465909E-020 0.51506851735716E-009 0.24519911429897E-005 0.73293486000788E+000 0.25475347191071E-022 0.19005435076784E+004 0.32418427810144E-001 -.21786745308406E+003 0.44626161664038E-001 0.10132500000000E+006 0.17741566836971E-003 0.27668642399077E+002 0.10000000000000E+001 0.00000000000000E+000 0.10000000000000E+001 0.19005435076784E+004 0.42962109487025E+002
 238 0.17797774580104E+000 0.18154313563497E-003 0.37316653384571E-004 0.91484445756573E-003 0.47665179475607E-001 0.31320011255316E-002 0.95909694077633E-001 0.51915775835867E-005 0.48409669940057E-017 0.36573200656885E-018 0.43904129633159E-016 -.15907132500636E-015 0.55258763322931E-002 0.11369660206710E+000 0.21360293016518E-008 0.54257868996731E-011 0.15526494741560E-017 0.25034185152725E-015 0.23662109014202E-019 0.60212472997432E-021 0.52661477235467E-009 0.27445155446753E-005 0.73292900391405E+000 0.25500131761626E-022 0.19092584406166E+004 0.32418427810144E-001 -.21611171474395E+003 0.44626161664042E-001 0.10132500000000E+006 0.17668281989252E-003 0.27680702261614E+002 0.10000000000000E+001 0.00000000000000E+000 0.10000000000000E+001 0.19092584406166E+004 0.36776618382935E+002
 239 0.19243778478427E+000 0.16805743473904E-003 0.32808420847372E-004 0.83940175476951E-003 0.47340876136244E-001 0.30334374976178E-002 0.96213823807859E-001 0.48559364584506E-005 -.49719337703346E-019 -.79772177712843E-019 -.24791994835199E-016 -.31123732436196E-015 0.51503360407706E-002 0.11428978297919E+000 0.17346376251019E-008 0.46743760736349E-011 0.11386736428155E-017 0.31023577402568E-016 0.25449332144066E-020 0.64118240484960E-022 0.53426777859364E-009 0.30565815471049E-005 0.73292356113638E+000 0.25733339915495E-022 0.19174267288638E+004 0.32418427810144E-001 -.21455169884317E+003 0.44626161664046E-001 0.10132500000000E+006 0.17600346265592E-003 0.27692237774207E+002 0.10000000000000E+001 0.00000000000000E+000 0.10000000000000E+001 0.19174267288638E+004 0.31424311867926E+002
 240 0.20805144495376E+000 0.15522129614905E-003 0.28774734679638E-004 0.76889494892871E-003 0.47040794082828E-001 0.29331161990796E-002 0.96499044988984E-001 0.45360636603514E-005 -.24360531321858E-017 -.23359447968373E-018 -.36278022300281E-016 -.16680172896684E-015 0.47914548544479E-002 0.11485654323694E+000 0.14037393264217E-008 0.40146807541085E-011 0.83667544755255E-018 0.37351209095353E-017 0.26537641374735E-021 0.66512653114801E-023 0.53807124188028E-009 0.33866231619349E-005 0.73291823102532E+000 0.26080585962574E-022 0.19250445109722E+004 0.32418427810144E-001 -.21318736438447E+003 0.44626161664051E-001 0.10132500000000E+006 0.17537664360601E-003 0.27703241799008E+002 0.10000000000000E+001 0.00000000000000E+000 0.10000000000000E+001 0.19250445109722E+004 0.26811377942554E+002
 241 0.22480641620395E+000 0.14314064091325E-003 0.25202313386521E-004 0.70364819155526E-003 0.46765061572937E-001 0.28324436919675E-002 0.96763886152084E-001 0.42340040687859E-005 -.62857592432196E-018 -.72897428050739E-019 -.13190700216579E-016 -.57420151451464E-016 0.44502624741331E-002 0.11539546086658E+000 0.11334270396269E-008 0.34399017926008E-011 0.61562383534356E-018 0.44148433719432E-018 0.27141510181639E-022 0.67854619711433E-024 0.53819108358490E-009 0.37316078746293E-005 0.73291292680944E+000 0.26059097497899E-022 0.19320939715786E+004 0.32418427810144E-001 -.21201184709892E+003 0.44626161664055E-001 0.10132500000000E+006 0.17480248968796E-003 0.27713662391924E+002 0.10000000000000E+001 0.00000000000000E+000 0.10000000000000E+001 0.19320939715786E+004 0.22862405357655E+002
 242 0.24266093346994E+000 0.13188863001518E-003 0.22066978989467E-004 0.64381071507217E-003 0.46513633486171E-001 0.27327278830112E-002 0.97007701867075E-001 0.39514011278247E-005 0.48890393694679E-020 -.44333251470671E-020 -.20577844855789E-017 -.14685776221325E-016 0.41283093525875E-002 0.11590415537832E+000 0.91449553109627E-009 0.29432447505374E-011 0.45383167818014E-018 0.51736835073627E-019 0.27527473485560E-023 0.68694188229925E-025 0.53493771119454E-009 0.40879742507269E-005 0.73290766488100E+000 0.26026014342808E-022 0.19385690429643E+004 0.32418427810144E-001 -.21101079266978E+003 0.44626161664061E-001 0.10132500000000E+006 0.17428015379400E-003 0.27723449746488E+002 0.10000000000000E+001 0.00000000000000E+000 0.10000000000000E+001 0.19385690429643E+004 0.19502911514520E+002
 243 0.26158941686071E+000 0.12148428359993E-003 0.19331027643413E-004 0.58925897492410E-003 0.46285674125943E-001 0.26349164716861E-002 0.97230975148768E-001 0.36888314451880E-005 0.53618750344959E-019 0.20366169908753E-020 0.40725389343977E-019 -.27536081570786E-017 0.38264528619435E-002 0.11638125568486E+000 0.73814929655779E-009 0.25166947291106E-011 0.33507265608921E-018 0.60532535270968E-020 0.27904864029378E-024 0.70152487344968E-026 0.52871611830044E-009 0.44526490664256E-005 0.73290250867074E+000 0.25904597556704E-022 0.19444875992803E+004 0.32418427810144E-001 -.21016435568919E+003 0.44626161664066E-001 0.10132500000000E+006 0.17380694145256E-003 0.27732585316211E+002 0.10000000000000E+001 0.00000000000000E+000 0.10000000000000E+001 0.19444875992803E+004 0.16654772480419E+002
 244 0.28157838051339E+000 0.11191280987357E-003 0.16951931432992E-004 0.53971748287218E-003 0.46079888399222E-001 0.25396802311211E-002 0.97434797338762E-001 0.34461828900427E-005 0.57308643459034E-019 0.26873516070567E-020 0.18345559981443E-018 -.25635372045696E-018 0.35449577627419E-002 0.11682629368465E+000 0.59656759599746E-009 0.21519760432798E-011 0.24795369711918E-018 0.71069908047812E-021 0.28430710072397E-025 0.71588087227203E-027 0.51997072993851E-009 0.48229985546778E-005 0.73289753005919E+000 0.25977549885306E-022 0.19498805580398E+004 0.32418427810144E-001 -.20945155114812E+003 0.44626161664072E-001 0.10132500000000E+006 0.17337927132447E-003 0.27741072354992E+002 0.10000000000000E+001 0.00000000000000E+000 0.10000000000000E+001 0.19498805580398E+004 0.14243923061851E+002
 245 0.30261869447674E+000 0.10314114616922E-003 0.14887625453845E-004 0.49484474415022E-003 0.45894770217257E-001 0.24475005292286E-002 0.97620511150171E-001 0.32229527086751E-005 0.49246704819605E-019 0.23801554844625E-020 0.18204948903274E-018 0.20824925088482E-019 0.32836625901856E-002 0.11723947188058E+000 0.48310362900782E-009 0.18411687279898E-011 0.18410444357068E-018 0.84057362972765E-022 0.29240452050028E-026 0.73504635053585E-028 0.50915151093763E-009 0.51967076935282E-005 0.73289278946231E+000 0.26018991031762E-022 0.19547841653533E+004 0.32418427810144E-001 -.20885257859068E+003 0.44626161664079E-001 0.10132500000000E+006 0.17299331577499E-003 0.27748927228601E+002 0.10000000000000E+001 0.00000000000000E+000 0.10000000000000E+001 0.19547841653533E+004 0.12204146055575E+002
 246 0.32470511212112E+000 0.95125285224524E-004 0.13098558942515E-004 0.45427149875628E-003 0.45728712569869E-001 0.23587080347816E-002 0.97789552882865E-001 0.30183743924292E-005 0.40169399171071E-019 0.19432103030181E-020 0.15309366876725E-018 0.31964193070907E-019 0.30420552922352E-002 0.11762155321040E+000 0.39223289896906E-009 0.15769407506703E-011 0.13727467929546E-018 0.99950983169296E-023 0.30309816630822E-027 0.77639955652023E-029 0.49669026797754E-009 0.55717771434908E-005 0.73288833162489E+000 0.25815830979936E-022 0.19592367178320E+004 0.32418427810144E-001 -.20834968295599E+003 0.44626161664086E-001 0.10132500000000E+006 0.17264525694740E-003 0.27756175542973E+002 0.10000000000000E+001 0.00000000000000E+000 0.10000000000000E+001 0.19592367178320E+004 0.10477672009367E+002
 247 0.34783068605208E+000 0.87816889316323E-004 0.11549000919875E-004 0.41763248220872E-003 0.45580115511596E-001 0.22735327430325E-002 0.97943327028672E-001 0.28315487649264E-005 0.32511111162949E-019 0.15683786043763E-020 0.12597669239357E-018 0.28025343824289E-019 0.28194050382042E-002 0.11797365701662E+000 0.31944992170809E-009 0.13527137828450E-011 0.10286290396384E-018 -.46431571623151E-025 0.66487460522042E-029 0.82671864112376E-030 0.48298877858268E-009 0.59464336838595E-005 0.73288418550319E+000 0.25766985495429E-022 0.19632756746761E+004 0.32418427810144E-001 -.20792748906749E+003 0.44626161664094E-001 0.10132500000000E+006 0.17233149672206E-003 0.27762847546647E+002 0.10000000000000E+001 0.00000000000000E+000 0.10000000000000E+001 0.19632756746761E+004 0.90151833873592E+001
 248 0.37198071087257E+000 0.81167252029115E-004 0.10207412275994E-004 0.38458326503408E-003 0.45447446021904E-001 0.21921404271316E-002 0.98083143144603E-001 0.26615238890656E-005 0.26337681510203E-019 0.12675853720572E-020 0.10393230891564E-018 0.23991343289836E-019 0.26148601265216E-002 0.11829710590953E+000 0.26112261101057E-009 0.11627027997159E-011 0.77510694563429E-019 -.40878605560135E-023 -.88121505338173E-028 -.19900031122385E-029 0.46841395033628E-009 0.63190531972674E-005 0.73288036513318E+000 0.25669462785701E-022 0.19669361611325E+004 0.32418427810144E-001 -.20757293209116E+003 0.44626161664102E-001 0.10132500000000E+006 0.17204875073251E-003 0.27768975088783E+002 0.10000000000000E+001 0.00000000000000E+000 0.10000000000000E+001 0.19669361611325E+004 0.77751008826160E+001
 249 0.39713054897636E+000 0.75128560757467E-004 0.90461494150484E-005 0.35480327301676E-003 0.45329250562297E-001 0.21146456357194E-002 0.98210208340571E-001 0.25073169772155E-005 0.21387462605152E-019 0.10275570589602E-020 0.86153880418143E-019 0.20600450407434E-019 0.24274875102708E-002 0.11859336242177E+000 0.21433604845080E-009 0.10018617765041E-011 0.58774581164164E-019 -.35320106638210E-023 -.69020074813690E-028 -.18990873164471E-029 0.45329432026879E-009 0.66881544267586E-005 0.73287687140615E+000 0.25989114263117E-022 0.19702508071155E+004 0.32418427810144E-001 -.20727498205209E+003 0.44626161664110E-001 0.10132500000000E+006 0.17179403864840E-003 0.27774590609827E+002 0.10000000000000E+001 0.00000000000000E+000 0.10000000000000E+001 0.19702508071155E+004 0.67224506950370E+001
 250 0.42324813141595E+000 0.69653807698914E-004 0.80409433007588E-005 0.32799244273262E-003 0.45224148710134E-001 0.20411094873649E-002 0.98325644393254E-001 0.23679090883811E-005 0.17422604081001E-019 0.83603318977953E-021 0.71776365239770E-019 0.17772917151546E-019 0.22562810132759E-002 0.11886401271633E+000 0.17675309845022E-009 0.86579935676191E-012 0.44876319066919E-019 -.20002415253927E-023 -.34533346874548E-028 -.97477251697800E-030 0.43791602280026E-009 0.70524468835288E-005 0.73287369551440E+000 0.25988907867203E-022 0.19732501662666E+004 0.32418427810144E-001 -.20702433821788E+003 0.44626161664119E-001 0.10132500000000E+006 0.17156463314828E-003 0.27779727208216E+002 0.10000000000000E+001 0.00000000000000E+000 0.10000000000000E+001 0.19732501662666E+004 0.58277253246412E+001
 251 0.45029618980201E+000 0.64697102542529E-004 0.71705250370317E-005 0.30387022174149E-003 0.45130837390920E-001 0.19715421822264E-002 0.98430494677484E-001 0.22422548471560E-005 0.14247363862838E-019 0.68308975416345E-021 0.60109124429766E-019 0.15407173615230E-019 0.21001836641309E-002 0.11911072794955E+000 0.14650428545762E-009 0.75071401641048E-012 0.34521727547289E-019 -.91687218427347E-024 -.14061424555816E-028 -.43586587374818E-030 0.42252123534374E-009 0.74108534760647E-005 0.73287082260827E+000 0.26122034477486E-022 0.19759628436814E+004 0.32418427810144E-001 -.20681318334179E+003 0.44626161664129E-001 0.10132500000000E+006 0.17135803451617E-003 0.27784418292394E+002 0.10000000000000E+001 0.00000000000000E+000 0.10000000000000E+001 0.19759628436814E+004 0.50660229720906E+001
 252 0.47823054796731E+000 0.60214642177196E-004 0.64164030813196E-005 0.28217794770610E-003 0.45048104336044E-001 0.19059159996885E-002 0.98525717535919E-001 0.21293115936105E-005 0.11703080870559E-019 0.56079908273775E-021 0.50609478660605E-019 0.13420511861812E-019 0.19581283281637E-002 0.11933519936318E+000 0.12210078680693E-009 0.65334579371861E-012 0.26769622440739E-019 -.36870437007764E-024 -.50221448837125E-029 -.19097294283099E-030 0.40731088350567E-009 0.77624799369897E-005 0.73286823312245E+000 0.26100242177122E-022 0.19784152756409E+004 0.32418427810144E-001 -.20663498057728E+003 0.44626161664139E-001 0.10132500000000E+006 0.17117197352971E-003 0.27788696606024E+002 0.10000000000000E+001 0.00000000000000E+000 0.10000000000000E+001 0.19784152756409E+004 0.44164138063148E+001
 253 0.50700244712939E+000 0.56164755876179E-004 0.57625094228667E-005 0.26267704636615E-003 0.44974826223268E-001 0.18441674807711E-002 0.98612195705467E-001 0.20280474671004E-005 0.96618360235651E-020 0.46284111389959E-021 0.42848807100516E-019 0.11746524280660E-019 0.18290513796404E-002 0.11953911492483E+000 0.10235790317354E-009 0.57090933634321E-012 0.20934502082810E-019 -.13573876085219E-024 -.16461686134776E-029 -.88848686811213E-031 0.39244636191984E-009 0.81066261685318E-005 0.73286590480535E+000 0.25830113509176E-022 0.19806319239493E+004 0.32418427810144E-001 -.20648426943164E+003 0.44626161664150E-001 0.10132500000000E+006 0.17100438498007E-003 0.27792594075523E+002 0.10000000000000E+001 0.00000000000000E+000 0.10000000000000E+001 0.19806319239493E+004 0.38612901397173E+001
 254 0.53656186216664E+000 0.52507935494355E-004 0.51948921318989E-005 0.24514748329098E-003 0.44909968199495E-001 0.17861997480210E-002 0.98690743485034E-001 0.19374504266896E-005 0.80209716218814E-020 0.38418706203900E-021 0.36486828754288E-019 0.10331450488275E-019 0.17119056478155E-002 0.11972413641970E+000 0.86333606931914E-010 0.50103349112577E-012 0.16516222451187E-019 -.46968244281302E-025 -.50913421094740E-030 -.55821702467451E-031 0.37805198390953E-009 0.84427906316600E-005 0.73286381548307E+000 0.25774156823264E-022 0.19826354145854E+004 0.32418427810144E-001 -.20635649948637E+003 0.44626161664162E-001 0.10132500000000E+006 0.17085338763502E-003 0.27796141665652E+002 0.10000000000000E+001 0.00000000000000E+000 0.10000000000000E+001 0.19826354145853E+004 0.33858332551089E+001
 255 0.56685387992824E+000 0.49207602920087E-004 0.47015547865460E-005 0.22938989295017E-003 0.44852592210221E-001 0.17318974515445E-002 0.98762098779891E-001 0.18565550969245E-005 0.66987080192522E-020 0.32085646087605E-021 0.31253362695067E-019 0.91316580281855E-020 0.16056923338425E-002 0.11989184952559E+000 0.73281817459140E-010 0.44171864332365E-012 0.13149789051896E-019 -.15549652530533E-025 -.17105076642374E-030 -.16800105001308E-030 0.36422138639603E-009 0.87706063591508E-005 0.73286194304885E+000 0.25998772835801E-022 0.19844463100419E+004 0.32418427810144E-001 -.20624790017722E+003 0.44626161664174E-001 0.10132500000000E+006 0.17071729280782E-003 0.27799368554352E+002 0.10000000000000E+001 0.00000000000000E+000 0.10000000000000E+001 0.19844463100419E+004 0.29776441833052E+001
 256 0.59781960765050E+000 0.46230019329732E-004 0.42721889408015E-005 0.21522387485956E-003 0.44801851800896E-001 0.16811301873948E-002 0.98826930387577E-001 0.17844478680887E-005 0.56300622126601E-020 0.26970168536018E-021 0.26933069211447E-019 0.81114906014799E-020 0.15094671479257E-002 0.12004375331162E+000 0.62611298002445E-010 0.39128248392930E-012 0.10567978631426E-019 -.49894435891794E-026 -.44357236517358E-031 -.68282078576443E-031 0.35102146122185E-009 0.90898269431420E-005 0.73286026639262E+000 0.26364273180989E-022 0.19860832737575E+004 0.32418427810144E-001 -.20615534901524E+003 0.44626161664187E-001 0.10132500000000E+006 0.17059458485919E-003 0.27802302092878E+002 0.10000000000000E+001 0.00000000000000E+000 0.10000000000000E+001 0.19860832737575E+004 0.26263431392519E+001
 257 0.62939574777485E+000 0.43544270587776E-004 0.38979547690545E-005 0.20248686919111E-003 0.44756987970374E-001 0.16337574181837E-002 0.98885842813769E-001 0.17202730165342E-005 0.47635250843643E-020 0.22823685324711E-021 0.23353904344899E-019 0.72416827939480E-020 0.14223475050480E-002 0.12018124821292E+000 0.53853408508791E-010 0.34831397792722E-012 0.85745210622805E-020 -.15669702804145E-026 -.13027118511015E-031 -.42762407776313E-031 0.33849669515948E-009 0.94003011415838E-005 0.73285876601830E+000 0.26356030515671E-022 0.19875631754154E+004 0.32418427810144E-001 -.20607625820775E+003 0.44626161664200E-001 0.10132500000000E+006 0.17048390728595E-003 0.27804967691678E+002 0.10000000000000E+001 0.00000000000000E+000 0.10000000000000E+001 0.19875631754154E+004 0.23232473443249E+001
 258 0.66150597342275E+000 0.41122685120805E-004 0.35713458011468E-005 0.19103508008317E-003 0.44717324863377E-001 0.15896413123431E-002 0.98939374778995E-001 0.16632470672272E-005 0.40584447723456E-020 0.19450538185480E-021 0.20378582151585E-019 0.64982384870434E-020 0.13435261981161E-002 0.12030561907537E+000 0.46637521438016E-010 0.31163794940722E-012 0.70249673355735E-020 -.48541611805792E-027 -.39698323326178E-032 -.31228530801408E-031 0.32667581600662E-009 0.97019165129173E-005 0.73285741912359E+000 0.26476548752046E-022 0.19889010671266E+004 0.32418427810144E-001 -.20600846565575E+003 0.44626161664214E-001 0.10132500000000E+006 0.17038405847474E-003 0.27807388353828E+002 0.10000000000000E+001 0.00000000000000E+000 0.10000000000000E+001 0.19889010671266E+004 0.20611221131706E+001
 259 0.69408895399232E+000 0.38938739904281E-004 0.32857524229680E-005 0.18073297650811E-003 0.44682236133859E-001 0.15486141110629E-002 0.98988044170722E-001 0.16126145825254E-005 0.34822713045132E-020 0.16694393016420E-021 0.17895234576213E-019 0.58608954238067E-020 0.12722123418661E-002 0.12041812540598E+000 0.40665150357752E-010 0.28025109770855E-012 0.58115352870800E-020 -.14915470505288E-027 -.13217569622692E-032 -.25010893325772E-031 0.31556548992149E-009 0.99948130667471E-005 0.73285620258352E+000 0.26605977161217E-022 0.19901113043011E+004 0.32418427810144E-001 -.20595012937463E+003 0.44626161664229E-001 0.10132500000000E+006 0.17029390495595E-003 0.27809586639063E+002 0.10000000000000E+001 0.00000000000000E+000 0.10000000000000E+001 0.19901113043011E+004 0.18337562548490E+001
 260 0.72713341917999E+000 0.36965882181476E-004 0.30352136879262E-005 0.17144757809202E-003 0.44651139926335E-001 0.15104575325524E-002 0.99032366424088E-001 0.15676287293301E-005 0.30087540178045E-020 0.14429372044878E-021 0.15811601298284E-019 0.53122447712678E-020 0.12076090909377E-002 0.12052002496643E+000 0.35693429327372E-010 0.25328557243130E-012 0.48531248784502E-020 -.45651951728228E-028 -.50209300003848E-033 -.20625623738624E-031 0.30514620139722E-009 0.10279506823658E-004 0.73285510590905E+000 0.26560017157501E-022 0.19912079602720E+004 0.32418427810144E-001 -.20589971217796E+003 0.44626161664244E-001 0.10132500000000E+006 0.17021235030941E-003 0.27811585687282E+002 0.10000000000000E+001 0.00000000000000E+000 0.10000000000000E+001 0.19912079602720E+004 0.16357427630030E+001
 261 0.76060175282555E+000 0.35182354651524E-004 0.28149196844679E-005 0.16307023349015E-003 0.44623556619096E-001 0.14749976631282E-002 0.99072758346626E-001 0.15276635924512E-005 0.26177165669486E-020 0.12558823180973E-021 0.14055830143574E-019 0.48384468295056E-020 0.11490578937490E-002 0.12061235736513E+000 0.31534792815106E-010 0.23004828982125E-012 0.40904131064226E-020 -.13976067682320E-028 -.21666570719331E-033 -.14091564466476E-031 0.29540088463152E-009 0.10556280258454E-004 0.73285412033343E+000 0.26469422814446E-022 0.19922025007951E+004 0.32418427810144E-001 -.20585600149746E+003 0.44626161664260E-001 0.10132500000000E+006 0.17013850327664E-003 0.27813404477442E+002 0.10000000000000E+001 0.00000000000000E+000 0.10000000000000E+001 0.19922025007951E+004 0.14627544282091E+001
 262 0.79441315950904E+000 0.33570614498686E-004 0.26209983919313E-005 0.15551334310434E-003 0.44599087073039E-001 0.14421052305531E-002 0.99109554007025E-001 0.14921978130257E-005 0.22935589372367E-020 0.11008073320950E-021 0.12571637855623E-019 0.44284583003689E-020 0.10960198927608E-002 0.12069597874331E+000 0.28043460081068E-010 0.20998432944347E-012 0.34795650802731E-020 -.42711189708668E-029 -.70351745319658E-034 -.77154757547979E-032 0.28631753020827E-009 0.10825151747378E-004 0.73285323243318E+000 0.26559767763855E-022 0.19931042190855E+004 0.32418427810144E-001 -.20581801292233E+003 0.44626161664276E-001 0.10132500000000E+006 0.17007164134107E-003 0.27815058279418E+002 0.10000000000000E+001 0.00000000000000E+000 0.10000000000000E+001 0.19931042190855E+004 0.13113204316502E+001
 263 0.82850060577435E+000 0.32113985464343E-004 0.24500234231122E-005 0.14869468691415E-003 0.44577369983934E-001 0.14116364194639E-002 0.99143071322698E-001 0.14607405198763E-005 0.20236802433884E-020 0.97168440708802E-022 0.11312524300085E-019 0.40728350435823E-020 0.10479821066076E-002 0.12077170054495E+000 0.25100387108423E-010 0.19261868757999E-012 0.29870333831205E-020 -.12594014310656E-029 -.35346099892591E-034 -.35438858569306E-032 0.27787402117783E-009 0.11086249203247E-004 0.73285243363366E+000 0.26587175271463E-022 0.19939218514734E+004 0.32418427810144E-001 -.20578492100411E+003 0.44626161664294E-001 0.10132500000000E+006 0.17001109076751E-003 0.27816561815810E+002 0.10000000000000E+001 0.00000000000000E+000 0.10000000000000E+001 0.19939218514734E+004 0.11784518295711E+001
 264 0.86278141569226E+000 0.30797898265837E-004 0.22991022768359E-005 0.14254285296287E-003 0.44558095411209E-001 0.13834610657081E-002 0.99173585895798E-001 0.14328588781961E-005 0.17980982343812E-020 0.86374039652297E-022 0.10240977147976E-019 0.37637626026596E-020 0.10044955706636E-002 0.12084023127871E+000 0.22610430565970E-010 0.17755821431789E-012 0.25874036348530E-020 -.32313382989450E-030 -.23143541528495E-034 -.10775164151212E-032 0.27004723615515E-009 0.11339590546308E-004 0.73285171818215E+000 0.26918299318832E-022 0.19946629625149E+004 0.32418427810144E-001 -.20575605432870E+003 0.44626161664311E-001 0.10132500000000E+006 0.16995627048027E-003 0.27817927998646E+002 0.10000000000000E+001 0.00000000000000E+000 0.10000000000000E+001 0.19946629625149E+004 0.10616641447202E+001
 265 0.89712035733105E+000 0.29610553809992E-004 0.21658870742747E-005 0.13699990425300E-003 0.44541002006194E-001 0.13574816395038E-002 0.99201321595487E-001 0.14081899247897E-005 0.16089983299493E-020 0.77323961070649E-022 0.93272092077859E-020 0.34949242167127E-020 0.96519028402361E-003 0.12090216020422E+000 0.20498582044174E-010 0.16448506718929E-012 0.22615022072067E-020 -.54422712786864E-031 -.15093700683132E-034 -.14969264932123E-033 0.26281969991013E-009 0.11584941015857E-004 0.73285107451101E+000 0.26902681007071E-022 0.19953337590770E+004 0.32418427810144E-001 -.20573084650990E+003 0.44626161664330E-001 0.10132500000000E+006 0.16990670296608E-003 0.27819167258903E+002 0.10000000000000E+001 0.00000000000000E+000 0.10000000000000E+001 0.19953337590770E+004 0.95893842843381E+000
 266 0.93139745276669E+000 0.28540215016451E-004 0.20482261457925E-005 0.13200878233888E-003 0.44525840744406E-001 0.13335793517821E-002 0.99226509016991E-001 0.13863835015521E-005 0.14499072179275E-020 0.69708803595437E-022 0.85458764771078E-020 0.32607292851194E-020 0.92969361713148E-003 0.12095808196949E+000 0.18701761814449E-010 0.15311871222096E-012 0.19942043541452E-020 0.30164651541634E-032 -.10476010079117E-034 -.85753816252376E-034 0.25616520911809E-009 0.11822264228855E-004 0.73285048915394E+000 0.27153941185521E-022 0.19959404982580E+004 0.32418427810144E-001 -.20570877884685E+003 0.44626161664349E-001 0.10132500000000E+006 0.16986191007008E-003 0.27820290223320E+002 0.10000000000000E+001 0.00000000000000E+000 0.10000000000000E+001 0.19959404982580E+004 0.86846090325108E+000
 267 0.96556248160703E+000 0.27574241875778E-004 0.19440422357002E-005 0.12750886140690E-003 0.44512367809970E-001 0.13115927604480E-002 0.99249403412989E-001 0.13670853450184E-005 0.13153364358154E-020 0.63266253645245E-022 0.78747800138185E-020 0.30560401627508E-020 0.89760463868915E-003 0.12100863131259E+000 0.17165449450547E-010 0.14320247965304E-012 0.17733460652828E-020 0.12991867878522E-031 -.97797703762940E-035 -.83508032620340E-034 0.25004327599337E-009 0.12051950423105E-004 0.73284995361667E+000 0.27336286686824E-022 0.19964899042824E+004 0.32418427810144E-001 -.20568938412047E+003 0.44626161664368E-001 0.10132500000000E+006 0.16982138306813E-003 0.27821308671793E+002 0.10000000000000E+001 0.00000000000000E+000 0.10000000000000E+001 0.19964899042824E+004 0.78853308699732E+000
 268 0.99959470342745E+000 0.26700860973348E-004 0.18515043938494E-005 0.12344395546546E-003 0.44500365384252E-001 0.12913571870839E-002 0.99270245562372E-001 0.13499740682308E-005 0.12008337431281E-020 0.57783515980262E-022 0.72954828836318E-020 0.28764488974082E-020 0.86854792178375E-003 0.12105440086442E+000 0.15844793163302E-010 0.13451689870911E-012 0.15894453499909E-020 0.13680251636299E-031 -.93702621359160E-035 -.83775938624471E-034 0.24441080862647E-009 0.12274515878442E-004 0.73284946200892E+000 0.27345507042857E-022 0.19969882514102E+004 0.32418427810144E-001 -.20567226826368E+003 0.44626161664388E-001 0.10132500000000E+006 0.16978464954593E-003 0.27822233753629E+002 0.10000000000000E+001 0.00000000000000E+000 0.10000000000000E+001 0.19969882514102E+004 0.71767545434908E+000
 269 0.10334797747878E+001 0.25909734623537E-004 0.17690597868610E-005 0.11976486625207E-003 0.44489646041873E-001 0.12727209201384E-002 0.99289248714872E-001 0.13347710762062E-005 0.11028488538405E-020 0.53090894742030E-022 0.67930024085461E-020 0.27182833584497E-020 0.84219174358965E-003 0.12109591397750E+000 0.14703614484701E-010 0.12687961811874E-012 0.14351840803888E-020 0.12670593985239E-031 -.90279874323421E-035 -.84493290912694E-034 0.23922716569375E-009 0.12490458736800E-004 0.73284900945750E+000 0.27237955377383E-022 0.19974410676131E+004 0.32418427810144E-001 -.20565710531306E+003 0.44626161664409E-001 0.10132500000000E+006 0.16975129439980E-003 0.27823075359676E+002 0.10000000000000E+001 0.00000000000000E+000 0.10000000000000E+001 0.19974410676131E+004 0.65464227613227E+000
 270 0.10672051857878E+001 0.25191855449758E-004 0.16953958049676E-005 0.11642883646855E-003 0.44480049272603E-001 0.12555464870447E-002 0.99306600221245E-001 0.13212364301136E-005 0.10185446671693E-020 0.49052773068823E-022 0.63551543547284E-020 0.25784895375953E-020 0.81824568090920E-003 0.12113362877328E+000 0.13712686482669E-010 0.12013934576072E-012 0.13048848119394E-020 0.11484461435432E-031 -.87104656178259E-035 -.84005912604121E-034 0.23445487398884E-009 0.12700235994956E-004 0.73284859175649E+000 0.27027944702852E-022 0.19978531856678E+004 0.32418427810144E-001 -.20564362470995E+003 0.44626161664430E-001 0.10132500000000E+006 0.16972095550143E-003 0.27823842179117E+002 0.10000000000000E+001 0.00000000000000E+000 0.10000000000000E+001 0.19978531856678E+004 0.59838830998335E+000
 271 0.11007592786229E+001 0.24539363747037E-004 0.16293993069822E-005 0.11339864486187E-003 0.44471437370223E-001 0.12397094953278E-002 0.99322464986860E-001 0.13091633487736E-005 0.94564076264879E-021 0.45560134514586E-022 0.59719799997220E-020 0.24545177658412E-020 0.79645533320120E-003 0.12116794654362E+000 0.12848266268811E-010 0.11417006777571E-012 0.11941079804727E-020 0.10408013952715E-031 -.83152765247072E-035 -.70632174108690E-034 0.23005956469309E-009 0.12904263312998E-004 0.73284820519316E+000 0.26908532889886E-022 0.19982288375826E+004 0.32418427810144E-001 -.20563160026773E+003 0.44626161664451E-001 0.10132500000000E+006 0.16969331632623E-003 0.27824541850651E+002 0.10000000000000E+001 0.00000000000000E+000 0.10000000000000E+001 0.19982288375826E+004 0.54803328059785E+000
 272 0.11341321103612E+001 0.23945362747596E-004 0.15701205080935E-005 0.11064170403449E-003 0.44463691671165E-001 0.12250968160482E-002 0.99336989041416E-001 0.12983729665459E-005 0.88229075315016E-021 0.42524702740893E-022 0.56352837174220E-020 0.23442262911645E-020 0.77659678368905E-003 0.12119922045623E+000 0.12090926389945E-010 0.10886617389324E-012 0.10993511113214E-020 0.94774353865856E-032 -.79482009582144E-035 -.55532268508269E-034 0.22600965161988E-009 0.13102923775253E-004 0.73284784650921E+000 0.26718977256354E-022 0.19985717501943E+004 0.32418427810144E-001 -.20562084148233E+003 0.44626161664473E-001 0.10132500000000E+006 0.16966809861557E-003 0.27825181125369E+002 0.10000000000000E+001 0.00000000000000E+000 0.10000000000000E+001 0.19985717501943E+004 0.50283106867827E+000
 273 0.11673156755509E+001 0.23403780086924E-004 0.15167453728972E-005 0.10812938039054E-003 0.44456709593930E-001 0.12116053599755E-002 0.99350302169936E-001 0.12887102317903E-005 0.82699028121429E-021 0.39874545686265E-022 0.53382822585570E-020 0.22458072141856E-020 0.75847234383460E-003 0.12122776227563E+000 0.11424673634755E-010 0.10413871603082E-012 0.10178293067141E-020 0.86913344855281E-032 -.72694534644488E-035 -.12888540447413E-033 0.22227612357048E-009 0.13296572606137E-004 0.73284751283420E+000 0.26959481131387E-022 0.19988852172370E+004 0.32418427810144E-001 -.20561118694965E+003 0.44626161664495E-001 0.10132500000000E+006 0.16964505683831E-003 0.27825765989017E+002 0.10000000000000E+001 0.00000000000000E+000 0.10000000000000E+001 0.19988852172370E+004 0.46214596270320E+000
 274 0.12003041789500E+001 0.22909252122929E-004 0.14685732354331E-005 0.10583642890269E-003 0.44450402180242E-001 0.11991410197566E-002 0.99362520102300E-001 0.12800404574231E-005 0.77850625214056E-021 0.37550694566922E-022 0.50753305256217E-020 0.21577272736028E-020 0.74190695917103E-003 0.12125384804098E+000 0.10836265148077E-010 0.99912422367502E-013 0.94731164309947E-021 0.80076142548202E-032 -.67773058919157E-035 -.26097030201649E-033 0.21883234400331E-009 0.13485541636912E-004 0.73284720163143E+000 0.26969955264680E-022 0.19991721594470E+004 0.32418427810144E-001 -.20560249921374E+003 0.44626161664518E-001 0.10132500000000E+006 0.16962397358707E-003 0.27826301765028E+002 0.10000000000000E+001 0.00000000000000E+000 0.10000000000000E+001 0.19991721594470E+004 0.42543362853973E+000
 275 0.12330946073859E+001 0.22457023918770E-004 0.14249982979029E-005 0.10374050883840E-003 0.44444692058379E-001 0.11876176830986E-002 0.99373746388138E-001 0.12722463618446E-005 0.73582184348814E-021 0.35504516754635E-022 0.48417048052431E-020 0.20786799454045E-020 0.72674512820484E-003 0.12127772289009E+000 0.10314671805657E-010 0.96123286335599E-013 0.88599790668949E-021 0.72476756125229E-032 -.64539902596710E-035 -.41407906939185E-033 0.21565384072210E-009 0.13670143967571E-004 0.73284691070464E+000 0.27149394844198E-022 0.19994351756034E+004 0.32418427810144E-001 -.20559466076012E+003 0.44626161664541E-001 0.10132500000000E+006 0.16960465568914E-003 0.27826793203941E+002 0.10000000000000E+001 0.00000000000000E+000 0.10000000000000E+001 0.19994351756034E+004 0.39222574382376E+000
 276 0.12656855351422E+001 0.22042886321362E-004 0.13854964619913E-005 0.10182187285269E-003 0.44439511929115E-001 0.11769569048320E-002 0.99384073512295E-001 0.12652259255388E-005 0.69809546727587E-021 0.33695755300260E-022 0.46334410813248E-020 0.20075500390686E-020 0.71284890516744E-003 0.12129960425388E+000 0.98506784132398E-011 0.92716782498048E-013 0.83242777424572E-021 0.39280949624193E-032 -.61599794686325E-035 -.58377816770183E-033 0.21271825936504E-009 0.13850670556582E-004 0.73284663811993E+000 0.27400152065984E-022 0.19996765750190E+004 0.32418427810144E-001 -.20558757087414E+003 0.44626161664564E-001 0.10132500000000E+006 0.16958693169675E-003 0.27827244537390E+002 0.10000000000000E+001 0.00000000000000E+000 0.10000000000000E+001 0.19996765750190E+004 0.36211872307832E+000
 277 0.12980767575156E+001 0.21663108520514E-004 0.13496131173303E-005 0.10006304064692E-003 0.44434803135169E-001 0.11670872676293E-002 0.99393584168292E-001 0.12588903105043E-005 0.66462721599032E-021 0.32090925842931E-022 0.44471989768241E-020 0.19433825398407E-020 0.70009576406290E-003 0.12131968524739E+000 0.94365509017929E-011 0.89646304167234E-013 0.78540943172932E-021 -.40215605089575E-031 -.60075682033123E-035 -.77362349138777E-033 0.21000521429718E-009 0.14027391205811E-004 0.73284638215412E+000 0.27578003729935E-022 0.19998984126056E+004 0.32418427810144E-001 -.20558114293107E+003 0.44626161664588E-001 0.10132500000000E+006 0.16957064921631E-003 0.27827659538791E+002 0.10000000000000E+001 0.00000000000000E+000 0.10000000000000E+001 0.19998984126056E+004 0.33476364024033E+000
 278 0.13302697758048E+001 0.21314371404956E-004 0.13169521883987E-005 0.98448480576700E-004 0.44430514394855E-001 0.11579435778468E-002 0.99402352535322E-001 0.12531619370198E-005 0.63483166932414E-021 0.30662017300091E-022 0.42801487904525E-020 0.18853558003036E-020 0.68837651327375E-003 0.12133813793872E+000 0.90657625061728E-011 0.86871824616215E-013 0.74396365038638E-021 -.41798026554721E-030 -.64355333286813E-035 -.99270776161684E-033 0.20749608191988E-009 0.14200558567740E-004 0.73284614129866E+000 0.27437890823514E-022 0.20001025229855E+004 0.32418427810144E-001 -.20557530232946E+003 0.44626161664613E-001 0.10132500000000E+006 0.16955567233762E-003 0.27828041584926E+002 0.10000000000000E+001 0.00000000000000E+000 0.10000000000000E+001 0.20001025229855E+004 0.30985742459681E+000
 279 0.13622680233433E+001 0.20993714511084E-004 0.12871674407960E-005 0.96964358939316E-004 0.44426600854856E-001 0.11494662636597E-002 0.99410445236875E-001 0.12479729175174E-005 0.60821681096924E-021 0.29385484662959E-022 0.41298833233610E-020 0.18327605359644E-020 0.67759372349698E-003 0.12135511574180E+000 0.87327806257042E-011 0.84358847093048E-013 0.70728115141273E-021 -.28097651733558E-029 -.11023918364429E-034 -.12364484896427E-032 0.20517384079571E-009 0.14370408713644E-004 0.73284591434280E+000 0.27402196163676E-022 0.20002905459323E+004 0.32418427810144E-001 -.20556998499586E+003 0.44626161664638E-001 0.10132500000000E+006 0.16954187972193E-003 0.27828393703195E+002 0.10000000000000E+001 0.00000000000000E+000 0.10000000000000E+001 0.20002905459323E+004 0.28713617666717E+000
 280 0.13940714637004E+001 0.20698536418588E-004 0.12599593496146E-005 0.95598531854194E-004 0.44423023645174E-001 0.11416020343553E-002 0.99417921197915E-001 0.12432644441662E-005 0.58437065566373E-021 0.28241610418738E-022 0.39943659525304E-020 0.17849892436565E-020 0.66766171149145E-003 0.12137075352383E+000 0.84329382781433E-011 0.82077865213207E-013 0.67469406161748E-021 -.16465105040389E-028 -.36404804120142E-034 -.15138717309984E-032 0.20302325837549E-009 0.14537139668551E-004 0.73284570024396E+000 0.27297113016723E-022 0.20004639261930E+004 0.32418427810144E-001 -.20556513557266E+003 0.44626161664663E-001 0.10132500000000E+006 0.16952916453373E-003 0.27828718563751E+002 0.10000000000000E+001 0.00000000000000E+000 0.10000000000000E+001 0.20004639261930E+004 0.26637228751323E+000
 281 0.14256682858189E+001 0.20426602199757E-004 0.12350728010942E-005 0.94340553014741E-004 0.44419749080011E-001 0.11343045697608E-002 0.99424831692177E-001 0.12389863178432E-005 0.56295014376460E-021 0.27213973143311E-022 0.38718860464880E-020 0.17415263629195E-020 0.65850616789330E-003 0.12138516874440E+000 0.81623253877819E-011 0.80003875076678E-013 0.64565294271410E-021 -.87569360885660E-028 -.14908549462043E-033 -.18299027523560E-032 0.20103109295353E-009 0.14700892827620E-004 0.73284549742933E+000 0.26970704234481E-022 0.20006239203367E+004 0.32418427810144E-001 -.20556070452823E+003 0.44626161664688E-001 0.10132500000000E+006 0.16951743379630E-003 0.27829018473883E+002 0.10000000000000E+001 0.00000000000000E+000 0.10000000000000E+001 0.20006239203367E+004 0.24737046052280E+000
 282 0.14570640981239E+001 0.20175766541219E-004 0.12122699957644E-005 0.93180410898294E-004 0.44416745595112E-001 0.11275276777776E-002 0.99431226706329E-001 0.12350921517308E-005 0.54365184934393E-021 0.26288045469756E-022 0.37609068797232E-020 0.17018996173076E-020 0.65005556913733E-003 0.12139847455538E+000 0.79174440132169E-011 0.78114019441811E-013 0.61968113397558E-021 -.42443922900531E-027 -.61043496922137E-033 -.21993120478461E-032 0.19918420499677E-009 0.14861886615106E-004 0.73284530426288E+000 0.26677450485385E-022 0.20007717441298E+004 0.32418427810144E-001 -.20555664569747E+003 0.44626161664714E-001 0.10132500000000E+006 0.16950659765352E-003 0.27829295669046E+002 0.10000000000000E+001 0.00000000000000E+000 0.10000000000000E+001 0.20007717441298E+004 0.22994889373974E+000
 283 0.14883063805934E+001 0.19943838249038E-004 0.11913175246997E-005 0.92107936696263E-004 0.44413983105597E-001 0.11212220535823E-002 0.99437157385108E-001 0.12315370838226E-005 0.52619798539225E-021 0.25450525948002E-022 0.36599958379736E-020 0.16656589255762E-020 0.64223793410869E-003 0.12141078382484E+000 0.76950481222572E-011 0.76386549883331E-013 0.59635194297062E-021 -.18746191323089E-026 -.23862505957329E-032 -.26568151038546E-032 0.19746864710777E-009 0.15020489905907E-004 0.73284512037206E+000 0.26549866582558E-022 0.20009086247830E+004 0.32418427810144E-001 -.20555291812542E+003 0.44626161664740E-001 0.10132500000000E+006 0.16949656571549E-003 0.27829552441809E+002 0.10000000000000E+001 0.00000000000000E+000 0.10000000000000E+001 0.20009086247830E+004 0.21393289964092E+000
 284 0.15194206333187E+001 0.19729051279534E-004 0.11720270110733E-005 0.91114922045664E-004 0.44411437332848E-001 0.11153480144814E-002 0.99442664860904E-001 0.12282847273541E-005 0.51036535859193E-021 0.24690726387648E-022 0.35679984619711E-020 0.16324405594720E-020 0.63499503519655E-003 0.12142218781482E+000 0.74925248313291E-011 0.74803903994619E-013 0.57532432648677E-021 -.75241198820065E-026 -.54039883243874E-032 -.31910388524357E-032 0.19587316606836E-009 0.15176941181900E-004 0.73284494551207E+000 0.26543243476635E-022 0.20010355516145E+004 0.32418427810144E-001 -.20554948948260E+003 0.44626161664766E-001 0.10132500000000E+006 0.16948726513220E-003 0.27829790643469E+002 0.10000000000000E+001 0.00000000000000E+000 0.10000000000000E+001 0.20010355516145E+004 0.19918049382497E+000
 285 0.15503968428458E+001 0.19530046479093E-004 0.11542515368724E-005 0.90195024636552E-004 0.44409088840683E-001 0.11098754533768E-002 0.99447780973226E-001 0.12253063854427E-005 0.49597746176373E-021 0.24000193383768E-022 0.34840022801702E-020 0.16019574177802E-020 0.62828135118078E-003 0.12143275840158E+000 0.73078092715067E-011 0.73352227824394E-013 0.55632886309800E-021 -.27317561719855E-025 -.95864901265542E-033 -.32356340144455E-032 0.19438918662179E-009 0.15331317614343E-004 0.73284477883153E+000 0.26658855202244E-022 0.20011532965893E+004 0.32418427810144E-001 -.20554633301083E+003 0.44626161664793E-001 0.10132500000000E+006 0.16947863895476E-003 0.27830011703829E+002 0.10000000000000E+001 0.00000000000000E+000 0.10000000000000E+001 0.20011532965893E+004 0.18557904364103E+000
 286 0.15812355354033E+001 0.19345520547837E-004 0.11378535988246E-005 0.89342186425443E-004 0.44406919568191E-001 0.11047747652819E-002 0.99452536501374E-001 0.12225754571962E-005 0.48287618081858E-021 0.23371353836963E-022 0.34071801508333E-020 0.15739455348091E-020 0.62205352768332E-003 0.12144256389345E+000 0.71390345665878E-011 0.72018792563968E-013 0.53912774171782E-021 -.89446535422678E-025 0.15501659937349E-031 0.57263328054808E-033 0.19300831188823E-009 0.15483735279162E-004 0.73284461967249E+000 0.26749753812500E-022 0.20012625993313E+004 0.32418427810144E-001 -.20554342372673E+003 0.44626161664820E-001 0.10132500000000E+006 0.16947063267596E-003 0.27830216996298E+002 0.10000000000000E+001 0.00000000000000E+000 0.10000000000000E+001 0.20012625993313E+004 0.17302477039703E+000
 287 0.16119357351728E+001 0.19174297326017E-004 0.11227105616022E-005 0.88550937687217E-004 0.44404913268951E-001 0.11000188158916E-002 0.99456959545462E-001 0.12200683425087E-005 0.47092403100421E-021 0.22797621895751E-022 0.33368069034896E-020 0.15481711489212E-020 0.61627224990632E-003 0.12145166636961E+000 0.69845670822826E-011 0.70792334604438E-013 0.52351634340957E-021 -.26413580832756E-024 0.55284464909673E-031 0.19591019425017E-032 0.19172286463073E-009 0.15634304112168E-004 0.73284446723337E+000 0.26644901931428E-022 0.20013641332535E+004 0.32418427810144E-001 -.20554073834895E+003 0.44626161664847E-001 0.10132500000000E+006 0.16946319665663E-003 0.27830407766404E+002 0.10000000000000E+001 0.00000000000000E+000 0.10000000000000E+001 0.20013641332535E+004 0.16142460448454E+000
 288 0.16425053921711E+001 0.19015263719348E-004 0.11087083785954E-005 0.87816097815300E-004 0.44403054637848E-001 0.10955812990608E-002 0.99461077101138E-001 0.12177633459579E-005 0.45999756179269E-021 0.22273082976436E-022 0.32722241977638E-020 0.15244190583223E-020 0.61090001229065E-003 0.12146012526224E+000 0.68429271284431E-011 0.69662492981071E-013 0.50931338638576E-021 -.70767222142306E-024 0.16272867273370E-030 0.57622074071642E-032 0.19052543995867E-009 0.15783179774821E-004 0.73284432047695E+000 0.26572645371348E-022 0.20014585433759E+004 0.32418427810144E-001 -.20553825466296E+003 0.44626161664874E-001 0.10132500000000E+006 0.16945628335546E-003 0.27830585203796E+002 0.10000000000000E+001 0.00000000000000E+000 0.10000000000000E+001 0.20014585433759E+004 0.15069114431839E+000
 289 0.16729990335448E+001 0.18867210458696E-004 0.10957276903284E-005 0.87132074399066E-004 0.44401328239304E-001 0.10914325766934E-002 0.99464918426177E-001 0.12156382891362E-005 0.44997621758689E-021 0.21791961418459E-022 0.32127783629099E-020 0.15024712805054E-020 0.60589684377793E-003 0.12146800325538E+000 0.67126495586304E-011 0.68618766413868E-013 0.49634545779949E-021 -.17445197947855E-023 0.41543069001980E-030 0.14725072987733E-031 0.18940775752540E-009 0.15930693331301E-004 0.73284417911831E+000 0.26554958569805E-022 0.20015465191370E+004 0.32418427810144E-001 -.20553595208494E+003 0.44626161664902E-001 0.10132500000000E+006 0.16944984213573E-003 0.27830750602468E+002 0.10000000000000E+001 0.00000000000000E+000 0.10000000000000E+001 0.20015465191370E+004 0.14073533748042E+000
 290 0.17034586075026E+001 0.18729135380971E-004 0.10836696971625E-005 0.86494229242532E-004 0.44399721423843E-001 0.10875480395488E-002 0.99468507640802E-001 0.12136747894275E-005 0.44076087575965E-021 0.21349509786078E-022 0.31579318908173E-020 0.14821483534836E-020 0.60122962154766E-003 0.12147535216076E+000 0.65925269902864E-011 0.67652477200457E-013 0.48447041549001E-021 -.40266858292086E-023 0.96214397615040E-030 0.34158171063561E-031 0.18836293374533E-009 0.16077095377138E-004 0.73284404311399E+000 0.26610239632938E-022 0.20016286296091E+004 0.32418427810144E-001 -.20553381451387E+003 0.44626161664930E-001 0.10132500000000E+006 0.16944383123969E-003 0.27830905036651E+002 0.10000000000000E+001 0.00000000000000E+000 0.10000000000000E+001 0.20016286296091E+004 0.13148317980508E+000
 291 0.17338860772882E+001 0.18600306438809E-004 0.10724608187891E-005 0.85899153715542E-004 0.44398224492430E-001 0.10839099854603E-002 0.99471862399254E-001 0.12118589479548E-005 0.43227566182613E-021 0.20942097213034E-022 0.31072779137757E-020 0.14633156424918E-020 0.59687361340704E-003 0.12148221103977E+000 0.64816370589505E-011 0.66757040245205E-013 0.47357874599115E-021 -.88433542519114E-023 0.21004035358239E-029 0.74689281240944E-031 0.18738599010583E-009 0.16222465182600E-004 0.73284391203064E+000 0.26716797255467E-022 0.20017052970748E+004 0.32418427810144E-001 -.20553182967434E+003 0.44626161664957E-001 0.10132500000000E+006 0.16943821963296E-003 0.27831049297453E+002 0.10000000000000E+001 0.00000000000000E+000 0.10000000000000E+001 0.20017052970748E+004 0.12287796433149E+000
 292 0.17642970742711E+001 0.18479999443795E-004 0.10620298419122E-005 0.85343492021444E-004 0.44396828297022E-001 0.10805005652254E-002 0.99475000024231E-001 0.12101774902535E-005 0.42445033327146E-021 0.20566368676520E-022 0.30604405651654E-020 0.14458480581968E-020 0.59280462080466E-003 0.12148861797721E+000 0.63791153135570E-011 0.65926198094478E-013 0.46356994142802E-021 -.18698850495566E-022 0.44341090264301E-029 0.15787499978438E-030 0.18647192642400E-009 0.16366927348332E-004 0.73284378569644E+000 0.26729534133417E-022 0.20017769340572E+004 0.32418427810144E-001 -.20552998792322E+003 0.44626161664985E-001 0.10132500000000E+006 0.16943297708879E-003 0.27831184170275E+002 0.10000000000000E+001 0.00000000000000E+000 0.10000000000000E+001 0.20017769340572E+004 0.11486592609064E+000
 293 0.17947144899143E+001 0.18367530470360E-004 0.10523105834127E-005 0.84824090280576E-004 0.44395524892063E-001 0.10773027341441E-002 0.99477936345198E-001 0.12086181647787E-005 0.41722212335961E-021 0.20219338947452E-022 0.30170909104159E-020 0.14296368884165E-020 0.58900023154043E-003 0.12149460792372E+000 0.62841787115073E-011 0.65154233169638E-013 0.45435423620476E-021 -.38256296743844E-022 0.91300696393540E-029 0.32535831045613E-030 0.18561596620938E-009 0.16510602828198E-004 0.73284366452904E+000 0.26933312274973E-022 0.20018439175901E+004 0.32418427810144E-001 -.20552828526727E+003 0.44626161665013E-001 0.10132500000000E+006 0.16942807614865E-003 0.27831310399442E+002 0.10000000000000E+001 0.00000000000000E+000 0.10000000000000E+001 0.20018439175901E+004 0.10739821501590E+000
 294 0.18251223094853E+001 0.18262395045740E-004 0.10432535094637E-005 0.84338625277151E-004 0.44394309058742E-001 0.10743041933198E-002 0.99480682020266E-001 0.12071715863258E-005 0.41054383826608E-021 0.19898787125709E-022 0.29770009268069E-020 0.14146105061209E-020 0.58544415109005E-003 0.12150020616113E+000 0.61962303667190E-011 0.64436835031478E-013 0.44586226998876E-021 -.75546725499680E-022 0.18224513283854E-028 0.64985032170243E-030 0.18481460933047E-009 0.16653412679698E-004 0.73284354936628E+000 0.27003847155853E-022 0.20019065091288E+004 0.32418427810144E-001 -.20552672763246E+003 0.44626161665040E-001 0.10132500000000E+006 0.16942349800803E-003 0.27831428542036E+002 0.10000000000000E+001 0.00000000000000E+000 0.10000000000000E+001 0.20019065091288E+004 0.10043857427482E+000
 295 0.18554556985349E+001 0.18164232086881E-004 0.10348225188598E-005 0.83885454635459E-004 0.44393178362610E-001 0.10714965602584E-002 0.99483242990465E-001 0.12058306175357E-005 0.40438099961792E-021 0.19603119192880E-022 0.29400274913352E-020 0.14007221046296E-020 0.58212542617179E-003 0.12150542936655E+000 0.61148256275592E-011 0.63770862084843E-013 0.43804106566864E-021 -.14287762108939E-021 0.34767826110282E-028 0.12404021503612E-029 0.18406538530852E-009 0.16795030683379E-004 0.73284344173316E+000 0.27115480718518E-022 0.20019648648551E+004 0.32418427810144E-001 -.20552533455982E+003 0.44626161665067E-001 0.10132500000000E+006 0.16941923186605E-003 0.27831539004909E+002 0.10000000000000E+001 0.00000000000000E+000 0.10000000000000E+001 0.20019648648551E+004 0.93962411440472E-001
 296 0.18855590948110E+001 0.18072861601610E-004 0.10269979356696E-005 0.83463792119753E-004 0.44392133751998E-001 0.10688765389198E-002 0.99485619424394E-001 0.12045907872857E-005 0.39870781379734E-021 0.19331049576951E-022 0.29060012463546E-020 0.13877125326883E-020 0.57903974584889E-003 0.12151028373044E+000 0.60396958622087E-011 0.63154560079202E-013 0.43085573019413E-021 -.25586084385916E-021 0.62211704208038E-028 0.22208707991988E-029 0.18336715166145E-009 0.16934735954293E-004 0.73284334364053E+000 0.27068293704570E-022 0.20020190120567E+004 0.32418427810144E-001 -.20552414190978E+003 0.44626161665092E-001 0.10132500000000E+006 0.16941527667065E-003 0.27831642003506E+002 0.10000000000000E+001 0.00000000000000E+000 0.10000000000000E+001 0.20020190120567E+004 0.87959310906765E-001
 297 0.19151306145413E+001 0.17988312507335E-004 0.10197781679715E-005 0.83073801006380E-004 0.44391178919367E-001 0.10664466066962E-002 0.99487806019575E-001 0.12034505882660E-005 0.39338554635675E-021 0.19073067518075E-022 0.28720919476624E-020 0.13691075051675E-020 0.57618922765583E-003 0.12151476642100E+000 0.59707490881835E-011 0.62587567184583E-013 0.42428801241764E-021 -.42830897231744E-021 0.10217355824220E-027 0.36521674730527E-029 0.18272029488849E-009 0.17071308046452E-004 0.73284325596664E+000 0.26908995873266E-022 0.20020688592110E+004 0.32418427810144E-001 -.20552319807891E+003 0.44626161665113E-001 0.10132500000000E+006 0.16941164015482E-003 0.27831737544181E+002 0.10000000000000E+001 0.00000000000000E+000 0.10000000000000E+001 0.20020688592110E+004 0.82431338362560E-001
 298 0.19438566135207E+001 0.17910358377084E-004 0.10131397745469E-005 0.82714434102689E-004 0.44390314155572E-001 0.10642016028594E-002 0.99489805039650E-001 0.12024052221220E-005 0.38608529533424E-021 0.18664675260452E-022 0.27870783525695E-020 0.11885776659621E-020 0.57356613630723E-003 0.12151889193589E+000 0.59076812615326E-011 0.62067709732449E-013 0.41827749026218E-021 -.66476098461009E-021 0.15151571916643E-027 0.54462580499903E-029 0.18212317575415E-009 0.17203713029685E-004 0.73284317689112E+000 0.26782694095078E-022 0.20021144912943E+004 0.32418427810144E-001 -.20552255281026E+003 0.44626161665128E-001 0.10132500000000E+006 0.16940831704178E-003 0.27831825949056E+002 0.10000000000000E+001 0.00000000000000E+000 0.10000000000000E+001 0.20021144912943E+004 0.77359898471956E-001
 299 0.19719865527451E+001 0.17837129502582E-004 0.10069225484785E-005 0.82377251366880E-004 0.44389524459914E-001 0.10620898678190E-002 0.99491659548586E-001 0.12014282277774E-005 0.37764329415095E-021 0.18165739453996E-022 0.26625980943570E-020 -.29286676485191E-020 0.57111240807367E-003 0.12152275088965E+000 0.58489491701118E-011 0.61582622411197E-013 0.41267699287858E-021 -.96091476877150E-021 0.20306054590443E-027 0.72962174676554E-029 0.18156169271146E-009 0.17333225392200E-004 0.73284310668145E+000 0.26620449796283E-022 0.20021568875253E+004 0.32418427810144E-001 -.20552224376729E+003 0.44626161665134E-001 0.10132500000000E+006 0.16940523713022E-003 0.27831909303677E+002 0.10000000000000E+001 0.00000000000000E+000 0.10000000000000E+001 0.20021568875253E+004 0.72637488629109E-001
 300 0.20000000000000E+001 0.17766045121194E-004 0.10009080190312E-005 0.82050613161519E-004 0.44388784861070E-001 0.10600392804161E-002 0.99493434855943E-001 0.12004842752892E-005 0.40301905032509E-021 0.20062515231251E-022 0.33142579221424E-020 -.23486559244158E-019 0.56874731815592E-003 0.12152646689751E+000 0.57924999856198E-011 0.61115609242607E-013 0.40767801641781E-021 -.13020832142937E-020 0.25021591597046E-027 0.93079652270953E-029 0.18101634549353E-009 0.17461960273281E-004 0.73284304658918E+000 0.26614553336587E-022 0.20021974898062E+004 0.32418427810144E-001 -.20552224376729E+003 0.44626161665134E-001 0.10132500000000E+006 0.16940229526766E-003 0.27831990380484E+002 0.10000000000000E+001 0.00000000000000E+000 0.10000000000000E+001 0.20021974898062E+004 0.68128599973339E-001
