[CHEM1D_DATAFILE_VERSION]
 4

[NUMBER_OF_GRIDPOINTS]
         300
[MOLE_OR_MASS_FRACTIONS]
 MASS
[NUMBER_OF_SPECIES]
          23
[NUMBER_OF_VARIABLES]
          35

[TIME]
0.000000000000000E+00
[INLET]
Phi =  1.00, Tinlet =  300.00 K, Pinlet =  101325.00 Pa.
[COMMENT]
Adiabatic flame, Stationary solution, Mixture averaged diffusion, Detailed chemistry,  No radiation model.
 No heat exchanger model.
[USER_COMMENT]
-                                                      

[FILE_STRUCTURE_COLUMNS_CONTAINING]
 i x(i) H2               H                O                O2               OH               H2O              HO2              CH2              CH2(S)           CH3              CH4              CO               CO2              HCO              CH2O             CH3O             C2H4             C2H5             C2H6             N                NO               N2               AR               Temp             Massflow         Enthalpy         MixFrac          Press            Density          MeanMass         Surface          Stretch          Porosity         Tsolid           HeatRel         
   1 -.50000000000000E+000 0.00000000000000E+000 0.00000000000000E+000 0.00000000000000E+000 0.22006809830394E+000 0.00000000000000E+000 0.20651695205320E-034 0.00000000000000E+000 0.00000000000000E+000 0.00000000000000E+000 0.00000000000000E+000 0.55167226685657E-001 0.00000000000000E+000 0.00000000000000E+000 0.00000000000000E+000 0.00000000000000E+000 0.00000000000000E+000 0.00000000000000E+000 0.00000000000000E+000 0.00000000000000E+000 0.00000000000000E+000 0.00000000000000E+000 0.72476467501040E+000 0.00000000000000E+000 0.30000000000000E+003 0.43367742494133E-001 -.25449566524433E+003 0.55167226685657E-001 0.10132500000000E+006 0.11225205508488E-002 0.27633355113122E+002 0.10000000000000E+001 0.00000000000000E+000 0.10000000000000E+001 0.30000000000000E+003 -.59115127334118E-032
   2 -.44482031913205E+000 0.10057847539252E-012 -.28333474428112E-039 0.32837726750120E-031 0.22006809830358E+000 0.22024304171229E-034 0.10051583738781E-025 0.88498571214356E-029 -.87572807553822E-042 -.40146617570664E-043 0.31112760236178E-030 0.55167226685559E-001 0.50561834892293E-027 0.10222199840120E-028 -.49651498444750E-042 0.62897252314531E-030 -.69384418159810E-039 0.34249409355600E-030 -.29798798227741E-035 0.20578617165924E-030 -.77247265925339E-035 0.32698610034074E-032 0.72476467501076E+000 0.31404225163609E-031 0.29999999999980E+003 0.43367742494133E-001 -.25449566524410E+003 0.55167226685657E-001 0.10132500000000E+006 0.11225205508482E-002 0.27633355113088E+002 0.10000000000000E+001 0.00000000000000E+000 0.10000000000000E+001 0.29999999999980E+003 0.17576178790413E-029
   3 -.38965482313239E+000 0.15512208567316E-011 -.12138804903646E-037 0.15770413644228E-029 0.22006809829845E+000 0.10175002669648E-032 0.30990930766650E-024 0.29459947373736E-027 -.27415966526932E-040 -.12568295030854E-041 0.96267980713198E-029 0.55167226684159E-001 0.16846284876998E-025 0.40453067428281E-027 -.15586231532141E-040 0.25024256420313E-028 -.72354011999041E-036 0.13402352158148E-028 -.94665763219582E-034 0.84931136617313E-029 -.15082338604732E-033 0.92260979781326E-031 0.72476467501584E+000 0.17656616203781E-028 0.29999999999691E+003 0.43367742494133E-001 -.25449566524066E+003 0.55167226685657E-001 0.10132500000000E+006 0.11225205508387E-002 0.27633355112589E+002 0.10000000000000E+001 0.00000000000000E+000 0.10000000000000E+001 0.29999999999691E+003 0.74452951430500E-028
   4 -.33453521409588E+000 0.22424892621297E-010 -.46498898613874E-036 0.11568442488235E-026 0.22006809822490E+000 0.72140045912651E-030 0.47914592675299E-023 0.49038546320331E-026 -.43107135426228E-039 -.19761922185650E-040 0.18104956443980E-027 0.55167226664098E-001 0.28064544992705E-024 0.79761708746124E-026 -.25486843552555E-039 0.49612173906624E-027 -.18943957049598E-033 0.26140199309127E-027 -.15091688386421E-032 0.17456649520915E-027 -.14184134063632E-032 0.13796839558849E-029 0.72476467508858E+000 0.17556025856408E-027 0.29999999995550E+003 0.43367742494133E-001 -.25449566519150E+003 0.55167226685656E-001 0.10132500000000E+006 0.11225205507020E-002 0.27633355105409E+002 0.10000000000000E+001 0.00000000000000E+000 0.10000000000000E+001 0.29999999995550E+003 0.43381046630119E-025
   5 -.27955708690613E+000 0.32062312636735E-009 -.26781482632682E-034 0.14706588673565E-023 0.22006809719128E+000 0.90693273849048E-027 0.50861183625174E-022 0.55866810469061E-025 -.46747700426629E-038 -.21437113850154E-039 0.44607081122994E-025 0.55167226381517E-001 0.31992146485784E-023 0.10755497681794E-024 -.39689954380056E-038 0.67352744718581E-026 -.23332765769946E-031 0.34876078086783E-026 -.16511406913335E-031 0.24540831256198E-026 -.86131290932340E-032 0.14797172314334E-028 0.72476467610658E+000 0.34347242784384E-027 0.29999999936957E+003 0.43367742494133E-001 -.25449566450177E+003 0.55167226685656E-001 0.10132500000000E+006 0.11225205487272E-002 0.27633355002824E+002 0.10000000000000E+001 0.00000000000000E+000 0.10000000000000E+001 0.29999999936957E+003 0.54141287340495E-022
   6 -.22504488127243E+000 0.44804562700879E-008 -.30422463108643E-031 0.17283268708455E-020 0.22006808349780E+000 0.10670637885714E-023 0.14172581974871E-020 0.60409285901391E-024 -.64718608153691E-037 -.29811799942844E-038 0.49739656327651E-022 0.55167222613951E-001 0.34060512592005E-022 0.11821607558813E-023 -.63369364594067E-036 0.89702273864942E-025 -.33916541687084E-029 0.41761256724550E-025 -.21706058325879E-030 0.29845159883603E-025 0.59563452425091E-031 0.15916541336919E-027 0.72476468940780E+000 0.40866847849385E-026 0.29999999147656E+003 0.43367742494133E-001 -.25449565538856E+003 0.55167226685653E-001 0.10132500000000E+006 0.11225205200843E-002 0.27633353570681E+002 0.10000000000000E+001 0.00000000000000E+000 0.10000000000000E+001 0.29999999147656E+003 0.63714948597328E-019
   7 -.17200429475797E+000 0.58304298464452E-007 -.18017286345493E-027 0.15545955973682E-017 0.22006792847832E+000 0.98689333533335E-021 0.22342388868008E-015 0.27975110230088E-021 -.22485533659396E-032 -.11551701518612E-033 0.46893012022966E-019 0.55167179462091E-001 0.11023966319532E-019 0.56504135523357E-022 -.10855820760313E-031 0.15261569874973E-022 0.31870680199667E-027 0.30852698395167E-023 -.27578877511203E-028 0.20810690760536E-023 0.28426079451813E-027 0.70233096012057E-026 0.72476483375529E+000 0.89254176564379E-026 0.29999989956076E+003 0.43367742494133E-001 -.25449555248954E+003 0.55167226685646E-001 0.10132500000000E+006 0.11225201097002E-002 0.27633335001688E+002 0.10000000000000E+001 0.00000000000000E+000 0.10000000000000E+001 0.29999989956076E+003 0.59325482985138E-016
   8 -.12281366216946E+000 0.63015946025533E-006 -.52995728181947E-024 0.72754254703818E-015 0.22006666002033E+000 0.82998094054625E-018 0.72512608827897E-011 0.10729368553873E-014 -.11253478732736E-026 -.57571736581852E-028 0.34178116568211E-015 0.55166821197329E-001 0.53583675863414E-013 -.22309893515255E-017 -.17570895898455E-026 -.93064473893822E-019 -.12980806257763E-019 -.19432678355036E-018 -.17344999343711E-025 -.19617002333302E-019 0.52320581174455E-024 0.24466329251739E-018 0.72476588861558E+000 0.25184297023858E-026 0.29999912165795E+003 0.43367742494133E-001 -.25449471114812E+003 0.55167226685633E-001 0.10132500000000E+006 0.11225149756641E-002 0.27633136962751E+002 0.10000000000000E+001 0.00000000000000E+000 0.10000000000000E+001 0.29999912165795E+003 0.55542718824752E-013
   9 -.81276398444332E-001 0.47192442672128E-005 0.21936988885618E-021 0.10798919979598E-012 0.22006056206811E+000 0.14962920981518E-014 0.15690726614043E-007 0.13274271291024E-010 -.45745325517115E-022 -.23583164079672E-023 0.11397003274165E-011 0.55164945113897E-001 0.69083955522098E-009 0.87894874901686E-012 -.87472444373053E-022 0.70144888117802E-013 -.18272988376527E-015 0.75966183674480E-013 0.43955289356150E-021 0.87076119175668E-014 0.22138932028251E-021 0.36649580222230E-014 0.72476975717659E+000 0.14740786927844E-025 0.29999516337686E+003 0.43367742494133E-001 -.25449036749619E+003 0.55167226685612E-001 0.10132500000000E+006 0.11224720985918E-002 0.27631716864546E+002 0.10000000000000E+001 0.00000000000000E+000 0.10000000000000E+001 0.29999516337686E+003 0.11225613786397E-009
  10 -.50852275133603E-001 0.20776925328873E-004 0.50768556242535E-018 0.37844969961306E-011 0.22004902513838E+000 0.96261386368539E-012 0.25498090285869E-005 0.47803793375094E-008 -.23475518507585E-019 -.13212355767377E-020 0.23276413672098E-009 0.55153846894787E-001 0.25302799193189E-006 0.62029434610650E-008 -.31237987734513E-018 0.57397599641094E-009 0.60285614993122E-012 0.40368725492135E-009 0.97071383754206E-016 0.23575967996832E-009 0.15942567745587E-019 0.14251559399011E-011 0.72477353576820E+000 -.12771839986024E-025 0.30000428925687E+003 0.43367742494133E-001 -.25446361702281E+003 0.55167226685590E-001 0.10132500000000E+006 0.11222147550599E-002 0.27626222246427E+002 0.10000000000000E+001 0.00000000000000E+000 0.10000000000000E+001 0.30000428925687E+003 0.10325181266429E-006
  11 -.32041460032013E-001 0.52311327265784E-004 0.14010796709504E-015 0.33825126056659E-010 0.22005884866321E+000 0.99600506058072E-010 0.52746052252181E-004 0.14662609027722E-006 0.24847969670697E-016 0.12785793065176E-017 0.52568923639511E-008 0.55065988855344E-001 0.78289731334729E-005 0.61727549614187E-006 0.92866605685506E-016 0.59580859517910E-007 0.28663991115800E-009 0.36716116620918E-007 0.93940468752904E-013 0.33550348635016E-007 0.22160940059107E-018 0.45358397876113E-010 0.72476137665747E+000 -.97247361317269E-024 0.30050379091904E+003 0.43367742494133E-001 -.25422525066196E+003 0.55167226685570E-001 0.10132500000000E+006 0.11199435014600E-002 0.27616213519190E+002 0.10000000000000E+001 0.00000000000000E+000 0.10000000000000E+001 0.30050379091904E+003 0.24274633661232E-004
  12 -.22015401266016E-001 0.85914602393690E-004 0.47611078390045E-014 0.11323346339963E-009 0.22007936472632E+000 0.15008138071379E-008 0.26492042966335E-003 0.89844474879359E-006 0.18645630198527E-014 0.97132436821946E-016 0.26574763447968E-007 0.54792973759725E-001 0.48319930492066E-004 0.66665477963247E-005 0.13722234936084E-013 0.64868148085663E-006 0.80001809518871E-008 0.38066740217113E-006 0.49532483501782E-011 0.42505841262014E-006 0.91116246649855E-018 0.28390966529996E-009 0.72471945067369E+000 -.61372104736461E-023 0.30289755328677E+003 0.43367742494133E-001 -.25343708511270E+003 0.55167226685556E-001 0.10132500000000E+006 0.11107177203900E-002 0.27606892784330E+002 0.10000000000000E+001 0.00000000000000E+000 0.10000000000000E+001 0.30289755328677E+003 0.63689417135766E-003
  13 -.16955425347724E-001 0.11063225436311E-003 0.32619322038197E-013 0.22060234464017E-009 0.22004422919839E+000 0.55758481411545E-008 0.59826443410329E-003 0.22408316849514E-005 0.15375557615425E-013 0.81371148495693E-015 0.60084265523950E-007 0.54432054216242E-001 0.12132852111087E-003 0.22169634459605E-004 0.16384468209872E-012 0.21478432767464E-005 0.43228057779890E-007 0.12405972530451E-005 0.40609123760246E-010 0.15304963430462E-005 0.18634995468388E-017 0.71790522337626E-009 0.72466405210528E+000 -.15888602799646E-022 0.30687724445303E+003 0.43367742494133E-001 -.25236903996525E+003 0.55167226685549E-001 0.10132500000000E+006 0.10960620243445E-002 0.27600559087646E+002 0.10000000000000E+001 0.00000000000000E+000 0.10000000000000E+001 0.30687724445303E+003 0.35033691141335E-002
  14 -.14151201452324E-001 0.12745619452433E-003 0.98451208971298E-013 0.33041494882990E-009 0.21996101033487E+000 0.11057028464323E-007 0.93626647814442E-003 0.37032971754414E-005 0.47553085842241E-013 0.25562143268386E-014 0.95409814400406E-007 0.54104113188276E-001 0.20156206479219E-003 0.43012901846072E-004 0.61913395326718E-012 0.41438018761755E-005 0.10778452450627E-006 0.23805407226464E-005 0.12754689042013E-009 0.31039995937020E-005 0.27682242511439E-017 0.11972196641506E-008 0.72461303129086E+000 -.26851276404165E-022 0.31104270103724E+003 0.43367742494133E-001 -.25139040630684E+003 0.55167226685545E-001 0.10132500000000E+006 0.10812108540445E-002 0.27596148552771E+002 0.10000000000000E+001 0.00000000000000E+000 0.10000000000000E+001 0.31104270103724E+003 0.90132781859996E-002
  15 -.12292495924096E-001 0.14011265583507E-003 0.20886012938873E-012 0.44020277273500E-009 0.21985197620962E+000 0.17132488477681E-007 0.12558835589607E-002 0.51483695058272E-005 0.99311000915906E-013 0.54167820722216E-014 0.13076544339526E-006 0.53816224689187E-001 0.28138266343775E-003 0.66475590620587E-004 0.14649465805451E-011 0.63709926756088E-005 0.19475865648187E-006 0.36528843347987E-005 0.26781263501013E-009 0.49401162272714E-005 0.35956805982215E-017 0.16754650788040E-008 0.72456748722775E+000 -.37782588960638E-022 0.31506143596918E+003 0.43367742494133E-001 -.25052835156675E+003 0.55167226685543E-001 0.10132500000000E+006 0.10672824932478E-002 0.27592604530078E+002 0.10000000000000E+001 0.00000000000000E+000 0.10000000000000E+001 0.31506143596918E+003 0.16799155142076E-001
  16 -.10870326420547E-001 0.15072676020438E-003 0.37661655371117E-012 0.55539336653727E-009 0.21972322370178E+000 0.23787386091715E-007 0.15684343187936E-002 0.66063431501912E-005 0.17391503196097E-012 0.96199113039201E-014 0.16761159712420E-006 0.53550097035282E-001 0.36236885005618E-003 0.92437854309924E-004 0.28022277934156E-011 0.88160864314901E-005 0.30358122438513E-006 0.50526096164184E-005 0.46848881297778E-009 0.70249800907031E-005 0.43899039537053E-017 0.21616596678600E-008 0.72452471329118E+000 -.48632594839016E-022 0.31904939432935E+003 0.43367742494133E-001 -.24972956387393E+003 0.55167226685541E-001 0.10132500000000E+006 0.10538196431103E-002 0.27589401331782E+002 0.10000000000000E+001 0.00000000000000E+000 0.10000000000000E+001 0.31904939432935E+003 0.26974951678506E-001
  17 -.96899850211620E-002 0.16021706087167E-003 0.62163156371200E-012 0.68043816559409E-009 0.21957576965387E+000 0.31128923699544E-007 0.18822626755706E-002 0.81071736898648E-005 0.27693079345757E-012 0.15531366260273E-013 0.20722289139818E-006 0.53295034890310E-001 0.44614681861984E-003 0.12118107246078E-003 0.47701817863104E-011 0.11502997817237E-004 0.43600817009113E-006 0.65954314829075E-005 0.74178514185448E-009 0.93811849524304E-005 0.51789218474279E-017 0.26653730471634E-008 0.72448312258709E+000 -.59900557565404E-022 0.32310171824828E+003 0.43367742494133E-001 -.24896213767504E+003 0.55167226685539E-001 0.10132500000000E+006 0.10404862607155E-002 0.27586314312478E+002 0.10000000000000E+001 0.00000000000000E+000 0.10000000000000E+001 0.32310171824828E+003 0.39881108924778E-001
  18 -.86652005003587E-002 0.16900426991516E-003 0.97073365736691E-012 0.81860209899414E-009 0.21940990501377E+000 0.39249724381252E-007 0.22013063752054E-002 0.96656155864612E-005 0.41542891170885E-012 0.23622105853561E-013 0.25050009539534E-006 0.53046038348301E-001 0.53352932002134E-003 0.15290384799288E-003 0.75381914469975E-011 0.14447084180394E-004 0.59394719490418E-006 0.82921270227428E-005 0.11024013629567E-008 0.12027435023618E-004 0.59767710390833E-017 0.31913974845364E-008 0.72444199174462E+000 -.70566529637537E-022 0.32726404278692E+003 0.43367742494133E-001 -.24821084953648E+003 0.55167226685538E-001 0.10132500000000E+006 0.10271383415870E-002 0.27583241057008E+002 0.10000000000000E+001 0.00000000000000E+000 0.10000000000000E+001 0.32726404278692E+003 0.55913279281928E-001
  19 -.77509083463604E-002 0.17730841586756E-003 0.14593353648239E-011 0.97264764441982E-009 0.21922589647596E+000 0.48228307576753E-007 0.25272976658911E-002 0.11288129809482E-004 0.59794518281213E-012 0.34472093768788E-013 0.29816341655348E-006 0.52800698729988E-001 0.62487723726126E-003 0.18772290685169E-003 0.11304495741275E-010 0.17655648190602E-004 0.77909781831865E-006 0.10148911757530E-004 0.15669533409001E-008 0.14976850687365E-004 0.67909339995864E-017 0.37418507799368E-008 0.72440099724335E+000 -.81320077512171E-022 0.33155627826293E+003 0.43367742494133E-001 -.24746810483339E+003 0.55167226685536E-001 0.10132500000000E+006 0.10137269194569E-002 0.27580129308596E+002 0.10000000000000E+001 0.00000000000000E+000 0.10000000000000E+001 0.33155627826293E+003 0.75493469837152E-001
  20 -.69203366938048E-002 0.18525904533212E-003 0.21346530075221E-011 0.11452157259495E-008 0.21902405532128E+000 0.58137802834532E-007 0.28609440848142E-002 0.12977242401610E-004 0.83467619660501E-012 0.48787881943020E-013 0.35086306300935E-006 0.52557776291412E-001 0.72033340894643E-003 0.22570637009825E-003 0.16298300932673E-010 0.21131282065831E-004 0.99292885214419E-006 0.12169357276400E-004 0.21540338928709E-008 0.18238917597562E-004 0.76259364631892E-017 0.43175568234897E-008 0.72435999911293E+000 -.91106634935198E-022 0.33598620033785E+003 0.43367742494133E-001 -.24672975751254E+003 0.55167226685535E-001 0.10132500000000E+006 0.10002457796648E-002 0.27576949936846E+002 0.10000000000000E+001 0.00000000000000E+000 0.10000000000000E+001 0.33598620033785E+003 0.99071267824824E-001
  21 -.61559286060224E-002 0.19294077855962E-003 0.30612940154462E-011 0.13390454507184E-008 0.21880469257584E+000 0.69052664459637E-007 0.32025103145148E-002 0.14733855239941E-004 0.11377982066508E-011 0.67428622281618E-013 0.40924003546706E-006 0.52316557290659E-001 0.81994819795764E-003 0.26690010759767E-003 0.22784150094130E-010 0.24874421447973E-004 0.12367320899342E-005 0.14355850980249E-004 0.28845465713057E-008 0.21821366194688E-004 0.84850556180289E-017 0.49187914411316E-008 0.72431894104679E+000 -.10272066045860E-021 0.34055635632723E+003 0.43367742494133E-001 -.24599321686185E+003 0.55167226685534E-001 0.10132500000000E+006 0.98670598415303E-003 0.27573685347802E+002 0.10000000000000E+001 0.00000000000000E+000 0.10000000000000E+001 0.34055635632723E+003 0.12713467355609E+000
  22 -.54453472823911E-002 0.20041328515190E-003 0.43307654025681E-011 0.15570993176556E-008 0.21856809168488E+000 0.81052170547573E-007 0.35520699661555E-002 0.16558262001371E-004 0.15218478546028E-011 0.91437397157279E-013 0.47395634677897E-006 0.52076580076843E-001 0.92373501752789E-003 0.31134091383827E-003 0.31067312626811E-010 0.28884601457511E-004 0.15116595825141E-005 0.16710316625229E-004 0.37821105003355E-008 0.25731164971001E-004 0.93710749546661E-017 0.55456126921409E-008 0.72427780712061E+000 -.11488652604065E-021 0.34526707586269E+003 0.43367742494133E-001 -.24525664274081E+003 0.55167226685533E-001 0.10132500000000E+006 0.97312503362317E-003 0.27570324280729E+002 0.10000000000000E+001 0.00000000000000E+000 0.10000000000000E+001 0.34526707586269E+003 0.16022243555652E+000
  23 -.47795076598251E-002 0.20772083791624E-003 0.60774833374027E-011 0.18026429617360E-008 0.21831450412063E+000 0.94222102288420E-007 0.39096075526765E-002 0.18450545060997E-004 0.20041555582750E-011 0.12207757574209E-012 0.54570994800723E-006 0.51837518277940E-001 0.10316920571924E-002 0.35906158869256E-003 0.41499804017373E-010 0.33160935747933E-004 0.18187367449475E-005 0.19234490532600E-004 0.48734858915411E-008 0.29974908536304E-004 0.10286617622742E-016 0.61979898468832E-008 0.72423660309246E+000 -.12850551853390E-021 0.35011767392323E+003 0.43367742494133E-001 -.24451860445990E+003 0.55167226685533E-001 0.10132500000000E+006 0.95952256591398E-003 0.27566859326320E+002 0.10000000000000E+001 0.00000000000000E+000 0.10000000000000E+001 0.35011767392323E+003 0.19893755103206E+000
  24 -.41514889080853E-002 0.21489746326280E-003 0.85050366894485E-011 0.20793094139514E-008 0.21804415285361E+000 0.10865586458893E-006 0.42750629533609E-002 0.20410735331821E-004 0.26053482899007E-011 0.16087547756698E-012 0.62524357410582E-006 0.51599125384206E-001 0.11438111178382E-002 0.41009284121134E-003 0.54487213341560E-010 0.37702293141841E-004 0.21588642804255E-005 0.21930024075262E-004 0.61890363394003E-008 0.34558962034774E-004 0.11234315887103E-016 0.68758556154000E-008 0.72419534739825E+000 -.14250739053284E-021 0.35510696251774E+003 0.43367742494133E-001 -.24377792003614E+003 0.55167226685532E-001 0.10132500000000E+006 0.94591853401259E-003 0.27563285604830E+002 0.10000000000000E+001 0.00000000000000E+000 0.10000000000000E+001 0.35510696251774E+003 0.24396404099132E+000
  25 -.35558803563575E-002 0.22196999573456E-003 0.11927601532302E-010 0.23911602843567E-008 0.21775723746657E+000 0.12445555057815E-006 0.46483526495779E-002 0.22438877404347E-004 0.33499400859749E-011 0.20967081995013E-012 0.71335111281369E-006 0.51361205462217E-001 0.12600814170820E-002 0.46446399370539E-003 0.70496571743657E-010 0.42507360798746E-004 0.25328153294363E-005 0.24798520529612E-004 0.77632416277100E-008 0.39489511990369E-004 0.12216913136527E-016 0.75791284966125E-008 0.72415406630288E+000 -.15782889153737E-021 0.36023348720148E+003 0.43367742494133E-001 -.24303357166523E+003 0.55167226685531E-001 0.10132500000000E+006 0.93233237418991E-003 0.27559599992665E+002 0.10000000000000E+001 0.00000000000000E+000 0.10000000000000E+001 0.36023348720148E+003 0.29608853009032E+000
  26 -.29883608767223E-002 0.22896005032800E-003 0.16832388314059E-010 0.27427509672716E-008 0.21745393761081E+000 0.14173321552578E-006 0.50293823715405E-002 0.24535061438470E-004 0.42670344606690E-011 0.27067690876940E-012 0.81088334748581E-006 0.51123595242573E-001 0.13804918259968E-002 0.52220348074391E-003 0.90065608796544E-010 0.47574686483365E-004 0.29412323046074E-005 0.27841560070068E-004 0.96352788962182E-008 0.44772603936568E-004 0.13237340616597E-016 0.83077259144932E-008 0.72411279086003E+000 -.17296394869623E-021 0.36549566793809E+003 0.43367742494133E-001 -.24228465378887E+003 0.55167226685530E-001 0.10132500000000E+006 0.91878254783664E-003 0.27555800619593E+002 0.10000000000000E+001 0.00000000000000E+000 0.10000000000000E+001 0.36549566793809E+003 0.35622776283051E+000
  27 -.24454129628669E-002 0.23588540584922E-003 0.23969640382993E-010 0.31392057570955E-008 0.21713441266394E+000 0.16061255133875E-006 0.54180581188870E-002 0.26699451762889E-004 0.53911725466479E-011 0.34655331326466E-012 0.91875439783863E-006 0.50886150817325E-001 0.15050332817634E-002 0.58333975534666E-003 0.11381391148078E-009 0.52902754195739E-004 0.33846272122682E-005 0.31060745591075E-004 0.11849698070765E-007 0.50414220666105E-004 0.14298790337004E-016 0.90615785824969E-008 0.72407155459650E+000 -.18796699520286E-021 0.37089193129319E+003 0.43367742494133E-001 -.24153033357708E+003 0.55167226685530E-001 0.10132500000000E+006 0.90528618413853E-003 0.27551886494961E+002 0.10000000000000E+001 0.00000000000000E+000 0.10000000000000E+001 0.37089193129319E+003 0.42546273598383E+000
  28 -.19241206420060E-002 0.24276103487885E-003 0.34476860765757E-010 0.35863076767090E-008 0.21679879722701E+000 0.18123106286974E-006 0.58142977326334E-002 0.28932320440428E-004 0.67633699286890E-011 0.44049456936510E-012 0.10379496807703E-005 0.50648736482915E-001 0.16337019021040E-002 0.64790280795360E-003 0.14245662261352E-009 0.58490109292158E-004 0.38633871685038E-005 0.34457780275764E-004 0.14457219477375E-007 0.56420421425831E-004 0.15404793177193E-016 0.98406492272216E-008 0.72403039154485E+000 -.20333650625085E-021 0.37642086036641E+003 0.43367742494133E-001 -.24076981640073E+003 0.55167226685529E-001 0.10132500000000E+006 0.89185874960687E-003 0.27547857198367E+002 0.10000000000000E+001 0.00000000000000E+000 0.10000000000000E+001 0.37642086036641E+003 0.50507936623493E+000
  29 -.14219862764045E-002 0.24960040606336E-003 0.50044978553534E-010 0.40906470545228E-008 0.21644716636660E+000 0.20374453499713E-006 0.62180734046124E-002 0.31234257953099E-004 0.84325320849706E-011 0.55634891954907E-012 0.11695461617961E-005 0.50411197371925E-001 0.17665127851285E-002 0.71593145882041E-003 0.17682422295890E-009 0.64335972591578E-004 0.43778247318986E-005 0.38034848251487E-004 0.17515927149530E-007 0.62798029847520E-004 0.16559393439133E-016 0.10645016114277E-007 0.72398933149533E+000 -.22033627917833E-021 0.38208178753099E+003 0.43367742494133E-001 -.24000225680552E+003 0.55167226685529E-001 0.10132500000000E+006 0.87851275984452E-003 0.27543712295426E+002 0.10000000000000E+001 0.00000000000000E+000 0.10000000000000E+001 0.38208178753099E+003 0.59662214255193E+000
  30 -.93654417209669E-003 0.25642015741787E-003 0.73148695531805E-010 0.46601378576383E-008 0.21607929537221E+000 0.22834638024633E-006 0.66296740398930E-002 0.33607668880210E-004 0.10458506633645E-010 0.69885808990760E-012 0.13148205844289E-005 0.50173209189390E-001 0.19035886061634E-002 0.78752090586672E-003 0.21791302056542E-009 0.70444251187058E-004 0.49285449027223E-005 0.41797109274867E-004 0.21094892620126E-007 0.69559165492753E-004 0.17768002399450E-016 0.11475409870338E-007 0.72394837428969E+000 -.23616257600509E-021 0.38787850838240E+003 0.43367742494133E-001 -.23922626147620E+003 0.55167226685528E-001 0.10132500000000E+006 0.86524970324841E-003 0.27539448476974E+002 0.10000000000000E+001 0.00000000000000E+000 0.10000000000000E+001 0.38787850838240E+003 0.70201724768693E+000
  31 -.46440537216040E-003 0.26325410428567E-003 0.10743341643113E-009 0.53057984469805E-008 0.21569381431128E+000 0.25533532780773E-006 0.70505839475798E-002 0.36061974397414E-004 0.12920993856569E-010 0.87433161913542E-012 0.14756511428018E-005 0.49933794491491E-001 0.20454634892491E-002 0.86299076633242E-003 0.26704649040746E-009 0.76837547764840E-004 0.55177874434649E-005 0.45761516403709E-004 0.25286614674534E-007 0.76737459565424E-004 0.19040295797929E-016 0.12335055421172E-007 0.72390740830199E+000 -.25233938765214E-021 0.39383182475498E+003 0.43367742494133E-001 -.23843825929965E+003 0.55167226685528E-001 0.10132500000000E+006 0.85203414808507E-003 0.27535050116739E+002 0.10000000000000E+001 0.00000000000000E+000 0.10000000000000E+001 0.39383182475498E+003 0.82394263178677E+000
  32 0.00000000000000E+000 0.27017424508932E-003 0.15849722558216E-009 0.60455326550331E-008 0.21528674678458E+000 0.28524930610079E-006 0.74848971783618E-002 0.38622313432376E-004 0.15939814113560E-010 0.10921982383889E-011 0.16553326639469E-005 0.49690583705369E-001 0.21935912736794E-002 0.94318106894510E-003 0.32624114541333E-009 0.83581267739874E-004 0.61518655102339E-005 0.49972337569020E-004 0.30234823958065E-007 0.84417195259114E-004 0.20395406030424E-016 0.13232754431607E-007 0.72386609016761E+000 -.26925880872752E-021 0.40000000000000E+003 0.43367742494133E-001 -.23762991877946E+003 0.55167226685527E-001 0.10132500000000E+006 0.83875598249028E-003 0.27530473747833E+002 0.10000000000000E+001 0.00000000000000E+000 0.10000000000000E+001 0.40000000000000E+003 0.96662271530519E+000
  33 0.43530902506362E-003 0.27684321352754E-003 0.22977884543018E-009 0.68504783977269E-008 0.21487896644346E+000 0.31675523883205E-006 0.79106898347327E-002 0.41158839711622E-004 0.19444151711051E-010 0.13481484204243E-011 0.18457947942738E-005 0.49455591816081E-001 0.23404646257139E-002 0.10240105647384E-002 0.39372205891031E-009 0.90329306346051E-004 0.67976122225393E-005 0.54215487190361E-004 0.35765800485097E-007 0.92208612080018E-004 0.21769747133995E-016 0.14122994152200E-007 0.72382650371060E+000 -.28659707773004E-021 0.40607045394232E+003 0.43367742494133E-001 -.23684119125734E+003 0.55167226685527E-001 0.10132500000000E+006 0.82608150511636E-003 0.27525952281737E+002 0.10000000000000E+001 0.00000000000000E+000 0.10000000000000E+001 0.40607045394232E+003 0.11253069463544E+001
  34 0.86594926388994E-003 0.28361770995982E-003 0.33257615024493E-009 0.77716290620042E-008 0.21444961262015E+000 0.35167782661908E-006 0.83500577551172E-002 0.43802353001165E-004 0.23711359678454E-010 0.16634468717074E-011 0.20579535060055E-005 0.49216384213151E-001 0.24936777371868E-002 0.11096418998362E-002 0.47439550304328E-009 0.97426326457616E-004 0.74872760058637E-005 0.58709720576633E-004 0.42250246442237E-007 0.10051401958396E-003 0.23239794640176E-016 0.15051789405274E-007 0.72378659283163E+000 -.30747605863259E-021 0.41235710541764E+003 0.43367742494133E-001 -.23603027342056E+003 0.55167226685526E-001 0.10132500000000E+006 0.81334847476980E-003 0.27521252931165E+002 0.10000000000000E+001 0.00000000000000E+000 0.10000000000000E+001 0.41235710541764E+003 0.13109132140859E+001
  35 0.12887836817591E-002 0.29044382310214E-003 0.47800181306869E-009 0.88179958100353E-008 0.21400201792603E+000 0.39010121988637E-006 0.87993301329427E-002 0.46531292750726E-004 0.28863733578410E-010 0.20484497643094E-011 0.22921830720648E-005 0.48974935603917E-001 0.26520296618005E-002 0.11994706615613E-002 0.56996183000773E-009 0.10481600481952E-003 0.82151396623088E-005 0.63423474398525E-004 0.49780699746063E-007 0.10927890453572E-003 0.24802546581040E-016 0.16011853670834E-007 0.72374674940076E+000 -.32742914141417E-021 0.41880773228044E+003 0.43367742494133E-001 -.23520334323657E+003 0.55167226685526E-001 0.10132500000000E+006 0.80068021060413E-003 0.27516414867139E+002 0.10000000000000E+001 0.00000000000000E+000 0.10000000000000E+001 0.41880773228044E+003 0.15264630136153E+001
  36 0.17025528448295E-002 0.29729360794518E-003 0.67996500348018E-009 0.10001683058436E-007 0.21353821328877E+000 0.43220995996971E-006 0.92563850559832E-002 0.49332350969574E-004 0.35050597312455E-010 0.25157973420170E-011 0.25493604951124E-005 0.48732297875233E-001 0.28148187682074E-002 0.12931390174505E-002 0.68250020828829E-009 0.11246350875892E-003 0.89771150952641E-005 0.68338152068193E-004 0.58470306762734E-007 0.11847135321348E-003 0.26459911994307E-016 0.16998924460301E-007 0.72370720146491E+000 -.34283576520789E-021 0.42539167980681E+003 0.43367742494133E-001 -.23436365254600E+003 0.55167226685525E-001 0.10132500000000E+006 0.78814588259195E-003 0.27511461685579E+002 0.10000000000000E+001 0.00000000000000E+000 0.10000000000000E+001 0.42539167980681E+003 0.17756266784804E+001
  37 0.21072316241116E-002 0.30415795324176E-003 0.95574166733883E-009 0.11338472659762E-007 0.21305913502702E+000 0.47829295643906E-006 0.97203005352634E-002 0.52198717454708E-004 0.42456324927111E-010 0.30810909275480E-011 0.28309035320692E-005 0.48488844302749E-001 0.29817461954864E-002 0.13905014150390E-002 0.81457977634687E-009 0.12035198440920E-003 0.97705680451334E-005 0.73446300085342E-004 0.68457877043174E-007 0.12807941823265E-003 0.28218269030021E-016 0.18011180358957E-007 0.72366805876309E+000 -.36517744890221E-021 0.43209523294685E+003 0.43367742494133E-001 -.23351223447896E+003 0.55167226685525E-001 0.10132500000000E+006 0.77577590855313E-003 0.27506404565820E+002 0.10000000000000E+001 0.00000000000000E+000 0.10000000000000E+001 0.43209523294685E+003 0.20628178715287E+001
  38 0.25032911674021E-002 0.31103618626689E-003 0.13264374977113E-008 0.12847404082487E-007 0.21256517540402E+000 0.52871149421364E-006 0.10190726882583E-001 0.55126441132157E-004 0.51303556043513E-010 0.37632313516638E-011 0.31385824479408E-005 0.48244635272767E-001 0.31527091075115E-002 0.14915186007504E-002 0.96927531403657E-009 0.12847341286922E-003 0.10593501070497E-004 0.78746034731787E-004 0.79904965880741E-007 0.13810118427023E-003 0.30086841039833E-016 0.19047988714840E-007 0.72362937652694E+000 -.38663901438010E-021 0.43891280445146E+003 0.43367742494133E-001 -.23264908448685E+003 0.55167226685525E-001 0.10132500000000E+006 0.76358273508268E-003 0.27501248712296E+002 0.10000000000000E+001 0.00000000000000E+000 0.10000000000000E+001 0.43891280445146E+003 0.23930649835720E+001
  39 0.28913043952307E-002 0.31793002043931E-003 0.18173621118900E-008 0.14550424438239E-007 0.21205654616673E+000 0.58387310239285E-006 0.10667500537787E-001 0.58112103198859E-004 0.61856146358416E-010 0.45847404845288E-011 0.34743644059884E-005 0.47999633478350E-001 0.33276687782827E-002 0.15961861240638E-002 0.11501774137450E-008 0.13682259844022E-003 0.11443980495407E-004 0.84237285033740E-004 0.92992394701192E-007 0.14853790200381E-003 0.32076623650872E-016 0.20109106198075E-007 0.72359119210176E+000 -.41173302564681E-021 0.44584144734099E+003 0.43367742494133E-001 -.23177387629391E+003 0.55167226685524E-001 0.10132500000000E+006 0.75157266396613E-003 0.27495997412300E+002 0.10000000000000E+001 0.00000000000000E+000 0.10000000000000E+001 0.44584144734099E+003 0.27718663646397E+001
  40 0.32718175959602E-002 0.32484142147397E-003 0.24583674964185E-008 0.16472415483971E-007 0.21153341782520E+000 0.64421972632063E-006 0.11150501759046E-001 0.61151926842882E-004 0.74423880560113E-010 0.55722224989101E-011 0.38403470161013E-005 0.47753781176644E-001 0.35066009517680E-002 0.17045066404780E-002 0.13614325681051E-008 0.14539487792949E-003 0.12319909722495E-004 0.89920336023420E-004 0.10791876070027E-006 0.15939128382524E-003 0.34200045370653E-016 0.21194377920111E-007 0.72355353783896E+000 -.43682009687961E-021 0.45287882032247E+003 0.43367742494133E-001 -.23088622353075E+003 0.55167226685524E-001 0.10132500000000E+006 0.73975002965992E-003 0.27490653541857E+002 0.10000000000000E+001 0.00000000000000E+000 0.10000000000000E+001 0.45287882032247E+003 0.32051018777583E+001
  41 0.36453236120871E-002 0.33177206665447E-003 0.32841540909759E-008 0.18641445301067E-007 0.21099595963844E+000 0.71022268825599E-006 0.11639615287432E-001 0.64241517177678E-004 0.89368592480801E-010 0.67569438122017E-011 0.42387370788103E-005 0.47507020978398E-001 0.36894818240363E-002 0.18164818881112E-002 0.16078041873745E-008 0.15418547372127E-003 0.13218962593831E-004 0.95795404786901E-004 0.12490002477980E-006 0.17066269702747E-003 0.36470972347240E-016 0.22303652486468E-007 0.72351644446865E+000 -.46351624921041E-021 0.46002262347423E+003 0.43367742494133E-001 -.22998575127510E+003 0.55167226685523E-001 0.10132500000000E+006 0.72811832958952E-003 0.27485219976887E+002 0.10000000000000E+001 0.00000000000000E+000 0.10000000000000E+001 0.46002262347423E+003 0.36989777455538E+001
  42 0.40122620129236E-002 0.33872325567247E-003 0.43345316174947E-008 0.21089121336601E-007 0.21044434956060E+000 0.78237932234642E-006 0.12134721194511E-001 0.67375800541016E-004 0.10711117949053E-009 0.81754952493749E-011 0.46718436748200E-005 0.47259300446833E-001 0.38762846438997E-002 0.19321106653481E-002 0.18947442675987E-008 0.16318934382699E-003 0.14138567629841E-004 0.10186253161125E-003 0.14416930165862E-006 0.18235294072008E-003 0.38904830629889E-016 0.23436761431010E-007 0.72347994178607E+000 -.49239457756581E-021 0.46727046733469E+003 0.43367742494133E-001 -.22907211226830E+003 0.55167226685523E-001 0.10132500000000E+006 0.71668049672907E-003 0.27479699681060E+002 0.10000000000000E+001 0.00000000000000E+000 0.10000000000000E+001 0.46727046733469E+003 0.42599828238243E+001
  43 0.43730275962810E-002 0.34569598395160E-003 0.56546370472091E-008 0.23851023825084E-007 0.20987877175026E+000 0.86121017736631E-006 0.12635697359142E-001 0.70549053108676E-004 0.12813945873524E-009 0.98705338685389E-011 0.51420786770157E-005 0.47010570742396E-001 0.40669805806388E-002 0.20513893558030E-002 0.22284742489386E-008 0.17240123675671E-003 0.15075915096527E-004 0.10812160504319E-003 0.16597668504316E-006 0.19446227595971E-003 0.41518794255273E-016 0.24593524531668E-007 0.72344405841064E+000 -.51935919485270E-021 0.47461991105068E+003 0.43367742494133E-001 -.22814498190210E+003 0.55167226685523E-001 0.10132500000000E+006 0.70543887658666E-003 0.27474095667113E+002 0.10000000000000E+001 0.00000000000000E+000 0.10000000000000E+001 0.47461991105068E+003 0.48948541243930E+001
  44 0.47279780520432E-002 0.35269101860680E-003 0.72951054466099E-008 0.26967193742207E-007 0.20929941298777E+000 0.94725580079232E-006 0.13142422642296E-001 0.73754950515182E-004 0.15301670752714E-009 0.11891592446672E-010 0.56519583184942E-005 0.46760785012466E-001 0.42615399186562E-002 0.21743126984228E-002 0.26160722969831E-008 0.18181576417552E-003 0.16027967973151E-004 0.11457240013610E-003 0.19058888020138E-006 0.20699048191331E-003 0.44332001593404E-016 0.25773757112653E-007 0.72340882153704E+000 -.55062926496833E-021 0.48206851138961E+003 0.43367742494133E-001 -.22720405195658E+003 0.55167226685522E-001 0.10132500000000E+006 0.69439519836929E-003 0.27468410950945E+002 0.10000000000000E+001 0.00000000000000E+000 0.10000000000000E+001 0.48206851138961E+003 0.56105467886074E+001
  45 0.50774378941123E-002 0.35970891588903E-003 0.93121820207159E-008 0.30482651472716E-007 0.20870646324497E+000 0.10410724299406E-005 0.13654776225069E-001 0.76986608453184E-004 0.18239066172971E-009 0.14295937661816E-010 0.62041013845417E-005 0.46509898732647E-001 0.44599318281219E-002 0.23008736902574E-002 0.30655637379530E-008 0.19142740595350E-003 0.16991468120021E-004 0.12121457154975E-003 0.21828842803288E-006 0.21993682452259E-003 0.47365778247418E-016 0.26977268710537E-007 0.72337425698785E+000 -.57630235117192E-021 0.48961381575207E+003 0.43367742494133E-001 -.22624903146797E+003 0.55167226685522E-001 0.10132500000000E+006 0.68355063694213E-003 0.27462648549527E+002 0.10000000000000E+001 0.00000000000000E+000 0.10000000000000E+001 0.48961381575207E+003 0.64142031776416E+001
  46 0.54217102682106E-002 0.36675020967498E-003 0.11767846216453E-007 0.34448064844867E-007 0.20810010117222E+000 0.11432297606870E-005 0.14172649779514E-001 0.80236717428939E-004 0.21700393358899E-009 0.17149555060008E-010 0.68012421455036E-005 0.46257863812031E-001 0.46621291567822E-002 0.24310667270337E-002 0.35860297382395E-008 0.20123075917494E-003 0.17962968769845E-004 0.12804781699277E-003 0.24937343811007E-006 0.23330035741852E-003 0.50643969307492E-016 0.28203892201601E-007 0.72334038843763E+000 -.60041983780297E-021 0.49725354451663E+003 0.43367742494133E-001 -.22527962357501E+003 0.55167226685522E-001 0.10132500000000E+006 0.67290561044483E-003 0.27456811335242E+002 0.10000000000000E+001 0.00000000000000E+000 0.10000000000000E+001 0.49725354451663E+003 0.73131476992086E+001
  47 0.57610944271322E-002 0.37381574463802E-003 0.14730028630596E-007 0.38920638482412E-007 0.20748046496861E+000 0.12543119898832E-005 0.14695971101554E-001 0.83497756935680E-004 0.25770672132307E-009 0.20528335565415E-010 0.74462636718032E-005 0.46004617361069E-001 0.48681179849595E-002 0.25648940146552E-002 0.41877461525541E-008 0.21122101865744E-003 0.18938889668146E-004 0.13507221283556E-003 0.28415834351866E-006 0.24708056577131E-003 0.54193416831649E-016 0.29453541829418E-007 0.72330723607645E+000 -.62480538657919E-021 0.50498594447967E+003 0.43367742494133E-001 -.22429548012576E+003 0.55167226685522E-001 0.10132500000000E+006 0.66245939328018E-003 0.27450901760260E+002 0.10000000000000E+001 0.00000000000000E+000 0.10000000000000E+001 0.50498594447967E+003 0.83149209340836E+001
  48 0.60958783994781E-002 0.38090651666407E-003 0.18272704370358E-007 0.43964863039842E-007 0.20684766459996E+000 0.13749126366609E-005 0.15224691930452E-001 0.86761987850330E-004 0.30546869898399E-009 0.24519206423984E-010 0.81421954526568E-005 0.45750087954992E-001 0.50778933535737E-002 0.27023631884273E-002 0.48823056008854E-008 0.22139378484603E-003 0.19915504615614E-004 0.14228808865708E-003 0.32297277308672E-006 0.26127711048610E-003 0.58044285536124E-016 0.30726187354723E-007 0.72327481772256E+000 -.64746618902928E-021 0.51280961446683E+003 0.43367742494133E-001 -.22329622276983E+003 0.55167226685521E-001 0.10132500000000E+006 0.65221048892467E-003 0.27444921985569E+002 0.10000000000000E+001 0.00000000000000E+000 0.10000000000000E+001 0.51280961446683E+003 0.94272676691213E+001
  49 0.64263061932211E-002 0.38802294319912E-003 0.22475563251833E-007 0.49652812220120E-007 0.20620184781214E+000 0.15056174913578E-005 0.15758732386908E-001 0.90021187567571E-004 0.36138639739796E-009 0.29220886387201E-010 0.88921441169326E-005 0.45494222359421E-001 0.52914373354478E-002 0.28434730470762E-002 0.56826738385537E-008 0.23174401293270E-003 0.20888851298766E-004 0.14969527816467E-003 0.36615626217723E-006 0.27588833238498E-003 0.62230064196577E-016 0.32021721083078E-007 0.72324315231221E+000 -.66722974842820E-021 0.52072268525795E+003 0.43367742494133E-001 -.22228154726814E+003 0.55167226685521E-001 0.10132500000000E+006 0.64215775636779E-003 0.27438874504999E+002 0.10000000000000E+001 0.00000000000000E+000 0.10000000000000E+001 0.52072268525795E+003 0.10658014023730E+002
  50 0.67525630963815E-002 0.39516446310803E-003 0.27423467916378E-007 0.56064402261791E-007 0.20554324199170E+000 0.16469881667696E-005 0.16297948413996E-001 0.93266553373140E-004 0.42668908344105E-009 0.34744500249640E-010 0.96992300389910E-005 0.45237000582210E-001 0.55087053823208E-002 0.29882041071856E-002 0.66032311374847E-008 0.24226536656872E-003 0.21854693546324E-004 0.15729262346750E-003 0.41405238452968E-006 0.29091023412583E-003 0.66787625155082E-016 0.33339875087273E-007 0.72321226142540E+000 -.69164854826308E-021 0.52872233453208E+003 0.43367742494133E-001 -.22125128720418E+003 0.55167226685521E-001 0.10132500000000E+006 0.63230093591073E-003 0.27432762513163E+002 0.10000000000000E+001 0.00000000000000E+000 0.10000000000000E+001 0.52872233453208E+003 0.12014937713640E+002
  51 0.70747941535907E-002 0.40232985103516E-003 0.33206128383056E-007 0.63288110430389E-007 0.20487213174231E+000 0.17995573468376E-005 0.16842152794405E-001 0.96488950191639E-004 0.50274832979097E-009 0.41214488493192E-010 0.10566590881540E-004 0.44978425272420E-001 0.57296339314106E-002 0.31365230885162E-002 0.76598730245013E-008 0.25295060747517E-003 0.22808590460433E-004 0.16507821123481E-003 0.46700626254994E-006 0.30633690387909E-003 0.71757677454012E-016 0.34680267401963E-007 0.72318216752383E+000 -.71046226038314E-021 0.53680509566234E+003 0.43367742494133E-001 -.22020537691788E+003 0.55167226685520E-001 0.10132500000000E+006 0.62264014210606E-003 0.27426589665744E+002 0.10000000000000E+001 0.00000000000000E+000 0.10000000000000E+001 0.53680509566234E+003 0.13505741621900E+002
  52 0.73931293874090E-002 0.40951772576774E-003 0.39918021965581E-007 0.71422041738754E-007 0.20418881481802E+000 0.19638310577383E-005 0.17391152091213E-001 0.99679248584366E-004 0.59109118717249E-009 0.48769813496348E-010 0.11497422162648E-004 0.44718503974937E-001 0.59541549572384E-002 0.32883923924358E-002 0.88701642612716E-008 0.26379232146776E-003 0.23745995578048E-004 0.17304987161013E-003 0.52536445868566E-006 0.32216147197276E-003 0.77185470699269E-016 0.36042490357814E-007 0.72315289162092E+000 -.72664742089488E-021 0.54496740659348E+003 0.43367742494133E-001 -.21914378256948E+003 0.55167226685520E-001 0.10132500000000E+006 0.61317516328382E-003 0.27420359656357E+002 0.10000000000000E+001 0.00000000000000E+000 0.10000000000000E+001 0.54496740659348E+003 0.15138096587043E+002
  53 0.77076983892714E-002 0.41672686572614E-003 0.47658386771840E-007 0.80575073549486E-007 0.20349357237650E+000 0.21402910715856E-005 0.17944770154440E-001 0.10282856499139E-003 0.69341471265438E-009 0.57565275165627E-010 0.12495014562553E-004 0.44457238134163E-001 0.61822056442119E-002 0.34437767013541E-002 0.10253512094252E-007 0.27478340306865E-003 0.24662328936248E-004 0.18120552644990E-003 0.58947509757831E-006 0.33837678122122E-003 0.83121547297661E-016 0.37426169318753E-007 0.72312445207409E+000 -.73464543861806E-021 0.55320596234242E+003 0.43367742494133E-001 -.21806645701394E+003 0.55167226685520E-001 0.10132500000000E+006 0.60390509916911E-003 0.27414075944562E+002 0.10000000000000E+001 0.00000000000000E+000 0.10000000000000E+001 0.55320596234242E+003 0.16919688253423E+002
  54 0.80186365432537E-002 0.42395635753372E-003 0.56531245143475E-007 0.90868035204422E-007 0.20278665312805E+000 0.23293966481611E-005 0.18502859511037E-001 0.10592841276077E-003 0.81160153855558E-009 0.67772907210004E-010 0.13562783647948E-004 0.44194617967946E-001 0.64137334274151E-002 0.36026466673516E-002 0.11831354347764E-007 0.28591730920049E-003 0.25553024498467E-004 0.18954338501776E-003 0.65968790141551E-006 0.35497575957613E-003 0.89622534113262E-016 0.38830993322338E-007 0.72309686424041E+000 -.74212734071303E-021 0.56151788848519E+003 0.43367742494133E-001 -.21697331671226E+003 0.55167226685520E-001 0.10132500000000E+006 0.59482825864338E-003 0.27407741622056E+002 0.10000000000000E+001 0.00000000000000E+000 0.10000000000000E+001 0.56151788848519E+003 0.18858256646324E+002
  55 0.83260863386357E-002 0.43120563922280E-003 0.66645439442852E-007 0.10243491856129E-006 0.20206826694702E+000 0.25315858037866E-005 0.19065304896219E-001 0.10897079217137E-003 0.94773656207464E-009 0.79583457950227E-010 0.14704293387161E-004 0.43930621044317E-001 0.66486979256224E-002 0.37649805720720E-002 0.13627363594188E-007 0.29718815593414E-003 0.26413561711654E-004 0.19806203329393E-003 0.73635415220128E-006 0.37195158142264E-003 0.96751994289472E-016 0.40256726869324E-007 0.72307014062588E+000 -.73979885269180E-021 0.56990079757414E+003 0.43367742494133E-001 -.21586423316976E+003 0.55167226685519E-001 0.10132500000000E+006 0.58594220499153E-003 0.27401359369530E+002 0.10000000000000E+001 0.00000000000000E+000 0.10000000000000E+001 0.56990079757414E+003 0.20961627379495E+002
  56 0.86301957108535E-002 0.43847447315346E-003 0.78114650320112E-007 0.11542409879797E-006 0.20133858541225E+000 0.27472760606555E-005 0.19632021364254E-001 0.11194823752742E-003 0.11041246867578E-008 0.93207946186351E-010 0.15923273411812E-004 0.43665213338829E-001 0.68870706314349E-002 0.39307644523212E-002 0.15667666503779E-007 0.30859070117231E-003 0.27239487199435E-004 0.20676044276547E-003 0.81982651924760E-006 0.38929766595984E-003 0.10458135022217E-015 0.41703208109936E-007 0.72304429131018E+000 -.73093464671148E-021 0.57835276409734E+003 0.43367742494133E-001 -.21473903472293E+003 0.55167226685519E-001 0.10132500000000E+006 0.57724388406793E-003 0.27394931476620E+002 0.10000000000000E+001 0.00000000000000E+000 0.10000000000000E+001 0.57835276409734E+003 0.23237731992298E+002
  57 0.89311155644942E-002 0.44576289451943E-003 0.91057402989271E-007 0.12999958066734E-006 0.20059774520371E+000 0.29768653148242E-005 0.20202950401373E-001 0.11485384401424E-003 0.12833100270546E-008 0.10887932418543E-009 0.17223633710066E-004 0.43398351141552E-001 0.71288337041307E-002 0.40999915644256E-002 0.17981083553514E-007 0.32012027924610E-003 0.28026433865686E-004 0.21563794446771E-003 0.91045896271091E-006 0.40700760254315E-003 0.11319091185851E-015 0.43170341591254E-007 0.72301932442757E+000 -.72266798227239E-021 0.58687226874824E+003 0.43367742494133E-001 -.21359751233781E+003 0.55167226685519E-001 0.10132500000000E+006 0.56872976813981E-003 0.27388459885811E+002 0.10000000000000E+001 0.00000000000000E+000 0.10000000000000E+001 0.58687226874824E+003 0.25694622856743E+002
  58 0.92289941117392E-002 0.45307107549228E-003 0.10559689566442E-006 0.14634208582666E-006 0.19984586073451E+000 0.32207304207405E-005 0.20778049266298E-001 0.11768125438768E-003 0.14880945887513E-008 0.12685406907983E-009 0.18609463030648E-004 0.43129986044422E-001 0.73739757865193E-002 0.42726596945587E-002 0.20599363010852E-007 0.33177258994040E-003 0.28770133038787E-004 0.22469408996082E-003 0.10086057286213E-005 0.42507484657199E-003 0.12267092867156E-015 0.44658072949632E-007 0.72299524687375E+000 -.71903924565779E-021 0.59545804072459E+003 0.43367742494133E-001 -.21243943932174E+003 0.55167226685519E-001 0.10132500000000E+006 0.56039607886614E-003 0.27381946313963E+002 0.10000000000000E+001 0.00000000000000E+000 0.10000000000000E+001 0.59545804072459E+003 0.28340456158921E+002
  59 0.95239659387615E-002 0.46039904633293E-003 0.12186036072013E-006 0.16464964871605E-006 0.19908305282760E+000 0.34792201823667E-005 0.21357268722628E-001 0.12042459294303E-003 0.17215523212382E-008 0.14741333170234E-009 0.20084991413438E-004 0.42860075250677E-001 0.76224826367151E-002 0.44487646610772E-002 0.23557357830856E-007 0.34354324143286E-003 0.29466419145292E-004 0.23392831266704E-003 0.11146179257281E-005 0.44349201423909E-003 0.13312251406085E-015 0.46166332131533E-007 0.72297206534235E+000 -.72019730110478E-021 0.60410872571533E+003 0.43367742494133E-001 -.21126461554904E+003 0.55167226685519E-001 0.10132500000000E+006 0.55223913911370E-003 0.27375392505259E+002 0.10000000000000E+001 0.00000000000000E+000 0.10000000000000E+001 0.60410872571533E+003 0.31183403838202E+002
  60 0.98161446665882E-002 0.46774648725290E-003 0.13997821302770E-006 0.18513797058204E-006 0.19830947190980E+000 0.37526488471982E-005 0.21940535857383E-001 0.12307843862390E-003 0.19870417019127E-008 0.17086390821111E-009 0.21654549905904E-004 0.42588589433068E-001 0.78743295903945E-002 0.46282948829178E-002 0.26893187477364E-007 0.35542738513185E-003 0.30111253968047E-004 0.24333964546405E-003 0.12288399353597E-005 0.46225029026051E-003 0.14465863161684E-015 0.47694987704914E-007 0.72294978692478E+000 -.72598126645047E-021 0.61282262900009E+003 0.43367742494133E-001 -.21007290323190E+003 0.55167226685518E-001 0.10132500000000E+006 0.54425560008769E-003 0.27368800425360E+002 0.10000000000000E+001 0.00000000000000E+000 0.10000000000000E+001 0.61282262900009E+003 0.34231556862085E+002
  61 0.10105631947684E-001 0.47511292571437E-003 0.16008397885109E-006 0.20804160644446E-006 0.19752527920092E+000 0.40413043477261E-005 0.22527768926963E-001 0.12563794794527E-003 0.22882316061486E-008 0.19754033964796E-009 0.23322608643277E-004 0.42315505684103E-001 0.81294877050258E-002 0.48112356046730E-002 0.30648566422937E-007 0.36741999778231E-003 0.30700794729824E-004 0.25292694470930E-003 0.13516117686402E-005 0.48133984885412E-003 0.15740576238476E-015 0.49243884202245E-007 0.72292841839001E+000 -.72723803572647E-021 0.62159793697176E+003 0.43367742494133E-001 -.20886419810619E+003 0.55167226685518E-001 0.10132500000000E+006 0.53644220988419E-003 0.27362172092573E+002 0.10000000000000E+001 0.00000000000000E+000 0.10000000000000E+001 0.62159793697176E+003 0.37492982033609E+002
  62 0.10392536676659E-001 0.48249821490804E-003 0.18231535884801E-006 0.23361640954189E-006 0.19673059602380E+000 0.43454716535325E-005 0.23118915207100E-001 0.12809904790033E-003 0.26291481050263E-008 0.22780883717722E-009 0.25093898779714E-004 0.42040789844901E-001 0.83879402395792E-002 0.49975807538027E-002 0.34869382130136E-007 0.37951663677107E-003 0.31231475194644E-004 0.26268951355261E-003 0.14832782753143E-005 0.50075106875151E-003 0.17150647037622E-015 0.50812942229931E-007 0.72290796485398E+000 -.73554953682808E-021 0.63043328302518E+003 0.43367742494133E-001 -.20763835143426E+003 0.55167226685518E-001 0.10132500000000E+006 0.52879532451068E-003 0.27355509150921E+002 0.10000000000000E+001 0.00000000000000E+000 0.10000000000000E+001 0.63043328302518E+003 0.40975952349848E+002
  63 0.10676981276868E-001 0.48990270754739E-003 0.20681507830635E-006 0.26214177333086E-006 0.19592548314424E+000 0.46654494602313E-005 0.23713965263477E-001 0.13045848516178E-003 0.30142245565275E-008 0.26207147832037E-009 0.26973495793978E-004 0.41764389838319E-001 0.86496893372047E-002 0.51873380683725E-002 0.39606292557065E-007 0.39171371636700E-003 0.31700045502418E-004 0.27262737129686E-003 0.16241962801304E-005 0.52047503419096E-003 0.18712207778281E-015 0.52402199162380E-007 0.72288842960515E+000 -.73538937738234E-021 0.63932796125328E+003 0.43367742494133E-001 -.20639513799866E+003 0.55167226685518E-001 0.10132500000000E+006 0.52131079192178E-003 0.27348812712431E+002 0.10000000000000E+001 0.00000000000000E+000 0.10000000000000E+001 0.63932796125328E+003 0.44689113912596E+002
  64 0.10959088368983E-001 0.49732692044382E-003 0.23373024165120E-006 0.29392117087742E-006 0.19510997525264E+000 0.50015465740390E-005 0.24312926383934E-001 0.13271370041870E-003 0.34483347997052E-008 0.30076885694006E-009 0.28966782083022E-004 0.41486247933151E-001 0.89147447966146E-002 0.53805212768907E-002 0.44915094816732E-007 0.40400794175123E-003 0.32103575812936E-004 0.28274084388016E-003 0.17747330729113E-005 0.54050268038322E-003 0.20443471288161E-015 0.54011741116221E-007 0.72286981530500E+000 -.73764860286359E-021 0.64828152914525E+003 0.43367742494133E-001 -.20513430905695E+003 0.55167226685518E-001 0.10132500000000E+006 0.51398435193231E-003 0.27342083660176E+002 0.10000000000000E+001 0.00000000000000E+000 0.10000000000000E+001 0.64828152914525E+003 0.48641421930951E+002
  65 0.11238965954280E-001 0.50477113581027E-003 0.26321088007151E-006 0.32928164319978E-006 0.19428412479533E+000 0.53540721523344E-005 0.24915790248859E-001 0.13486270816525E-003 0.39368176482486E-008 0.34438188937097E-009 0.31079365733992E-004 0.41206315633611E-001 0.91831098389962E-002 0.55771397978593E-002 0.50856969948312E-007 0.41639561518731E-003 0.32439474120450E-004 0.29303002496463E-003 0.19352616226158E-005 0.56082368906951E-003 0.22364916956962E-015 0.55641616644928E-007 0.72285212506621E+000 -.74255037118508E-021 0.65729332362546E+003 0.43367742494133E-001 -.20385566006626E+003 0.55167226685517E-001 0.10132500000000E+006 0.50681204337973E-003 0.27335323013367E+002 0.10000000000000E+001 0.00000000000000E+000 0.10000000000000E+001 0.65729332362546E+003 0.52841993748819E+002
  66 0.11516702693851E-001 0.51223525053990E-003 0.29540880695594E-006 0.36857343568518E-006 0.19344802047318E+000 0.57233343456174E-005 0.25522520094320E-001 0.13690407383926E-003 0.44855097498725E-008 0.39343429324083E-009 0.33317039423838E-004 0.40924559521252E-001 0.94547751195409E-002 0.57771942028079E-002 0.57498807205349E-007 0.42887233743317E-003 0.32705533858086E-004 0.30349453937187E-003 0.21061589131333E-005 0.58142599599228E-003 0.24499526362642E-015 0.57291800449737E-007 0.72283536267338E+000 -.75038517963322E-021 0.66636226852681E+003 0.43367742494133E-001 -.20255905971786E+003 0.55167226685517E-001 0.10132500000000E+006 0.49979032395545E-003 0.27328532070383E+002 0.10000000000000E+001 0.00000000000000E+000 0.10000000000000E+001 0.66636226852681E+003 0.57300048667132E+002
  67 0.11792365726379E-001 0.51971868777337E-003 0.33047638888206E-006 0.41216926491492E-006 0.19260179953991E+000 0.61096410017630E-005 0.26133042745103E-001 0.13883691599547E-003 0.51007809884586E-008 0.44849522058575E-009 0.35685742581501E-004 0.40640964874603E-001 0.97297147452370E-002 0.59806730446104E-002 0.64913526069203E-007 0.44143280949235E-003 0.32899991249221E-004 0.31413337823167E-003 0.22878047619723E-005 0.60229545303832E-003 0.26873042184680E-015 0.58962169239618E-007 0.72281953255578E+000 -.76675922535100E-021 0.67548675520903E+003 0.43367742494133E-001 -.20124446978991E+003 0.55167226685517E-001 0.10132500000000E+006 0.49291611445567E-003 0.27321712495333E+002 0.10000000000000E+001 0.00000000000000E+000 0.10000000000000E+001 0.67548675520903E+003 0.62024865974673E+002
  68 0.12066000803581E-001 0.52722036982819E-003 0.36856534739814E-006 0.46046329157355E-006 0.19174565351467E+000 0.65133031342595E-005 0.26747245578026E-001 0.14066092593179E-003 0.57895744002940E-008 0.51018222094250E-009 0.38191531319918E-004 0.40355537047149E-001 0.10007884418431E-001 0.61875511970157E-002 0.73180410040052E-007 0.45407073878502E-003 0.33021586861177E-004 0.32494481332697E-003 0.24805814883441E-005 0.62341566054460E-003 0.29514256568406E-015 0.60652490469581E-007 0.72280463957219E+000 -.78015167623294E-021 0.68466459730942E+003 0.43367742494133E-001 -.19991195514768E+003 0.55167226685517E-001 0.10132500000000E+006 0.48618677950131E-003 0.27314866348054E+002 0.10000000000000E+001 0.00000000000000E+000 0.10000000000000E+001 0.68466459730942E+003 0.67025772399442E+002
  69 0.12337652667571E-001 0.53473925535084E-003 0.40982860398271E-006 0.51387368710107E-006 0.19087976868872E+000 0.69346706298467E-005 0.27365019926497E-001 0.14237650809296E-003 0.65595077759809E-008 0.57916966844860E-009 0.40840743667634E-004 0.40068281292388E-001 0.10289240754076E-001 0.63978040284766E-002 0.82386124210449E-007 0.46677970581650E-003 0.33069625809524E-004 0.33592713841199E-003 0.26848888934624E-005 0.64476941911148E-003 0.32455545322255E-015 0.62362539748402E-007 0.72279068776443E+000 -.79236326588561E-021 0.69389367970646E+003 0.43367742494133E-001 -.19856159217032E+003 0.55167226685517E-001 0.10132500000000E+006 0.47959961931323E-003 0.27307995597168E+002 0.10000000000000E+001 0.00000000000000E+000 0.10000000000000E+001 0.69389367970646E+003 0.72312533908763E+002
  70 0.12607399496272E-001 0.54227530383296E-003 0.45442606166760E-006 0.57285055441866E-006 0.19000421339177E+000 0.73742009351520E-005 0.27986340732613E-001 0.14398495413646E-003 0.74190677415558E-008 0.65620542356814E-009 0.43640383859324E-004 0.39779165659516E-001 0.10573777906582E-001 0.66114350206152E-002 0.92626755468612E-007 0.47955477914135E-003 0.33043996673466E-004 0.34708010974304E-003 0.29011764727151E-005 0.66634149519549E-003 0.35733763143243E-015 0.64092323632910E-007 0.72277767881794E+000 -.80793443208496E-021 0.70317314799098E+003 0.43367742494133E-001 -.19719329280733E+003 0.55167226685516E-001 0.10132500000000E+006 0.47315106798343E-003 0.27301101237652E+002 0.10000000000000E+001 0.00000000000000E+000 0.10000000000000E+001 0.70317314799098E+003 0.77896196946015E+002
  71 0.12875352330156E-001 0.54982950055450E-003 0.50252691972088E-006 0.63787997581264E-006 0.18911893003279E+000 0.78324837530980E-005 0.28611269964778E-001 0.14548834889418E-003 0.83777674752994E-008 0.74212413150633E-009 0.46598247320827E-004 0.39488119198034E-001 0.10861530188192E-001 0.68284784333629E-002 0.10400931337631E-006 0.49239255843370E-003 0.32945143900689E-004 0.35840507972925E-003 0.31299556748056E-005 0.68811878014626E-003 0.39391019066212E-015 0.65842095957239E-007 0.72276561270624E+000 -.81080792548660E-021 0.71250345722017E+003 0.43367742494133E-001 -.19580679075086E+003 0.55167226685516E-001 0.10132500000000E+006 0.46683677970040E-003 0.27294183264194E+002 0.10000000000000E+001 0.00000000000000E+000 0.10000000000000E+001 0.71250345722017E+003 0.83789419487280E+002
  72 0.13141608355543E-001 0.55740256021268E-003 0.55430308530112E-006 0.70947597047022E-006 0.18822388396436E+000 0.83101825060103E-005 0.29239850190241E-001 0.14688924035559E-003 0.94461431477450E-008 0.83784589880224E-009 0.49722502904671E-004 0.39195081314018E-001 0.11152523727877E-001 0.70489633012333E-002 0.11665121582028E-006 0.50528896070618E-003 0.32774069368983E-004 0.36990311327063E-003 0.33717698254023E-005 0.71008657361637E-003 0.43474869027704E-015 0.67612064270658E-007 0.72275449020318E+000 -.81034268900313E-021 0.72188478043272E+003 0.43367742494133E-001 -.19440187396098E+003 0.55167226685516E-001 0.10132500000000E+006 0.46065277518318E-003 0.27287241857579E+002 0.10000000000000E+001 0.00000000000000E+000 0.10000000000000E+001 0.72188478043272E+003 0.90005728016412E+002
  73 0.13406221304044E-001 0.56499405292250E-003 0.60992228675329E-006 0.78817064267841E-006 0.18731916958130E+000 0.88079859405579E-005 0.29872031235071E-001 0.14819048698725E-003 0.10635732029955E-007 0.94437319487629E-009 0.53021303187742E-004 0.38900035958653E-001 0.11446741978757E-001 0.72728869940989E-002 0.13067947269509E-006 0.51823770360715E-003 0.32532385526692E-004 0.38157360838296E-003 0.36271658059073E-005 0.73222595192560E-003 0.48038462963741E-015 0.69402180099718E-007 0.72274431385314E+000 -.80984609714457E-021 0.73131591402944E+003 0.43367742494133E-001 -.19297855298379E+003 0.55167226685516E-001 0.10132500000000E+006 0.45459610242301E-003 0.27280278189934E+002 0.10000000000000E+001 0.00000000000000E+000 0.10000000000000E+001 0.73131591402944E+003 0.96558844415772E+002
  74 0.13669222942292E-001 0.57260297241639E-003 0.66955013531010E-006 0.87451578780961E-006 0.18640494747312E+000 0.93266461251989E-005 0.30507716145311E-001 0.14939538678720E-003 0.11959233739241E-007 0.10628040763206E-008 0.56502943315655E-004 0.38602990324682E-001 0.11744146117965E-001 0.75002301488372E-002 0.14623192261497E-006 0.53123125434465E-003 0.32222339833448E-004 0.39341507607059E-003 0.38967079708817E-005 0.75451531616086E-003 0.53141407830092E-015 0.71212262933098E-007 0.72273508661491E+000 -.81464753580961E-021 0.74079496519219E+003 0.43367742494133E-001 -.19153696487885E+003 0.55167226685516E-001 0.10132500000000E+006 0.44866429342139E-003 0.27273293907936E+002 0.10000000000000E+001 0.00000000000000E+000 0.10000000000000E+001 0.74079496519219E+003 0.10346311488540E+003
  75 0.13930658015845E-001 0.58022873120471E-003 0.73335746106599E-006 0.96909247115170E-006 0.18548132619689E+000 0.98670550195436E-005 0.31146843957648E-001 0.15050781169396E-003 0.13430816781273E-007 0.11943582706463E-008 0.60176294948469E-004 0.38303936206686E-001 0.12044713493536E-001 0.77309859139012E-002 0.16346001483628E-006 0.54426253295310E-003 0.31846771470591E-004 0.40542666236835E-003 0.41810130507611E-005 0.77693327256007E-003 0.58851220518448E-015 0.73042234288646E-007 0.72272681050872E+000 -.81431947343521E-021 0.75032058651098E+003 0.43367742494133E-001 -.19007718830567E+003 0.55167226685516E-001 0.10132500000000E+006 0.44285456721350E-003 0.27266290220355E+002 0.10000000000000E+001 0.00000000000000E+000 0.10000000000000E+001 0.75032058651098E+003 0.11073448432982E+003
  76 0.14190597288167E-001 0.58787155892271E-003 0.80152544154283E-006 0.10725184632823E-005 0.18454831140344E+000 0.10430292261634E-004 0.31789423821947E-001 0.15153218766073E-003 0.15066425754011E-007 0.13404030567781E-008 0.64051072241076E-004 0.38002833864072E-001 0.12348454223731E-001 0.79651730781892E-002 0.18253138978850E-006 0.55732561150320E-003 0.31409042653524E-004 0.41760882635389E-003 0.44807714759558E-005 0.79945981402974E-003 0.65244841728077E-015 0.74892219193225E-007 0.72271948655718E+000 -.81295695062314E-021 0.75989248231313E+003 0.43367742494133E-001 -.18859916305939E+003 0.55167226685515E-001 0.10132500000000E+006 0.43716357742334E-003 0.27259267530876E+002 0.10000000000000E+001 0.00000000000000E+000 0.10000000000000E+001 0.75989248231313E+003 0.11839113044044E+003
  77 0.14449125938630E-001 0.59553218453765E-003 0.87424536636626E-006 0.11854481299445E-005 0.18360584118146E+000 0.11017624862577E-004 0.32435509255234E-001 0.15247336566149E-003 0.16884003879896E-007 0.15024712649606E-008 0.68137775776879E-004 0.37699623827692E-001 0.12655399762789E-001 0.82028277654551E-002 0.20363124170490E-006 0.57041519194571E-003 0.30912993480194E-004 0.42996290108936E-003 0.47967430750594E-005 0.82207537773520E-003 0.72409889471815E-015 0.76762477124605E-007 0.72271311557551E+000 -.81635199897135E-021 0.76951102171889E+003 0.43367742494133E-001 -.18710274579329E+003 0.55167226685515E-001 0.10132500000000E+006 0.43158771109217E-003 0.27252225728927E+002 0.10000000000000E+001 0.00000000000000E+000 0.10000000000000E+001 0.76951102171889E+003 0.12645345566475E+003
  78 0.14706321237435E-001 0.60321117987368E-003 0.95171411354338E-006 0.13085651667949E-005 0.18265386541003E+000 0.11630475005906E-004 0.33085143194408E-001 0.15333648178694E-003 0.18903627392786E-007 0.16822711271450E-008 0.72447400586773E-004 0.37394252524181E-001 0.12965577107089E-001 0.84439837106722E-002 0.22696242508648E-006 0.58352550800333E-003 0.30362931395268E-004 0.44249006292104E-003 0.51297338398894E-005 0.84475886549020E-003 0.80445626362853E-015 0.78653245322365E-007 0.72270769893387E+000 -.81797359808967E-021 0.77917641819070E+003 0.43367742494133E-001 -.18558783688390E+003 0.55167226685515E-001 0.10132500000000E+006 0.42612358908073E-003 0.27245164793141E+002 0.10000000000000E+001 0.00000000000000E+000 0.10000000000000E+001 0.77917641819070E+003 0.13494361255105E+003
  79 0.14962242464913E-001 0.61090864234603E-003 0.10341311752232E-005 0.14425766227356E-005 0.18169238628705E+000 0.12270404542394E-004 0.33738330862499E-001 0.15412689100889E-003 0.21147679951751E-007 0.18816994718157E-008 0.76991240144865E-004 0.37086685044061E-001 0.13278995593438E-001 0.86886618895615E-002 0.25274579008359E-006 0.59664981761449E-003 0.29763611879389E-004 0.45519079030095E-003 0.54805794341650E-005 0.86748665247130E-003 0.89464133542357E-015 0.80564658543562E-007 0.72270323864602E+000 -.81818032424443E-021 0.78888832545667E+003 0.43367742494133E-001 -.18405444719411E+003 0.55167226685515E-001 0.10132500000000E+006 0.42076826804532E-003 0.27238085083793E+002 0.10000000000000E+001 0.00000000000000E+000 0.10000000000000E+001 0.78888832545667E+003 0.14388521597747E+003
  80 0.15216941974778E-001 0.61862450781496E-003 0.11217018638487E-005 0.15882163464707E-005 0.18072142100100E+000 0.12939147885342E-004 0.34395065876430E-001 0.15485017009261E-003 0.23641209216109E-007 0.21028708586320E-008 0.81781026656371E-004 0.36776892926991E-001 0.13595659053580E-001 0.89368798179486E-002 0.28122233796590E-006 0.60978098353053E-003 0.29120164657393E-004 0.46806534497842E-003 0.58501538958132E-005 0.89023346982646E-003 0.99592279093301E-015 0.82496823336894E-007 0.72269973697325E+000 -.81743409398951E-021 0.79864622609402E+003 0.43367742494133E-001 -.18250264121612E+003 0.55167226685515E-001 0.10132500000000E+006 0.41551899055218E-003 0.27230987055465E+002 0.10000000000000E+001 0.00000000000000E+000 0.10000000000000E+001 0.79864622609402E+003 0.15330370735731E+003
  81 0.15470478436543E-001 0.62635894506917E-003 0.12146427520784E-005 0.17462526917221E-005 0.17974095222103E+000 0.13638658058402E-004 0.35055363835919E-001 0.15551210547603E-003 0.26412400243622E-007 0.23481566456973E-008 0.86829174490974E-004 0.36464838294917E-001 0.13915581976051E-001 0.91886642498223E-002 0.31265635009369E-006 0.62291219720454E-003 0.28437991456733E-004 0.48111442713331E-003 0.62393853626284E-005 0.91297353220075E-003 0.11097427084294E-014 0.84449917004741E-007 0.72269719624354E+000 -.82767579689643E-021 0.80844992971887E+003 0.43367742494133E-001 -.18093246008103E+003 0.55167226685515E-001 0.10132500000000E+006 0.41037291214650E-003 0.27223870893846E+002 0.10000000000000E+001 0.00000000000000E+000 0.10000000000000E+001 0.80844992971887E+003 0.16322690626387E+003
  82 0.15722915731742E-001 0.63411232484997E-003 0.13131832841344E-005 0.19174904541950E-005 0.17875093089492E+000 0.14371120725794E-004 0.35719260047183E-001 0.15611862971014E-003 0.29493002471890E-007 0.26202193854513E-008 0.92148798786388E-004 0.36150474807594E-001 0.14238788636086E-001 0.94440507005959E-002 0.34733755812521E-006 0.63603697857518E-003 0.27722687084008E-004 0.49433914519593E-003 0.66492534619507E-005 0.93568039961673E-003 0.12377416168429E-014 0.86424182856582E-007 0.72269561902691E+000 -.84410495840863E-021 0.81829953699971E+003 0.43367742494133E-001 -.17934392790181E+003 0.55167226685514E-001 0.10132500000000E+006 0.40532713711522E-003 0.27216736543615E+002 0.10000000000000E+001 0.00000000000000E+000 0.10000000000000E+001 0.81829953699971E+003 0.17368510586827E+003
  83 0.15974314202556E-001 0.64188494974902E-003 0.14175641596817E-005 0.21027671287470E-005 0.17775131006809E+000 0.15138944072274E-004 0.36386786643296E-001 0.15667574454463E-003 0.32918700795698E-007 0.29220417607227E-008 0.97753552980616E-004 0.35833758410754E-001 0.14565302088909E-001 0.97030748993092E-002 0.38558223836173E-006 0.64914877524419E-003 0.26979982488040E-004 0.50774056802594E-003 0.70807717789080E-005 0.95832613585104E-003 0.13817826398707E-014 0.88419863536830E-007 0.72269500829077E+000 -.85777226191168E-021 0.82819509834735E+003 0.43367742494133E-001 -.17773710839499E+003 0.55167226685514E-001 0.10132500000000E+006 0.40037890069747E-003 0.27209583956369E+002 0.10000000000000E+001 0.00000000000000E+000 0.10000000000000E+001 0.82819509834735E+003 0.18471079942539E+003
  84 0.16224726306659E-001 0.64967691077108E-003 0.15280365212609E-005 0.23029500293361E-005 0.17674206370304E+000 0.15944755238770E-004 0.37057960230202E-001 0.15718946252848E-003 0.36729539628081E-007 0.32569597295849E-008 0.10365750569851E-003 0.35514653207861E-001 0.14895138030662E-001 0.99657679222117E-002 0.42773444371283E-006 0.66224078515860E-003 0.26215678605510E-004 0.52131946932366E-003 0.75349723966730E-005 0.98088085503519E-003 0.15439792867010E-014 0.90437163934836E-007 0.72269536736661E+000 -.87809731475480E-021 0.83813643005140E+003 0.43367742494133E-001 -.17611213814753E+003 0.55167226685514E-001 0.10132500000000E+006 0.39552565000895E-003 0.27202413221981E+002 0.10000000000000E+001 0.00000000000000E+000 0.10000000000000E+001 0.83813643005140E+003 0.19633846878307E+003
  85 0.16474197963652E-001 0.65748811768016E-003 0.16448632016642E-005 0.25189368546255E-005 0.17572318350661E+000 0.16791411340694E-004 0.37732784361634E-001 0.15766576167951E-003 0.40970454459825E-007 0.36287046036132E-008 0.10987512062377E-003 0.35193130342231E-001 0.15228305830283E-001 0.10232156961323E-001 0.47416791778643E-006 0.67530607723049E-003 0.25435562766718E-004 0.53507636408941E-003 0.80128973682002E-005 0.10033127912779E-002 0.17267295493003E-014 0.92476257872069E-007 0.72269669985047E+000 -.89774654870519E-021 0.84812315080866E+003 0.43367742494133E-001 -.17446922483517E+003 0.55167226685514E-001 0.10132500000000E+006 0.39076500919495E-003 0.27195224539906E+002 0.10000000000000E+001 0.00000000000000E+000 0.10000000000000E+001 0.84812315080866E+003 0.20860455855818E+003
  86 0.16722769692797E-001 0.66531832462038E-003 0.17683200412349E-005 0.27516564824755E-005 0.17469467617966E+000 0.17682009869401E-004 0.38411251662341E-001 0.15811053695398E-003 0.45691860475296E-007 0.40414494992865E-008 0.11642123067373E-003 0.34869167043413E-001 0.15564809423823E-001 0.10502266007380E-001 0.52528804889338E-006 0.68833770318167E-003 0.24645324906974E-004 0.54901154020462E-003 0.85155887357914E-005 0.10255883639540E-002 0.19327546547337E-014 0.94537293986217E-007 0.72269900952510E+000 -.91044500570581E-021 0.85815471299949E+003 0.43367742494133E-001 -.17280864619325E+003 0.55167226685514E-001 0.10132500000000E+006 0.38609475084613E-003 0.27188018194703E+002 0.10000000000000E+001 0.00000000000000E+000 0.10000000000000E+001 0.85815471299949E+003 0.22154742306366E+003
  87 0.16970474788340E-001 0.67316706312903E-003 0.18986957505599E-005 0.30020670947915E-005 0.17365657278611E+000 0.18619887665663E-004 0.39093337941321E-001 0.15852954514736E-003 0.50950240480252E-007 0.44998550583033E-008 0.12331092667948E-003 0.34542749507021E-001 0.15904644240605E-001 0.10776113351111E-001 0.58153318425151E-006 0.70132865306243E-003 0.23850485258175E-004 0.56312492554113E-003 0.90440710089038E-005 0.10476719926812E-002 0.21651403403470E-014 0.96620377323679E-007 0.72270230025715E+000 -.91680418127104E-021 0.86823031564885E+003 0.43367742494133E-001 -.17113076865729E+003 0.55167226685514E-001 0.10132500000000E+006 0.38151282373251E-003 0.27180794616746E+002 0.10000000000000E+001 0.00000000000000E+000 0.10000000000000E+001 0.86823031564885E+003 0.23520708907602E+003
  88 0.17217339688753E-001 0.68103364352341E-003 0.20362926206076E-005 0.32711558586148E-005 0.17260892932462E+000 0.19608625191232E-004 0.39779002178082E-001 0.15892835372558E-003 0.56808813603496E-007 0.50091215617912E-008 0.13055948408704E-003 0.34213873001207E-001 0.16247796998587E-001 0.11053711357077E-001 0.64337615276751E-006 0.71427192243507E-003 0.23056319500317E-004 0.57741607234809E-003 0.95993356714497E-005 0.10695261297608E-002 0.24273845731746E-014 0.98725568462095E-007 0.72270657588604E+000 -.93455371764578E-021 0.87834890466932E+003 0.43367742494133E-001 -.16943605189202E+003 0.55167226685514E-001 0.10132500000000E+006 0.37701733772300E-003 0.27173554380025E+002 0.10000000000000E+001 0.00000000000000E+000 0.10000000000000E+001 0.87834890466932E+003 0.24962507847713E+003
  89 0.17463391566392E-001 0.68891738901148E-003 0.21814315534437E-005 0.35599473958803E-005 0.17155179595764E+000 0.20652080960445E-004 0.40468206890852E-001 0.15931230038854E-003 0.63338459397253E-007 0.55750624884171E-008 0.13818250954889E-003 0.33882532172089E-001 0.16594255771089E-001 0.11335074595286E-001 0.71132772464132E-006 0.72716095264274E-003 0.22267766875517E-004 0.59188457068559E-003 0.10182341694500E-004 0.10911119441991E-002 0.27234603143640E-014 0.10085294572620E-006 0.72271184028389E+000 -.95467448633721E-021 0.88850947363748E+003 0.43367742494133E-001 -.16772500252712E+003 0.55167226685513E-001 0.10132500000000E+006 0.37260642098447E-003 0.27166297985824E+002 0.10000000000000E+001 0.00000000000000E+000 0.10000000000000E+001 0.88850947363748E+003 0.26484465759030E+003
  90 0.17708667612230E-001 0.69681793254295E-003 0.23344596103770E-005 0.38695184127589E-005 0.17048517643370E+000 0.21754443797787E-004 0.41160944385685E-001 0.15968645464036E-003 0.70618892321623E-007 0.62041986778414E-008 0.14619620939201E-003 0.33548708380067E-001 0.16944023301858E-001 0.11620230821209E-001 0.78594167758348E-006 0.73999014863653E-003 0.21489342778569E-004 0.60653060425745E-003 0.10794024462223E-004 0.11123901281659E-002 0.30578945644528E-014 0.10300268774158E-006 0.72271809764332E+000 -.97835966601755E-021 0.89871144941997E+003 0.43367742494133E-001 -.16599811188896E+003 0.55167226685513E-001 0.10132500000000E+006 0.36827806024718E-003 0.27159025588690E+002 0.10000000000000E+001 0.00000000000000E+000 0.10000000000000E+001 0.89871144941997E+003 0.28091133265511E+003
  91 0.17953216453607E-001 0.70473526714947E-003 0.24957542661018E-005 0.42010069750306E-005 0.16940901946214E+000 0.22920262338849E-004 0.41857241775965E-001 0.16005557063530E-003 0.78739856074933E-007 0.69038528319559E-008 0.15461747474651E-003 0.33212367121386E-001 0.17297119875403E-001 0.11909223651546E-001 0.86781884797160E-006 0.75275496833933E-003 0.20725090355151E-004 0.62135507484285E-003 0.11435289737147E-004 0.11333209709074E-002 0.34358545154104E-014 0.10517509226420E-006 0.72272535274562E+000 -.99432452785219E-021 0.90895476314179E+003 0.43367742494133E-001 -.16425584568418E+003 0.55167226685513E-001 0.10132500000000E+006 0.36403009162275E-003 0.27151736949240E+002 0.10000000000000E+001 0.00000000000000E+000 0.10000000000000E+001 0.90895476314179E+003 0.29787299096898E+003
  92 0.18197091238219E-001 0.71266952484425E-003 0.26657222654616E-005 0.45556111834821E-005 0.16832324702920E+000 0.24154436886161E-004 0.42557142127418E-001 0.16042403376428E-003 0.87802184248217E-007 0.76822312023622E-008 0.16346367697077E-003 0.32873466983032E-001 0.17653574061249E-001 0.12202105323918E-001 0.95760860060764E-006 0.76545156156565E-003 0.19978572149103E-004 0.63635921576672E-003 0.12106984778126E-004 0.11538637037399E-002 0.38632343226058E-014 0.10737052054464E-006 0.72273361096773E+000 -.10131589325002E-020 0.91923956985656E+003 0.43367742494133E-001 -.16249869400358E+003 0.55167226685513E-001 0.10132500000000E+006 0.35986033430319E-003 0.27144431636759E+002 0.10000000000000E+001 0.00000000000000E+000 0.10000000000000E+001 0.91923956985656E+003 0.31577946700985E+003
  93 0.18440342375359E-001 0.72062073686497E-003 0.28447968643767E-005 0.49345841300429E-005 0.16722778646007E+000 0.25462200057332E-004 0.43260683622719E-001 0.16079581208239E-003 0.97918844422556E-007 0.85485028483749E-008 0.17275237459480E-003 0.32531969689982E-001 0.18013412189925E-001 0.12498928243469E-001 0.10560090153811E-005 0.77807638223534E-003 0.19252873348161E-004 0.65154414375633E-003 0.12809862355991E-004 0.11739758595645E-002 0.43467483629086E-014 0.10958933364162E-006 0.72274287810228E+000 -.10291927078208E-020 0.92956594093402E+003 0.43367742494133E-001 -.16072722774823E+003 0.55167226685513E-001 0.10132500000000E+006 0.35576671806441E-003 0.27137109249056E+002 0.10000000000000E+001 0.00000000000000E+000 0.10000000000000E+001 0.92956594093402E+003 0.33468192555577E+003
  94 0.18683023304442E-001 0.72858901565030E-003 0.30334437704668E-005 0.53392471524144E-005 0.16612254507432E+000 0.26849161247969E-004 0.43967915844763E-001 0.16117443119547E-003 0.10921655878457E-006 0.95129272740230E-008 0.18250146619568E-003 0.32187832219711E-001 0.18376666659824E-001 0.12799751961484E-001 0.11637714659373E-005 0.79062646860573E-003 0.18550575804990E-004 0.66691119957802E-003 0.13544578328391E-004 0.11936137499680E-002 0.48940607416226E-014 0.11183194470661E-006 0.72275316056950E+000 -.10424098454985E-020 0.93993410251053E+003 0.43367742494133E-001 -.15894206235380E+003 0.55167226685513E-001 0.10132500000000E+006 0.35174718479752E-003 0.27129769244064E+002 0.10000000000000E+001 0.00000000000000E+000 0.10000000000000E+001 0.93993410251053E+003 0.35463315006840E+003
  95 0.18925218812795E-001 0.73657548666745E-003 0.32321875335172E-005 0.57710488328568E-005 0.16500727870685E+000 0.28321505315754E-004 0.44678983245744E-001 0.16156299082752E-003 0.12183898367425E-006 0.10587113155068E-007 0.19273038069544E-003 0.31840965987867E-001 0.18743419176805E-001 0.13104679429803E-001 0.12817179638955E-005 0.80310086487424E-003 0.17873683972806E-004 0.68246377447227E-003 0.14311766257498E-004 0.12127346453997E-002 0.55140034420847E-014 0.11409908783278E-006 0.72276446687493E+000 -.10580904115094E-020 0.95034565547710E+003 0.43367742494133E-001 -.15714365103967E+003 0.55167226685513E-001 0.10132500000000E+006 0.34779923440352E-003 0.27122410080105E+002 0.10000000000000E+001 0.00000000000000E+000 0.10000000000000E+001 0.95034565547710E+003 0.37568999409929E+003
  96 0.19167068150135E-001 0.74458306932829E-003 0.34416413330488E-005 0.62316356101712E-005 0.16388147612413E+000 0.29886227569161E-004 0.45394196743415E-001 0.16196418716044E-003 0.13595086787743E-006 0.11784356202017E-007 0.20346139538069E-003 0.31491201233375E-001 0.19113838894872E-001 0.13413889876197E-001 0.14107638358960E-005 0.81550172475240E-003 0.17223593410254E-004 0.69820894214046E-003 0.15112118093498E-004 0.12312981713752E-002 0.62168633579231E-014 0.11639205774086E-006 0.72277680953073E+000 -.10697767623001E-020 0.96080461249974E+003 0.43367742494133E-001 -.15533210708366E+003 0.55167226685513E-001 0.10132500000000E+006 0.34391959694251E-003 0.27115028492912E+002 0.10000000000000E+001 0.00000000000000E+000 0.10000000000000E+001 0.96080461249974E+003 0.39791620585293E+003
  97 0.19408736355541E-001 0.75261554713435E-003 0.36624961526382E-005 0.67228355369566E-005 0.16274448167191E+000 0.31551076255587E-004 0.46113953265049E-001 0.16238026098830E-003 0.15174020210910E-006 0.13119801852490E-007 0.21471882130932E-003 0.31138325502202E-001 0.19488142214942E-001 0.13727606716618E-001 0.15519177884718E-005 0.82783272540342E-003 0.16601216500616E-004 0.71415576604255E-003 0.15946301944073E-004 0.12492634726755E-002 0.70145941809683E-014 0.11871246611887E-006 0.72279020461907E+000 -.10938065644435E-020 0.97131620670422E+003 0.43367742494133E-001 -.15350741351782E+003 0.55167226685512E-001 0.10132500000000E+006 0.34010474942294E-003 0.27107620347197E+002 0.10000000000000E+001 0.00000000000000E+000 0.10000000000000E+001 0.97131620670422E+003 0.42138093061743E+003
  98 0.19650357049021E-001 0.76067565771870E-003 0.38954750731317E-005 0.72465608043689E-005 0.16159576307960E+000 0.33324227277974E-004 0.46838565599055E-001 0.16281288807638E-003 0.16941770543801E-006 0.14610381627252E-007 0.22652641121071E-003 0.30782166860793E-001 0.19866504607867E-001 0.14046024271678E-001 0.17062565935548E-005 0.84009606283434E-003 0.16007164916814E-004 0.73031152544855E-003 0.16814749630123E-004 0.12665846642557E-002 0.79209126941983E-014 0.12106169840595E-006 0.72280466884737E+000 -.11095834229434E-020 0.98188440137284E+003 0.43367742494133E-001 -.15166986475539E+003 0.55167226685512E-001 0.10132500000000E+006 0.33635182654120E-003 0.27100182393481E+002 0.10000000000000E+001 0.00000000000000E+000 0.10000000000000E+001 0.98188440137284E+003 0.44615344427748E+003
  99 0.19892013278108E-001 0.76876441716425E-003 0.41413099854119E-005 0.78047547456376E-005 0.16043501252271E+000 0.35214112448284E-004 0.47568200434160E-001 0.16326311731327E-003 0.18921717840327E-006 0.16274825045210E-007 0.23890595399489E-003 0.30422625015418E-001 0.20249027108202E-001 0.14369278992905E-001 0.18749083090019E-005 0.85229145164805E-003 0.15441807807944E-004 0.74668022765410E-003 0.17717538539494E-004 0.12832097888825E-002 0.89514529060487E-014 0.12344070595580E-006 0.72282021760540E+000 -.11188128360877E-020 0.99251099466468E+003 0.43367742494133E-001 -.14982023523988E+003 0.55167226685512E-001 0.10132500000000E+006 0.33265886818015E-003 0.27092712890720E+002 0.10000000000000E+001 0.00000000000000E+000 0.10000000000000E+001 0.99251099466468E+003 0.47230020852826E+003
 100 0.20133766237777E-001 0.77688199259363E-003 0.44007631556430E-005 0.83994400302491E-005 0.15926202050360E+000 0.37229586973009E-004 0.48302959599328E-001 0.16373139445010E-003 0.21139924652157E-006 0.18133957065478E-007 0.25187815766905E-003 0.30059631158049E-001 0.20635777909881E-001 0.14697484056289E-001 0.20590638417214E-005 0.86441756058659E-003 0.14905214127105E-004 0.76326432117290E-003 0.18654445490159E-004 0.12990833423750E-002 0.10124119209766E-013 0.12585026444550E-006 0.72283686610691E+000 -.11335010314989E-020 0.10031966828399E+004 0.43367742494133E-001 -.14795984358537E+003 0.55167226685512E-001 0.10132500000000E+006 0.32902437269508E-003 0.27085210797381E+002 0.10000000000000E+001 0.00000000000000E+000 0.10000000000000E+001 0.10031966828399E+004 0.49988691687348E+003
 101 0.20375702395462E-001 0.78502948301598E-003 0.46746800470448E-005 0.90328402188541E-005 0.15807644644205E+000 0.39380344027202E-004 0.49043024544753E-001 0.16421763223875E-003 0.23625863081314E-006 0.20211289036099E-007 0.26546498249450E-003 0.29693080563585E-001 0.21026866712484E-001 0.15030791666082E-001 0.22600129314772E-005 0.87647430407751E-003 0.14397079228931E-004 0.78006783593282E-003 0.19625100047164E-004 0.13141494927158E-002 0.11459669593902E-013 0.12829143774777E-006 0.72285463152270E+000 -.11457516707473E-020 0.10139436993337E+004 0.43367742494133E-001 -.14609045720244E+003 0.55167226685512E-001 0.10132500000000E+006 0.32544638661842E-003 0.27077674141588E+002 0.10000000000000E+001 0.00000000000000E+000 0.10000000000000E+001 0.10139436993337E+004 0.52898249931987E+003
 102 0.20617970640180E-001 0.79320982828274E-003 0.49640438051830E-005 0.97075169619838E-005 0.15687763414551E+000 0.41677388493458E-004 0.49788768686210E-001 0.16472129414993E-003 0.26413374962152E-006 0.22533791404213E-007 0.27969200967440E-003 0.29322770209714E-001 0.21422507490735E-001 0.15369449468697E-001 0.24791899113631E-005 0.88846456199649E-003 0.13916708802035E-004 0.79709905082612E-003 0.20629134226934E-004 0.13283538121586E-002 0.12982492040793E-013 0.13076597841104E-006 0.72287353802631E+000 -.11551872205791E-020 0.10247565681997E+004 0.43367742494133E-001 -.14421297251926E+003 0.55167226685512E-001 0.10132500000000E+006 0.32192230825442E-003 0.27070099142774E+002 0.10000000000000E+001 0.00000000000000E+000 0.10000000000000E+001 0.10247565681997E+004 0.55966607106227E+003
 103 0.20860773480111E-001 0.80142776698985E-003 0.52699902168125E-005 0.10426413886855E-004 0.15566463799444E+000 0.44133203119292E-004 0.50540738331473E-001 0.16524138054615E-003 0.29541426276370E-006 0.25132488799158E-007 0.29458859347438E-003 0.28948411443512E-001 0.21823008602556E-001 0.15713793411303E-001 0.27181927556488E-005 0.90039354320654E-003 0.13463107320355E-004 0.81437004361555E-003 0.21666159508812E-004 0.13416415757827E-002 0.14721356920536E-013 0.13327627459314E-006 0.72289361642325E+000 -.11647543281065E-020 0.10356424185043E+004 0.43367742494133E-001 -.14232725506994E+003 0.55167226685512E-001 0.10132500000000E+006 0.31844886396258E-003 0.27062480256296E+002 0.10000000000000E+001 0.00000000000000E+000 0.10000000000000E+001 0.10356424185043E+004 0.59202672476693E+003
 104 0.21104307018489E-001 0.80968773481538E-003 0.55937509444272E-005 0.11192733695314E-004 0.15443651664310E+000 0.46761350032580E-004 0.51299468302682E-001 0.16577629785692E-003 0.33054197591150E-006 0.28042496313295E-007 0.31018451505488E-003 0.28569720058382E-001 0.22228676084663E-001 0.16064166705297E-001 0.29787452736657E-005 0.91226566913623E-003 0.13035144540694E-004 0.83189246163438E-003 0.22735503119877E-004 0.13539536020438E-002 0.16709885746029E-013 0.13582475383569E-006 0.72291490028849E+000 -.11732118746955E-020 0.10466081498848E+004 0.43367742494133E-001 -.14043330159541E+003 0.55167226685512E-001 0.10132500000000E+006 0.31502306099914E-003 0.27054812101597E+002 0.10000000000000E+001 0.00000000000000E+000 0.10000000000000E+001 0.10466081498848E+004 0.62615693323122E+003
 105 0.21348717096109E-001 0.81799234268484E-003 0.59365969877668E-005 0.12009809076373E-004 0.15319256022684E+000 0.49576042677799E-004 0.52065342294845E-001 0.16632373938976E-003 0.37001020365433E-006 0.31302932220641E-007 0.32650675743971E-003 0.28186486433751E-001 0.22639738308163E-001 0.16420854987734E-001 0.32626494118975E-005 0.92408236285306E-003 0.12631652436735E-004 0.84967415744798E-003 0.23835971350711E-004 0.13652242575675E-002 0.18986998985428E-013 0.13841341399275E-006 0.72293742168277E+000 -.11883804861470E-020 0.10576584182740E+004 0.43367742494133E-001 -.13853159735714E+003 0.55167226685511E-001 0.10132500000000E+006 0.31164277796426E-003 0.27047090869315E+002 0.10000000000000E+001 0.00000000000000E+000 0.10000000000000E+001 0.10576584182740E+004 0.66214575723581E+003
 106 0.21594117753273E-001 0.82634296348505E-003 0.62998561856200E-005 0.12881147003478E-004 0.15193220828957E+000 0.52592304388105E-004 0.52838645505704E-001 0.16688070127657E-003 0.41437045931207E-006 0.34957440474025E-007 0.34357991540525E-003 0.27798550187289E-001 0.23056372691622E-001 0.16784108866510E-001 0.35717916309658E-005 0.93584292279882E-003 0.12251400094438E-004 0.86772020525203E-003 0.24965876412107E-004 0.13753832277054E-002 0.21597867234289E-013 0.14104399245664E-006 0.72296121177575E+000 -.12096744262113E-020 0.10687964103225E+004 0.43367742494133E-001 -.13662298757011E+003 0.55167226685511E-001 0.10132500000000E+006 0.30830645411276E-003 0.27039313777398E+002 0.10000000000000E+001 0.00000000000000E+000 0.10000000000000E+001 0.10687964103225E+004 0.70007989053575E+003
 107 0.21840629862384E-001 0.83474101579733E-003 0.66849696657044E-005 0.13810570024164E-004 0.15065485748671E+000 0.55826465666076E-004 0.53619683450561E-001 0.16744355634331E-003 0.46424525284615E-006 0.39055211378830E-007 0.36142833253108E-003 0.27405741114953E-001 0.23478768914924E-001 0.17154199170415E-001 0.39081842577822E-005 0.94754631193454E-003 0.11893051725481E-004 0.88603549669050E-003 0.26123175763525E-004 0.13843576522956E-002 0.24595367268326E-013 0.14371836917911E-006 0.72298630406088E+000 -.12244312240219E-020 0.10800255621532E+004 0.43367742494133E-001 -.13470838939752E+003 0.55167226685511E-001 0.10132500000000E+006 0.30501253867022E-003 0.27031477873204E+002 0.10000000000000E+001 0.00000000000000E+000 0.10000000000000E+001 0.10800255621532E+004 0.74004868783099E+003
 108 0.22088397538018E-001 0.84318849792238E-003 0.70935295010227E-005 0.14802317603126E-004 0.14935977540167E+000 0.59296534268258E-004 0.54408833755875E-001 0.16800808458013E-003 0.52034114080874E-006 0.43652011912429E-007 0.38007713944496E-003 0.27007853078928E-001 0.23907157117342E-001 0.17531442989271E-001 0.42739951910594E-005 0.95919180396602E-003 0.11555174160647E-004 0.90462581363682E-003 0.27305527866591E-004 0.13920725603274E-002 0.28041764001729E-013 0.14643875423181E-006 0.72301273624651E+000 -.12384267164146E-020 0.10913502992685E+004 0.43367742494133E-001 -.13278867829151E+003 0.55167226685511E-001 0.10132500000000E+006 0.30175928377523E-003 0.27023579523937E+002 0.10000000000000E+001 0.00000000000000E+000 0.10000000000000E+001 0.10913502992685E+004 0.78214701612242E+003
 109 0.22337587438394E-001 0.85168793536188E-003 0.75272959070118E-005 0.15861101225137E-004 0.14804610075025E+000 0.63022412344803E-004 0.55206544460648E-001 0.16856946265068E-003 0.58346112943214E-006 0.48811153429678E-007 0.39955216994992E-003 0.26604644600407E-001 0.24341807492002E-001 0.17916205262787E-001 0.46715607856467E-005 0.97077878174885E-003 0.11236270041345E-004 0.92349763449655E-003 0.28510270477686E-004 0.13984503884254E-002 0.32010607398213E-013 0.14920769752011E-006 0.72304055067048E+000 -.12612019659018E-020 0.11027760024200E+004 0.43367742494133E-001 -.13086471088489E+003 0.55167226685511E-001 0.10132500000000E+006 0.29854477870982E-003 0.27015614448806E+002 0.10000000000000E+001 0.00000000000000E+000 0.10000000000000E+001 0.11027760024200E+004 0.82647577431498E+003
 110 0.22588384779453E-001 0.86024220863577E-003 0.79882100429039E-005 0.16992150943338E-004 0.14671286168708E+000 0.67026087833712E-004 0.56013321340359E-001 0.16912224154775E-003 0.65451801937737E-006 0.54604528948367E-007 0.41987954265296E-003 0.26195845068798E-001 0.24783023800923E-001 0.18308895175797E-001 0.51033933985827E-005 0.98230637296508E-003 0.10934809470140E-004 0.94265763868581E-003 0.29734378992974E-004 0.14034104438573E-002 0.36588994085025E-013 0.15202806147542E-006 0.72306979429737E+000 -.12797237582179E-020 0.11143088165206E+004 0.43367742494133E-001 -.12893737686309E+003 0.55167226685511E-001 0.10132500000000E+006 0.29536702410415E-003 0.27007577861087E+002 0.10000000000000E+001 0.00000000000000E+000 0.10000000000000E+001 0.11143088165206E+004 0.87314177897491E+003
 111 0.22840989089210E-001 0.86885436432069E-003 0.84784061695671E-005 0.18201262635396E-004 0.14535899696327E+000 0.71331830914090E-004 0.56829713687468E-001 0.16966032011344E-003 0.73454916661529E-006 0.61113758900014E-007 0.44108508459315E-003 0.25781161871985E-001 0.25231135836291E-001 0.18709961696612E-001 0.55721859984863E-005 0.99377307061077E-003 0.10649255380746E-004 0.96211212126692E-003 0.30974418860203E-004 0.14068685042071E-002 0.41880300514080E-013 0.15490298833126E-006 0.72310051855334E+000 -.12953127381206E-020 0.11259554393786E+004 0.43367742494133E-001 -.12700765587834E+003 0.55167226685511E-001 0.10132500000000E+006 0.29222400366729E-003 0.26999464624949E+002 0.10000000000000E+001 0.00000000000000E+000 0.10000000000000E+001 0.11259554393786E+004 0.92225740819015E+003
 112 0.23095611496629E-001 0.87752747066400E-003 0.90002264608570E-005 0.19494854622220E-004 0.14398337028822E+000 0.75966425377568E-004 0.57656304364718E-001 0.17017691987470E-003 0.82473327974815E-006 0.68431495456514E-007 0.46319373396178E-003 0.25360285500970E-001 0.25686494008492E-001 0.19119891112541E-001 0.60808164055393E-005 0.10051764190256E-002 0.10378081421299E-004 0.98186645052350E-003 0.32226501974228E-004 0.14087366112457E-002 0.48007529515699E-013 0.15783588247802E-006 0.72313277921280E+000 -.13023953152482E-020 0.11377229735528E+004 0.43367742494133E-001 -.12507666542597E+003 0.55167226685511E-001 0.10132500000000E+006 0.28911373149321E-003 0.26991269369573E+002 0.10000000000000E+001 0.00000000000000E+000 0.10000000000000E+001 0.11377229735528E+004 0.97394033115200E+003
 113 0.23352477324916E-001 0.88626464569374E-003 0.95562477364559E-005 0.20880057651503E-004 0.14258475684358E+000 0.80959521553240E-004 0.58493716601082E-001 0.17066456912573E-003 0.92641123645525E-006 0.76663045158118E-007 0.48622928075277E-003 0.24932886225272E-001 0.26149473017187E-001 0.19539212983473E-001 0.66323601441943E-005 0.10165129237292E-002 0.10119780178932E-004 0.10019248634790E-002 0.33486266921667E-004 0.14089230187150E-002 0.55117543194458E-013 0.16083045354209E-006 0.72316663688893E+000 -.13103922415302E-020 0.11496190176696E+004 0.43367742494133E-001 -.12314567166288E+003 0.55167226685510E-001 0.10132500000000E+006 0.28603423274197E-003 0.26982986438432E+002 0.10000000000000E+001 0.00000000000000E+000 0.10000000000000E+001 0.11496190176696E+004 0.10283142023901E+004
 114 0.23611833180817E-001 0.89506922752170E-003 0.10149322629902E-004 0.22364846331422E-004 0.14116180489947E+000 0.86344143514914E-004 0.59342635340894E-001 0.17111509062327E-003 0.10411123673771E-005 0.85928423727801E-007 0.51021445724964E-003 0.24498603327328E-001 0.26620483605586E-001 0.19968514005152E-001 0.72301150708593E-005 0.10277781228056E-002 0.98728651261274E-005 0.10222905433789E-002 0.34748878768921E-004 0.14073320783299E-002 0.63386485987522E-013 0.16389081586829E-006 0.72320215819855E+000 -.13191894222298E-020 0.11616519627334E+004 0.43367742494133E-001 -.12121607191858E+003 0.55167226685510E-001 0.10132500000000E+006 0.28298347558220E-003 0.26974609698483E+002 0.10000000000000E+001 0.00000000000000E+000 0.10000000000000E+001 0.11616519627334E+004 0.10855104454641E+004
 115 0.23873941875168E-001 0.90394451796115E-003 0.10782598543855E-004 0.23958121798363E-004 0.13971306382949E+000 0.92157024620473E-004 0.60203788572854E-001 0.17151956129958E-003 0.11705798028301E-005 0.96364321871522E-007 0.53516983029193E-003 0.24057054805304E-001 0.27099962135573E-001 0.20408432372643E-001 0.78776004234234E-005 0.10389660842328E-002 0.96358825097020E-005 0.10429646549354E-002 0.36008965433012E-004 0.14038641298981E-002 0.73026193033797E-013 0.16702144897240E-006 0.72323941534654E+000 -.13264981163188E-020 0.11738307191737E+004 0.43367742494133E-001 -.11928947462435E+003 0.55167226685510E-001 0.10132500000000E+006 0.27995945191682E-003 0.26966132748760E+002 0.10000000000000E+001 0.00000000000000E+000 0.10000000000000E+001 0.11738307191737E+004 0.11456675014099E+004
 116 0.24139019841512E-001 0.91289157727914E-003 0.11459384827805E-004 0.25669416533838E-004 0.13823733538308E+000 0.98437549913796E-004 0.61077737789989E-001 0.17186820643866E-003 0.13167646050797E-005 0.10812354814058E-006 0.56110674025547E-003 0.23607945491411E-001 0.27588252984570E-001 0.20859553004460E-001 0.85783918430083E-005 0.10500665080681E-002 0.94074675666764E-005 0.10639406973561E-002 0.37260283563583E-004 0.13984171276203E-002 0.84289456468776E-013 0.17022645544006E-006 0.72327847688053E+000 -.13302461003735E-020 0.11861617577088E+004 0.43367742494133E-001 -.11736819596759E+003 0.55167226685510E-001 0.10132500000000E+006 0.27696089549270E-003 0.26957551001768E+002 0.10000000000000E+001 0.00000000000000E+000 0.10000000000000E+001 0.11861617577088E+004 0.12089157385989E+004
 117 0.24407066368996E-001 0.92190342807636E-003 0.12182666909523E-004 0.27507695973426E-004 0.13673464882289E+000 0.10522330136751E-003 0.61964305621727E-001 0.17215029973490E-003 0.14817284814023E-005 0.12136714874676E-006 0.58800813072862E-003 0.23151363715662E-001 0.28085284640131E-001 0.21322105872319E-001 0.93355683490095E-005 0.10610577430652E-002 0.91864730369850E-005 0.10851901124487E-002 0.38494938443741E-004 0.13908947463060E-002 0.97468933927825E-013 0.17350743119602E-006 0.72331937961967E+000 -.13312000100438E-020 0.11986410921523E+004 0.43367742494133E-001 -.11545648139384E+003 0.55167226685510E-001 0.10132500000000E+006 0.27398910312343E-003 0.26948867286916E+002 0.10000000000000E+001 0.00000000000000E+000 0.10000000000000E+001 0.11986410921523E+004 0.12753314892322E+004
 118 0.24677643665050E-001 0.93095780013964E-003 0.12954309285565E-004 0.29479330000410E-004 0.13520755259952E+000 0.11254234789264E-003 0.62861831062790E-001 0.17235439356197E-003 0.16674318970246E-005 0.13624744067389E-006 0.61580186407781E-003 0.22688170690909E-001 0.28590142161231E-001 0.21795552530009E-001 0.10150798804504E-004 0.10718988799904E-002 0.89721085397428E-005 0.11066440293638E-002 0.39702575525061E-004 0.13812247534761E-002 0.11288585096097E-012 0.17686056380568E-006 0.72336208722487E+000 -.13319580080342E-020 0.12112439659267E+004 0.43367742494133E-001 -.11356191945398E+003 0.55167226685510E-001 0.10132500000000E+006 0.27105005448717E-003 0.26940099049970E+002 0.10000000000000E+001 0.00000000000000E+000 0.10000000000000E+001 0.12112439659267E+004 0.13448685463631E+004
 119 0.24949852497077E-001 0.94001670882301E-003 0.13774615978244E-004 0.31586918835352E-004 0.13366133519259E+000 0.12040848422791E-003 0.63767068693421E-001 0.17246919021121E-003 0.18755471286181E-005 0.15289322680324E-006 0.64435254350337E-003 0.22220060691717E-001 0.29100995816146E-001 0.22278488553975E-001 0.11023787090143E-004 0.10825309878273E-002 0.87639149424988E-005 0.11281911603303E-002 0.40870745206428E-004 0.13693790397809E-002 0.13087748952952E-012 0.18027598530197E-006 0.72340647423892E+000 -.13427995247796E-020 0.12239237122791E+004 0.43367742494133E-001 -.11169527961912E+003 0.55167226685510E-001 0.10132500000000E+006 0.26815417935796E-003 0.26931279161568E+002 0.10000000000000E+001 0.00000000000000E+000 0.10000000000000E+001 0.12239237122791E+004 0.14173302774527E+004
 120 0.25222665019879E-001 0.94903802875782E-003 0.14642976881299E-004 0.33830884362741E-004 0.13210219309487E+000 0.12882676253496E-003 0.64676286696612E-001 0.17248465331710E-003 0.21075230715403E-005 0.17141525303787E-006 0.67349320374673E-003 0.21748998969209E-001 0.29615709512714E-001 0.22769187827260E-001 0.11952905432644E-004 0.10928923828339E-002 0.85615023216637E-005 0.11497049990315E-002 0.41986925276449E-004 0.13553753215687E-002 0.15180362494022E-012 0.18374165286802E-006 0.72345237067314E+000 -.13420786596354E-020 0.12366273733239E+004 0.43367742494133E-001 -.10986786060984E+003 0.55167226685510E-001 0.10132500000000E+006 0.26531242005066E-003 0.26922445056976E+002 0.10000000000000E+001 0.00000000000000E+000 0.10000000000000E+001 0.12366273733239E+004 0.14924408029360E+004
 121 0.25495352758867E-001 0.95798988778391E-003 0.15559149541084E-004 0.36212762407954E-004 0.13053477182683E+000 0.13780568124228E-003 0.65586703483167E-001 0.17239244924370E-003 0.23648774670156E-005 0.19192969773587E-006 0.70307279685301E-003 0.21276476231738E-001 0.30132654682312E-001 0.23266370488328E-001 0.12936574380799E-004 0.11029355253759E-002 0.83642771779318E-005 0.11710788051101E-002 0.43040613901626E-004 0.13392565312808E-002 0.17607571098073E-012 0.18724876846906E-006 0.72349963417722E+000 -.13548264783827E-020 0.12493157995022E+004 0.43367742494133E-001 -.10808848113278E+003 0.55167226685509E-001 0.10132500000000E+006 0.26253178896590E-003 0.26913624758943E+002 0.10000000000000E+001 0.00000000000000E+000 0.10000000000000E+001 0.12493157995022E+004 0.15699629218665E+004
 122 0.25767628991517E-001 0.96685515077973E-003 0.16523972728849E-004 0.38737120491744E-004 0.12896127779816E+000 0.14736453275430E-003 0.66496983014151E-001 0.17218555764769E-003 0.26494231910301E-005 0.21457614125890E-006 0.73297651193396E-003 0.20803244920321E-001 0.30651002202655E-001 0.23769503727844E-001 0.13974069599662E-004 0.11126308800335E-002 0.81714026159297E-005 0.11922372420544E-002 0.44023780292333E-004 0.13210694619567E-002 0.20418709730846E-012 0.19079386873873E-006 0.72354818386057E+000 -.13672877513823E-020 0.12619703676873E+004 0.43367742494133E-001 -.10636272361268E+003 0.55167226685509E-001 0.10132500000000E+006 0.25981431036873E-003 0.26904832216886E+002 0.10000000000000E+001 0.00000000000000E+000 0.10000000000000E+001 0.12619703676873E+004 0.16497547303997E+004
 123 0.26039484998491E-001 0.97562569074950E-003 0.17539107115924E-004 0.41410985211576E-004 0.12738235558890E+000 0.15753142625903E-003 0.67406702166164E-001 0.17185776435819E-003 0.29632503664082E-005 0.23951594710648E-006 0.76311189596953E-003 0.20329589549036E-001 0.31170430309228E-001 0.24278547243820E-001 0.15065268988896E-004 0.11219590430895E-002 0.79819552423149E-005 0.12131231822350E-002 0.44929954871280E-004 0.13008605017267E-002 0.23672555570583E-012 0.19437700014486E-006 0.72359798122349E+000 -.13736743408539E-020 0.12745853524492E+004 0.43367742494133E-001 -.10469426620870E+003 0.55167226685509E-001 0.10132500000000E+006 0.25715909154079E-003 0.26896072627533E+002 0.10000000000000E+001 0.00000000000000E+000 0.10000000000000E+001 0.12745853524492E+004 0.17317395689395E+004
 124 0.26310900310630E-001 0.98429280485787E-003 0.18606116596223E-004 0.44241501885753E-004 0.12579874044744E+000 0.16833444708295E-003 0.68315386163400E-001 0.17140368026669E-003 0.33084705816816E-005 0.26691178059041E-006 0.79337844104860E-003 0.19855825984918E-001 0.31690578722281E-001 0.24793434050054E-001 0.16209667690215E-004 0.11308997168282E-002 0.77951366535337E-005 0.12336749811621E-002 0.45753089376273E-004 0.12786898263961E-002 0.27436174356793E-012 0.19799805173494E-006 0.72364898184137E+000 -.13705420307598E-020 0.12871544411801E+004 0.43367742494133E-001 -.10308682128672E+003 0.55167226685509E-001 0.10132500000000E+006 0.25456536054985E-003 0.26887351813176E+002 0.10000000000000E+001 0.00000000000000E+000 0.10000000000000E+001 0.12871544411801E+004 0.18158270254054E+004
 125 0.26581514178834E-001 0.99283694118438E-003 0.19725052955174E-004 0.47232165171140E-004 0.12421318800230E+000 0.17978711005342E-003 0.69221409252191E-001 0.17081961337528E-003 0.36867097942650E-005 0.29688737779777E-006 0.82363127487975E-003 0.19382875557847E-001 0.32210416602867E-001 0.25313433579528E-001 0.17404869991364E-004 0.11394217663907E-002 0.76104907319287E-005 0.12538025629721E-002 0.46486794908485E-004 0.12546619899702E-002 0.31780234774751E-012 0.20165228272141E-006 0.72370107112291E+000 -.13613528039424E-020 0.12996555927194E+004 0.43367742494133E-001 -.10154593793951E+003 0.55167226685509E-001 0.10132500000000E+006 0.25203549171418E-003 0.26878686707011E+002 0.10000000000000E+001 0.00000000000000E+000 0.10000000000000E+001 0.12996555927194E+004 0.19018067518316E+004
 126 0.26850378891955E-001 0.10012207724598E-002 0.20892984835067E-004 0.50378712632977E-004 0.12263196231665E+000 0.19187227173245E-003 0.70121174097988E-001 0.17010518987507E-003 0.40984559697610E-005 0.32947611911649E-006 0.85365481163574E-003 0.18912696719813E-001 0.32727763355425E-001 0.25836627043190E-001 0.18645087194965E-004 0.11474787707775E-002 0.74280604166882E-005 0.12733728915223E-002 0.47124444432777E-004 0.12289613104959E-002 0.36770711889794E-012 0.20532665294025E-006 0.72375400789981E+000 -.13549186254372E-020 0.13120399484030E+004 0.43367742494133E-001 -.10007987614184E+003 0.55167226685509E-001 0.10132500000000E+006 0.24957689126278E-003 0.26870112946972E+002 0.10000000000000E+001 0.00000000000000E+000 0.10000000000000E+001 0.13120399484030E+004 0.19892547325952E+004
 127 0.27116082525209E-001 0.10093943628641E-002 0.22103905119260E-004 0.53668541088000E-004 0.12106415450600E+000 0.20453949155706E-003 0.71009539871638E-001 0.16926449502122E-003 0.45427953091778E-005 0.36460067785763E-006 0.88318077063091E-003 0.18448063841272E-001 0.33239526658174E-001 0.26360080379804E-001 0.19921202805565E-004 0.11550175573691E-002 0.72483015539018E-005 0.12922255968671E-002 0.47660554851444E-004 0.12018555167462E-002 0.42462662371773E-012 0.20900104855121E-006 0.72380743804918E+000 -.13459306057033E-020 0.13242380169319E+004 0.43367742494133E-001 -.98698162100394E+002 0.55167226685509E-001 0.10132500000000E+006 0.24720033985625E-003 0.26861680418999E+002 0.10000000000000E+001 0.00000000000000E+000 0.10000000000000E+001 0.13242380169319E+004 0.20775556384010E+004
 128 0.27377298291454E-001 0.10173130779323E-002 0.23350859481063E-004 0.57086159428520E-004 0.11951843802230E+000 0.21772588400668E-003 0.71881683862301E-001 0.16830512995788E-003 0.50180128709286E-005 0.40212100312461E-006 0.91195605780344E-003 0.17991591799859E-001 0.33742775130700E-001 0.26880893603702E-001 0.21223222954092E-004 0.11619970812943E-002 0.70717172538323E-005 0.13102181818009E-002 0.48092579215594E-004 0.11736433815478E-002 0.48903954390534E-012 0.21265563633523E-006 0.72386100145846E+000 -.13418362531323E-020 0.13361853602762E+004 0.43367742494133E-001 -.97408209983630E+002 0.55167226685509E-001 0.10132500000000E+006 0.24491482841029E-003 0.26853435318395E+002 0.10000000000000E+001 0.00000000000000E+000 0.10000000000000E+001 0.13361853602762E+004 0.21660805665763E+004
 129 0.27633276277472E-001 0.10249523369202E-002 0.24628511938511E-004 0.60620123980421E-004 0.11800010408792E+000 0.23138310607031E-003 0.72734758776019E-001 0.16723573078967E-003 0.55225654121797E-005 0.44191124586035E-006 0.93980212808691E-003 0.17544862709439E-001 0.34235705144570E-001 0.27397213923918E-001 0.22543079948539E-004 0.11684004631434E-002 0.68985280881284E-005 0.13272610511649E-002 0.48421367681843E-004 0.11445873725773E-002 0.56146352581663E-012 0.21627794216201E-006 0.72391444080258E+000 -.13374687238265E-020 0.13478451131509E+004 0.43367742494133E-001 -.96213080746313E+002 0.55167226685509E-001 0.10132500000000E+006 0.24272354245745E-003 0.26845404544597E+002 0.10000000000000E+001 0.00000000000000E+000 0.10000000000000E+001 0.13478451131509E+004 0.22543684491177E+004
 130 0.27883873826320E-001 0.10323073656394E-002 0.25933930799556E-004 0.64265380661665E-004 0.11651081500513E+000 0.24548679274100E-003 0.73567990043131E-001 0.16606418905334E-003 0.60555350788412E-005 0.48389524519970E-006 0.96661874068226E-003 0.17108369024066E-001 0.34717710321448E-001 0.27908369838556E-001 0.23875426754055E-004 0.11742312367095E-002 0.67286414486563E-005 0.13433152736746E-002 0.48650090601482E-004 0.11148879968819E-002 0.64253031380402E-012 0.21986376389612E-006 0.72396762140729E+000 -.13313034529201E-020 0.13592089557642E+004 0.43367742494133E-001 -.95112075365319E+002 0.55167226685508E-001 0.10132500000000E+006 0.24062420195534E-003 0.26837595113554E+002 0.10000000000000E+001 0.00000000000000E+000 0.10000000000000E+001 0.13592089557642E+004 0.23421599888932E+004
 131 0.28129297208201E-001 0.10393843796635E-002 0.27265833476507E-004 0.68021403650852E-004 0.11505009935513E+000 0.26002963016870E-003 0.74381801762603E-001 0.16479736217590E-003 0.66164799259825E-005 0.52803436327197E-006 0.99235354762117E-003 0.16681968379846E-001 0.35188884352629E-001 0.28414406660651E-001 0.25216775481752E-004 0.11795028466823E-002 0.65618080099129E-005 0.13583704220972E-002 0.48782926353179E-004 0.10846977987214E-002 0.73298849609279E-012 0.22341390131525E-006 0.72402048682612E+000 -.13270663415625E-020 0.13702848979160E+004 0.43367742494133E-001 -.94102599647938E+002 0.55167226685508E-001 0.10132500000000E+006 0.23861172593527E-003 0.26830002685111E+002 0.10000000000000E+001 0.00000000000000E+000 0.10000000000000E+001 0.13702848979160E+004 0.24293244807433E+004
 132 0.28369868050944E-001 0.10461931065574E-002 0.28623638495594E-004 0.71889692401617E-004 0.11361673147585E+000 0.27501177421176E-003 0.75177028398195E-001 0.16344146073928E-003 0.72051296065303E-005 0.57430328439221E-006 0.10169746964614E-002 0.16265296152953E-001 0.35649567367245E-001 0.28915635864761E-001 0.26564465642265E-004 0.11842310747066E-002 0.63977617670780E-005 0.13724265094410E-002 0.48824316973175E-004 0.10541427776035E-002 0.83367596056530E-012 0.22693099483248E-006 0.72407301310128E+000 -.13258732776967E-020 0.13810864060375E+004 0.43367742494133E-001 -.93181543315714E+002 0.55167226685508E-001 0.10132500000000E+006 0.23668038619611E-003 0.26822619108730E+002 0.10000000000000E+001 0.00000000000000E+000 0.10000000000000E+001 0.13810864060375E+004 0.25157840508376E+004
 133 0.28605901283339E-001 0.10527430569856E-002 0.30006876099287E-004 0.75872162105218E-004 0.11220946276384E+000 0.29043463522939E-003 0.75954503384760E-001 0.16200245063444E-003 0.78211648487294E-005 0.62267258081810E-006 0.10404566301621E-002 0.15857981588483E-001 0.36100107442085E-001 0.29412388272744E-001 0.27916043098523E-004 0.11884307809796E-002 0.62362883393584E-005 0.13854853281920E-002 0.48778714909225E-004 0.10233364664536E-002 0.94549341219878E-012 0.23041779767978E-006 0.72412518285873E+000 -.13208611403268E-020 0.13916267785358E+004 0.43367742494133E-001 -.92345893806017E+002 0.55167226685508E-001 0.10132500000000E+006 0.23482483605015E-003 0.26815436304396E+002 0.10000000000000E+001 0.00000000000000E+000 0.10000000000000E+001 0.13916267785358E+004 0.26014706792666E+004
 134 0.28837666958574E-001 0.10590424464814E-002 0.31414956654187E-004 0.79970481217641E-004 0.11082725696032E+000 0.30629830718593E-003 0.76714930222663E-001 0.16048625446105E-003 0.84641178898639E-005 0.67310089039534E-006 0.10627756529960E-002 0.15459716021787E-001 0.36540784965928E-001 0.29904930579442E-001 0.29269028735486E-004 0.11921152441929E-002 0.60772399032536E-005 0.13975481423523E-002 0.48650551866161E-004 0.99238575118143E-003 0.10693891445896E-011 0.23387659345982E-006 0.72417697609619E+000 -.13210925264758E-020 0.14019174082612E+004 0.43367742494133E-001 -.91592877825196E+002 0.55167226685508E-001 0.10132500000000E+006 0.23304037590919E-003 0.26808447446201E+002 0.10000000000000E+001 0.00000000000000E+000 0.10000000000000E+001 0.14019174082612E+004 0.26863109313830E+004
 135 0.29065407010035E-001 0.10650987030316E-002 0.32847239738484E-004 0.84186254779917E-004 0.10946919703128E+000 0.32260227528313E-003 0.77458936281809E-001 0.15889867238147E-003 0.91333997630990E-005 0.72553708787532E-006 0.10839113480759E-002 0.15070225242706E-001 0.36971842993576E-001 0.30393495790471E-001 0.30620990842648E-004 0.11952966709534E-002 0.59205150567399E-005 0.14086167695386E-002 0.48444241300206E-004 0.96138977406153E-003 0.12063634892496E-011 0.23730941216886E-006 0.72422837295764E+000 -.13212463524989E-020 0.14119685293979E+004 0.43367742494133E-001 -.90919877261499E+002 0.55167226685508E-001 0.10132500000000E+006 0.23132277528206E-003 0.26801646443316E+002 0.10000000000000E+001 0.00000000000000E+000 0.10000000000000E+001 0.14119685293979E+004 0.27702305064886E+004
 136 0.29289367494095E-001 0.10709193247254E-002 0.34303226097888E-004 0.88521587880708E-004 0.10813429846349E+000 0.33934759233363E-003 0.78187176174446E-001 0.15724515000709E-003 0.98283921911728E-005 0.77992750211549E-006 0.11038491393180E-002 0.14689215879220E-001 0.37393546462907E-001 0.30878349625012E-001 0.31969723694440E-004 0.11979867049196E-002 0.57660295712078E-005 0.14186950638638E-002 0.48164131199569E-004 0.93043630139609E-003 0.13574890318321E-011 0.24071849918045E-006 0.72427936038036E+000 -.13187867324174E-020 0.14217906236495E+004 0.43367742494133E-001 -.90324331526985E+002 0.55167226685508E-001 0.10132500000000E+006 0.22966800093343E-003 0.26795026986963E+002 0.10000000000000E+001 0.00000000000000E+000 0.10000000000000E+001 0.14217906236495E+004 0.28531650493386E+004
 137 0.29509808415723E-001 0.10765120631957E-002 0.35782636534006E-004 0.92979347399821E-004 0.10682145609029E+000 0.35653787228971E-003 0.78900360097647E-001 0.15553065690988E-003 0.10548495147167E-004 0.83621962657750E-006 0.11225802950780E-002 0.14316361156865E-001 0.37806197840033E-001 0.31359811615319E-001 0.33313303321220E-004 0.12001963644907E-002 0.56137038272904E-005 0.14277888361306E-002 0.47814438343338E-004 0.89960087615273E-003 0.15239274852696E-011 0.24410646719607E-006 0.72432993398341E+000 -.13177579177709E-020 0.14313948033548E+004 0.43367742494133E-001 -.89803743903304E+002 0.55167226685508E-001 0.10132500000000E+006 0.22807213696903E-003 0.26788582306415E+002 0.10000000000000E+001 0.00000000000000E+000 0.10000000000000E+001 0.14313948033548E+004 0.29350630187544E+004
 138 0.29726982596307E-001 0.10818843145063E-002 0.37285284046201E-004 0.97562810485403E-004 0.10552957539641E+000 0.37417790439999E-003 0.79599181809081E-001 0.15375981471175E-003 0.11293073918682E-004 0.89435796600999E-006 0.11400992292667E-002 0.13951339163024E-001 0.38210094571955E-001 0.31838208799216E-001 0.34649951040202E-004 0.12019356483353E-002 0.54634729424561E-005 0.14359044377284E-002 0.47399237292078E-004 0.86895039842068E-003 0.17069261262104E-011 0.24747597438640E-006 0.72438009284757E+000 -.13171881528449E-020 0.14407918435810E+004 0.43367742494133E-001 -.89355762442131E+002 0.55167226685508E-001 0.10132500000000E+006 0.22653153150939E-003 0.26782305835215E+002 0.10000000000000E+001 0.00000000000000E+000 0.10000000000000E+001 0.14407918435810E+004 0.30158769781263E+004
 139 0.29941107051202E-001 0.10870424144404E-002 0.38810864048813E-004 0.10227503339726E-003 0.10425774727049E+000 0.39227120224771E-003 0.80284225013897E-001 0.15193714857823E-003 0.12061356558438E-004 0.95427604904858E-006 0.11564008092172E-002 0.13593882170144E-001 0.38605474300432E-001 0.32313810337549E-001 0.35977839868654E-004 0.12032133650519E-002 0.53153032525792E-005 0.14430476091155E-002 0.46922516674254E-004 0.83854798866097E-003 0.19077972370422E-011 0.25082926639791E-006 0.72442983234916E+000 -.13120601954660E-020 0.14499909335077E+004 0.43367742494133E-001 -.88978232720108E+002 0.55167226685508E-001 0.10132500000000E+006 0.22504297729634E-003 0.26776192047154E+002 0.10000000000000E+001 0.00000000000000E+000 0.10000000000000E+001 0.14499909335077E+004 0.30955519807744E+004
 140 0.30152356906874E-001 0.10919915730582E-002 0.40358876291279E-004 0.10711858595138E-003 0.10300528684291E+000 0.41081898712582E-003 0.80955944864575E-001 0.15006719878955E-003 0.12852389344042E-004 0.10158930197932E-005 0.11714801063062E-002 0.13243786440699E-001 0.38992503924266E-001 0.32786809820713E-001 0.37295036314347E-004 0.12040373934681E-002 0.51691939295066E-005 0.14492236871212E-002 0.46388231935512E-004 0.80845466914039E-003 0.21279042827958E-011 0.25416805184944E-006 0.72447914211486E+000 -.13063205068552E-020 0.14589994438883E+004 0.43367742494133E-001 -.88669167086258E+002 0.55167226685508E-001 0.10132500000000E+006 0.22360371794019E-003 0.26770236595537E+002 0.10000000000000E+001 0.00000000000000E+000 0.10000000000000E+001 0.14589994438883E+004 0.31740225159732E+004
 141 0.30360884700491E-001 0.10967364122682E-002 0.41928733372272E-004 0.11209585893248E-003 0.10177162066727E+000 0.42982138223036E-003 0.81614730784867E-001 0.14815440400262E-003 0.13665087802646E-004 0.10791176925831E-005 0.11853340905317E-002 0.12900879522819E-001 0.39371315772890E-001 0.33257364670031E-001 0.38599605763496E-004 0.12044150575738E-002 0.50251614343776E-005 0.14544386223976E-002 0.45800292646833E-004 0.77872724459223E-003 0.23686712589885E-011 0.25749377986164E-006 0.72452801001473E+000 -.13005063781098E-020 0.14678237832618E+004 0.43367742494133E-001 -.88426675153335E+002 0.55167226685507E-001 0.10132500000000E+006 0.22221128388503E-003 0.26764435729726E+002 0.10000000000000E+001 0.00000000000000E+000 0.10000000000000E+001 0.14678237832618E+004 0.32512191952991E+004
 142 0.30566842777204E-001 0.11012814999718E-002 0.43519917013242E-004 0.11720955008174E-003 0.10055615617466E+000 0.44927927216455E-003 0.82260977116005E-001 0.14620291501928E-003 0.14498318804156E-004 0.11438549964843E-005 0.11979630389803E-002 0.12564983636342E-001 0.39742048041710E-001 0.33725644821029E-001 0.39889743964905E-004 0.12043532701916E-002 0.48832222403969E-005 0.14586996201473E-002 0.45162505234759E-004 0.74941559042586E-003 0.26316061476736E-011 0.26080798476457E-006 0.72457642708040E+000 -.12943039799329E-020 0.14764703513077E+004 0.43367742494133E-001 -.88248925290893E+002 0.55167226685507E-001 0.10132500000000E+006 0.22086332591761E-003 0.26758785664473E+002 0.10000000000000E+001 0.00000000000000E+000 0.10000000000000E+001 0.14764703513077E+004 0.33270766905511E+004
 143 0.30770389480393E-001 0.11056314542902E-002 0.45132030533400E-004 0.12246285025426E-003 0.99358248006344E-001 0.46919499074648E-003 0.82895100754878E-001 0.14421653086333E-003 0.15350933207537E-004 0.12100085410659E-005 0.12093704298773E-002 0.12235906832436E-001 0.40104854411487E-001 0.34191846505502E-001 0.41163808581161E-004 0.12038584565603E-002 0.47433872575691E-005 0.14620149926698E-002 0.44478537303033E-004 0.72056223939175E-003 0.29183164084616E-011 0.26411238597107E-006 0.72462438872397E+000 -.12906854675182E-020 0.14849457774276E+004 0.43367742494133E-001 -.88134151848186E+002 0.55167226685507E-001 0.10132500000000E+006 0.21955757024342E-003 0.26753282433960E+002 0.10000000000000E+001 0.00000000000000E+000 0.10000000000000E+001 0.14849457774276E+004 0.34015355775582E+004
 144 0.30971675562519E-001 0.11097906209177E-002 0.46764695302710E-004 0.12785912692887E-003 0.98177280841797E-001 0.48957109371037E-003 0.83517497037239E-001 0.14219883045664E-003 0.16221715649440E-004 0.12774767493119E-005 0.12195617027649E-002 0.11913466214756E-001 0.40459878266605E-001 0.34656160848080E-001 0.42420225452041E-004 0.12029365135495E-002 0.46056702606343E-005 0.14643936646325E-002 0.43751950344750E-004 0.69220479679006E-003 0.32304986314320E-011 0.26740866790757E-006 0.72467189129612E+000 -.12854862563959E-020 0.14932563340194E+004 0.43367742494133E-001 -.88080674522636E+002 0.55167226685507E-001 0.10132500000000E+006 0.21829190172583E-003 0.26747922283375E+002 0.10000000000000E+001 0.00000000000000E+000 0.10000000000000E+001 0.14932563340194E+004 0.34745368945251E+004
 145 0.31170833272817E-001 0.11137628623204E-002 0.48417453465035E-004 0.13340160143570E-003 0.97012735002225E-001 0.51040913375993E-003 0.84128505780323E-001 0.14015330106636E-003 0.17109334406640E-004 0.13461490315724E-005 0.12285435989759E-002 0.11597505668507E-001 0.40807233121135E-001 0.35118747381311E-001 0.43657412304947E-004 0.12015929276362E-002 0.44700945698892E-005 0.14658450702978E-002 0.42986244923468E-004 0.66437790707574E-003 0.35699218635981E-011 0.27069829288996E-006 0.72471892925337E+000 -.12791772359298E-020 0.15014074887116E+004 0.43367742494133E-001 -.88086892755175E+002 0.55167226685507E-001 0.10132500000000E+006 0.21706442083579E-003 0.26742701956767E+002 0.10000000000000E+001 0.00000000000000E+000 0.10000000000000E+001 0.15014074887116E+004 0.35460179124610E+004
 146 0.31367998621305E-001 0.11175520228742E-002 0.50089942912987E-004 0.13909393016218E-003 0.95864057415997E-001 0.53171184545656E-003 0.84728479676638E-001 0.13808312987919E-003 0.18012437111493E-004 0.14159132551376E-005 0.12363251268893E-002 0.11287860579921E-001 0.41147041392051E-001 0.35579784427734E-001 0.44873910239132E-004 0.11998327094366E-002 0.43366772552595E-005 0.14663793855651E-002 0.42184782439586E-004 0.63711052008358E-003 0.39384641296436E-011 0.27398285992752E-006 0.72476550018730E+000 -.12734668216977E-020 0.15094048222089E+004 0.43367742494133E-001 -.88151275620042E+002 0.55167226685507E-001 0.10132500000000E+006 0.21587329483764E-003 0.26737618106473E+002 0.10000000000000E+001 0.00000000000000E+000 0.10000000000000E+001 0.15094048222089E+004 0.36159199512631E+004
 147 0.31563336921075E-001 0.11211623582473E-002 0.51782125194089E-004 0.14494102318294E-003 0.94730516266746E-001 0.55348615100220E-003 0.85317859313964E-001 0.13599093061908E-003 0.18929778138381E-004 0.14866655893398E-005 0.12429179068531E-002 0.10984319545022E-001 0.41479476047938E-001 0.36039529336735E-001 0.46068529834858E-004 0.11976600015922E-002 0.42054118558860E-005 0.14660071514534E-002 0.41350664478261E-004 0.61042287770449E-003 0.43381779076712E-011 0.27726453782462E-006 0.72481161064497E+000 -.12649113232181E-020 0.15172550296724E+004 0.43367742494133E-001 -.88272392810901E+002 0.55167226685507E-001 0.10132500000000E+006 0.21471660651957E-003 0.26732666675878E+002 0.10000000000000E+001 0.00000000000000E+000 0.10000000000000E+001 0.15172550296724E+004 0.36841967802796E+004
 148 0.31757017131462E-001 0.11245979617275E-002 0.53494082297168E-004 0.15094841608227E-003 0.93611354766454E-001 0.57574071752223E-003 0.85897091629817E-001 0.13387900809566E-003 0.19860111691660E-004 0.15583022292656E-005 0.12483343606300E-002 0.10686666978344E-001 0.41804713289161E-001 0.36498259315376E-001 0.47240176989372E-004 0.11950780894864E-002 0.40762861648406E-005 0.14647386504836E-002 0.40486820476622E-004 0.58433066378440E-003 0.47712678301303E-011 0.28054564898987E-006 0.72485726982277E+000 -.12557534385276E-020 0.15249648352160E+004 0.43367742494133E-001 -.88448934980860E+002 0.55167226685507E-001 0.10132500000000E+006 0.21359251507973E-003 0.26727843614656E+002 0.10000000000000E+001 0.00000000000000E+000 0.10000000000000E+001 0.15249648352160E+004 0.37508046039939E+004
 149 0.31949176833590E-001 0.11278621492222E-002 0.55225699675685E-004 0.15712117352159E-003 0.92505995161927E-001 0.59848185680689E-003 0.86466524714506E-001 0.13174976227370E-003 0.20802019011805E-004 0.16307061366122E-005 0.12525866294102E-002 0.10394737305038E-001 0.42122873129430E-001 0.36956187502858E-001 0.48387630574849E-004 0.11920899094839E-002 0.39493056227327E-005 0.14625841380292E-002 0.39596174012342E-004 0.55885012103843E-003 0.52400191282541E-011 0.28382807098418E-006 0.72490248107811E+000 -.12482780833453E-020 0.15325395968805E+004 0.43367742494133E-001 -.88679675225079E+002 0.55167226685507E-001 0.10132500000000E+006 0.21249945146582E-003 0.26723145753332E+002 0.10000000000000E+001 0.00000000000000E+000 0.10000000000000E+001 0.15325395968805E+004 0.38156896402347E+004
 150 0.32139936319326E-001 0.11309577840423E-002 0.56976768511539E-004 0.16346421566337E-003 0.91413956314205E-001 0.62171476032782E-003 0.87026452076795E-001 0.12960557011730E-003 0.21753963391259E-004 0.17037513826482E-005 0.12556874172776E-002 0.10108391996146E-001 0.42434044705322E-001 0.37413494161740E-001 0.49509625995903E-004 0.11886981023875E-002 0.38244834482043E-005 0.14595541816835E-002 0.38681604121156E-004 0.53399630453480E-003 0.57468167956818E-011 0.28711345792345E-006 0.72494724509370E+000 -.12412850685572E-020 0.15399839025077E+004 0.43367742494133E-001 -.88963449583289E+002 0.55167226685507E-001 0.10132500000000E+006 0.21143601916195E-003 0.26718570412670E+002 0.10000000000000E+001 0.00000000000000E+000 0.10000000000000E+001 0.15399839025077E+004 0.38787932339056E+004
 151 0.32329424967117E-001 0.11338877265723E-002 0.58747218927947E-004 0.16998316215677E-003 0.90334703233810E-001 0.64544657840654E-003 0.87577190372064E-001 0.12744850833164E-003 0.22714417746674E-004 0.17773130036310E-005 0.12576504700158E-002 0.98274798250079E-002 0.42738329432980E-001 0.37870388899821E-001 0.50605005399970E-004 0.11849046258900E-002 0.37018232896452E-005 0.14556593443926E-002 0.37745827724325E-004 0.50977988902712E-003 0.62942162009535E-011 0.29040368810284E-006 0.72499156591545E+000 -.12326730920393E-020 0.15473026072713E+004 0.43367742494133E-001 -.89299185367315E+002 0.55167226685507E-001 0.10132500000000E+006 0.21040083900961E-003 0.26714114762570E+002 0.10000000000000E+001 0.00000000000000E+000 0.10000000000000E+001 0.15473026072713E+004 0.39400605204362E+004
 152 0.32517776270422E-001 0.11366547156821E-002 0.60537078409321E-004 0.17668422415137E-003 0.89267678234560E-001 0.66968595185903E-003 0.88119062909111E-001 0.12528041661244E-003 0.23681841877395E-004 0.18512652704605E-005 0.12584901004220E-002 0.95518455951344E-002 0.43035831086540E-001 0.38327098877094E-001 0.51672676137190E-004 0.11807107498780E-002 0.35813229757570E-005 0.14509100080088E-002 0.36791421001020E-004 0.48620822889790E-003 0.68849487987413E-011 0.29370078309565E-006 0.72503544958871E+000 -.12228936773699E-020 0.15545006168410E+004 0.43367742494133E-001 -.89685905053760E+002 0.55167226685507E-001 0.10132500000000E+006 0.20939257802925E-003 0.26709775969252E+002 0.10000000000000E+001 0.00000000000000E+000 0.10000000000000E+001 0.15545006168410E+004 0.39994381638123E+004
 153 0.32705109145061E-001 0.11392610881827E-002 0.62346291075285E-004 0.18357355051622E-003 0.88212408329856E-001 0.69444059884615E-003 0.88652345160125E-001 0.12310312691182E-003 0.24654584272890E-004 0.19254742263941E-005 0.12582209748009E-002 0.92813579841120E-002 0.43326625487561E-001 0.38783823033815E-001 0.52711496286519E-004 0.11761174736424E-002 0.34629867490858E-005 0.14453167940793E-002 0.35820918891497E-004 0.46328799371859E-003 0.75218742863806E-011 0.29700657965502E-006 0.72507889963823E+000 -.12128458671598E-020 0.15615821667739E+004 0.43367742494133E-001 -.90122686974869E+002 0.55167226685507E-001 0.10132500000000E+006 0.20841004618643E-003 0.26705551634282E+002 0.10000000000000E+001 0.00000000000000E+000 0.10000000000000E+001 0.15615821667739E+004 0.40568681323071E+004
 154 0.32891526023527E-001 0.11417088010713E-002 0.64174685573713E-004 0.19065708515696E-003 0.87168515125729E-001 0.71971681488106E-003 0.89177260779575E-001 0.12091850638128E-003 0.25630866352819E-004 0.19997965846692E-005 0.12568584121019E-002 0.90159113825821E-002 0.43610758712455E-001 0.39240726117026E-001 0.53720264914043E-004 0.11711257314859E-002 0.33468261852486E-005 0.14388909007493E-002 0.34836837106323E-004 0.44102547498474E-003 0.82079664734465E-011 0.30032268560613E-006 0.72512191654821E+000 -.12012170787162E-020 0.15685507734525E+004 0.43367742494133E-001 -.90608640578954E+002 0.55167226685506E-001 0.10132500000000E+006 0.20745219596411E-003 0.26701439811562E+002 0.10000000000000E+001 0.00000000000000E+000 0.10000000000000E+001 0.15685507734525E+004 0.41122874219427E+004
 155 0.33077125219326E-001 0.11439996355078E-002 0.66022085075259E-004 0.19794097337182E-003 0.86135644797398E-001 0.74552093794304E-003 0.89694017675421E-001 0.11872832911074E-003 0.26608843798248E-004 0.20740844953275E-005 0.12544185375964E-002 0.87554074908160E-002 0.43888266978633E-001 0.39697967877318E-001 0.54697790588797E-004 0.11657361981214E-002 0.32328522251844E-005 0.14316439093405E-002 0.33841615287731E-004 0.41942517211616E-003 0.89463516220007E-011 0.30365069100320E-006 0.72516450055620E+000 -.11906480294401E-020 0.15754097160085E+004 0.43367742494133E-001 -.91142921780415E+002 0.55167226685506E-001 0.10132500000000E+006 0.20651805013168E-003 0.26697438712412E+002 0.10000000000000E+001 0.00000000000000E+000 0.10000000000000E+001 0.15754097160085E+004 0.41656320566710E+004
 156 0.33262008126740E-001 0.11461352863434E-002 0.67888375915721E-004 0.20543184446264E-003 0.85113428878576E-001 0.77186032056525E-003 0.90202827730007E-001 0.11653420146778E-003 0.27586644118136E-004 0.21481884557445E-005 0.12509181306155E-002 0.84997454303393E-002 0.44159187027866E-001 0.40155720423306E-001 0.55642924700392E-004 0.11599490975661E-002 0.31210709310391E-005 0.14235874951632E-002 0.32837580788208E-004 0.39848914963609E-003 0.97403441084147E-011 0.30699229615197E-006 0.72520665319714E+000 -.11774082650890E-020 0.15821623003130E+004 0.43367742494133E-001 -.91724751517589E+002 0.55167226685506E-001 0.10132500000000E+006 0.20560666281223E-003 0.26693546553687E+002 0.10000000000000E+001 0.00000000000000E+000 0.10000000000000E+001 0.15821623003130E+004 0.42168390360525E+004
 157 0.33446276764273E-001 0.11481173183230E-002 0.69773482586771E-004 0.21313673879947E-003 0.84101499424303E-001 0.79874302059016E-003 0.90703899058339E-001 0.11433760008039E-003 0.28562353494146E-004 0.22219563522259E-005 0.12463745059692E-002 0.82488257737838E-002 0.44423551532280E-001 0.40614162021435E-001 0.56554541211551E-004 0.11537642526135E-002 0.30114853602311E-005 0.14147334396695E-002 0.31826963269210E-004 0.37821756231770E-003 0.10593449979652E-010 0.31034926926856E-006 0.72524837660936E+000 -.11630865486572E-020 0.15888117582965E+004 0.43367742494133E-001 -.92353411237662E+002 0.55167226685506E-001 0.10132500000000E+006 0.20471713123177E-003 0.26689761623135E+002 0.10000000000000E+001 0.00000000000000E+000 0.10000000000000E+001 0.15888117582965E+004 0.42658453203757E+004
 158 0.33630029753436E-001 0.11499471198748E-002 0.71677324030390E-004 0.22106294722065E-003 0.83099512121247E-001 0.82617720050278E-003 0.91197424587580E-001 0.11213992972586E-003 0.29533994645613E-004 0.22952318384049E-005 0.12408055503700E-002 0.80025563267187E-002 0.44681382781663E-001 0.41073466787204E-001 0.57431511441765E-004 0.11471812288368E-002 0.29040982156826E-005 0.14050938064219E-002 0.30811919525275E-004 0.35860928434768E-003 0.11509358425086E-010 0.31372337326001E-006 0.72528967251371E+000 -.11486829113753E-020 0.15953610984985E+004 0.43367742494133E-001 -.93028228034877E+002 0.55167226685506E-001 0.10132500000000E+006 0.20384861332189E-003 0.26686082367796E+002 0.10000000000000E+001 0.00000000000000E+000 0.10000000000000E+001 0.15953610984985E+004 0.43125865822640E+004
 159 0.33813360761290E-001 0.11516258987310E-002 0.73599792660037E-004 0.22921792837370E-003 0.82107155108557E-001 0.85417082067007E-003 0.91683577979280E-001 0.10994255220107E-003 0.30499517947421E-004 0.23678537344057E-005 0.12342298146595E-002 0.77608541345621E-002 0.44932690512324E-001 0.41533800298776E-001 0.58272694625843E-004 0.11401994399351E-002 0.27989128363427E-005 0.13946810872138E-002 0.29794545480332E-004 0.33966219157728E-003 0.12491938267984E-010 0.31711633484840E-006 0.72533054178703E+000 -.11342560377855E-020 0.16018130539492E+004 0.43367742494133E-001 -.93748563214383E+002 0.55167226685506E-001 0.10132500000000E+006 0.20300033171857E-003 0.26682507421881E+002 0.10000000000000E+001 0.00000000000000E+000 0.10000000000000E+001 0.16018130539492E+004 0.43569968432509E+004
 160 0.33996360511726E-001 0.11531547144766E-002 0.75540770385936E-004 0.23760937702050E-003 0.81124138212553E-001 0.88273186034008E-003 0.92162519213866E-001 0.10774677164100E-003 0.31456812108341E-004 0.24396569032849E-005 0.12266665106564E-002 0.75236426521120E-002 0.45177474827816E-001 0.41995324139776E-001 0.59076946406576E-004 0.11328181294644E-002 0.26959320712789E-005 0.13835081686195E-002 0.28776867874087E-004 0.32137304381864E-003 0.13545251236364E-010 0.32052987918439E-006 0.72537098484867E+000 -.11169898283813E-020 0.16081701580829E+004 0.43367742494133E-001 -.94513813738273E+002 0.55167226685506E-001 0.10132500000000E+006 0.20217156099025E-003 0.26679035562166E+002 0.10000000000000E+001 0.00000000000000E+000 0.10000000000000E+001 0.16081701580829E+004 0.43990090665825E+004
 161 0.34179123964632E-001 0.11545345393291E-002 0.77500201883467E-004 0.24624555423422E-003 0.80150155146354E-001 0.91186940852162E-003 0.92634413068746E-001 0.10555375682525E-003 0.32403741816968E-004 0.25104751294501E-005 0.12181351956436E-002 0.72908426138275E-002 0.45415735436232E-001 0.42458213704156E-001 0.59843146935664E-004 0.11250361027287E-002 0.25951544402904E-005 0.13715879040536E-002 0.27760806481467E-004 0.30373690276725E-003 0.14673602077101E-010 0.32396586377452E-006 0.72541100315936E+000 -.10974106986677E-020 0.16144349917242E+004 0.43367742494133E-001 -.95323440164654E+002 0.55167226685506E-001 0.10132500000000E+006 0.20136159352252E-003 0.26675665575130E+002 0.10000000000000E+001 0.00000000000000E+000 0.10000000000000E+001 0.16144349917242E+004 0.44385567236770E+004
 162 0.34361757422428E-001 0.11557662846558E-002 0.79478171705208E-004 0.25513567353288E-003 0.79184847915204E-001 0.94159488243676E-003 0.93099445912682E-001 0.10336446443153E-003 0.33338182600391E-004 0.25801437386919E-005 0.12086552463170E-002 0.70623639437881E-002 0.45647479341037E-001 0.42922676265841E-001 0.60570220112414E-004 0.11168513691617E-002 0.24965708174264E-005 0.13589325223083E-002 0.26748137173673E-004 0.28674669275767E-003 0.15881606816177E-010 0.32742641743694E-006 0.72545060061740E+000 -.10802661806801E-020 0.16206104080128E+004 0.43367742494133E-001 -.96177004532634E+002 0.55167226685506E-001 0.10132500000000E+006 0.20056970991960E-003 0.26672396147964E+002 0.10000000000000E+001 0.00000000000000E+000 0.10000000000000E+001 0.16206104080128E+004 0.44755747832591E+004
 163 0.34544377179808E-001 0.11568507471616E-002 0.81474892243465E-004 0.26428991951650E-003 0.78227817334873E-001 0.97192196156454E-003 0.93557819862194E-001 0.10117966518115E-003 0.34258008883784E-004 0.26484986911572E-005 0.11982456433218E-002 0.68381089339430E-002 0.45872716697279E-001 0.43388947810225E-001 0.61257112229612E-004 0.11082611019562E-002 0.24001660453303E-005 0.13455535207466E-002 0.25740503778935E-004 0.27039364125938E-003 0.17174221031177E-010 0.33091392363123E-006 0.72548978304781E+000 -.10638989907473E-020 0.16266994571575E+004 0.43367742494133E-001 -.97074175200485E+002 0.55167226685506E-001 0.10132500000000E+006 0.19979518886526E-003 0.26669225927140E+002 0.10000000000000E+001 0.00000000000000E+000 0.10000000000000E+001 0.16266994571575E+004 0.45099985388591E+004
 164 0.34727102699377E-001 0.11577885366817E-002 0.83490629107100E-004 0.27371917064681E-003 0.77278661648793E-001 0.10028655490118E-002 0.94009733739511E-001 0.99000036530343E-004 0.35161053710395E-004 0.27153735865134E-005 0.11869251858840E-002 0.66179817814827E-002 0.46091450410176E-001 0.43857275668514E-001 0.61902752843371E-004 0.10992618978373E-002 0.23059232635821E-005 0.13314620501205E-002 0.24739461420785E-004 0.25466814003453E-003 0.18556725493118E-010 0.33443089706600E-006 0.72552855654139E+000 -.10439595089580E-020 0.16327051358961E+004 0.43367742494133E-001 -.98014699884970E+002 0.55167226685506E-001 0.10132500000000E+006 0.19903733854221E-003 0.26666153663323E+002 0.10000000000000E+001 0.00000000000000E+000 0.10000000000000E+001 0.16327051358961E+004 0.45417615883882E+004
 165 0.34910053878783E-001 0.11585800541538E-002 0.85525667483137E-004 0.28343488232328E-003 0.76336992363256E-001 0.10344413025821E-002 0.94455375411849E-001 0.96826206008364E-004 0.36045090816144E-004 0.27805983696854E-005 0.11747126543186E-002 0.64018923809765E-002 0.46303671855054E-001 0.44327911258556E-001 0.62506037839818E-004 0.10898499187004E-002 0.22138257004497E-005 0.13166691393388E-002 0.23746496920025E-004 0.23956011786807E-003 0.20034728272759E-010 0.33797993404307E-006 0.72556692673792E+000 -.10262993537277E-020 0.16386302878280E+004 0.43367742494133E-001 -.98998390838622E+002 0.55167226685506E-001 0.10132500000000E+006 0.19829550777254E-003 0.26663178268354E+002 0.10000000000000E+001 0.00000000000000E+000 0.10000000000000E+001 0.16386302878280E+004 0.45707950212859E+004
 166 0.35093352642067E-001 0.11592254974878E-002 0.87580325313193E-004 0.29344918323202E-003 0.75402427354064E-001 0.10666658721885E-002 0.94894925050801E-001 0.94658742587986E-004 0.36907838634550E-004 0.28439996709085E-005 0.11616267511188E-002 0.61897547515317E-002 0.46509361993620E-001 0.44801113835467E-001 0.63065829523019E-004 0.10800208386424E-002 0.21238561415602E-005 0.13011856218259E-002 0.22763025159153E-004 0.22505900642077E-003 0.21614197580880E-010 0.34156374533462E-006 0.72560489904121E+000 -.10072549191882E-020 0.16444776487458E+004 0.43367742494133E-001 -.10002513054868E+003 0.55167226685506E-001 0.10132500000000E+006 0.19756907872663E-003 0.26660298796054E+002 0.10000000000000E+001 0.00000000000000E+000 0.10000000000000E+001 0.16444776487458E+004 0.45970274645001E+004
 167 0.35277121050290E-001 0.11597248529598E-002 0.89654927536932E-004 0.30377478588181E-003 0.74474601908898E-001 0.10995565313314E-002 0.95328549907174E-001 0.92498189151469E-004 0.37746947685936E-004 0.29053999236055E-005 0.11476862874243E-002 0.59814895660220E-002 0.46708488448154E-001 0.45277145278353E-001 0.63580945632998E-004 0.10697699746329E-002 0.20359981322079E-005 0.12850223526119E-002 0.21790404077208E-004 0.21115398174294E-003 0.23301467349535E-010 0.34518512180253E-006 0.72564247810425E+000 -.98740312359818E-021 0.16502497791063E+004 0.43367742494133E-001 -.10109485852740E+003 0.55167226685506E-001 0.10132500000000E+006 0.19685747385647E-003 0.26657514479629E+002 0.10000000000000E+001 0.00000000000000E+000 0.10000000000000E+001 0.16502497791063E+004 0.46203845981081E+004
 168 0.35461471994835E-001 0.11600778858157E-002 0.91749694605542E-004 0.31442444237456E-003 0.73553216063913E-001 0.11331294017908E-002 0.95756382480012E-001 0.90345180168093E-004 0.38559957940764E-004 0.29646143244035E-005 0.11329110462097E-002 0.57770345130678E-002 0.46900995446741E-001 0.45756245450784E-001 0.64050133997142E-004 0.10590928860502E-002 0.19502404065816E-005 0.12681911661394E-002 0.20829986761209E-004 0.19783467605675E-003 0.25103161899378E-010 0.34884675049450E-006 0.72567966586099E+000 -.96921317689098E-021 0.16559487749256E+004 0.43367742494133E-001 -.10220750968216E+003 0.55167226685506E-001 0.10132500000000E+006 0.19616018955186E-003 0.26654824868399E+002 0.10000000000000E+001 0.00000000000000E+000 0.10000000000000E+001 0.16559487749256E+004 0.46407881342950E+004
 169 0.35646501902681E-001 0.11602841782861E-002 0.93864650281241E-004 0.32541042730533E-003 0.72638069064368E-001 0.11673978743288E-002 0.96178505483265E-001 0.88200530462436E-004 0.39344275385406E-004 0.30214492790549E-005 0.11173227079416E-002 0.55763510967423E-002 0.47086798050142E-001 0.46238612354079E-001 0.64472067331026E-004 0.10479859754764E-002 0.18665796549647E-005 0.12507058246725E-002 0.19883157315493E-004 0.18509155431662E-003 0.27026106450362E-010 0.35255106243794E-006 0.72571646012128E+000 -.95084333896377E-021 0.16615760678524E+004 0.43367742494133E-001 -.10336295363209E+003 0.55167226685505E-001 0.10132500000000E+006 0.19547681753612E-003 0.26652229904691E+002 0.10000000000000E+001 0.00000000000000E+000 0.10000000000000E+001 0.16615760678524E+004 0.46581559683440E+004
 170 0.35832308161215E-001 0.11603432013700E-002 0.95999812447241E-004 0.33674546945692E-003 0.71728970988355E-001 0.12023755865971E-002 0.96594993583996E-001 0.86065034790472E-004 0.40097258068302E-004 0.30757087950941E-005 0.11009436980498E-002 0.53794043996799E-002 0.47265801633049E-001 0.46724446710061E-001 0.64845398127500E-004 0.10364456219736E-002 0.17850119770774E-005 0.12325806342877E-002 0.18951237526433E-004 0.17291456292180E-003 0.29077485047252E-010 0.35630057408287E-006 0.72575285811882E+000 -.93145359919110E-021 0.16671329815654E+004 0.43367742494133E-001 -.10456108763945E+003 0.55167226685505E-001 0.10132500000000E+006 0.19480697452431E-003 0.26649729649251E+002 0.10000000000000E+001 0.00000000000000E+000 0.10000000000000E+001 0.16671329815654E+004 0.46724048746054E+004
 171 0.36019035491016E-001 0.11602542788983E-002 0.98155725783791E-004 0.34844568519509E-003 0.70825520526627E-001 0.12380852955277E-002 0.97006014182337E-001 0.83938948319158E-004 0.40816393742832E-004 0.31272072211819E-005 0.10837929016963E-002 0.51861157739482E-002 0.47437943293821E-001 0.47214073384309E-001 0.65168832734215E-004 0.10244652133915E-002 0.17055135450398E-005 0.12138257834294E-002 0.18035262500325E-004 0.16129036971846E-003 0.31265411575767E-010 0.36009883653858E-006 0.72578886529715E+000 -.91322900471947E-021 0.16726220796423E+004 0.43367742494133E-001 -.10580214639400E+003 0.55167226685505E-001 0.10132500000000E+006 0.19415014062596E-003 0.26647323700618E+002 0.10000000000000E+001 0.00000000000000E+000 0.10000000000000E+001 0.16726220796423E+004 0.46834529469210E+004
 172 0.36206900021708E-001 0.11600163706873E-002 0.10033374760389E-003 0.36053252405476E-003 0.69927004369043E-001 0.12745641880344E-002 0.97411869087635E-001 0.81821750427011E-004 0.41499337864210E-004 0.31757715464339E-005 0.10658826101423E-002 0.49963447216801E-002 0.47603202324755E-001 0.47708005995213E-001 0.65441097649711E-004 0.10120331280858E-002 0.16280340079715E-005 0.11944442823469E-002 0.17135895353951E-004 0.15020176669594E-003 0.33599415463152E-010 0.36395097167542E-006 0.72582449901260E+000 -.88818467905768E-021 0.16780477315052E+004 0.43367742494133E-001 -.10708690961163E+003 0.55167226685505E-001 0.10132500000000E+006 0.19350559729596E-003 0.26645011042387E+002 0.10000000000000E+001 0.00000000000000E+000 0.10000000000000E+001 0.16780477315052E+004 0.46912163629436E+004
 173 0.36396141898097E-001 0.11596279219076E-002 0.10253550121321E-003 0.37303019110805E-003 0.69032641378947E-001 0.13118553647162E-002 0.97812879934787E-001 0.79712725035587E-004 0.42143673600090E-004 0.32212238728794E-005 0.10472223367190E-002 0.48099439872591E-002 0.47761545737161E-001 0.48206823549808E-001 0.65660788553380E-004 0.99913541122022E-003 0.15525198816742E-005 0.11744363186737E-002 0.16253693776436E-004 0.13963135210029E-003 0.36090088848310E-010 0.36786275071255E-006 0.72585977849082E+000 -.86390511500613E-021 0.16834145916592E+004 0.43367742494133E-001 -.10841642301619E+003 0.55167226685505E-001 0.10132500000000E+006 0.19287261316285E-003 0.26642790793520E+002 0.10000000000000E+001 0.00000000000000E+000 0.10000000000000E+001 0.16834145916592E+004 0.46956023672503E+004
 174 0.36586957418782E-001 0.11590870071500E-002 0.10476207373720E-003 0.38596118725079E-003 0.68141906306287E-001 0.13499943300790E-002 0.98209242994003E-001 0.77611734183313E-004 0.42746668307313E-004 0.32633643063099E-005 0.10278258303204E-002 0.46268269297702E-002 0.47912869827536E-001 0.48710990756914E-001 0.65826284975477E-004 0.98576050743805E-003 0.14789418648316E-005 0.11538067002325E-002 0.15389435346737E-004 0.12956530590109E-003 0.38748249795063E-010 0.37183919916804E-006 0.72589471193645E+000 -.84223973994276E-021 0.16887256599811E+004 0.43367742494133E-001 -.10979151275173E+003 0.55167226685505E-001 0.10132500000000E+006 0.19225067085294E-003 0.26640663018028E+002 0.10000000000000E+001 0.00000000000000E+000 0.10000000000000E+001 0.16887256599811E+004 0.46965074334457E+004
 175 0.36779493620443E-001 0.11583915446334E-002 0.10701393263503E-003 0.39934552668409E-003 0.67254543618462E-001 0.13890070708827E-002 0.98601026923376E-001 0.75519259765467E-004 0.43305309112522E-004 0.33019740716103E-005 0.10077126747210E-002 0.44469669533339E-002 0.48057005145065E-001 0.49220841367299E-001 0.65935814022969E-004 0.97190023437823E-003 0.14072937968982E-005 0.11325662800222E-002 0.14544115665015E-004 0.11999289599044E-003 0.41584728064897E-010 0.37588445036970E-006 0.72592929614005E+000 -.82495701007865E-021 0.16939822463067E+004 0.43367742494133E-001 -.11121269355839E+003 0.55167226685505E-001 0.10132500000000E+006 0.19163946363200E-003 0.26638628654962E+002 0.10000000000000E+001 0.00000000000000E+000 0.10000000000000E+001 0.16939822463067E+004 0.46938216743377E+004
 176 0.36973890012728E-001 0.11575393100636E-002 0.10929139891044E-003 0.41320327341317E-003 0.66370365467337E-001 0.14289178162406E-002 0.98988265220461E-001 0.73435932034470E-004 0.43816477312799E-004 0.33368281548465E-005 0.98690471646873E-003 0.42703537127413E-002 0.48193755611895E-001 0.49736686795261E-001 0.65987534706083E-004 0.95754727765920E-003 0.13375745118716E-005 0.11107279899066E-002 0.13718739251824E-004 0.11090379119725E-003 0.44610853170473E-010 0.38000259480637E-006 0.72596352448527E+000 -.81146621317777E-021 0.16991852060129E+004 0.43367742494133E-001 -.11268043502393E+003 0.55167226685505E-001 0.10132500000000E+006 0.19103874598324E-003 0.26636688969729E+002 0.10000000000000E+001 0.00000000000000E+000 0.10000000000000E+001 0.16991852060129E+004 0.46874321777785E+004
 177 0.37170303986075E-001 0.11565278482824E-002 0.11159493615794E-003 0.42755629285268E-003 0.65489137025855E-001 0.14697540606581E-002 0.99371006734489E-001 0.71362263196727E-004 0.44277026871312E-004 0.33677008248354E-005 0.96542356860184E-003 0.40969698290321E-002 0.48322916354092E-001 0.50258882766595E-001 0.65979553385426E-004 0.94269347085279E-003 0.12697785430779E-005 0.10883041841253E-002 0.12914209004126E-004 0.10228682946170E-003 0.47838860143312E-010 0.38419822197836E-006 0.72599739132106E+000 -.79538781870668E-021 0.17043356202370E+004 0.43367742494133E-001 -.11419534471117E+003 0.55167226685505E-001 0.10132500000000E+006 0.19044825388298E-003 0.26634845299032E+002 0.10000000000000E+001 0.00000000000000E+000 0.10000000000000E+001 0.17043356202370E+004 0.46772228311316E+004
 178 0.37368909373352E-001 0.11553544405129E-002 0.11392512549512E-003 0.44242822963569E-003 0.64610589205858E-001 0.15115462734010E-002 0.99749309041411E-001 0.69298682184790E-004 0.44683770594031E-004 0.33943646496468E-005 0.94329080589503E-003 0.39267941433433E-002 0.48444268809865E-001 0.50787825080315E-001 0.65909907902108E-004 0.92732992401148E-003 0.12038975648843E-005 0.10653068581285E-002 0.12131341729528E-004 0.94130277822362E-004 0.51281948981008E-010 0.38847640896209E-006 0.72603089129199E+000 -.77225568084539E-021 0.17094347118924E+004 0.43367742494133E-001 -.11575816166145E+003 0.55167226685505E-001 0.10132500000000E+006 0.18986771510608E-003 0.26633099113466E+002 0.10000000000000E+001 0.00000000000000E+000 0.10000000000000E+001 0.17094347118924E+004 0.46630735270008E+004
 179 0.37569894873161E-001 0.11540160839386E-002 0.11628263680255E-003 0.45784444726713E-003 0.63734431668394E-001 0.15543275149473E-002 0.10012323189689E+000 0.67245570645285E-004 0.45033469517366E-004 0.34165897766574E-005 0.92052825417522E-003 0.37598048280137E-002 0.48557576125599E-001 0.51323944792004E-001 0.65776556183336E-004 0.91144720986226E-003 0.11399217141480E-005 0.10417479479093E-002 0.11370882892339E-004 0.86422050162073E-004 0.54954336480938E-010 0.39284270535143E-006 0.72606401865565E+000 -.75045266784730E-021 0.17144837626869E+004 0.43367742494133E-001 -.11736974544527E+003 0.55167226685505E-001 0.10132500000000E+006 0.18929685901587E-003 0.26631452075875E+002 0.10000000000000E+001 0.00000000000000E+000 0.10000000000000E+001 0.17144837626869E+004 0.46448596687613E+004
 180 0.37773474096080E-001 0.11525093933164E-002 0.11866833422192E-003 0.47383285849565E-003 0.62860315909590E-001 0.15981355008263E-002 0.10049285192399E+000 0.65203182678177E-004 0.45322841771957E-004 0.34341444494964E-005 0.89715700787237E-003 0.35959730056615E-002 0.48662584712347E-001 0.51867734251385E-001 0.65577356877233E-004 0.89503465335265E-003 0.10778372635092E-005 0.10176383054436E-002 0.10633478357566E-004 0.79149477891122E-004 0.58871529509134E-010 0.39730337318989E-006 0.72609676846197E+000 -.73021207096847E-021 0.17194843175755E+004 0.43367742494133E-001 -.11903115756316E+003 0.55167226685505E-001 0.10132500000000E+006 0.18873539381585E-003 0.26629906008932E+002 0.10000000000000E+001 0.00000000000000E+000 0.10000000000000E+001 0.17194843175755E+004 0.46224506233922E+004
 181 0.37979894963438E-001 0.11508304701633E-002 0.12108337079257E-003 0.49042479461904E-003 0.61987805316211E-001 0.16430146062322E-002 0.10085827341539E+000 0.63171583312550E-004 0.45548553663010E-004 0.34467941962696E-005 0.87319650573685E-003 0.34352583853594E-002 0.48759022599860E-001 0.52419771397193E-001 0.65310034717432E-004 0.87807962302573E-003 0.10176252138660E-005 0.99298674283623E-003 0.99196576241772E-005 0.72299230603024E-004 0.63050645667796E-010 0.40186562512174E-006 0.72612913736457E+000 -.70318090450345E-021 0.17244383399457E+004 0.43367742494133E-001 -.12074374343781E+003 0.55167226685505E-001 0.10132500000000E+006 0.18818299024671E-003 0.26628462902911E+002 0.10000000000000E+001 0.00000000000000E+000 0.10000000000000E+001 0.17244383399457E+004 0.45957072863606E+004
 182 0.38189431984571E-001 0.11489748977364E-002 0.12352907847582E-003 0.50765453153917E-003 0.61116420091438E-001 0.16890141376902E-002 0.10121960734350E+000 0.61150763432520E-004 0.45707184118711E-004 0.34542993975152E-005 0.84866566306456E-003 0.32776189721600E-002 0.48846588235154E-001 0.52980698043017E-001 0.64972161818698E-004 0.86056824189717E-003 0.95926519588018E-006 0.96780118171882E-003 0.92298807404772E-005 0.65857842213504E-004 0.67510422820919E-010 0.40653749186775E-006 0.72616112158069E+000 -.67867463724607E-021 0.17293479379813E+004 0.43367742494133E-001 -.12250907293841E+003 0.55167226685505E-001 0.10132500000000E+006 0.18763931333035E-003 0.26627125061493E+002 0.10000000000000E+001 0.00000000000000E+000 0.10000000000000E+001 0.17293479379813E+004 0.45644815137567E+004
 183 0.38402363993382E-001 0.11469379242315E-002 0.12600668656931E-003 0.52555746328328E-003 0.60245738433665E-001 0.17361831806032E-002 0.10157692835025E+000 0.59140883263896E-004 0.45795204868453E-004 0.34564143838289E-005 0.82358587929704E-003 0.31230298457604E-002 0.48924936550646E-001 0.53551158709743E-001 0.64561188616306E-004 0.84248747790655E-003 0.90274241689456E-006 0.94209169328170E-003 0.85646206684434E-005 0.59812477654723E-004 0.72270850532350E-010 0.41132735428954E-006 0.72619271287327E+000 -.65906009324135E-021 0.17342147887947E+004 0.43367742494133E-001 -.12432874595463E+003 0.55167226685504E-001 0.10132500000000E+006 0.18710408600012E-003 0.26625895298630E+002 0.10000000000000E+001 0.00000000000000E+000 0.10000000000000E+001 0.17342147887947E+004 0.45286193633161E+004
 184 0.38618959734458E-001 0.11447146665127E-002 0.12851713383638E-003 0.54416867110641E-003 0.59375457286129E-001 0.17845668712870E-002 0.10193025060510E+000 0.57142416852432E-004 0.45809012592128E-004 0.34528902758899E-005 0.79798324973235E-003 0.29714929249566E-002 0.48993674174467E-001 0.54131759969316E-001 0.64074503977051E-004 0.82382678514723E-003 0.84805083874466E-006 0.91587269792108E-003 0.79243989602653E-005 0.54151172087110E-004 0.77352838606517E-010 0.41624362916595E-006 0.72622389619792E+000 -.64114345120093E-021 0.17390398129945E+004 0.43367742494133E-001 -.12620424805519E+003 0.55167226685504E-001 0.10132500000000E+006 0.18657712290424E-003 0.26624777014587E+002 0.10000000000000E+001 0.00000000000000E+000 0.10000000000000E+001 0.17390398129945E+004 0.44879657435705E+004
 185 0.38839484727610E-001 0.11423001403957E-002 0.13106112987884E-003 0.56352317516568E-003 0.58505363504193E-001 0.18342072751181E-002 0.10227954112416E+000 0.55156086793629E-004 0.45744990789264E-004 0.34434795615859E-005 0.77188825008275E-003 0.28230302718706E-002 0.49052364527555E-001 0.54723086602020E-001 0.63509471019582E-004 0.80457801222014E-003 0.79519021038343E-006 0.88916258613913E-003 0.73097473832870E-005 0.48862398276635E-004 0.82778305490443E-010 0.42129492716749E-006 0.72625465065946E+000 -.62829160405539E-021 0.17438233575837E+004 0.43367742494133E-001 -.12813698376019E+003 0.55167226685504E-001 0.10132500000000E+006 0.18605830787510E-003 0.26623774126434E+002 0.10000000000000E+001 0.00000000000000E+000 0.10000000000000E+001 0.17438233575837E+004 0.44423665046561E+004
 186 0.39064220277862E-001 0.11396891240786E-002 0.13363935405431E-003 0.58365731156540E-003 0.57635261094869E-001 0.18851470590146E-002 0.10262474975739E+000 0.53182700333226E-004 0.45599556920047E-004 0.34279392665983E-005 0.74533392013645E-003 0.26776706413096E-002 0.49100533561938E-001 0.55325750244841E-001 0.62863419706202E-004 0.78473421072708E-003 0.74416089266724E-006 0.86198182767565E-003 0.67211439771469E-005 0.43934484262495E-004 0.88570609511038E-010 0.42649050140899E-006 0.72628495190797E+000 -.61369869632092E-021 0.17485656108758E+004 0.43367742494133E-001 -.13012842241347E+003 0.55167226685504E-001 0.10132500000000E+006 0.18554754740418E-003 0.26622890977143E+002 0.10000000000000E+001 0.00000000000000E+000 0.10000000000000E+001 0.17485656108758E+004 0.43916672843651E+004
 187 0.39293486310568E-001 0.11368759072720E-002 0.13625268958828E-003 0.60461061222060E-003 0.56764892426693E-001 0.19374341443122E-002 0.10296583949800E+000 0.51222977909430E-004 0.45369173908811E-004 0.34060313679909E-005 0.71835360891010E-003 0.25354365651995E-002 0.49137670506735E-001 0.55940448050594E-001 0.62133598630413E-004 0.76428803449341E-003 0.69495924370759E-006 0.83435064317280E-003 0.61589576453474E-005 0.39355189435911E-004 0.94755198013494E-010 0.43184081086096E-006 0.72631477448910E+000 -.59534491262969E-021 0.17532670301749E+004 0.43367742494133E-001 -.13218028789635E+003 0.55167226685504E-001 0.10132500000000E+006 0.18504472468911E-003 0.26622132301116E+002 0.10000000000000E+001 0.00000000000000E+000 0.10000000000000E+001 0.17532670301749E+004 0.43357097127681E+004
 188 0.39527670793557E-001 0.11338538806804E-002 0.13890251784015E-003 0.62642847604317E-003 0.55893845865008E-001 0.19911279313506E-002 0.10330281955262E+000 0.49277360439765E-004 0.45050312863796E-004 0.33775194727060E-005 0.69097809544344E-003 0.23963310517329E-002 0.49163222286502E-001 0.56568038398785E-001 0.61317070442272E-004 0.74322951621919E-003 0.64757327395568E-006 0.80628602291488E-003 0.56233991192940E-005 0.35111401680003E-004 0.10136059469020E-009 0.43735827219586E-006 0.72634409430794E+000 -.56983395502444E-021 0.17579288188071E+004 0.43367742494133E-001 -.13429481578103E+003 0.55167226685504E-001 0.10132500000000E+006 0.18454965043790E-003 0.26621503256873E+002 0.10000000000000E+001 0.00000000000000E+000 0.10000000000000E+001 0.17579288188071E+004 0.42743239430537E+004
 189 0.39767249003895E-001 0.11306151810069E-002 0.14159087616428E-003 0.64916407498397E-003 0.55021514454396E-001 0.20463031689327E-002 0.10363575586700E+000 0.47345942445396E-004 0.44639385549197E-004 0.33421635495750E-005 0.66323420930968E-003 0.22603343402448E-002 0.49176578541233E-001 0.57209588293935E-001 0.60410607803016E-004 0.72154479597604E-003 0.60198209378281E-006 0.77780024171564E-003 0.51145185878724E-005 0.31189246250794E-004 0.10841928626367E-009 0.44305781345922E-006 0.72637288894259E+000 -.54765092351567E-021 0.17625531049954E+004 0.43367742494133E-001 -.13647492348360E+003 0.55167226685504E-001 0.10132500000000E+006 0.18406204721915E-003 0.26621009585444E+002 0.10000000000000E+001 0.00000000000000E+000 0.10000000000000E+001 0.17625531049954E+004 0.42073218711348E+004
 190 0.40012752073124E-001 0.11271510345048E-002 0.14432003158378E-003 0.67287537025177E-003 0.54147243651453E-001 0.21030418707087E-002 0.10396470910603E+000 0.45428827739690E-004 0.44132768811542E-004 0.32997225941612E-005 0.63514963099944E-003 0.21274301727719E-002 0.49177052016364E-001 0.57866283607293E-001 0.59410789020508E-004 0.69921963934898E-003 0.55816515326583E-006 0.74890568095014E-003 0.46323126247251E-005 0.27574995697581E-004 0.11596714835318E-009 0.44895623735488E-006 0.72640113153389E+000 -.52311786444615E-021 0.17671421185417E+004 0.43367742494133E-001 -.13872391029025E+003 0.55167226685504E-001 0.10132500000000E+006 0.18358163926678E-003 0.26620657895492E+002 0.10000000000000E+001 0.00000000000000E+000 0.10000000000000E+001 0.17671421185417E+004 0.41345051421651E+004
 191 0.40264698166335E-001 0.11234528121436E-002 0.14709165450474E-003 0.69761793350454E-003 0.53270593577095E-001 0.21614160752999E-002 0.10428963478335E+000 0.43526717221177E-004 0.43527014938033E-004 0.32499717117711E-005 0.60676182207159E-003 0.19976454790057E-002 0.49163872659112E-001 0.58539238796504E-001 0.58314339213153E-004 0.67624667848405E-003 0.51611492183529E-006 0.71962394661046E-003 0.41768600074770E-005 0.24256047225164E-004 0.12404137524119E-009 0.45507063604100E-006 0.72642878152239E+000 -.49854007519123E-021 0.17716968209507E+004 0.43367742494133E-001 -.14104478951213E+003 0.55167226685504E-001 0.10132500000000E+006 0.18310829527306E-003 0.26620455844241E+002 0.10000000000000E+001 0.00000000000000E+000 0.10000000000000E+001 0.17716968209507E+004 0.40556898476714E+004
 192 0.40523602232494E-001 0.11195121278309E-002 0.14990688748244E-003 0.72344483690717E-003 0.52391303829809E-001 0.22214884292269E-002 0.10461039993331E+000 0.41640824579012E-004 0.42818995981289E-004 0.31927125211063E-005 0.57811757229862E-003 0.18710414816540E-002 0.49136194659580E-001 0.59229516771801E-001 0.57118231895881E-004 0.65262568359658E-003 0.47583284600240E-006 0.68998543206632E-003 0.37482660586228E-005 0.21220400621265E-004 0.13268048229832E-009 0.46141864460811E-006 0.72645578553861E+000 -.47623219998774E-021 0.17762171436649E+004 0.43367742494133E-001 -.14344032442965E+003 0.55167226685504E-001 0.10132500000000E+006 0.18264199973372E-003 0.26620412062916E+002 0.10000000000000E+001 0.00000000000000E+000 0.10000000000000E+001 0.17762171436649E+004 0.39707126698601E+004
 193 0.40790130944631E-001 0.11153186024129E-002 0.15276795692089E-003 0.75042127954382E-003 0.51508787832892E-001 0.22833463804899E-002 0.10492696620804E+000 0.39771803329036E-004 0.42005580555999E-004 0.31277463352300E-005 0.54925692495285E-003 0.17476406497595E-002 0.49093074205341E-001 0.59938533772902E-001 0.55819064817350E-004 0.62835064957211E-003 0.43730571689112E-006 0.66001267259462E-003 0.33464068342937E-005 0.18454855410346E-004 0.14192944054036E-009 0.46802232567368E-006 0.72648209193733E+000 -.45013483680696E-021 0.17807045988220E+004 0.43367742494133E-001 -.14591441612324E+003 0.55167226685504E-001 0.10132500000000E+006 0.18218258345518E-003 0.26620536224357E+002 0.10000000000000E+001 0.00000000000000E+000 0.10000000000000E+001 0.17807045988220E+004 0.38793862997561E+004
 194 0.41065235739946E-001 0.11108575770738E-002 0.15567941037054E-003 0.77863798731712E-003 0.50621777361824E-001 0.23471308272721E-002 0.10523950127069E+000 0.37919072398361E-004 0.41083131874838E-004 0.30548353052387E-005 0.52020179994102E-003 0.16273864764020E-002 0.49033402953780E-001 0.60668398467931E-001 0.54412352587592E-004 0.60339934177085E-003 0.40049461656473E-006 0.62970820663701E-003 0.29708310534781E-005 0.15944549363967E-004 0.15184516559849E-009 0.47491175390825E-006 0.72650765798819E+000 -.42324262233413E-021 0.17851639693682E+004 0.43367742494133E-001 -.14847329903215E+003 0.55167226685504E-001 0.10132500000000E+006 0.18172955964261E-003 0.26620839661288E+002 0.10000000000000E+001 0.00000000000000E+000 0.10000000000000E+001 0.17851639693682E+004 0.37814518819127E+004
 195 0.41350081397848E-001 0.11061110429966E-002 0.15864707724755E-003 0.80820369714487E-003 0.49728673533116E-001 0.24130160900642E-002 0.10554823215831E+000 0.36081665375398E-004 0.40047622691633E-004 0.29737132906613E-005 0.49096826272478E-003 0.15102042296374E-002 0.48955860488411E-001 0.61421700319644E-001 0.52892824193541E-004 0.57774235286216E-003 0.36535540752462E-006 0.59906680375304E-003 0.26209923451740E-005 0.13674709166887E-004 0.16249518962860E-009 0.48212363933861E-006 0.72653243477548E+000 -.40001694800979E-021 0.17896013805798E+004 0.43367742494133E-001 -.15112480569320E+003 0.55167226685503E-001 0.10132500000000E+006 0.18128233192417E-003 0.26621336063214E+002 0.10000000000000E+001 0.00000000000000E+000 0.10000000000000E+001 0.17896013805798E+004 0.36766026684167E+004
 196 0.41645908110895E-001 0.11010600902427E-002 0.16167637752663E-003 0.83922926538813E-003 0.48828065014858E-001 0.24811733272871E-002 0.10585325373487E+000 0.34259369137276E-004 0.38895246581056E-004 0.28841339806651E-005 0.46158482470009E-003 0.13960741087671E-002 0.48858916658585E-001 0.62201120375479E-001 0.51255292678688E-004 0.55135877899946E-003 0.33186063292148E-006 0.56809427111849E-003 0.22964680871160E-005 0.11632040845077E-004 0.17395296612714E-009 0.48969815778898E-006 0.72655634888812E+000 -.37422352820325E-021 0.17940216747078E+004 0.43367742494133E-001 -.15387696246373E+003 0.55167226685503E-001 0.10132500000000E+006 0.18084046333329E-003 0.26622041707950E+002 0.10000000000000E+001 0.00000000000000E+000 0.10000000000000E+001 0.17940216747078E+004 0.35645450266941E+004
 197 0.41954029340485E-001 0.10956854460760E-002 0.16477210143042E-003 0.87182451922412E-003 0.47918779329896E-001 0.25517645952701E-002 0.10615451057383E+000 0.32452844306555E-004 0.37622756511169E-004 0.27858959483478E-005 0.43209545584942E-003 0.12850346927976E-002 0.48740827873238E-001 0.63009400642778E-001 0.49494990076337E-004 0.52423991976238E-003 0.29999880063578E-006 0.53681060804150E-003 0.19969318166214E-005 0.98043927889982E-005 0.18629735257021E-009 0.49767910826263E-006 0.72657929856615E+000 -.35199390923246E-021 0.17984282271542E+004 0.43367742494133E-001 -.15673781809468E+003 0.55167226685503E-001 0.10132500000000E+006 0.18040369189736E-003 0.26622975596250E+002 0.10000000000000E+001 0.00000000000000E+000 0.10000000000000E+001 0.17984282271542E+004 0.34450204674149E+004
 198 0.42275916853177E-001 0.10899665873163E-002 0.16793902408891E-003 0.90610360459406E-003 0.46999688616148E-001 0.26249557347492E-002 0.10645185940491E+000 0.30663258356402E-004 0.36227495552591E-004 0.26788436011316E-005 0.40255451254296E-003 0.11771564224331E-002 0.48599598822790E-001 0.63849536061359E-001 0.47607466565926E-004 0.49638588033676E-003 0.26976511483187E-006 0.50524468155349E-003 0.17220456001480E-005 0.81799898565286E-005 0.19961542808583E-009 0.50611638443620E-006 0.72660115546653E+000 -.32989858997185E-021 0.18028239626042E+004 0.43367742494133E-001 -.15971605506568E+003 0.55167226685503E-001 0.10132500000000E+006 0.17997182812540E-003 0.26624159894388E+002 0.10000000000000E+001 0.00000000000000E+000 0.10000000000000E+001 0.18028239626042E+004 0.33177978117012E+004
 199 0.42613270106472E-001 0.10838811605195E-002 0.17118223842795E-003 0.94218790827373E-003 0.46069607809994E-001 0.27009235239147E-002 0.10674509297233E+000 0.28892139107655E-004 0.34707494423558E-004 0.25628735347987E-005 0.37302484967311E-003 0.10725305366251E-002 0.48432931289101E-001 0.64724912647333E-001 0.45588614705698E-004 0.46780481023426E-003 0.24115734263440E-006 0.47343216332044E-003 0.14714100117165E-005 0.67471138384606E-005 0.21400488945122E-009 0.51506821581111E-006 0.72662176200507E+000 -.30866651690048E-021 0.18072118813304E+004 0.43367742494133E-001 -.16282140577741E+003 0.55167226685503E-001 0.10132500000000E+006 0.17954470561945E-003 0.26625620589962E+002 0.10000000000000E+001 0.00000000000000E+000 0.10000000000000E+001 0.18072118813304E+004 0.31826743516729E+004
 200 0.42968064231815E-001 0.10774049581059E-002 0.17450715185084E-003 0.98020529537908E-003 0.45127292492792E-001 0.27798551728805E-002 0.10703392685332E+000 0.27141443499224E-004 0.33061736891337E-004 0.24379536037518E-005 0.34357937089969E-003 0.97127142794148E-003 0.48238172154347E-001 0.65639374356221E-001 0.43434925563521E-004 0.43851550305793E-003 0.21417560215335E-006 0.44141712975360E-003 0.12445525695398E-005 0.54940466473785E-005 0.22957546189975E-009 0.52460301204057E-006 0.72664092446649E+000 -.29360534527151E-021 0.18115951057352E+004 0.43367742494133E-001 -.16606479933262E+003 0.55167226685503E-001 0.10132500000000E+006 0.17912218125688E-003 0.26627388244505E+002 0.10000000000000E+001 0.00000000000000E+000 0.10000000000000E+001 0.18115951057352E+004 0.30394925385890E+004
 201 0.43342628964489E-001 0.10705116300216E-002 0.17791963143082E-003 0.10202905903173E-002 0.44171392415433E-001 0.28619511078919E-002 0.10731799641473E+000 0.25413556692214E-004 0.31290410502015E-004 0.23041405247975E-005 0.31430140628394E-003 0.87351468877695E-003 0.48012239736380E-001 0.66597350062584E-001 0.41143723178470E-004 0.40854923524482E-003 0.18882090586433E-006 0.40925246491433E-003 0.10409054729931E-005 0.44089670073609E-005 0.24645130871289E-009 0.53480221807337E-006 0.72665840504304E+000 -.27613208511817E-021 0.18159771553546E+004 0.43367742494133E-001 -.16945869581047E+003 0.55167226685503E-001 0.10132500000000E+006 0.17870411488384E-003 0.26629499033405E+002 0.10000000000000E+001 0.00000000000000E+000 0.10000000000000E+001 0.18159771553546E+004 0.28881547986642E+004
 202 0.43739814819986E-001 0.10631712024153E-002 0.18142670482527E-003 0.10625924164887E-002 0.43200250574592E-001 0.29474413014127E-002 0.10759689099797E+000 0.23711049608654E-004 0.29394905748602E-004 0.21615783791886E-005 0.28528091233614E-003 0.77940213614183E-003 0.47751483949075E-001 0.67604172363389E-001 0.38713087447487E-004 0.37794745609073E-003 0.16509051998876E-006 0.37699563034951E-003 0.85976204850057E-006 0.34797620644972E-005 0.26477701206957E-009 0.54576585176559E-006 0.72667391308847E+000 -.26352557105851E-021 0.18203629347974E+004 0.43367742494133E-001 -.17301806164468E+003 0.55167226685503E-001 0.10132500000000E+006 0.17829028496734E-003 0.26631996549979E+002 0.10000000000000E+001 0.00000000000000E+000 0.10000000000000E+001 0.18203629347974E+004 0.27286176488294E+004
 203 0.44163230011830E-001 0.10553479346821E-002 0.18503745453826E-003 0.11072828107414E-002 0.42211655856151E-001 0.30366072992270E-002 0.10787018235930E+000 0.22036445262356E-004 0.27377724278279E-004 0.20104905853057E-005 0.25661070963905E-003 0.68906952451130E-003 0.47451469504637E-001 0.68666521752103E-001 0.36141688172757E-004 0.34675903554762E-003 0.14297461360432E-006 0.34470412487448E-003 0.70025346482879E-006 0.26939848141453E-005 0.28472646772050E-009 0.55762054679370E-006 0.72668709016759E+000 -.25547021772896E-021 0.18247599023484E+004 0.43367742494133E-001 -.17676172067279E+003 0.55167226685502E-001 0.10132500000000E+006 0.17788029574353E-003 0.26634934592805E+002 0.10000000000000E+001 0.00000000000000E+000 0.10000000000000E+001 0.18247599023484E+004 0.25608804292663E+004
 204 0.44617498540994E-001 0.10469989066261E-002 0.18876346227243E-003 0.11545613118053E-002 0.41202720854118E-001 0.31297940515660E-002 0.10813739383545E+000 0.20392310828514E-004 0.25242723346737E-004 0.18511971979361E-005 0.22838840892144E-003 0.60265365255267E-003 0.47106712000001E-001 0.69792840745010E-001 0.33429064011260E-004 0.31504337817788E-003 0.12245799813186E-006 0.31243694443666E-003 0.56136845244868E-006 0.20390361843115E-005 0.30651184558601E-009 0.57052898709431E-006 0.72669748345555E+000 -.25224386622115E-021 0.18291786837944E+004 0.43367742494133E-001 -.18071348780510E+003 0.55167226685502E-001 0.10132500000000E+006 0.17747354647848E-003 0.26638380765245E+002 0.10000000000000E+001 0.00000000000000E+000 0.10000000000000E+001 0.18291786837944E+004 0.23850031643531E+004
 205 0.45108493922487E-001 0.10380748648967E-002 0.19261827400012E-003 0.12046447785720E-002 0.40170007130102E-001 0.32273968922692E-002 0.10839788332735E+000 0.18781828495572E-004 0.22996146167122E-004 0.16841900708371E-005 0.20072692679556E-003 0.52032378530110E-003 0.46710424228616E-001 0.70993572207436E-001 0.30576904149525E-004 0.28288424513559E-003 0.10352706916481E-006 0.28026596254952E-003 0.44200109023971E-006 0.15024443630292E-005 0.33038907738175E-009 0.58469963301968E-006 0.72670450530555E+000 -.24998739346786E-021 0.18336327280284E+004 0.43367742494133E-001 -.18490252898737E+003 0.55167226685502E-001 0.10132500000000E+006 0.17706929680702E-003 0.26642420420988E+002 0.10000000000000E+001 0.00000000000000E+000 0.10000000000000E+001 0.18336327280284E+004 0.22011877788508E+004
 206 0.45643635642851E-001 0.10285225976833E-002 0.19661643003181E-003 0.12577470289587E-002 0.39109720782438E-001 0.33298355316770E-002 0.10865069708830E+000 0.17209470181943E-004 0.20648227579315E-004 0.15102489471009E-005 0.17376715937529E-003 0.44231439380069E-003 0.46254244598463E-001 0.72281394596052E-001 0.27591093347564E-004 0.25040914624642E-003 0.86175629553493E-007 0.24829089551639E-003 0.34097301350621E-006 0.10719708520253E-005 0.35666213389081E-009 0.60039944607669E-006 0.72670738083580E+000 -.24910286767857E-021 0.18381379647831E+004 0.43367742494133E-001 -.18936351027311E+003 0.55167226685502E-001 0.10132500000000E+006 0.17666673547733E-003 0.26647161359662E+002 0.10000000000000E+001 0.00000000000000E+000 0.10000000000000E+001 0.18381379647831E+004 0.20099041894005E+004
 207 0.46232758331302E-001 0.10182812869791E-002 0.20077520675604E-003 0.13140891164896E-002 0.38017125758099E-001 0.34375966191367E-002 0.10889457976467E+000 0.15680559703503E-004 0.18213504297498E-004 0.13304603937136E-005 0.14767183365767E-003 0.36890072560392E-003 0.45727520663362E-001 0.73672572064606E-001 0.24482213148729E-004 0.21778902189877E-003 0.70397205860333E-007 0.21663308634105E-003 0.25697065878591E-006 0.73534674092708E-006 0.38570894569806E-009 0.61798545768193E-006 0.72670507702909E+000 -.24952627932629E-021 0.18427161905394E+004 0.43367742494133E-001 -.19414028690414E+003 0.55167226685502E-001 0.10132500000000E+006 0.17626472778911E-003 0.26652744066885E+002 0.10000000000000E+001 0.00000000000000E+000 0.10000000000000E+001 0.18427161905394E+004 0.18119125750910E+004
 208 0.46890015549250E-001 0.10072693305639E-002 0.20511994189869E-003 0.13739547325016E-002 0.36884945362230E-001 0.35513744521566E-002 0.10912808202233E+000 0.14199911988043E-004 0.15709456345675E-004 0.11461151852183E-005 0.12260470881513E-003 0.30033939912418E-003 0.45115660100200E-001 0.75190168877052E-001 0.21264024776577E-004 0.18521807002096E-003 0.56171449957881E-007 0.18540987014268E-003 0.18848157566283E-006 0.48009798175115E-006 0.41804744216573E-009 0.63797205158721E-006 0.72669617048356E+000 -.25236568746889E-021 0.18474031094044E+004 0.43367742494133E-001 -.19929524804146E+003 0.55167226685501E-001 0.10132500000000E+006 0.17586120670062E-003 0.26659363836086E+002 0.10000000000000E+001 0.00000000000000E+000 0.10000000000000E+001 0.18474031094044E+004 0.16081550020945E+004
 209 0.47636466973057E-001 0.99537722253093E-003 0.20968647569519E-003 0.14376981462208E-002 0.35702336454414E-001 0.36721471002657E-002 0.10934929584389E+000 0.12772187275927E-004 0.13157884409438E-004 0.95880882839470E-006 0.98741982614250E-004 0.23690415430909E-003 0.44397903882474E-001 0.76867654935824E-001 0.17955529899293E-004 0.15293253265970E-003 0.43471979463550E-007 0.15474532475460E-003 0.13386262969295E-006 0.29392702343951E-006 0.45441164174291E-009 0.66112868296699E-006 0.72667859868920E+000 -.25496440140103E-021 0.18522550028640E+004 0.43367742494133E-001 -.20491843789963E+003 0.55167226685501E-001 0.10132500000000E+006 0.17545278181400E-003 0.26667303124896E+002 0.10000000000000E+001 0.00000000000000E+000 0.10000000000000E+001 0.18522550028640E+004 0.13998676589431E+004
 210 0.48502911491047E-001 0.98248712788158E-003 0.21451376917849E-003 0.15055889425610E-002 0.34455868450137E-001 0.38010053416025E-002 0.10955495180572E+000 0.11405233961933E-004 0.10593075568929E-004 0.77103597794551E-006 0.76337058668575E-004 0.17905341622439E-003 0.43545389104473E-001 0.78751019997331E-001 0.14592166349070E-004 0.12131102624979E-003 0.32297742360215E-007 0.12485302115656E-003 0.91469561663516E-007 0.16516728294471E-006 0.49579139489379E-009 0.68860047446648E-006 0.72664928139611E+000 -.25578961857255E-021 0.18573500879627E+004 0.43367742494133E-001 -.21112919514522E+003 0.55167226685501E-001 0.10132500000000E+006 0.17503488781076E-003 0.26676967145902E+002 0.10000000000000E+001 0.00000000000000E+000 0.10000000000000E+001 0.18573500879627E+004 0.11892391071733E+004
 211 0.49533599406953E-001 0.96852684321316E-003 0.21962540068470E-003 0.15774545636061E-002 0.33132129660726E-001 0.39387145166292E-002 0.10973911737139E+000 0.10114349051585E-004 0.80749868508038E-005 0.58714137789051E-006 0.55799338059562E-004 0.12760547100081E-003 0.42519868322637E-001 0.80899441556060E-001 0.11244800848591E-004 0.91023263355941E-004 0.22699421308993E-007 0.96159185712389E-004 0.59686580672711E-007 0.82683243830754E-007 0.54342975033572E-009 0.72207967592789E-006 0.72660362553644E+000 -.25823788048135E-021 0.18627893313318E+004 0.43367742494133E-001 -.21806948928609E+003 0.55167226685501E-001 0.10132500000000E+006 0.17460200115739E-003 0.26688921335013E+002 0.10000000000000E+001 0.00000000000000E+000 0.10000000000000E+001 0.18627893313318E+004 0.98048720036562E+003
 212 0.50791679604412E-001 0.95357063593055E-003 0.22499545476984E-003 0.16520669310997E-002 0.31721846868401E-001 0.40849630837822E-002 0.10989178507740E+000 0.89250316003622E-005 0.57026365880413E-005 0.41427533043352E-006 0.37738736884290E-004 0.83796595376457E-004 0.41273977664870E-001 0.83383755144067E-001 0.80413524243571E-005 0.63165352382859E-004 0.14781014833138E-007 0.69424432269306E-004 0.36859516877394E-007 0.35435917522168E-007 0.59876828626652E-009 0.76407157887802E-006 0.72653497898003E+000 -.25803256219369E-021 0.18687014649388E+004 0.43367742494133E-001 -.22588498600037E+003 0.55167226685500E-001 0.10132500000000E+006 0.17414743830983E-003 0.26703923744255E+002 0.10000000000000E+001 0.00000000000000E+000 0.10000000000000E+001 0.18687014649388E+004 0.78098433372449E+003
 213 0.52365221442101E-001 0.93801728268677E-003 0.23048325827794E-003 0.17261660882695E-002 0.30227426900627E-001 0.42370795786278E-002 0.10999786754844E+000 0.78721339170933E-005 0.36192470146417E-005 0.26274633739155E-006 0.22925387194975E-004 0.49112830397282E-004 0.39757224086400E-001 0.86276360333989E-001 0.51800028188898E-005 0.39284721090665E-004 0.86680200845744E-008 0.45817433514256E-004 0.21264619653623E-007 0.12404840611630E-007 0.66324939979695E-009 0.81824205550970E-006 0.72643443917761E+000 -.25271446447895E-021 0.18752481086463E+004 0.43367742494133E-001 -.23467268837479E+003 0.55167226685500E-001 0.10132500000000E+006 0.17366280836836E-003 0.26722901980991E+002 0.10000000000000E+001 0.00000000000000E+000 0.10000000000000E+001 0.18752481086463E+004 0.60173327746840E+003
 214 0.54369425733594E-001 0.92281700771457E-003 0.23572915055285E-003 0.17933939565905E-002 0.28674363087181E-001 0.43883762776889E-002 0.11003875275724E+000 0.69904490672385E-005 0.19867141965690E-005 0.14416631010801E-006 0.12056978258809E-004 0.24678213988558E-004 0.37935233827828E-001 0.89621619550215E-001 0.29001507207225E-005 0.21046738043464E-004 0.44197730679194E-008 0.26773222567973E-004 0.11209851091962E-007 0.34151617769510E-008 0.73789386496547E-009 0.88971662710746E-006 0.72629222825253E+000 -.25292595191115E-021 0.18826190393195E+004 0.43367742494133E-001 -.24436788126241E+003 0.55167226685499E-001 0.10132500000000E+006 0.17313729482150E-003 0.26746757291479E+002 0.10000000000000E+001 0.00000000000000E+000 0.10000000000000E+001 0.18826190393195E+004 0.45530564983806E+003
 215 0.56939099330175E-001 0.90949043324392E-003 0.24006190052975E-003 0.18444842112811E-002 0.27118775388823E-001 0.45276536497941E-002 0.11000052461647E+000 0.62939032530463E-005 0.90666961567639E-006 0.65772672193894E-007 0.52884653500023E-005 0.10192720648419E-004 0.35824595943460E-001 0.93384220860416E-001 0.13700531902851E-005 0.93265561576315E-005 0.18902651044551E-008 0.13390758984719E-004 0.52168895712264E-008 0.75038572111417E-009 0.82288397989177E-009 0.98509462723630E-006 0.72610236432106E+000 -.25248520353921E-021 0.18910057192695E+004 0.43367742494133E-001 -.25459030072175E+003 0.55167226685498E-001 0.10132500000000E+006 0.17255715068179E-003 0.26775886966617E+002 0.10000000000000E+001 0.00000000000000E+000 0.10000000000000E+001 0.18910057192695E+004 0.34939878365921E+003
 216 0.60209576276051E-001 0.89948995892404E-003 0.24255482589258E-003 0.18703311432112E-002 0.25636889899754E-001 0.46421386023523E-002 0.10988975709881E+000 0.57593513396571E-005 0.33439705757816E-006 0.24248226062669E-007 0.18848475651158E-005 0.33525065636443E-005 0.33524456720570E-001 0.97402290670909E-001 0.55013425734187E-006 0.33233976777692E-005 0.66092095783362E-009 0.55821405568971E-005 0.20627460158443E-008 0.14910214822766E-009 0.91769744577733E-009 0.11119941294184E-005 0.72587016427173E+000 -.25158016907739E-021 0.19005406897911E+004 0.43367742494133E-001 -.26457587747456E+003 0.55167226685497E-001 0.10132500000000E+006 0.17190741341873E-003 0.26809569521571E+002 0.10000000000000E+001 0.00000000000000E+000 0.10000000000000E+001 0.19005406897911E+004 0.28018057843790E+003
 217 0.64294301386132E-001 0.89298568012205E-003 0.24232743235128E-003 0.18665310103165E-002 0.24295140964028E-001 0.47230585650983E-002 0.10974611372198E+000 0.53392928881361E-005 0.99028512236627E-007 0.71760948935562E-008 0.54320042322329E-006 0.86912088025892E-006 0.31208165813884E-001 0.10139790558466E+000 0.20840471524402E-006 0.94772596780019E-006 0.18788126142066E-009 0.19185869848759E-005 0.67579906778895E-009 0.31637842258822E-010 0.10217458286549E-008 0.12782627005443E-005 0.72561655851133E+000 -.25287885836500E-021 0.19112198851359E+004 0.43367742494133E-001 -.27335146655037E+003 0.55167226685495E-001 0.10132500000000E+006 0.17117762372530E-003 0.26845760493944E+002 0.10000000000000E+001 0.00000000000000E+000 0.10000000000000E+001 0.19112198851359E+004 0.23482146100034E+003
 218 0.69272922330509E-001 0.88826775334182E-003 0.23892176666391E-003 0.18349924497618E-002 0.23124068213211E-001 0.47689141580726E-002 0.10963469247062E+000 0.49908837525450E-005 0.23924784393983E-007 0.17323146595692E-008 0.12869201734626E-006 0.17978366781613E-006 0.29064604170516E-001 0.10506558927514E+000 0.95080276783293E-007 0.22031974802662E-006 0.44096467891874E-010 0.54684724694695E-006 0.18283802234438E-009 0.70810973737757E-011 0.11346099187323E-008 0.14913102713845E-005 0.72537226979996E+000 -.25425246326013E-021 0.19228784687050E+004 0.43367742494133E-001 -.28009973226331E+003 0.55167226685494E-001 0.10132500000000E+006 0.17036772188991E-003 0.26881730038802E+002 0.10000000000000E+001 0.00000000000000E+000 0.10000000000000E+001 0.19228784687050E+004 0.20138509101445E+003
 219 0.75193773008912E-001 0.88264511076117E-003 0.23244076797118E-003 0.17815457294186E-002 0.22116945778854E-001 0.47838413627867E-002 0.10961828458946E+000 0.46883699361346E-005 0.48620522435099E-008 0.35179217800202E-009 0.25834086830355E-007 0.30529568033484E-007 0.27230046423458E-001 0.10818274926985E+000 0.61733817572884E-007 0.43199593992253E-007 0.87973077281489E-011 0.13145561264577E-006 0.41400906272324E-010 0.14815939659653E-011 0.12556947469790E-008 0.17578228987552E-005 0.72516475550071E+000 -.25489853941027E-021 0.19352529004607E+004 0.43367742494133E-001 -.28443698387770E+003 0.55167226685492E-001 0.10132500000000E+006 0.16948875781840E-003 0.26915142685454E+002 0.10000000000000E+001 0.00000000000000E+000 0.10000000000000E+001 0.19352529004607E+004 0.17389189828830E+003
 220 0.82080566630122E-001 0.87394291184559E-003 0.22340868521455E-003 0.17127957465596E-002 0.21246380330578E-001 0.47738953484549E-002 0.10973154990433E+000 0.44182047263841E-005 0.86186967581807E-009 0.62323533000849E-010 0.45517079195325E-008 0.44212273351371E-008 0.25755659988397E-001 0.11066741200940E+000 0.50271896784845E-007 0.74854769478833E-008 0.15437793621216E-011 0.27244373640877E-007 0.80183457917940E-011 0.27388355520948E-012 0.13839641718676E-008 0.20835945208754E-005 0.72500835698330E+000 -.25571425666794E-021 0.19480634984631E+004 0.43367742494133E-001 -.28644508064868E+003 0.55167226685489E-001 0.10132500000000E+006 0.16855950368593E-003 0.26944765943855E+002 0.10000000000000E+001 0.00000000000000E+000 0.10000000000000E+001 0.19480634984631E+004 0.15049420020575E+003
 221 0.89935693585999E-001 0.86128281058454E-003 0.21254994257557E-003 0.16344618737983E-002 0.20480475654138E-001 0.47445926778882E-002 0.10997432936052E+000 0.41724948118006E-005 0.13798172080072E-009 0.99708267356045E-011 0.72766003136571E-009 0.57038452890317E-009 0.24616833221859E-001 0.11256569059247E+000 0.44084609106749E-007 0.12554070117232E-008 0.24621603885394E-012 0.49838055665362E-008 0.13612041202512E-011 0.44775596134847E-013 0.15179610730379E-008 0.24732221672303E-005 0.72490308485975E+000 -.25690683558692E-021 0.19610590730301E+004 0.43367742494133E-001 -.28653382681237E+003 0.55167226685486E-001 0.10132500000000E+006 0.16760239962855E-003 0.26970498342613E+002 0.10000000000000E+001 0.00000000000000E+000 0.10000000000000E+001 0.19610590730301E+004 0.13066197713702E+003
 222 0.98743810502386E-001 0.84493444243552E-003 0.20061076728199E-003 0.15510186533020E-002 0.19790987376042E-001 0.47002792242381E-002 0.11032183026609E+000 0.39459859505748E-005 0.20520956675016E-010 0.14811755922580E-011 0.10839134330608E-009 0.68549189055688E-010 0.23744686191576E-001 0.11399913278690E+000 0.39366380551177E-007 0.27356908233442E-009 0.36700331283519E-013 0.82310700107112E-009 0.20746951272525E-012 0.65993452653403E-014 0.16559662567591E-008 0.29298735169143E-005 0.72483960211445E+000 -.25717654352111E-021 0.19740297852038E+004 0.43367742494133E-001 -.28525632426043E+003 0.55167226685483E-001 0.10132500000000E+006 0.16663982137133E-003 0.26992962748207E+002 0.10000000000000E+001 0.00000000000000E+000 0.10000000000000E+001 0.19740297852038E+004 0.11396337197913E+003
 223 0.10848019875197E+000 0.82576340082402E-003 0.18824069114643E-003 0.14658182196513E-002 0.19155834893683E-001 0.46443453972361E-002 0.11074001096007E+000 0.37350631642813E-005 0.28904655910935E-011 0.20824203481104E-012 0.15318694053347E-010 0.79802073739913E-011 0.23058957791554E-001 0.11510829707049E+000 0.35316607498349E-007 0.12577410127921E-009 0.52692800036187E-014 0.12520443687843E-009 0.29004217130267E-013 0.89540010353843E-015 0.17961936135865E-008 0.34554204157546E-005 0.72480550370155E+000 -.25793216880744E-021 0.19868099836238E+004 0.43367742494133E-001 -.28315126673773E+003 0.55167226685480E-001 0.10132500000000E+006 0.16569097906022E-003 0.27013027487663E+002 0.10000000000000E+001 0.00000000000000E+000 0.10000000000000E+001 0.19868099836238E+004 0.99880254629519E+002
 224 0.11912087631223E+000 0.80474623034909E-003 0.17593327960528E-003 0.13812742013399E-002 0.18559290796928E-001 0.45795086957252E-002 0.11119714289137E+000 0.35373326588093E-005 0.39005446026776E-012 0.28028202585872E-013 0.20762487228925E-011 0.92407951797069E-012 0.22489970023959E-001 0.11601486097922E+000 0.31730726645439E-007 0.10079822548658E-009 0.79404920877424E-015 0.17829070372055E-010 0.37852108891354E-014 0.11384271513811E-015 0.19369403399772E-008 0.40508446005967E-005 0.72478965093453E+000 -.25768185152466E-021 0.19992770764065E+004 0.43367742494133E-001 -.28064947968204E+003 0.55167226685476E-001 0.10132500000000E+006 0.16477022334722E-003 0.27031477206192E+002 0.10000000000000E+001 0.00000000000000E+000 0.10000000000000E+001 0.19992770764065E+004 0.87902631124220E+002
 225 0.13064843921597E+000 0.78271578111965E-003 0.16402116150036E-003 0.12990398056749E-002 0.17991235053175E-001 0.45079751076577E-002 0.11166893929135E+000 0.33513164620514E-005 0.50772165051565E-013 0.36364062453164E-014 0.27160019436113E-012 0.10764897325833E-012 0.21987274417542E-001 0.11680680869626E+000 0.28525049394188E-007 0.93213812225087E-010 0.17432180181253E-015 0.24073444865663E-011 0.46759869389965E-015 0.13753803825221E-016 0.20766460953416E-008 0.47165653692590E-005 0.72478389210615E+000 -.25811948876831E-021 0.20113453039846E+004 0.43367742494133E-001 -.27804773475222E+003 0.55167226685471E-001 0.10132500000000E+006 0.16388701151973E-003 0.27048876718290E+002 0.10000000000000E+001 0.00000000000000E+000 0.10000000000000E+001 0.20113453039846E+004 0.77607896900940E+002
 226 0.14305205165319E+000 0.76029350979785E-003 0.15270456459753E-003 0.12201851960784E-002 0.17445931967851E-001 0.44315384558707E-002 0.11213898488418E+000 0.31761690671683E-005 0.64209704106686E-014 0.45786033717448E-015 0.34489395592069E-013 0.12623391511849E-013 0.21519082609879E-001 0.11753959147384E+000 0.25650786375369E-007 0.88214589627359E-010 0.83302839162486E-016 0.31132592193920E-012 0.55279260974072E-016 0.15961216902662E-017 0.22138922699456E-008 0.54525127688496E-005 0.72478303070281E+000 -.25799217687171E-021 0.20229567316031E+004 0.43367742494133E-001 -.27552582151919E+003 0.55167226685466E-001 0.10132500000000E+006 0.16304687485373E-003 0.27065567373432E+002 0.10000000000000E+001 0.00000000000000E+000 0.10000000000000E+001 0.20229567316031E+004 0.68679095838169E+002
 227 0.15632487699443E+000 0.73791232256131E-003 0.14208852273465E-003 0.11453542246646E-002 0.16920652554592E-001 0.43516613085450E-002 0.11259713654961E+000 0.30114173211552E-005 0.81077657989697E-015 0.57206486990481E-016 0.43210942735949E-014 0.14935970745827E-014 0.21067773754291E-001 0.11824402879661E+000 0.23074095945033E-007 0.83773081696604E-010 0.63301808561799E-016 0.38875584012604E-013 0.63092795252388E-017 0.17944868506953E-018 0.23474021656649E-008 0.62580648444053E-005 0.72478409697892E+000 -.25762170547143E-021 0.20340737667526E+004 0.43367742494133E-001 -.27317873921140E+003 0.55167226685461E-001 0.10132500000000E+006 0.16225253793103E-003 0.27081721035899E+002 0.10000000000000E+001 0.00000000000000E+000 0.10000000000000E+001 0.20340737667526E+004 0.60886925266173E+002
 228 0.17046214431791E+000 0.71586301796440E-003 0.13221466790451E-003 0.10748856986339E-002 0.16414437877532E-001 0.42695408110426E-002 0.11303761904464E+000 0.28567513118175E-005 0.12091988563519E-015 0.81293998970194E-017 0.58816902795308E-015 0.18832344889136E-015 0.20624966338522E-001 0.11893489747871E+000 0.20768040485370E-007 0.79603050001870E-010 0.53585596253422E-016 0.47186841835730E-014 0.70026972841292E-018 0.19680255423802E-019 0.24760639098973E-008 0.71320155414467E-005 0.72478556297449E+000 -.25850080036959E-021 0.20446745848755E+004 0.43367742494133E-001 -.27104701699201E+003 0.55167226685455E-001 0.10132500000000E+006 0.16150479005254E-003 0.27097402918790E+002 0.10000000000000E+001 0.00000000000000E+000 0.10000000000000E+001 0.20446745848755E+004 0.54062604127397E+002
 229 0.18545972900969E+000 0.69433756344866E-003 0.12308483346528E-003 0.10089061029736E-002 0.15927205122928E-001 0.41861630579249E-002 0.11345745770320E+000 0.27118949552552E-005 0.37550371344700E-016 0.22304763577354E-017 0.13555654271127E-015 0.35638479920849E-016 0.20187645922779E-001 0.11961765358113E+000 0.18708696097145E-007 0.75656626934542E-010 0.46215500534989E-016 0.55988422239873E-015 0.76043349386673E-019 0.21174289726407E-020 0.25989540189794E-008 0.80725701767781E-005 0.72478674026371E+000 -.26101083025407E-021 0.20547497538267E+004 0.43367742494133E-001 -.26913943278094E+003 0.55167226685449E-001 0.10132500000000E+006 0.16080313175666E-003 0.27112620953345E+002 0.10000000000000E+001 0.00000000000000E+000 0.10000000000000E+001 0.20547497538267E+004 0.48075741533504E+002
 230 0.20131161955450E+000 0.67346335800468E-003 0.11467784471838E-003 0.94740334045428E-003 0.15459232380084E-001 0.41023530141382E-002 0.11385534667131E+000 0.25765545067726E-005 0.27009319841770E-016 0.14990416943684E-017 0.80096942223297E-016 0.17732457648548E-016 0.19755625547095E-001 0.12029283686487E+000 0.16873683649620E-007 0.71922013140430E-010 0.40050469062362E-016 0.65266329720712E-016 0.81227526130129E-020 0.22461462859597E-021 0.27153409519433E-008 0.90772743898341E-005 0.72478738748948E+000 -.26216538075311E-021 0.20642986441732E+004 0.43367742494133E-001 -.26744805609621E+003 0.55167226685441E-001 0.10132500000000E+006 0.16014629157843E-003 0.27127356600630E+002 0.10000000000000E+001 0.00000000000000E+000 0.10000000000000E+001 0.20642986441732E+004 0.42820397474811E+002
 231 0.21800573665781E+000 0.65332818925301E-003 0.10696083420575E-003 0.89028296149244E-003 0.15010920499904E-001 0.40188196954429E-002 0.11423089909473E+000 0.24504142601750E-005 0.25025869303623E-016 0.13738977303502E-017 0.71930444781994E-016 0.15535482547268E-016 0.19330080370163E-001 0.12095861713522E+000 0.15241909511681E-007 0.68394623249913E-010 0.34816227775748E-016 0.75106164647965E-017 0.85784223704932E-021 0.23603138655554E-022 0.28246719831511E-008 0.10142851031689E-004 0.72478747981933E+000 -.26077124118446E-021 0.20733258929789E+004 0.43367742494133E-001 -.26595727921475E+003 0.55167226685434E-001 0.10132500000000E+006 0.15953262306065E-003 0.27141580899363E+002 0.10000000000000E+001 0.00000000000000E+000 0.10000000000000E+001 0.20733258929789E+004 0.38207347218734E+002
 232 0.23551953602840E+000 0.63399597230439E-003 0.99895891679225E-004 0.83740422413559E-003 0.14582682804275E-001 0.39361883565894E-002 0.11458420917676E+000 0.23331428697989E-005 0.24036731438101E-016 0.13197780848212E-017 0.69475116737352E-016 0.15202656631271E-016 0.18912760380179E-001 0.12161216557549E+000 0.13793622324537E-007 0.65071855842686E-010 0.30362917309843E-016 0.85731520917944E-018 0.90028567032236E-022 0.24686473488134E-023 0.29265607709687E-008 0.11265049177940E-004 0.72478708264129E+000 -.25965815954612E-021 0.20818390481927E+004 0.43367742494133E-001 -.26464867726424E+003 0.55167226685426E-001 0.10132500000000E+006 0.15896034219872E-003 0.27155262285033E+002 0.10000000000000E+001 0.00000000000000E+000 0.10000000000000E+001 0.20818390481927E+004 0.34159662618585E+002
 233 0.25381908643624E+000 0.61551274918357E-003 0.93442619116523E-004 0.78859354282045E-003 0.14174829374207E-001 0.38550068224826E-002 0.11491566963918E+000 0.22243825023912E-005 0.23171327802743E-016 0.12748786844099E-017 0.67834234590081E-016 0.15125395926585E-016 0.18505525165734E-001 0.12225045476229E+000 0.12510294913876E-007 0.61951114048770E-010 0.26572088809694E-016 0.97524656801713E-019 0.94355024761513E-023 0.25817473376860E-024 0.30207918035697E-008 0.12438738482804E-004 0.72478628661096E+000 -.26001254826562E-021 0.20898485113777E+004 0.43367742494133E-001 -.26350324578782E+003 0.55167226685416E-001 0.10132500000000E+006 0.15842756653722E-003 0.27168372325032E+002 0.10000000000000E+001 0.00000000000000E+000 0.10000000000000E+001 0.20898485113777E+004 0.30609559942016E+002
 234 0.27286454934003E+000 0.59790484354420E-003 0.87558022940274E-004 0.74364161774501E-003 0.13787409515146E-001 0.37757246959596E-002 0.11522595667958E+000 0.21237201951505E-005 0.22334121685249E-016 0.12321065482234E-017 0.66406196810839E-016 0.15108437191448E-016 0.18109999432901E-001 0.12287082916964E+000 0.11374328756920E-007 0.59028161670303E-010 0.23342599867955E-016 0.11101646147577E-019 0.99184340710833E-024 0.27108048636779E-025 0.31073358755879E-008 0.13658396183175E-004 0.72478517936547E+000 -.26033345707738E-021 0.20973693996475E+004 0.43367742494133E-001 -.26250230192917E+003 0.55167226685407E-001 0.10132500000000E+006 0.15793221099782E-003 0.27180892034717E+002 0.10000000000000E+001 0.00000000000000E+000 0.10000000000000E+001 0.20973693996475E+004 0.27495942450968E+002
 235 0.29261854565936E+000 0.58117640005645E-003 0.82196503864012E-004 0.70230275081884E-003 0.13420112078198E-001 0.36986719428497E-002 0.11551603180570E+000 0.20306733691421E-005 0.21517716610336E-016 0.11906474424609E-017 0.65093280066667E-016 0.15120575585947E-016 0.17727358984491E-001 0.12347134843158E+000 0.10368958700399E-007 0.56296179653267E-010 0.20586939227927E-016 0.12687031506636E-020 0.10492407295003E-024 0.28666563659111E-026 0.31863454643863E-008 0.14918723433632E-004 0.72478383809404E+000 -.25869291708251E-021 0.21044227493889E+004 0.43367742494133E-001 -.26162802440032E+003 0.55167226685396E-001 0.10132500000000E+006 0.15747192440939E-003 0.27192816095476E+002 0.10000000000000E+001 0.00000000000000E+000 0.10000000000000E+001 0.21044227493889E+004 0.24763175195338E+002
 236 0.31304991927575E+000 0.56531277477204E-003 0.77311668239819E-004 0.66430890449083E-003 0.13072315628424E-001 0.36240660246104E-002 0.11578705674909E+000 0.19447126154772E-005 0.20724111471226E-016 0.11504243162365E-017 0.63862787645411E-016 0.15151277982553E-016 0.17358316667887E-001 0.12405080988651E+000 0.94785425405986E-008 0.53746135817597E-010 0.18230009477234E-016 0.14591370486904E-021 0.11198353981191E-025 0.30603392618275E-027 0.32581133119684E-008 0.16214930867522E-004 0.72478232926209E+000 -.25883866961747E-021 0.21110340914449E+004 0.43367742494133E-001 -.26086399278725E+003 0.55167226685385E-001 0.10132500000000E+006 0.15704419169752E-003 0.27204151711373E+002 0.10000000000000E+001 0.00000000000000E+000 0.10000000000000E+001 0.21110340914449E+004 0.22361177099534E+002
 237 0.33413141121550E+000 0.55028796146816E-003 0.72858869140019E-004 0.62939033037498E-003 0.12743226379321E-001 0.35520417219885E-002 0.11604026260231E+000 0.18653021433260E-005 0.19955818684885E-016 0.11114601077103E-017 0.62695476871331E-016 0.15193992875772E-016 0.17003242310054E-001 0.12460856183439E+000 0.86889360781765E-008 0.51367893870827E-010 0.16208379520248E-016 0.16932538040657E-022 0.12089674080923E-026 0.33071953931284E-028 0.33230171356752E-008 0.17542640291298E-004 0.72478070798520E+000 -.25652047543418E-021 0.21172306168340E+004 0.43367742494133E-001 -.26019555896405E+003 0.55167226685372E-001 0.10132500000000E+006 0.15664651515694E-003 0.27214913988033E+002 0.10000000000000E+001 0.00000000000000E+000 0.10000000000000E+001 0.21172306168340E+004 0.20245842347178E+002
 238 0.35583658338770E+000 0.53607028034890E-003 0.68796686943324E-004 0.59728879488225E-003 0.12431981585607E-001 0.34826771284044E-002 0.11627686342420E+000 0.17919263583184E-005 0.19214921967722E-016 0.10737973860377E-017 0.61578350777580E-016 0.15243923242973E-016 0.16662274942853E-001 0.12514432852201E+000 0.79876235688842E-008 0.49151045686374E-010 0.14469036604539E-016 0.19985822399589E-023 0.13308499255500E-027 0.36546945161592E-029 0.33814794308627E-008 0.18897741022096E-004 0.72477901754912E+000 -.25527924599432E-021 0.21230392331258E+004 0.43367742494133E-001 -.25960990233368E+003 0.55167226685359E-001 0.10132500000000E+006 0.15627652837509E-003 0.27225122185872E+002 0.10000000000000E+001 0.00000000000000E+000 0.10000000000000E+001 0.21230392331258E+004 0.18378919773894E+002
 239 0.37813937424931E+000 0.52262472506732E-003 0.65087190811612E-004 0.56776159127414E-003 0.12137688458752E-001 0.34160062217257E-002 0.11649802866704E+000 0.17240976735330E-005 0.18502959365928E-016 0.10374793770378E-017 0.60502585933952E-016 0.15297496778825E-016 0.16335376451118E-001 0.12565812448925E+000 0.73636179147540E-008 0.47085224751939E-010 0.12967781635882E-016 0.25281607712439E-024 0.15738138702707E-028 0.44287531094114E-030 0.34339452981547E-008 0.20276389237486E-004 0.72477729087340E+000 -.25306796908401E-021 0.21284859539937E+004 0.43367742494133E-001 -.25909588275968E+003 0.55167226685344E-001 0.10132500000000E+006 0.15593202169412E-003 0.27234798154961E+002 0.10000000000000E+001 0.00000000000000E+000 0.10000000000000E+001 0.21284859539937E+004 0.16727402726050E+002
 240 0.40101479541864E+000 0.50991408779776E-003 0.61695811637249E-004 0.54058238952906E-003 0.11859441140297E-001 0.33520263567003E-002 0.11670487505344E+000 0.16613581502418E-005 0.17820912667114E-016 0.10025407035625E-017 0.59462284524009E-016 0.15352081886390E-016 0.16022363151794E-001 0.12615020234041E+000 0.68073027094758E-008 0.45160241488782E-010 0.11667744130416E-016 0.46153369286223E-025 0.26919402824414E-029 0.85131841643497E-031 0.34808674323271E-008 0.21675054751370E-004 0.72477555292217E+000 -.25026465480083E-021 0.21335957262636E+004 0.43367742494133E-001 -.25864385631396E+003 0.55167226685328E-001 0.10132500000000E+006 0.15561094039871E-003 0.27243965568355E+002 0.10000000000000E+001 0.00000000000000E+000 0.10000000000000E+001 0.21335957262636E+004 0.15262847335753E+002
 241 0.42443889914290E+000 0.49790023496826E-003 0.58591252269339E-004 0.51554215874082E-003 0.11596341356965E-001 0.32907067530958E-002 0.11689845634026E+000 0.16032817378868E-005 0.17169265021352E-016 0.96900389389318E-018 0.58453608844703E-016 0.15405775924898E-016 0.15722942373596E-001 0.12662099337240E+000 0.63102932361206E-008 0.43366242613429E-010 0.10538170230222E-016 0.21002066211027E-025 0.11512700932550E-029 0.42581533296016E-031 0.35226934073972E-008 0.23090515946773E-004 0.72477382248366E+000 -.24569957836890E-021 0.21383921893905E+004 0.43367742494133E-001 -.25824550656610E+003 0.55167226685311E-001 0.10132500000000E+006 0.15531138803967E-003 0.27252649029186E+002 0.10000000000000E+001 0.00000000000000E+000 0.10000000000000E+001 0.21383921893905E+004 0.13960790252345E+002
 242 0.44838831839630E+000 0.48654523303321E-003 0.55745357189293E-004 0.49244956657588E-003 0.11347516200830E-001 0.32319964231568E-002 0.11707975574669E+000 0.15494756152366E-005 0.16548083667303E-016 0.93687889756756E-018 0.57474161633752E-016 0.15457238983001E-016 0.15436746503643E-001 0.12707105295779E+000 0.58653032763426E-008 0.41693843840335E-010 0.95534052194406E-017 0.17519216034776E-025 0.90530157950611E-030 0.35537421575568E-031 0.35598564161994E-008 0.24519828548135E-004 0.72477211324008E+000 -.24268212945523E-021 0.21428974875829E+004 0.43367742494133E-001 -.25789368116008E+003 0.55167226685293E-001 0.10132500000000E+006 0.15503162724216E-003 0.27260873271271E+002 0.10000000000000E+001 0.00000000000000E+000 0.10000000000000E+001 0.21428974875829E+004 0.12800225193903E+002
 243 0.47284032574663E+000 0.47581191031139E-003 0.53132859766858E-004 0.47113021676844E-003 0.11112125700503E-001 0.31758293426720E-002 0.11724968613125E+000 0.14995791053450E-005 0.15957088500261E-016 0.90616318134131E-018 0.56522509504086E-016 0.15505562520134E-016 0.15163354569939E-001 0.12750102532686E+000 0.54660064493800E-008 0.40134178726070E-010 0.86920118993450E-017 0.16687049359739E-025 0.81340851897931E-030 0.32734434604053E-031 0.35927697366058E-008 0.25960317235351E-004 0.72477043494668E+000 -.24515875380165E-021 0.21471322635902E+004 0.43367742494133E-001 -.25758223478582E+003 0.55167226685273E-001 0.10132500000000E+006 0.15477007040355E-003 0.27268662746909E+002 0.10000000000000E+001 0.00000000000000E+000 0.10000000000000E+001 0.21471322635902E+004 0.11763108918643E+002
 244 0.49777301024882E+000 0.46566420443620E-003 0.50731114833208E-004 0.45142558525982E-003 0.10889367507193E-001 0.31221284592323E-002 0.11740909201829E+000 0.14532620095090E-005 0.15395715700063E-016 0.87684255494654E-018 0.55597830712020E-016 0.15550164461363E-016 0.14902308937127E-001 0.12791161575172E+000 0.51069097852729E-008 0.38678918025493E-010 0.79360385737838E-017 0.16180694213815E-025 0.74613279259744E-030 0.30599930201502E-031 0.36218230347794E-008 0.27409563961002E-004 0.72476879482853E+000 -.24578919733508E-021 0.21511156934748E+004 0.43367742494133E-001 -.25730589333852E+003 0.55167226685252E-001 0.10132500000000E+006 0.15452526922082E-003 0.27276041358332E+002 0.10000000000000E+001 0.00000000000000E+000 0.10000000000000E+001 0.21511156934748E+004 0.10833932233427E+002
 245 0.52316440960303E+000 0.45606776573925E-003 0.48519922473681E-004 0.43319251647080E-003 0.10678486772062E-001 0.30708108604532E-002 0.11755874750329E+000 0.14102242035696E-005 0.14863198458154E-016 0.84889366443251E-018 0.54699704354457E-016 0.15590707026777E-016 0.14653137561526E-001 0.12830355478566E+000 0.47832533400300E-008 0.37320323148434E-010 0.72704403129610E-017 0.15695116170679E-025 0.68869861049383E-030 0.28731442486608E-031 0.36473795735095E-008 0.28865342388469E-004 0.72476719827777E+000 -.24855382814889E-021 0.21548654159348E+004 0.43367742494133E-001 -.25706013902737E+003 0.55167226685228E-001 0.10132500000000E+006 0.15429591161913E-003 0.27283032006285E+002 0.10000000000000E+001 0.00000000000000E+000 0.10000000000000E+001 0.21548654159348E+004 0.99993754450019E+001
 246 0.54899112508369E+000 0.44699048542840E-003 0.46481354637847E-004 0.41630259047136E-003 0.10478783668181E-001 0.30217923933499E-002 0.11769935565876E+000 0.13701948637772E-005 0.14358643186899E-016 0.82228685622138E-018 0.53827988390768E-016 0.15627035782401E-016 0.14415373586476E-001 0.12867756771600E+000 0.44909202909224E-008 0.36051284236580E-010 0.66825979501552E-017 0.15265576148779E-025 0.63694152064800E-030 0.27026764906271E-031 0.36697754123283E-008 0.30325540788100E-004 0.72476564861429E+000 -.24743570236885E-021 0.21583974952066E+004 0.43367742494133E-001 -.25684110094310E+003 0.55167226685203E-001 0.10132500000000E+006 0.15408081723620E-003 0.27289656194238E+002 0.10000000000000E+001 0.00000000000000E+000 0.10000000000000E+001 0.21583974952066E+004 0.92480042577223E+001
 247 0.57522835422140E+000 0.43840234713699E-003 0.44599461802284E-004 0.40064038761324E-003 0.10289607690309E-001 0.29749885750276E-002 0.11783155705155E+000 0.13329291051086E-005 0.13881063504663E-016 0.79698722734771E-018 0.52982693275041E-016 0.15659134375359E-016 0.14188557926281E-001 0.12903437042290E+000 0.42263400050894E-008 0.34865265636646E-010 0.61618849777934E-017 0.14854079425220E-025 0.59048972055803E-030 0.25472146613912E-031 0.36893208045231E-008 0.31788164410227E-004 0.72476414709334E+000 -.24844564745993E-021 0.21617266099413E+004 0.43367742494133E-001 -.25664544868523E+003 0.55167226685176E-001 0.10132500000000E+006 0.15387892013112E-003 0.27295934112899E+002 0.10000000000000E+001 0.00000000000000E+000 0.10000000000000E+001 0.21617266099413E+004 0.85699686900655E+001
 248 0.60185129304218E+000 0.43027489901770E-003 0.42859944457927E-004 0.38610135045938E-003 0.10110345745722E-001 0.29303132773604E-002 0.11795594190453E+000 0.12982036421288E-005 0.13429386886516E-016 0.77295447303585E-018 0.52163849508319E-016 0.15687087684812E-016 0.13972231937637E-001 0.12937467988424E+000 0.39863968177469E-008 0.33756206647946E-010 0.56992990118635E-017 0.14460692207939E-025 0.54873384738270E-030 0.24052775866167E-031 0.37063019074440E-008 0.33251395158692E-004 0.72476269373132E+000 -.25007206120766E-021 0.21648663374683E+004 0.43367742494133E-001 -.25647030402729E+003 0.55167226685146E-001 0.10132500000000E+006 0.15368924700492E-003 0.27301884994912E+002 0.10000000000000E+001 0.00000000000000E+000 0.10000000000000E+001 0.21648663374683E+004 0.79567346987245E+001
 249 0.62883585654585E+000 0.42258107332933E-003 0.41249939560359E-004 0.37259048229379E-003 0.99404177412026E-002 0.28876790119262E-002 0.11807305615653E+000 0.12658142977705E-005 0.13002475938800E-016 0.75014368987030E-018 0.51371435621003E-016 0.15711051412176E-016 0.13765937623552E-001 0.12969921302838E+000 0.37683634770219E-008 0.32718474057605E-010 0.52871839376059E-017 0.14085033466731E-025 0.51113217839291E-030 0.22754201551037E-031 0.37209816638411E-008 0.34713607915542E-004 0.72476128799894E+000 -.25170290758421E-021 0.21678292908812E+004 0.43367742494133E-001 -.25631317572688E+003 0.55167226685114E-001 0.10132500000000E+006 0.15351090522188E-003 0.27307527227849E+002 0.10000000000000E+001 0.00000000000000E+000 0.10000000000000E+001 0.21678292908812E+004 0.74008839297430E+001
 250 0.65615828436423E+000 0.41529532791461E-003 0.39757896720722E-004 0.36002170038367E-003 0.97792782359473E-002 0.28469987550776E-002 0.11818340284254E+000 0.12355749378460E-005 0.12599163870423E-016 0.72850709623247E-018 0.50605366039545E-016 0.15731229312351E-016 0.13569224936296E-001 0.13000867524237E+000 0.35698528460505E-008 0.31746858010055E-010 0.49190182137941E-017 0.13726618837778E-025 0.47720967181534E-030 0.21563905536915E-031 0.37336006244364E-008 0.36173337145245E-004 0.72475992881547E+000 -.25201439251940E-021 0.21706271404139E+004 0.43367742494133E-001 -.25617190617714E+003 0.55167226685079E-001 0.10132500000000E+006 0.15334307822843E-003 0.27312878242944E+002 0.10000000000000E+001 0.00000000000000E+000 0.10000000000000E+001 0.21706271404139E+004 0.68959617428869E+001
 251 0.68379517204695E+000 0.40839361292785E-003 0.38373436309721E-004 0.34831698233372E-003 0.96264148777231E-002 0.28081867335196E-002 0.11828744553278E+000 0.12073158778023E-005 0.12218276067017E-016 0.70799512017727E-018 0.49865477840021E-016 0.15747856057581E-016 0.13381654552677E-001 0.13030375590600E+000 0.33887721499027E-008 0.30836546143576E-010 0.45892316845601E-017 0.13384913442446E-025 0.44655077718879E-030 0.20471126133377E-031 0.37443782315946E-008 0.37629265707782E-004 0.72475861462015E+000 -.25129415101298E-021 0.21732706859372E+004 0.43367742494133E-001 -.25604462323423E+003 0.55167226685041E-001 0.10132500000000E+006 0.15318501836680E-003 0.27317954526097E+002 0.10000000000000E+001 0.00000000000000E+000 0.10000000000000E+001 0.21732706859372E+004 0.64363400936287E+001
 252 0.71172396967226E+000 0.40185321999086E-003 0.37087204280462E-004 0.33740543883932E-003 0.94813453148830E-002 0.27711584931356E-002 0.11838561257811E+000 0.11808820939369E-005 0.11858641046693E-016 0.68855697871515E-018 0.49151512538116E-016 0.15761182878653E-016 0.13202797726033E-001 0.13058512801782E+000 0.32232814266691E-008 0.29983085503491E-010 0.42930498884783E-017 0.13059342526479E-025 0.41879123782907E-030 0.19466455962499E-031 0.37535140392010E-008 0.39080227822446E-004 0.72475734389021E+000 -.25173837859503E-021 0.21757699504228E+004 0.43367742494133E-001 -.25592970088964E+003 0.55167226685000E-001 0.10132500000000E+006 0.15303603897576E-003 0.27322771708706E+002 0.10000000000000E+001 0.00000000000000E+000 0.10000000000000E+001 0.21757699504228E+004 0.60170988477107E+001
 253 0.73992239557518E+000 0.39565287973495E-003 0.35890790229916E-004 0.32722286365975E-003 0.93436189265123E-002 0.27358322074834E-002 0.11847829775851E+000 0.11561324921641E-005 0.11519112012802E-016 0.67014188364051E-018 0.48463134491887E-016 0.15771467161168E-016 0.13032241845138E-001 0.13085343931724E+000 0.30717637246671E-008 0.29182376954795E-010 0.40263756389939E-017 0.12749309392189E-025 0.39361191799749E-030 0.18541604139635E-031 0.37611888439871E-008 0.40525164366483E-004 0.72475611525250E+000 -.25129498018752E-021 0.21781341840173E+004 0.43367742494133E-001 -.25582572774943E+003 0.55167226684955E-001 0.10132500000000E+006 0.15289551207983E-003 0.27327344484391E+002 0.10000000000000E+001 0.00000000000000E+000 0.10000000000000E+001 0.21781341840173E+004 0.56339362633204E+001
 254 0.76836739500225E+000 0.38977288474486E-003 0.34776658658783E-004 0.31771135168075E-003 0.92128184356634E-002 0.27021300160045E-002 0.11856586086893E+000 0.11329392682322E-005 0.11198587035881E-016 0.65270022170731E-018 0.47799961915869E-016 0.15778966685902E-016 0.12869596007890E-001 0.13110930396054E+000 0.29327996472002E-008 0.28430671965619E-010 0.37856905482722E-017 0.12454214112436E-025 0.37073339603253E-030 0.17689022355795E-031 0.37675662172732E-008 0.41963071107822E-004 0.72475492707672E+000 -.24870018437452E-021 0.21803718665242E+004 0.43367742494133E-001 -.25573147659177E+003 0.55167226684906E-001 0.10132500000000E+006 0.15276286629545E-003 0.27331686511843E+002 0.10000000000000E+001 0.00000000000000E+000 0.10000000000000E+001 0.21803718665242E+004 0.52830907324415E+001
 255 0.79703546702774E+000 0.38419489160188E-003 0.33738031590444E-004 0.30881848210769E-003 0.90885554463949E-002 0.26699775276500E-002 0.11864863230589E+000 0.11111862155364E-005 0.10896008836052E-016 0.63618364048502E-018 0.47161562663217E-016 0.15783935157304E-016 0.12714488344210E-001 0.13135330667493E+000 0.28051385453667E-008 0.27724531089670E-010 0.35679607777965E-017 0.12173455609961E-025 0.34991041922668E-030 0.16902067255828E-031 0.37727941372431E-008 0.43393008891823E-004 0.72475377749486E+000 -.24805862899082E-021 0.21824908116004E+004 0.43367742494133E-001 -.25564587568961E+003 0.55167226684854E-001 0.10132500000000E+006 0.15263757905508E-003 0.27335810545135E+002 0.10000000000000E+001 0.00000000000000E+000 0.10000000000000E+001 0.21824908116004E+004 0.49612606245833E+001
 256 0.82590342527818E+000 0.37890168625674E-003 0.32768779057959E-004 0.30049654240581E-003 0.89704658158129E-002 0.26393030565184E-002 0.11872691747493E+000 0.10907671070806E-005 0.10610360323536E-016 0.62054489702618E-018 0.46547442647280E-016 0.15786617569141E-016 0.12566562242554E-001 0.13158600822685E+000 0.26876733264870E-008 0.27060780990851E-010 0.33705579956167E-017 0.11906430016832E-025 0.33092673441656E-030 0.16174584960884E-031 0.37770062532059E-008 0.44814123809234E-004 0.72475266479296E+000 -.24793890564440E-021 0.21844982691914E+004 0.43367742494133E-001 -.25556798696889E+003 0.55167226684797E-001 0.10132500000000E+006 0.15251916930907E-003 0.27339728590333E+002 0.10000000000000E+001 0.00000000000000E+000 0.10000000000000E+001 0.21844982691914E+004 0.46655363300582E+001
 257 0.85494806550230E+000 0.37387717824598E-003 0.31863361047920E-004 0.29270215889118E-003 0.88582094858279E-002 0.26100380523589E-002 0.11880099793999E+000 0.10715849999780E-005 0.10340670964568E-016 0.60573830090024E-018 0.45957061399290E-016 0.15787247229927E-016 0.12425477983594E-001 0.13180794277131E+000 0.25794234487877E-008 0.26436500754247E-010 0.31912013960071E-017 0.11652538858221E-025 0.31359103147271E-030 0.15499926169747E-031 0.37803230159686E-008 0.46225620502069E-004 0.72475158747705E+000 -.24814213424856E-021 0.21864009474453E+004 0.43367742494133E-001 -.25549698959809E+003 0.55167226684735E-001 0.10132500000000E+006 0.15240719512856E-003 0.27343451902584E+002 0.10000000000000E+001 0.00000000000000E+000 0.10000000000000E+001 0.21864009474453E+004 0.43933511313842E+001
 258 0.88414551819795E+000 0.36910642140445E-003 0.31016780107823E-004 0.28539599766287E-003 0.87514706949080E-002 0.25821176207504E-002 0.11887113224954E+000 0.10535516772949E-005 0.10086023187187E-016 0.59172016475179E-018 0.45389852376307E-016 0.15786044547111E-016 0.12290914838165E-001 0.13201961467623E+000 0.24795206420079E-008 0.25849012029841E-010 0.30279095831455E-017 0.11411198368686E-025 0.29773779781580E-030 0.14877392054865E-031 0.37828528685784E-008 0.47626727899588E-004 0.72475054415343E+000 -.24859419478832E-021 0.21882050261273E+004 0.43367742494133E-001 -.25543216501764E+003 0.55167226684668E-001 0.10132500000000E+006 0.15230125190292E-003 0.27346990964701E+002 0.10000000000000E+001 0.00000000000000E+000 0.10000000000000E+001 0.21882050261273E+004 0.41424397822205E+001
 259 0.91347098653935E+000 0.36457554892179E-003 0.30224524765330E-004 0.27854237209972E-003 0.86499564870794E-002 0.25554805118685E-002 0.11893755785077E+000 0.10365868465243E-005 0.98455529793323E-017 0.57844893377154E-018 0.44845232882340E-016 0.15783216592676E-016 0.12162570832625E-001 0.13222149893033E+000 0.23871948542109E-008 0.25295859916123E-010 0.28789571821879E-017 0.11181842629037E-025 0.28321632831388E-030 0.14298585299319E-031 0.37846934031834E-008 0.49016684768357E-004 0.72474953347274E+000 -.25165546310745E-021 0.21899161974152E+004 0.43367742494133E-001 -.25537288273195E+003 0.55167226684596E-001 0.10132500000000E+006 0.15220096905940E-003 0.27350355526144E+002 0.10000000000000E+001 0.00000000000000E+000 0.10000000000000E+001 0.21899161974152E+004 0.39107996410807E+001
 260 0.94289862950109E+000 0.36027168681951E-003 0.29482514922225E-004 0.27210885021419E-003 0.85533945698224E-002 0.25300689212370E-002 0.11900049330981E+000 0.10206173058941E-005 0.96184484087898E-017 0.56588519554637E-018 0.44322610720621E-016 0.15778957500865E-016 0.12040161578837E-001 0.13241404313444E+000 0.23017615811296E-008 0.24774792072001E-010 0.27428374819513E-017 0.10963926009336E-025 0.26989455647650E-030 0.13757745906936E-031 0.37859324971130E-008 0.50394736727395E-004 0.72474855396739E+000 -.25476775568283E-021 0.21915397155002E+004 0.43367742494133E-001 -.25531858695406E+003 0.55167226684518E-001 0.10132500000000E+006 0.15210600636614E-003 0.27353554660246E+002 0.10000000000000E+001 0.00000000000000E+000 0.10000000000000E+001 0.21915397155002E+004 0.36966552302017E+001
 261 0.97240210686076E+000 0.35618279018038E-003 0.28787040022324E-004 0.26606578742937E-003 0.84615295683712E-002 0.25058277989641E-002 0.11906014145007E+000 0.10055759067737E-005 0.94039433278893E-017 0.55399141398627E-018 0.43821379421965E-016 0.15773448811007E-016 0.11923416804597E-001 0.13259767304186E+000 0.22226094284075E-008 0.24283729962387E-010 0.26182286174773E-017 0.10756920665963E-025 0.25765986493748E-030 0.13257645736331E-031 0.37866493197348E-008 0.51760161948106E-004 0.72474760394710E+000 -.25627910691899E-021 0.21930804711415E+004 0.43367742494133E-001 -.25526878443792E+003 0.55167226684434E-001 0.10132500000000E+006 0.15201604891189E-003 0.27356596879083E+002 0.10000000000000E+001 0.00000000000000E+000 0.10000000000000E+001 0.21930804711415E+004 0.34984243841158E+001
 262 0.10019558795353E+001 0.35229742270849E-003 0.28134694542234E-004 0.26038582911715E-003 0.83741185274061E-002 0.24827038143406E-002 0.11911669284014E+000 0.99140043752418E-006 0.92013075619919E-017 0.54273145323179E-018 0.43340902690208E-016 0.15766858664405E-016 0.11812075406666E-001 0.13277280007231E+000 0.21491884005309E-008 0.23820735599814E-010 0.25039635969288E-017 0.10560308563309E-025 0.24640503320327E-030 0.12789561226753E-031 0.37869150198107E-008 0.53112318368141E-004 0.72474668171404E+000 -.25605492360513E-021 0.21945430768820E+004 0.43367742494133E-001 -.25522303531023E+003 0.55167226684344E-001 0.10132500000000E+006 0.15193080165541E-003 0.27359490288200E+002 0.10000000000000E+001 0.00000000000000E+000 0.10000000000000E+001 0.21945430768820E+004 0.33146882690508E+001
 263 0.10315358893024E+001 0.34860466419398E-003 0.27522340087901E-004 0.25504363313453E-003 0.82909292196721E-002 0.24606450332937E-002 0.11917032729761E+000 0.97803303061702E-006 0.90098434157238E-017 0.53207044156186E-018 0.42880512239965E-016 0.15759340930600E-016 0.11705883815251E-001 0.13293982361899E+000 0.20810019728578E-008 0.23383994623179E-010 0.23990084845654E-017 0.10373581737722E-025 0.23604137055462E-030 0.12357383412140E-031 0.37867932646888E-008 0.54450658274992E-004 0.72474578579528E+000 -.25449992144325E-021 0.21959319030411E+004 0.43367742494133E-001 -.25518094738062E+003 0.55167226684247E-001 0.10132500000000E+006 0.15184998695075E-003 0.27362242649920E+002 0.10000000000000E+001 0.00000000000000E+000 0.10000000000000E+001 0.21959319030411E+004 0.31441705338554E+001
 264 0.10611191773292E+001 0.34509415394374E-003 0.26947092315522E-004 0.25001579777699E-003 0.82117411425074E-002 0.24396013555329E-002 0.11922121358201E+000 0.96542005555123E-006 0.88288888866510E-017 0.52197500559782E-018 0.42439522497479E-016 0.15751035331372E-016 0.11604597852887E-001 0.13309912811312E+000 0.20176024211550E-008 0.22971815458654E-010 0.23024472498118E-017 0.10196245375624E-025 0.22648009367210E-030 0.11949945230506E-031 0.37863408489215E-008 0.55774701899135E-004 0.72474491496103E+000 -.25483545269317E-021 0.21972510674985E+004 0.43367742494133E-001 -.25514217206316E+003 0.55167226684142E-001 0.10132500000000E+006 0.15177334477425E-003 0.27364861349722E+002 0.10000000000000E+001 0.00000000000000E+000 0.10000000000000E+001 0.21972510674985E+004 0.29857236643871E+001
 265 0.10906832909461E+001 0.34175613470712E-003 0.26406309363626E-004 0.24528079819635E-003 0.81363465475693E-002 0.24195249427122E-002 0.11926950910763E+000 0.95351202964825E-006 0.86578205385204E-017 0.51241348413412E-018 0.42017245588502E-016 0.15742068142114E-016 0.11507984674554E-001 0.13325107998597E+000 0.19585867038490E-008 0.22582628881796E-010 0.22134686374373E-017 0.10027824547245E-025 0.21764892920484E-030 0.11567621262747E-031 0.37856083111355E-008 0.57084005408040E-004 0.72474406821508E+000 -.25551506634936E-021 0.21985044248293E+004 0.43367742494133E-001 -.25510640038581E+003 0.55167226684030E-001 0.10132500000000E+006 0.15170063300686E-003 0.27367353360229E+002 0.10000000000000E+001 0.00000000000000E+000 0.10000000000000E+001 0.21985044248293E+004 0.28383174953735E+001
 266 0.11202054989258E+001 0.33858149285100E-003 0.25897580657140E-004 0.24081891951844E-003 0.80645511938233E-002 0.24003705945864E-002 0.11931535986522E+000 0.94226350952125E-006 0.84960558829220E-017 0.50335611364573E-018 0.41613006390221E-016 0.15732553718516E-016 0.11415824488192E-001 0.13339602510334E+000 0.19035927018836E-008 0.22214987142842E-010 0.21313546036134E-017 0.98678680129307E-026 0.20948348561187E-030 0.11211649602540E-031 0.37846406150783E-008 0.58378129004973E-004 0.72474324465884E+000 -.25662162717896E-021 0.21996955598609E+004 0.43367742494133E-001 -.25507335809770E+003 0.55167226683910E-001 0.10132500000000E+006 0.15163162744779E-003 0.27369725207801E+002 0.10000000000000E+001 0.00000000000000E+000 0.10000000000000E+001 0.21996955598609E+004 0.27010284497504E+001
 267 0.11496622681891E+001 0.33556175269458E-003 0.25418709141732E-004 0.23661212427971E-003 0.79961736439312E-002 0.23820958048911E-002 0.11935890124538E+000 0.93163279459316E-006 0.83430531838942E-017 0.49477506860894E-018 0.41226152338781E-016 0.15722596885508E-016 0.11327910613450E-001 0.13353428910354E+000 0.18522950123166E-008 0.21867557462919E-010 0.20554690062452E-017 0.97159495236150E-026 0.20192387875304E-030 0.10878929899033E-031 0.37834779432523E-008 0.59656629440927E-004 0.72474244308281E+000 -.25719391960546E-021 0.22008278047898E+004 0.43367742494133E-001 -.25504279904568E+003 0.55167226683782E-001 0.10132500000000E+006 0.15156612043511E-003 0.27371982976626E+002 0.10000000000000E+001 0.00000000000000E+000 0.10000000000000E+001 0.22008278047898E+004 0.25730265767914E+001
 268 0.11790309739468E+001 0.33268886254385E-003 0.24967663745057E-004 0.23264366025099E-003 0.79310404261086E-002 0.23646595887585E-002 0.11940026143463E+000 0.92158098734207E-006 0.81983005547430E-017 0.48664389209820E-018 0.40856034029545E-016 0.15712293559697E-016 0.11244043865881E-001 0.13366618631549E+000 0.18043979681874E-008 0.21539093127625E-010 0.19852430120496E-017 0.95716590127442E-026 0.19491456394146E-030 0.10563879213606E-031 0.37821561682449E-008 0.60919134901613E-004 0.72474166185861E+000 -.25396080697327E-021 0.22019043241700E+004 0.43367742494133E-001 -.25501449882160E+003 0.55167226683644E-001 0.10132500000000E+006 0.15150391566221E-003 0.27374132464173E+002 0.10000000000000E+001 0.00000000000000E+000 0.10000000000000E+001 0.22019043241700E+004 0.24535576543812E+001
 269 0.12082931298454E+001 0.32995490318232E-003 0.24542525036073E-004 0.22889761390486E-003 0.78689805556961E-002 0.23480208991864E-002 0.11943956509622E+000 0.91207094374043E-006 0.80613011593919E-017 0.47893669110835E-018 0.40501970701887E-016 0.15701728394675E-016 0.11164025297528E-001 0.13379203047602E+000 0.17596284728785E-008 0.21228398439577E-010 0.19201610826328E-017 0.94345905174541E-026 0.18841035893995E-030 0.10270628538897E-031 0.37807067736066E-008 0.62165448220234E-004 0.72474089955250E+000 -.25336680493292E-021 0.22029282093522E+004 0.43367742494133E-001 -.25498825264643E+003 0.55167226683497E-001 0.10132500000000E+006 0.15144482267471E-003 0.27376179387903E+002 0.10000000000000E+001 0.00000000000000E+000 0.10000000000000E+001 0.22029282093522E+004 0.23419279067851E+001
 270 0.12374346367640E+001 0.32735211933755E-003 0.24141483273694E-004 0.22535891743766E-003 0.78098270769406E-002 0.23321389579445E-002 0.11947693246488E+000 0.90306735061037E-006 0.79315746177709E-017 0.47162823645523E-018 0.40163255856555E-016 0.15690973338170E-016 0.11087657845211E-001 0.13391213153523E+000 0.17177346179109E-008 0.20934330477159E-010 0.18597561322264E-017 0.93043433458520E-026 0.18236699277048E-030 0.99975585805592E-032 0.37791569070069E-008 0.63395521691723E-004 0.72474015549288E+000 -.25227559245540E-021 0.22039024554656E+004 0.43367742494133E-001 -.25496387728965E+003 0.55167226683341E-001 0.10132500000000E+006 0.15138865817823E-003 0.27378129356890E+002 0.10000000000000E+001 0.00000000000000E+000 0.10000000000000E+001 0.22039024554656E+004 0.22375015815605E+001
 271 0.12664417960445E+001 0.32487327532628E-003 0.23762883671046E-004 0.22201375728625E-003 0.77534245269924E-002 0.23169754498332E-002 0.11951247472321E+000 0.89453777147697E-006 0.78086743936597E-017 0.46469497172212E-018 0.39839208792006E-016 0.15680090398597E-016 0.11014756401449E-001 0.13402678018588E+000 0.16784891317834E-008 0.20655835026671E-010 0.18036120204223E-017 0.91805396527362E-026 0.17674036129285E-030 0.97363377219772E-032 0.37775301336553E-008 0.64609297655135E-004 0.72473942948426E+000 -.25584188219126E-021 0.22048298405776E+004 0.43367742494133E-001 -.25494121169986E+003 0.55167226683176E-001 0.10132500000000E+006 0.15133525278716E-003 0.27379987612691E+002 0.10000000000000E+001 0.00000000000000E+000 0.10000000000000E+001 0.22048298405776E+004 0.21397065948794E+001
 272 0.12952978645352E+001 0.32251187083265E-003 0.23405247653859E-004 0.21884976663492E-003 0.76996326817805E-002 0.23024958349032E-002 0.11954629188804E+000 0.88645313205134E-006 0.76921979816743E-017 0.45811562505225E-018 0.39529211459327E-016 0.15669136085462E-016 0.10945153692700E-001 0.13413623948548E+000 0.16416902487729E-008 0.20391965579665E-010 0.17513624237231E-017 0.90628374030544E-026 0.17149931720818E-030 0.94919553886864E-032 0.37758474143874E-008 0.65806603648853E-004 0.72473872103727E+000 -.25726464282002E-021 0.22057128673248E+004 0.43367742494133E-001 -.25492011298093E+003 0.55167226683000E-001 0.10132500000000E+006 0.15128445404161E-003 0.27381758874574E+002 0.10000000000000E+001 0.00000000000000E+000 0.10000000000000E+001 0.22057128673248E+004 0.20480332823801E+001
 273 0.13239845758658E+001 0.32026193234112E-003 0.23067231767256E-004 0.21585567554083E-003 0.76483216778465E-002 0.22886681439576E-002 0.11957847618578E+000 0.87878686028663E-006 0.75817760627665E-017 0.45187062763131E-018 0.39232687885245E-016 0.15658162617338E-016 0.10878694619861E-001 0.13424075402107E+000 0.16071563845439E-008 0.20141856712104E-010 0.17026810989933E-017 0.89509197689718E-026 0.16661215860090E-030 0.92629817021885E-032 0.37741274710796E-008 0.66987230933129E-004 0.72473802909261E+000 -.25573004884001E-021 0.22065538468945E+004 0.43367742494133E-001 -.25490045080621E+003 0.55167226682815E-001 0.10132500000000E+006 0.15123612135760E-003 0.27383447491136E+002 0.10000000000000E+001 0.00000000000000E+000 0.10000000000000E+001 0.22065538468945E+004 0.19620211706858E+001
 274 0.13524868458235E+001 0.31811762828735E-003 0.22747565046221E-004 0.21302077936623E-003 0.75993644905761E-002 0.22754607766390E-002 0.11960911698101E+000 0.87151360086719E-006 0.74770531700782E-017 0.44594103657442E-018 0.38949055196897E-016 0.15647215120688E-016 0.10815226244510E-001 0.13434056491220E+000 0.15747190308516E-008 0.19904680785202E-010 0.16572700924124E-017 0.88444774239857E-026 0.16204879975844E-030 0.90465646636583E-032 0.37723864269703E-008 0.68151092566036E-004 0.72473735264918E+000 -.25325741082260E-021 0.22073550254660E+004 0.43367742494133E-001 -.25488210537675E+003 0.55167226682619E-001 0.10132500000000E+006 0.15119011877994E-003 0.27385057714386E+002 0.10000000000000E+001 0.00000000000000E+000 0.10000000000000E+001 0.22073550254660E+004 0.18812447442704E+001
 275 0.13807937637324E+001 0.31607322487658E-003 0.22445039192031E-004 0.21033486803112E-003 0.75526368315773E-002 0.22628423411269E-002 0.11963830089851E+000 0.86460908573420E-006 0.73776851334958E-017 0.44030840057460E-018 0.38677717751500E-016 0.15636329990715E-016 0.10754597224094E-001 0.13443591001992E+000 0.15442212036816E-008 0.19679642399529E-010 0.16148562380416E-017 0.87432072683856E-026 0.15778525058783E-030 0.88452425131211E-032 0.37706376836595E-008 0.69298227016592E-004 0.72473669138203E+000 -.25384336866873E-021 0.22081185874832E+004 0.43367742494133E-001 -.25486496897615E+003 0.55167226682412E-001 0.10132500000000E+006 0.15114631483648E-003 0.27386593725826E+002 0.10000000000000E+001 0.00000000000000E+000 0.10000000000000E+001 0.22081185874832E+004 0.18053112343158E+001
 276 0.14088937351453E+001 0.31412342769079E-003 0.22158553024122E-004 0.20778861956706E-003 0.75080240277775E-002 0.22507837282304E-002 0.11966610751904E+000 0.85805112768815E-006 0.72833551372298E-017 0.43495568838647E-018 0.38418115824845E-016 0.15625538283440E-016 0.10696667169129E-001 0.13452700979279E+000 0.15155212047969E-008 0.19466012398121E-010 0.15751952935370E-017 0.86468272057918E-026 0.15379354209497E-030 0.86517754673784E-032 0.37688927287281E-008 0.70428625509973E-004 0.72473604518224E+000 -.25518221488769E-021 0.22088465439345E+004 0.43367742494133E-001 -.25484894632109E+003 0.55167226682195E-001 0.10132500000000E+006 0.15110458876818E-003 0.27388059391284E+002 0.10000000000000E+001 0.00000000000000E+000 0.10000000000000E+001 0.22088465439345E+004 0.17338663187686E+001
 277 0.14367719601993E+001 0.31226349239884E-003 0.21887121529766E-004 0.20537367948092E-003 0.74654224917857E-002 0.22392587640612E-002 0.11969260858290E+000 0.85181980752085E-006 0.71937785015515E-017 0.42986758286369E-018 0.38169745881308E-016 0.15614869163132E-016 0.10641309354422E-001 0.13461406383473E+000 0.14884927852784E-008 0.19263136236052E-010 0.15380710528637E-017 0.85550833751634E-026 0.15005769055897E-030 0.84737522779679E-032 0.37671618813154E-008 0.71542173287860E-004 0.72473541341068E+000 -.25429557624299E-021 0.22095407100324E+004 0.43367742494133E-001 -.25483395142558E+003 0.55167226681967E-001 0.10132500000000E+006 0.15106483156731E-003 0.27389458186126E+002 0.10000000000000E+001 0.00000000000000E+000 0.10000000000000E+001 0.22095407100324E+004 0.16665916164822E+001
 278 0.14644148923474E+001 0.31048888614749E-003 0.21629822546981E-004 0.20308220032876E-003 0.74247326727241E-002 0.22282422134574E-002 0.11971787262374E+000 0.84589633586389E-006 0.71086860363067E-017 0.42502954934770E-018 0.37932118206858E-016 0.15604348375384E-016 0.10588401642676E-001 0.13469726483242E+000 0.14630193824212E-008 0.19070396540712E-010 0.15032863682571E-017 0.84677325764435E-026 0.14655424974582E-030 0.83034883574489E-032 0.37654540286606E-008 0.72638813057940E-004 0.72473479514903E+000 -.25267424476990E-021 0.22102028228364E+004 0.43367742494133E-001 -.25481990426456E+003 0.55167226681728E-001 0.10132500000000E+006 0.15102693920380E-003 0.27390793437437E+002 0.10000000000000E+001 0.00000000000000E+000 0.10000000000000E+001 0.22102028228364E+004 0.16031931357841E+001
 279 0.14918135813377E+001 0.30879508864455E-003 0.21385766054250E-004 0.20090658064365E-003 0.73858553428663E-002 0.22177086384481E-002 0.11974196737868E+000 0.84026242432817E-006 0.70278142211486E-017 0.42042728405648E-018 0.37704730528551E-016 0.15593996215468E-016 0.10537821368565E-001 0.13477680599326E+000 0.14389907809659E-008 0.18887191534543E-010 0.14706578142183E-017 0.83845349886653E-026 0.14326901677943E-030 0.81467397969659E-032 0.37637763258638E-008 0.73718644338823E-004 0.72473418971442E+000 -.25165773478193E-021 0.22108346031830E+004 0.43367742494133E-001 -.25480673013245E+003 0.55167226681477E-001 0.10132500000000E+006 0.15099080912159E-003 0.27392068463958E+002 0.10000000000000E+001 0.00000000000000E+000 0.10000000000000E+001 0.22108346031830E+004 0.15433950439985E+001
 280 0.15189617942586E+001 0.30717772887657E-003 0.21154110901451E-004 0.19883961455518E-003 0.73486943292070E-002 0.22076332401184E-002 0.11976495801867E+000 0.83490066481484E-006 0.69509112990253E-017 0.41604706941526E-018 0.37487087220627E-016 0.15583828723949E-016 0.10489448985562E-001 0.13485287553643E+000 0.14163043824193E-008 0.18712947854981E-010 0.14400168503853E-017 0.83052585091114E-026 0.14018309409868E-030 0.79990072540552E-032 0.37621345939052E-008 0.74781854710570E-004 0.72473359648315E+000 -.25091408461658E-021 0.22114377112372E+004 0.43367742494133E-001 -.25479436023489E+003 0.55167226681216E-001 0.10132500000000E+006 0.15095634271519E-003 0.27393286480744E+002 0.10000000000000E+001 0.00000000000000E+000 0.10000000000000E+001 0.22114377112372E+004 0.14869406065280E+001
 281 0.15458555622961E+001 0.30563261311627E-003 0.20934066059175E-004 0.19687450680199E-003 0.73131570834766E-002 0.21979920553935E-002 0.11978690681623E+000 0.82979457537136E-006 0.68777382640135E-017 0.41187583911800E-018 0.37278704475152E-016 0.15573858282909E-016 0.10443168908113E-001 0.13492565546006E+000 0.13948649978134E-008 0.18547122281126E-010 0.14112089738029E-017 0.82296811572822E-026 0.13728345543321E-030 0.78637159646285E-032 0.37605335339371E-008 0.75828702295941E-004 0.72473301481994E+000 -.25067888043313E-021 0.22120137378819E+004 0.43367742494133E-001 -.25478273163588E+003 0.55167226680942E-001 0.10132500000000E+006 0.15092344577214E-003 0.27394450579496E+002 0.10000000000000E+001 0.00000000000000E+000 0.10000000000000E+001 0.22120137378819E+004 0.14335913884545E+001
 282 0.15724939772966E+001 0.30415567947104E-003 0.20724882295083E-004 0.19500480639792E-003 0.72791541223140E-002 0.21887617334005E-002 0.11980787360026E+000 0.82492845818501E-006 0.68080664706825E-017 0.40790104841692E-018 0.37079105110274E-016 0.15564093193317E-016 0.10398868690791E-001 0.13499532251312E+000 0.13745838019549E-008 0.18389196612305E-010 0.13840917743334E-017 0.81575887070742E-026 0.13455607906478E-030 0.77400396861806E-032 0.37589766711756E-008 0.76859528304898E-004 0.72473244436323E+000 -.24957651913014E-021 0.22125642150833E+004 0.43367742494133E-001 -.25477178714157E+003 0.55167226680658E-001 0.10132500000000E+006 0.15089202788307E-003 0.27395563756127E+002 0.10000000000000E+001 0.00000000000000E+000 0.10000000000000E+001 0.22125642150833E+004 0.13831262624968E+001
 283 0.15988764524717E+001 0.30274313885940E-003 0.20525869291191E-004 0.19322455980898E-003 0.72466019188994E-002 0.21799204089638E-002 0.11982791397909E+000 0.82028779506327E-006 0.67416838634561E-017 0.40411103791984E-018 0.36887838985769E-016 0.15554539345698E-016 0.10356442979153E-001 0.13506204222859E+000 0.13553796854731E-008 0.18238691040964E-010 0.13585363084268E-017 0.80887811253790E-026 0.13198745735529E-030 0.76265693564986E-032 0.37574667513744E-008 0.77874663864250E-004 0.72473188483459E+000 -.24894484496199E-021 0.22130905696059E+004 0.43367742494133E-001 -.25476147544931E+003 0.55167226680363E-001 0.10132500000000E+006 0.15086200500678E-003 0.27396628809169E+002 0.10000000000000E+001 0.00000000000000E+000 0.10000000000000E+001 0.22130905696059E+004 0.13353432344144E+001
 284 0.16250015775220E+001 0.30139150652399E-003 0.20336397194796E-004 0.19152832620712E-003 0.72154233689315E-002 0.21714479041704E-002 0.11984707910254E+000 0.81585928872952E-006 0.66783960611254E-017 0.40049510442530E-018 0.36704489074647E-016 0.15545201363608E-016 0.10315794350627E-001 0.13512596785451E+000 0.13371791125999E-008 0.18095166016530E-010 0.13344264786459E-017 0.80230744032108E-026 0.12956798341242E-030 0.75262254684025E-032 0.37560060076940E-008 0.78874400907728E-004 0.72473133581782E+000 -.24846049908225E-021 0.22135941163321E+004 0.43367742494133E-001 -.25475175047763E+003 0.55167226680056E-001 0.10132500000000E+006 0.15083329977369E-003 0.27397648318414E+002 0.10000000000000E+001 0.00000000000000E+000 0.10000000000000E+001 0.22135941163321E+004 0.12900583217880E+001
 285 0.16508690717728E+001 0.30009747781177E-003 0.20155877503955E-004 0.18991101299461E-003 0.71855453480471E-002 0.21633250022859E-002 0.11986541729838E+000 0.81163046174405E-006 0.66180203091839E-017 0.39704316145373E-018 0.36528655808301E-016 0.15536081915923E-016 0.10276830119528E-001 0.13518724513269E+000 0.13199141031362E-008 0.17958208870535E-010 0.13116559483229E-017 0.79602943707451E-026 0.12728450657095E-030 0.74338787882116E-032 0.37545960181627E-008 0.79859055515853E-004 0.72473079695231E+000 -.24626321131783E-021 0.22140760991373E+004 0.43367742494133E-001 -.25474257029130E+003 0.55167226679739E-001 0.10132500000000E+006 0.15080583914636E-003 0.27398624731466E+002 0.10000000000000E+001 0.00000000000000E+000 0.10000000000000E+001 0.22140760991373E+004 0.12471021125416E+001
 286 0.16764792801884E+001 0.29885793930817E-003 0.19983762726279E-004 0.18836787434728E-003 0.71568989025405E-002 0.21555335255795E-002 0.11988297400359E+000 0.80758965975733E-006 0.65603856967554E-017 0.39374575742479E-018 0.36359959579798E-016 0.15527182267395E-016 0.10239462679793E-001 0.13524601179456E+000 0.13035220048092E-008 0.17827434074286E-010 0.12901275343480E-017 0.79002786541913E-026 0.12513318578261E-030 0.73655345455721E-032 0.37532378398675E-008 0.80828953281233E-004 0.72473026790002E+000 -.24706831471555E-021 0.22145376885759E+004 0.43367742494133E-001 -.25473389637728E+003 0.55167226679411E-001 0.10132500000000E+006 0.15077955450717E-003 0.27399560355411E+002 0.10000000000000E+001 0.00000000000000E+000 0.10000000000000E+001 0.22145376885759E+004 0.12063187749965E+001
 287 0.17018322980746E+001 0.29766999280797E-003 0.19819547472395E-004 0.18689451966999E-003 0.71294193755603E-002 0.21480564679971E-002 0.11989979168686E+000 0.80372606509641E-006 0.65053339392851E-017 0.39059412697006E-018 0.36198045350729E-016 0.15518503366314E-016 0.10203609916684E-001 0.13530239723813E+000 0.12879453826666E-008 0.17702484338003E-010 0.12697528056680E-017 0.78428756221503E-026 0.12310408695853E-030 0.73154687338799E-032 0.37519322806098E-008 0.81784416836682E-004 0.72472974805434E+000 -.24897063638787E-021 0.22149799802962E+004 0.43367742494133E-001 -.25472569249676E+003 0.55167226679073E-001 0.10132500000000E+006 0.15075438167091E-003 0.27400457343558E+002 0.10000000000000E+001 0.00000000000000E+000 0.10000000000000E+001 0.22149799802962E+004 0.11675643871840E+001
 288 0.17269310029666E+001 0.29653080562610E-003 0.19662746541134E-004 0.18548672016689E-003 0.71030430482578E-002 0.21408770790973E-002 0.11991591192066E+000 0.80002919895381E-006 0.64527122433640E-017 0.38757978660298E-018 0.36042562962808E-016 0.15510044943360E-016 0.10169190860875E-001 0.13535652936074E+000 0.12731298052343E-008 0.17583014435898E-010 0.12504489420469E-017 0.77879382729905E-026 0.12118666729265E-030 0.72741550176806E-032 0.37506798028621E-008 0.82725877617294E-004 0.72472923650983E+000 -.24972749035534E-021 0.22154040497238E+004 0.43367742494133E-001 -.25471792340789E+003 0.55167226678725E-001 0.10132500000000E+006 0.15073025775925E-003 0.27401317807324E+002 0.10000000000000E+001 0.00000000000000E+000 0.10000000000000E+001 0.22154040497238E+004 0.11307017739275E+001
 289 0.17517858024673E+001 0.29543741683373E-003 0.19512868472362E-004 0.18414017923593E-003 0.70777033890963E-002 0.21339777137346E-002 0.11993137767646E+000 0.79648834853583E-006 0.64023643019506E-017 0.38469401906943E-018 0.35893140044204E-016 0.15501803116071E-016 0.10136120469985E-001 0.13540854227505E+000 0.12590213147639E-008 0.17468671592201E-010 0.12321352357785E-017 0.77353155757083E-026 0.11937313966933E-030 0.72388082103900E-032 0.37494801466356E-008 0.83654017881563E-004 0.72472873247893E+000 -.25049987772922E-021 0.22158110130168E+004 0.43367742494133E-001 -.25471055456454E+003 0.55167226678365E-001 0.10132500000000E+006 0.15070711780778E-003 0.27402143955478E+002 0.10000000000000E+001 0.00000000000000E+000 0.10000000000000E+001 0.22158110130168E+004 0.10955962516190E+001
 290 0.17764139142236E+001 0.29438680063106E-003 0.19369424236126E-004 0.18285061408022E-003 0.70533327478802E-002 0.21273402662780E-002 0.11994623209065E+000 0.79309278646238E-006 0.63541329524387E-017 0.38192802517963E-018 0.35749388927850E-016 0.15493769661731E-016 0.10104311486749E-001 0.13545857327184E+000 0.12455671662243E-008 0.17359101742442E-010 0.12147339290702E-017 0.76848555577271E-026 0.11765613819962E-030 0.72103905683547E-032 0.37483323949416E-008 0.84569726208764E-004 0.72472823546740E+000 -.24853408463292E-021 0.22162019995695E+004 0.43367742494133E-001 -.25470355415320E+003 0.55167226677996E-001 0.10132500000000E+006 0.15068489639286E-003 0.27402938051131E+002 0.10000000000000E+001 0.00000000000000E+000 0.10000000000000E+001 0.22162019995695E+004 0.10621170496417E+001
 291 0.18008365125828E+001 0.29337599936720E-003 0.19231945400807E-004 0.18161392411473E-003 0.70298656408569E-002 0.21209470679189E-002 0.11996051604048E+000 0.78983221064253E-006 0.63078657614389E-017 0.37927324281125E-018 0.35610921567899E-016 0.15485931020491E-016 0.10073678143585E-001 0.13550675715296E+000 0.12327173970072E-008 0.17253962415329E-010 0.11981721111739E-017 0.76364103034741E-026 0.11602718843819E-030 0.71772869149831E-032 0.37472351399055E-008 0.85473980778144E-004 0.72472774527512E+000 -.24847640900598E-021 0.22165780982698E+004 0.43367742494133E-001 -.25469689881876E+003 0.55167226677619E-001 0.10132500000000E+006 0.15066353080087E-003 0.27403702325308E+002 0.10000000000000E+001 0.00000000000000E+000 0.10000000000000E+001 0.22165780982698E+004 0.10301398232437E+001
 292 0.18250806437951E+001 0.29240203916896E-003 0.19099975495931E-004 0.18042613727805E-003 0.70072390760952E-002 0.21147805989451E-002 0.11997426747787E+000 0.78669667197107E-006 0.62634106714533E-017 0.37672108842608E-018 0.35477330794558E-016 0.15478261925356E-016 0.10044134865048E-001 0.13555322727599E+000 0.12204240313927E-008 0.17152915613286E-010 0.11823804457780E-017 0.75898317341434E-026 0.11448664225494E-030 0.71832381993592E-032 0.37461856839305E-008 0.86367822613963E-004 0.72472726305106E+000 -.24997598014835E-021 0.22169403516038E+004 0.43367742494133E-001 -.25469058598953E+003 0.55167226677235E-001 0.10132500000000E+006 0.15064296175922E-003 0.27404439039463E+002 0.10000000000000E+001 0.00000000000000E+000 0.10000000000000E+001 0.22169403516038E+004 0.99954861666521E+000
 293 0.18491736249548E+001 0.29146211162555E-003 0.18973100171835E-004 0.17928372240972E-003 0.69854011591292E-002 0.21088250512039E-002 0.11998751577704E+000 0.78367754862105E-006 0.62206237485713E-017 0.37426338527135E-018 0.35348203701964E-016 0.15470717319686E-016 0.10015604515630E-001 0.13559810023866E+000 0.12086440483242E-008 0.17055650775234E-010 0.11672966456234E-017 0.75449790362297E-026 0.11301722523731E-030 0.71927796320994E-032 0.37451786988670E-008 0.87251969354763E-004 0.72472679370635E+000 -.24848023487655E-021 0.22172896179286E+004 0.43367742494133E-001 -.25468465624048E+003 0.55167226676846E-001 0.10132500000000E+006 0.15062314192742E-003 0.27405150330446E+002 0.10000000000000E+001 0.00000000000000E+000 0.10000000000000E+001 0.22172896179286E+004 0.97025191702982E+000
 294 0.18731063509966E+001 0.29055478955150E-003 0.18851113892534E-004 0.17818512260041E-003 0.69643429890817E-002 0.21030743474131E-002 0.12000026235801E+000 0.78077174828211E-006 0.61794236723087E-017 0.37189548421982E-018 0.35223279926196E-016 0.15463234902202E-016 0.99880575235238E-002 0.13564141238231E+000 0.11973548685495E-008 0.16962012989530E-010 0.11528848985030E-017 0.75017837210921E-026 0.11163620989800E-030 0.62804995586677E-032 0.37442060842317E-008 0.88125386426399E-004 0.72472634825692E+000 -.24862481782621E-021 0.22176260641729E+004 0.43367742494133E-001 -.25467921966127E+003 0.55167226676459E-001 0.10132500000000E+006 0.15060406517678E-003 0.27405837273721E+002 0.10000000000000E+001 0.00000000000000E+000 0.10000000000000E+001 0.22176260641729E+004 0.94222850833017E+000
 295 0.18967534488990E+001 0.28968247070286E-003 0.18734336884384E-004 0.17713358091006E-003 0.69441520578160E-002 0.20975473158939E-002 0.12001244932605E+000 0.77798913661973E-006 0.61399013270947E-017 0.36962259298759E-018 0.35102798409176E-016 0.15455763844149E-016 0.99615837239245E-002 0.13568300929171E+000 0.11865829798006E-008 0.16872247746396E-010 0.11391720076630E-017 0.74603553656282E-026 0.11033862522577E-030 0.43499900640888E-032 0.37432604310122E-008 0.88982756108086E-004 0.72472594220415E+000 -.24954386520774E-021 0.22179483208846E+004 0.43367742494133E-001 -.25467446216837E+003 0.55167226676090E-001 0.10132500000000E+006 0.15058581383985E-003 0.27406498053609E+002 0.10000000000000E+001 0.00000000000000E+000 0.10000000000000E+001 0.22179483208846E+004 0.91559172734369E+000
 296 0.19197906867603E+001 0.28885349943948E-003 0.18623864807637E-004 0.17613924925285E-003 0.69250448862495E-002 0.20922997092482E-002 0.12002394192732E+000 0.77535764643580E-006 0.61024142073207E-017 0.36746530143044E-018 0.34987834487720E-016 0.15448319823505E-016 0.99364459526868E-002 0.13572247271120E+000 0.11764251159849E-008 0.16787195134917E-010 0.11262741361050E-017 0.74210751537216E-026 0.10914833831434E-030 0.30958819757665E-032 0.37423427617642E-008 0.89812591829537E-004 0.72472558531476E+000 -.25026981441212E-021 0.22182529723365E+004 0.43367742494133E-001 -.25467059983122E+003 0.55167226675767E-001 0.10132500000000E+006 0.15056858489988E-003 0.27407126452871E+002 0.10000000000000E+001 0.00000000000000E+000 0.10000000000000E+001 0.22182529723365E+004 0.89060675880184E+000
 297 0.19417425481721E+001 0.28807985067730E-003 0.18521223200473E-004 0.17521591522114E-003 0.69072942410987E-002 0.20874079055316E-002 0.12003457506095E+000 0.77291402109212E-006 0.60674815212556E-017 0.36545365559501E-018 0.34880037522648E-016 0.15441010951913E-016 0.99129989501425E-002 0.13575926069745E+000 0.11670147192561E-008 0.16708028686238E-010 0.11143541114918E-017 0.73844609418455E-026 0.10809567409841E-030 0.26789355547602E-032 0.37414665068800E-008 0.90599925533787E-004 0.72472526839098E+000 -.24982905565579E-021 0.22185357231107E+004 0.43367742494133E-001 -.25466779018237E+003 0.55167226675533E-001 0.10132500000000E+006 0.15055262075486E-003 0.27407713685417E+002 0.10000000000000E+001 0.00000000000000E+000 0.10000000000000E+001 0.22185357231107E+004 0.86756885021116E+000
 298 0.19622718070819E+001 0.28736757895527E-003 0.18427110301776E-004 0.17436973774015E-003 0.68910168103839E-002 0.20829089365281E-002 0.12004428311556E+000 0.77067429271479E-006 0.60353581119577E-017 0.36360261482117E-018 0.34780319296382E-016 0.15433952697191E-016 0.98914107870530E-002 0.13579313730002E+000 0.11584080622139E-008 0.16635298570839E-010 0.11034768835385E-017 0.73507026170120E-026 0.10709421851882E-030 0.21952105154770E-032 0.37406437763331E-008 0.91335689058196E-004 0.72472496734442E+000 -.24934757833877E-021 0.22187947798265E+004 0.43367742494133E-001 -.25466606857363E+003 0.55167226675426E-001 0.10132500000000E+006 0.15053801840957E-003 0.27408255433681E+002 0.10000000000000E+001 0.00000000000000E+000 0.10000000000000E+001 0.22187947798265E+004 0.84655505399716E+000
 299 0.19815033585181E+001 0.28670714369880E-003 0.18340170368298E-004 0.17358840656778E-003 0.68759792089124E-002 0.20787411117234E-002 0.12005321692238E+000 0.76860606636536E-006 0.60056065761023E-017 0.36188726675738E-018 0.34687468716334E-016 0.15427134996474E-016 0.98713933613762E-002 0.13582457022329E+000 0.11504761662976E-008 0.16567995798514E-010 0.10934734927252E-017 0.73192666612375E-026 0.10609331994467E-030 0.16265400777340E-032 0.37398634715470E-008 0.92026099502475E-004 0.72472466383920E+000 -.24973719956817E-021 0.22190339332396E+004 0.43367742494133E-001 -.25466533784711E+003 0.55167226675419E-001 0.10132500000000E+006 0.15052455895203E-003 0.27408758830581E+002 0.10000000000000E+001 0.00000000000000E+000 0.10000000000000E+001 0.22190339332396E+004 0.82724574393401E+000
 300 0.20000000000000E+001 0.28607511339795E-003 0.18257233821806E-004 0.17284328063667E-003 0.68616379956239E-002 0.20747540690863E-002 0.12006171839655E+000 0.76663421510168E-006 0.59771747701276E-017 0.36024721815384E-018 0.34598356908826E-016 0.15420424172795E-016 0.98522506330900E-002 0.13585464711544E+000 0.11429287234140E-008 0.16503729671086E-010 0.10839735921460E-017 0.72890992526837E-026 0.10506235669286E-030 0.50269304447518E-033 0.37390906308735E-008 0.92691303681257E-004 0.72472435332593E+000 -.24952337879334E-021 0.22192619182832E+004 0.43367742494133E-001 -.25466533784711E+003 0.55167226675419E-001 0.10132500000000E+006 0.15051174423155E-003 0.27409241174742E+002 0.10000000000000E+001 0.00000000000000E+000 0.10000000000000E+001 0.22192619182832E+004 0.80908153685321E+000
